"INDICE","ORDEM","CHAVE","DESCRICAO","DESCSPA","DESCENG","PROPRI","F3","NICKNAME","SHOWPESQ"
"AA1","1","AA1_FILIAL+AA1_CODTEC","Tecnico","Tecnico","Technician","S","AA1","","S"
"AA1","2","AA1_FILIAL+AA1_REGIAO+AA1_CODTEC","Regiao + Tecnico","Region + Tecnico","Area + Technician","S","A2","","S"
"AA1","3","AA1_FILIAL+AA1_NOMUSU","Nome Usuario","Nomb.Usuario","User Name","S","","","S"
"AA1","4","AA1_FILIAL+AA1_CODUSR","Cod. Usuario","Cod. Usuario","User's Code","S","USR","","S"
"AA1","5","AA1_FILIAL+AA1_NOMTEC","Nome Tecnico","Tecnico","Technician","S","","","S"
"AA1","6","AA1_FILIAL+AA1_CODVEN","Cod Vendedor","Cod Vendedor","Rep´s Code","S","","","S"
"AA2","1","AA2_FILIAL+AA2_CODTEC+AA2_ITEM","Tecnico + Item","Tecnico + Item","Technician + Item","S","AA1","","S"
"AA2","2","AA2_FILIAL+AA2_CODTEC+AA2_HABIL","Tecnico + Habilidade","Tecnico + Habilidad","Technician + Skill","S","AA1+A4","","S"
"AA3","1","AA3_FILIAL+AA3_CODCLI+AA3_LOJA+AA3_CODPRO+AA3_NUMSER","Cod. Cliente + Loja + Produto/Eqto + Nr.Serie","Cliente + Tienda + Produc/Equi. + Num. Serie","Customer + Unit + Prod/Equip + Serial Numb.","S","SA1+XXX+SB1","","S"
"AA3","2","AA3_FILIAL+AA3_CONTRT+AA3_CODCLI+AA3_LOJA+AA3_CODPRO+AA3_NUMSER","No.Contrato + Cod. Cliente + Loja + Produto/Eqto + Nr.Serie","Nro. Contrat + Cliente + Tienda + Produc/Equi. + Num. Serie","Contract No. + Customer + Unit + Prod/Equip + Serial Numb.","S","XXX+SA1+XXX+SB1","","S"
"AA3","3","AA3_FILIAL+AA3_CODCLI+AA3_LOJA+AA3_MODELO+AA3_NUMSER","Cod. Cliente + Loja + Modelo + Nr.Serie","Cliente + Tienda + Modelo + Num. Serie","Customer + Unit + Model + Serial Numb.","S","SA1","","S"
"AA3","4","AA3_FILIAL+AA3_CODFAB+AA3_LOJAFA+AA3_CODPRO+AA3_NUMSER","Fabricante + Loja Fabric. + Produto/Eqto + Nr.Serie","Fabricante + Tda. Fabric. + Produc/Equi. + Num. Serie","Manufacturer + Manuf. Unit + Prod/Equip + Serial Numb.","S","SA1+XXX+SB1","","S"
"AA3","5","AA3_FILIAL+AA3_CODTEC","Tecnic.Inst.","Tecn.Respons","Instal.Techn","S","AA1","","S"
"AA3","6","AA3_FILIAL+AA3_NUMSER","Nr.Serie","Num. Serie","Serial Numb.","S","","","S"
"AA3","7","AA3_FILIAL+AA3_CHAPA","Plaqueta","Chapita","Plate","S","","","S"
"AA4","1","AA4_FILIAL+AA4_CODCLI+AA4_LOJA+AA4_CODPRO+AA4_NUMSER+AA4_PRODAC+AA4_NSERAC","Cliente + Loja + Produto/Eqto + Nr.Serie + Acessorio + Nr.Serie Acs","Cliente + Tienda + Produc./Equ. + Nro. Serie + Accesorio + Nr Serie Ac","Customer + Unit + Prod/Equip + Serial No. + Accessory + Access.S.No.","S","SA1+XXX+SB1+XXX+SB1","","S"
"AA4","2","AA4_FILIAL+AA4_CODCLI+AA4_LOJA+AA4_PRODAC+AA4_NSERAC","Cliente + Loja + Acessorio + Nr.Serie Acs","Cliente + Tienda + Accesorio + Nr Serie Acs","Customer + Unit + Accessory + Access.S.No.","S","SA1+XXX+SB1","","S"
"AA4","3","AA4_FILIAL+AA4_CODFAB+AA4_LOJAFA+AA4_CODPRO+AA4_NUMSER+AA4_PRODAC+AA4_NSERAC","Fabricante + Loja Fabric. + Produto/Eqto + Nr.Serie + Acessorio + Nr.S","Fabricante + Tda. Fabric. + Produc./Equ. + Nro. Serie + Accesorio + Nr","Manufacturer + Manuf. Unit + Prod/Equip + Serial No. + Accessory + Acc","S","SA1+XXX+SB1+XXX+SB1","","S"
"AA4","4","AA4_FILIAL+AA4_CODFAB+AA4_LOJAFA+AA4_PRODAC+AA4_NSERAC","Fabricante + Loja Fabric. + Acessorio + Nr.Serie Acs","Fabricante + Tda. Fabric. + Accesorio + Nr Serie Acs","Manufacturer + Manuf. Unit + Accessory + Access.S.No.","S","SA1+XXX+SB1","","S"
"AA5","1","AA5_FILIAL+AA5_CODSER","Serviço","Servicio","Service","S","","","S"
"AA5","2","AA5_FILIAL+AA5_TES","TES","Entr./Salida","TIO","S","","","S"
"AA6","1","AA6_FILIAL+AA6_CODPRO+AA6_CODPRB+AA6_ITEM","Produto/Eqto + Ocorrencia + Item","Produc./Equ. + Ocurrencia + Item","Prod./Equip. + Occurrence + Item","S","SB1+AAG","","S"
"AA7","1","AA7_FILIAL+AA7_CODPRO+AA7_CODPRB+AA7_GRPATE","Produto + Ocorrencia + Grp.Atendim.","Producto + Evento + Grp.Atencion","Product + Occurrence + Servic.Group","S","SB1+AAG+AAP","","S"
"AA7","2","AA7_FILIAL+AA7_GRPATE","Grp.Atendim.","Grp.Atencion","Servic.Group","S","AAP","","S"
"AA8","1","AA8_FILIAL+AA8_PLANO","Cod.Plano","Cod.Plan","Plan Code","S","","","S"
"AA9","1","AA9_FILIAL+AA9_PLANO+AA9_ITEM","Cod. Plano + Item Plano","Cod.Plan + Item Plan","Plan Code + Main.Pl.Item","S","","","S"
"AAA","1","AAA_FILIAL+AAA_CODGRP","Codigo Grupo","Codigo Grupo","Group Code","S","","","S"
"AAB","1","AAB_FILIAL+AAB_CODGRP+AAB_TIPO+AAB_GRUPO+AAB_CODPRO","Codigo Grupo + Tipo + Grupo + Produto","Codigo Grupo + Tipo + Grupo + Producto","Group Code + Type + Group + Product","S","","","S"
"AAC","1","AAC_FILIAL+AAC_CODPRO+AAC_CODPRB+AAC_GRPATE+AAC_ITEM","Produto + Ocorrencia + Grp.Atendim. + Item","Producto + Ocurrencia + Grp.Atencion + Item","Product + Occurrence + Serv.Group + Item","S","","","S"
"AAD","1","AAD_FILIAL+AAD_CODIND","Codigo","Codigo","Code","S","AAD","","S"
"AAE","1","AAE_FILIAL+AAE_CODIND+DTOS(AAE_DATA)","Codigo + Data","Codigo + Fecha","Code + Date","S","AAD","","S"
"AAE","2","AAE_FILIAL+DTOS(AAE_DATA)+AAE_CODIND","Data + Codigo","Fecha + Codigo","Date + Code","S","XXX+AAD","","S"
"AAF","1","AAF_FILIAL+AAF_CODCLI+AAF_LOJA+AAF_CODPRO+AAF_NUMSER+AAF_PRODAC+AAF_NSERAC","Cliente + Loja + Produto/Eqto + Nr.Serie + Produto Pai + Nr Serie Pai","Cliente + Tienda + Produc./Equ. + Nro. Serie + Producto Pri + Nro. Ser","Customer + Unit + Prod./Equip. + Serial No. + Main Product + Mn.Ser.No","S","SA1+XXX+SB1+XXX+SB1","","S"
"AAF","2","AAF_FILIAL+AAF_CODFAB+AAF_LOJAFA+AAF_CODPRO+AAF_NUMSER","Fabricante + Loja Fab. + Produto/Eqto + Nr.Serie","Fabricante + Tda.Fabric. + Produc./Equ. + Nro. Serie","Manufacturer + Manuf.Unit + Prod./Equip. + Serial No.","S","XXX+XXX+SB1","","S"
"AAG","1","AAG_FILIAL+AAG_CODPRB","Ocorrencia","Ocurrencia","Occurrence","S","","","S"
"AAG","2","AAG_FILIAL+AAG_DESCRI","Descriçao","Descripcion","Description","S","","","S"
"AAH","1","AAH_FILIAL+AAH_CONTRT","No.Contrato","Nro.Contrato","Contract No.","S","","","S"
"AAH","2","AAH_FILIAL+AAH_CODCLI+AAH_LOJA+AAH_CONTRT","Cliente + Loja + No.Contrato","Cliente + Tienda + Nro.Contrato","Customer + Unit + Contract No.","S","SA1","","S"
"AAH","3","AAH_FILIAL+AAH_CODIND","Indice","Index","Index","S","AAD","","S"
"AAH","4","AAH_FILIAL+AAH_GRPATE","Grupo atend.","Grupo atenc.","Serv.Group","S","AAP","","S"
"AAI","1","AAI_FILIAL+AAI_CODFAQ+AAI_ITEM","Codigo + Item","Codigo + Item","Code + Item","S","","","S"
"AAI","2","AAI_FILIAL+AAI_CODPRB+AAI_GRUPO+AAI_CODPRO","Ocorrencia + Grupo + Produto/Eqto","Ocurrencia + Grupo + Produc./Equ.","Occurrence + Group + Prod/Equip","S","AAG+03+SB1","","S"
"AAI","3","AAI_FILIAL+AAI_CODPRB+AAI_CODPRO","Ocorrencia + Produto/Eqto","Ocurrencia + Produc./Equ.","Occurrence + Prod/Equip","S","AAG+SB1","","S"
"AAJ","1","AAJ_FILIAL+AAJ_CTAPRE+AAJ_ITEM","N.Preventiva + Item","Prevencion + Item","Preventive N + Item","S","","","S"
"AAJ","2","AAJ_FILIAL+AAJ_CODCLI+AAJ_LOJA+AAJ_CTAPRE+AAJ_ITEM","Cliente + Loja + N.Preventiva + Item","Cliente + Tienda + Prevencion + Item","Customer + Unit + Preventive N + Item","S","SA1","","S"
"AAJ","3","AAJ_FILIAL+AAJ_CTAPRE+DTOS(AAJ_DTREAL)","N.Preventiva + Dt.Real","Prevencion + Fch.Real","Preventive N + Real Date","S","","","S"
"AAK","1","AAK_FILIAL+AAK_CODFAB+AAK_LOJAFA+AAK_CODPRO+AAK_CODCOM","Fabricante + Loja + Produto/Eqto + Componente","Fabricante + Tienda + Produc./Equ. + Componente","Manufacturer + Unit + Prod/Equip + Component","S","SA1+XXX+SB1+SB1","","S"
"AAL","1","AAL_FILIAL+AAL_CODFAB+AAL_LOJAFA+AAL_CODPRO+AAL_NUMSER+AAL_CODCOM","Fabricante + Loja Fabric. + Produto/Eqto + Nr.Serie + Componente","Fabricante + Tda. Fabric. + Produc./Equ. + Nro. Serie + Componente","Manufacturer + Manufac.Unit + Prod/Equip + Serial Numb. + Component","S","EQP+XXX+SB1+XXX+SB1","","S"
"AAL","2","AAL_FILIAL+AAL_CODFAB+AAL_LOJAFA+AAL_CODPRO+AAL_CODCOM","Fabricante + Loja Fabric. + Produto/Eqto + Componente","Fabricante + Tda. Fabric. + Produc./Equ. + Componente","Manufacturer + Manufac.Unit + Prod/Equip + Component","S","EQP+XXX+SB1+SB1","","S"
"AAM","1","AAM_FILIAL+AAM_CONTRT","No.Contrato","Nro.Contrato","Contract No.","S","AAM","","S"
"AAM","2","AAM_FILIAL+AAM_CODCLI+AAM_LOJA+AAM_CLASSI","Cliente + Loja + Classific.","Cliente + Tienda + Clasific.","Customer + Unit + Classificat.","S","SA1+XXX+A7","","S"
"AAN","1","AAN_FILIAL+AAN_CONTRT+AAN_ITEM","No.Contrato + Item","Nro.Contrato + Item","Contract No. + Item","S","","","S"
"AAN","2","AAN_FILIAL+AAN_CODIND","Indice","Index","Index","S","AAD","","S"
"AAO","1","AAO_FILIAL+AAO_CONTRT+AAO_ITEM","No.Contrato + Item","Nro.Contrato + Item","Contract No. + Item","S","","","S"
"AAP","1","AAP_FILIAL+AAP_GRPATE","Grupo Atend.","Grupo Atenc.","Serv.Group","S","","","S"
"AB1","1","AB1_FILIAL+AB1_NRCHAM","Chamado","Llamada","No.Tec.Call","S","","","S"
"AB1","2","AB1_FILIAL+AB1_CODCLI+AB1_LOJA","Cliente + Loja","Cliente + Tienda","Customer + Unit","S","SA1","","S"
"AB1","3","AB1_FILIAL+AB1_CODCLI+AB1_LOJA+DTOS(AB1_EMISSA)","Cliente + Loja + Emissao","Cliente + Tienda + Emision","Customer + Unit + Issue","S","SA1","","S"
"AB1","4","AB1_FILIAL+AB1_STATUS+AB1_CODCLI+AB1_LOJA","Status + Cliente + Loja","Estatus + Cliente + Tienda","Status + Customer + Unit","S","XXX+SA1","","S"
"AB1","5","AB1_FILIAL+AB1_NUMTMK","Chamado TMK","Llamada TMK","TMK Call","S","","","S"
"AB2","1","AB2_FILIAL+AB2_NRCHAM+AB2_ITEM+AB2_CODPRO+AB2_NUMSER","Chamado + Item + Produto/Eqto + Nr.Serie","Llamada + Item + Produc./Equ. + Nro. Serie","Call + Item + Prod/Equip + Serial Numb.","S","XXX+XXX+AA3","","S"
"AB2","2","AB2_FILIAL+AB2_CODPRB","Ocorrencia","Ocurrencia","Occurrence","S","AAG","","S"
"AB2","3","AB2_FILIAL+AB2_CODFAB+AB2_LOJAFA+AB2_CODPRO+AB2_NUMSER+DTOS(AB2_EMISSA)","Fabricante + Loja Fabric. + Produto/Eqto + Nr.Serie + Emissao","Fabricante + Tda. Fabric. + Produc./Equ. + Nro. Serie + Emision","Manufacturer + Manuf. Unit + Prod/Equip + Serial Numb. + Issue","S","SA1+XXX+AA3","","S"
"AB3","1","AB3_FILIAL+AB3_NUMORC","Orçamento","Presupuesto","Budget","S","","","S"
"AB3","2","AB3_FILIAL+AB3_CODCLI+AB3_LOJA","Cliente + Loja","Cliente + Tienda","Customer + Unit","S","SA1","","S"
"AB3","3","AB3_FILIAL+DTOS(AB3_EMISSA)+AB3_CODCLI+AB3_LOJA","Emissao + Cliente + Loja","Emision + Cliente + Tienda","Issue + Customer + Unit","S","XXX+SA1","","S"
"AB3","4","AB3_FILIAL+AB3_STATUS+AB3_CODCLI+AB3_LOJA","Status + Cliente + Loja","Estatus + Cliente + Tienda","Status + Customer + Unit","S","XXX+SA1","","S"
"AB4","1","AB4_FILIAL+AB4_NUMORC+AB4_ITEM","Orçamento + Item","Presupuesto + Item","Budget + Item","S","","","S"
"AB4","2","AB4_FILIAL+AB4_NRCHAM","Nr.Chamado","Num. Llamada","Call Number","S","","","S"
"AB4","3","AB4_FILIAL+AB4_CODPRB","Ocorrencia","Ocurrencia","Occurrence","S","AAG","","S"
"AB4","4","AB4_FILIAL+AB4_CODFAB+AB4_LOJAFA+AB4_CODPRO+AB4_NUMSER","Fabricante + Loja Fabric. + Produto/Eqto + Nr.Serie","Fabricante + Tda. Fabric. + Produc./Equ. + Nro. Serie","Manufacturer + Manuf. Unit + Prod/Equip + Serial Numb.","S","SA1+XXX+AA3+AA3","","S"
"AB5","1","AB5_FILIAL+AB5_NUMORC+AB5_ITEM+AB5_SUBITE","Orçamento + Item + Item","Presupuesto + Item + Item","Budget + Item + Item","S","","","S"
"AB5","2","AB5_FILIAL+AB5_CODSER","Serviço","Servicio","Service","S","AA5","","S"
"AB6","1","AB6_FILIAL+AB6_NUMOS","O.S.","Orden Serv.","S.O.","S","","","S"
"AB6","2","AB6_FILIAL+AB6_CODCLI+AB6_LOJA","Cliente + Loja","Cliente + Tienda","Customer + Unit","S","SA1","","S"
"AB6","3","AB6_FILIAL+AB6_CODCLI+AB6_LOJA+DTOS(AB6_EMISSA)","Cliente + Loja + Emissao","Cliente + Tienda + Emision","Customer + Unit + Issue","S","SA1","","S"
"AB6","4","AB6_FILIAL+AB6_STATUS+AB6_CODCLI+AB6_LOJA","Status + Cliente + Loja","Estatus + Cliente + Tienda","Status + Customer + Unit","S","XXX+SA1","","S"
"AB7","1","AB7_FILIAL+AB7_NUMOS+AB7_ITEM","O.S. + Item","O.S. + Item","S.O. + Item","S","","","S"
"AB7","2","AB7_FILIAL+AB7_NRCHAM","Nr.Chamado","Num. Llamada","Call Number","S","","","S"
"AB7","3","AB7_FILIAL+AB7_NUMORC","Orçamento","Presupuesto","Budget","S","","","S"
"AB7","4","AB7_FILIAL+AB7_CODPRB","Ocorrencia","Ocurrencia","Occurrence","S","AAG","","S"
"AB7","5","AB7_FILIAL+AB7_CODFAB+AB7_LOJAFA+AB7_CODPRO+AB7_NUMSER+DTOS(AB7_EMISSA)","Fabricante + Loja Fabric. + Produto/Eqto + Nr.Serie + Emissao","Fabricante + Tien. Fabric + Produc./Equ. + Nro. Serie + Emision","Manufacturer + Manuf. Unit + Prod/Equip + Serial Numb. + Issue","S","SA1+XXX+AA3","","S"
"AB8","1","AB8_FILIAL+AB8_NUMOS+AB8_ITEM+AB8_SUBITE","O.S. + Item + Item","O.S. + Item + Item","S.O. + Item + Item","S","","","S"
"AB8","2","AB8_FILIAL+AB8_CODCLI+AB8_LOJA+AB8_CODPRD+AB8_NUMSER+DTOS(AB8_DTGAR)","Cliente + Loja + Produto + Nr.Serie + Dt.Garantia","Cliente + Tienda + Producto + Nro. Serie + Fch Garantia","Customer + Unit + Product + Serial No. + Warranty Dt.","S","SA1","","S"
"AB8","3","AB8_FILIAL+AB8_CODCLI+AB8_LOJA+DTOS(AB8_DTGAR)","Cliente + Loja + Dt.Garantia","Cliente + Tienda + Fch Garantia","Customer + Unit + Warranty Dt.","S","SA1","","S"
"AB8","4","AB8_FILIAL+AB8_CODSER+AB8_CODPRO","Serviço + Produto/Eqto","Servicio + Produc./Equ.","Service + Prod/Equip","S","AA5+SB1","","S"
"AB8","5","AB8_FILIAL+AB8_NUMOS+AB8_ITEM+AB8_CODPRO","O.S. + Item + Produto/Eqto","O.S. + Item + Produc./Equ.","S.O. + Item + Prod/Equip","S","XXX+XXX+SB1","","S"
"AB9","1","AB9_FILIAL+AB9_NUMOS+AB9_CODTEC+AB9_SEQ","Nr.OS + Tecnico + Sequencia","Nro. OS + Tecnico + Secuencia","S.O.No. + Technician + Sequence","S","AB7+AA1","","S"
"AB9","2","AB9_FILIAL+AB9_CODPRB","Ocorrencia","Ocurrencia","Occurrence","S","AAG","","S"
"AB9","3","AB9_FILIAL+AB9_CODTEC","Tecnico","Tecnico","Technician","S","AA1","","S"
"AB9","4","AB9_FILIAL+AB9_TAREFA","Tarefa","Tarea","Task","S","","","S"
"ABA","1","ABA_FILIAL+ABA_NUMOS+ABA_CODTEC+ABA_SEQ+ABA_ITEM","Nr.OS + Tecnico + Sequencia + Item","Nro. OS + Tecnico + Secuencia + Item","Serv.Ord.No. + Technician + Sequence + Item","S","XXX+AA1","","S"
"ABA","2","ABA_FILIAL+ABA_CODSER","Serviço","Servicio","Service","S","AA5","","S"
"ABA","3","ABA_FILIAL+ABA_NUMOS+ABA_CODPRO","Nr.OS + Produto/Eqto","Nro. OS + Produc./Equ.","Serv.Ord.No. + Prod/Equip","S","XXX+SB1","","S"
"ABB","1","ABB_FILIAL+ABB_CODTEC+DTOS(ABB_DTINI)+ABB_HRINI+DTOS(ABB_DTFIM)+ABB_HRFIM","Tecnico + Data Inicial + Hora Inicial + Data Final + Hora Final","Tecnico + Fch Inicial + Hora Inicial + Fch Final + Hora Final","Technician + Initial Date + Initial Hour + Final Date + Final Hour","S","AA1","","S"
"ABB","2","ABB_FILIAL+ABB_CODTEC+DTOS(ABB_DTFIM)+ABB_HRFIM","Tecnico + Data Final + Hora Final","Tecnico + Fch Final + Hora Final","Technician + Final Date + Final Hour","S","AA1","","S"
"ABB","3","ABB_FILIAL+ABB_NUMOS","Nr.OS","Num. OS","Number of SO","S","AB6","","S"
"ABB","4","ABB_FILIAL+ABB_CODTEC+DTOS(ABB_DTINI)+ABB_HRINI+ABB_NUMOS","Tecnico + Data Inicial + Hora Inicial + Nr.OS","Tecnico + Fch Inicial + Hora Inicial + Num. OS","Technician + Initial Date + Initial Hour + Number of SO","S","AA1+XXX+XXX+AB6","","S"
"ABB","5","ABB_FILIAL+ABB_CODTEC+ABB_SACRA+DTOS(ABB_DTFIM)+ABB_HRFIM","Tecnico + Sacramentado + Data Final + Hora Final","Tecnico + Ultimado + Fch Final + Hora Final","Technician + Confirmed + Final Date + Final Hour","S","AA1","","S"
"ABC","1","ABC_FILIAL+ABC_NUMOS+ABC_CODTEC+ABC_SEQ+ABC_ITEM","Nr.OS + Tecnico + Sequencia + Item","Nro. OS + Tecnico + Secuencia + Item","Serv.Order N + Technician + Sequence + Item","S","XXX+AA1","","S"
"ABC","2","ABC_FILIAL+ABC_PREFIX+ABC_NUMERO+ABC_PARCEL+ABC_TIPO+ABC_CODFOR+ABC_LOJFOR","Prefixo (CP) + Numero  (CP) + Parcela (CP) + Tipo    (CP) + Fornecedor","Prefijo (CP) + Numero (CP) + Cuota (CP) + Tipo (CP) + Proveedor + Tien","Prefix (CP) + Number (CP) + Instal. (CP) + Type (CP) + Supplier + Unit","S","XXX+XXX+XXX+XXX+FOR+XXX","","S"
"ABD","1","ABD_FILIAL+ABD_CODFAB+ABD_LOJAFA+ABD_CODPRO+ABD_NUMSER+DTOS(ABD_DATABX)","Cod.Fabric. + Loj.Fabric. + Cod.Produto + Num.de Serie + Data Baixa","Cod.Fabric. + Tiend.Fabric + Cod.Producto + Nro.de Serie + Fch. Pago","Manuf. Code + Manuf. Unit + Product Code + Serial No. + Posting Date","S","","","S"
"ABD","2","ABD_FILIAL+ABD_CODFAB+ABD_LOJAFA+ABD_CODPRO+ABD_NUMSER+DTOS(ABD_DATA)","Cod.Fabric. + Loj.Fabric. + Cod.Produto + Num.de Serie + ABD_DA","Cod.Fabric. + Tiend.Fabric + Cod.Producto + Nro.de Serie + ABD_DA","Manuf. Code + Manuf. Unit + Product Code + Serial No. + ABD_DA","S","","","S"
"ABE","1","ABE_FILIAL+ABE_CODFAB+ABE_LOJAFA+ABE_CODPRO+ABE_NUMSER+ABE_PLANO+ABE_ITEM","Fabricante + Loja + Produto + Num. Série + Plano + Item","Fabricante + Tienda + Producto + Nro. Serie + Plan + Item","Manufacturer + Unit + Product + Serial No. + Plan + Item","S","XXX+XXX+SB1","","S"
"ABE","2","ABE_FILIAL+ABE_PLANO+ABE_ITEM+DTOS(ABE_DATA)","Plano + Item + Data","Plan + Item + Fecha","Plan + Item + Date","S","","","S"
"ABE","3","ABE_FILIAL+DTOS(ABE_DATA)+ABE_PLANO+ABE_ITEM","Data + Plano + Item","Fecha + Plan + Item","Date + Plan + Item","S","","","S"
"ABE","4","ABE_FILIAL+ABE_CODFAB+ABE_LOJAFA+ABE_CODPRO+ABE_NUMSER+DTOS(ABE_DATA)","Fabricante + Loja + Produto + Num. Série + Data","Fabricante + Tienda + Producto + Nro. Serie + Fecha","Manufacturer + Unit + Product + Serial No. + Date","S","XXX+XXX+SB1","","S"
"ABE","5","ABE_FILIAL+ABE_NUMOS","Numero da OS","Num. de OS","SO Number","S","","","S"
"ABF","1","ABF_FILIAL+ABF_NUMOS+ABF_ITEMOS+ABF_SEQRC","Ord.Servico + Item da OS + Seq.Solicit.","Orden Serv. + Item Ord.Ser + Secuen.Solic","Serv. Order + SO Item + Req. Seq.","S","","","S"
"ABG","1","ABG_FILIAL+ABG_NUMOS+ABG_ITEMOS+ABG_SEQRC+ABG_ITEM","Ord.Servico + Item OS + Seq.Solicit. + ABG_IT","Orden Serv. + Item Ord.Ser + Secuen.Solic + ABG_IT","Serv. Order + SO Item + Requis.Seq. + ABG_IT","S","","","S"
"ABH","1","ABH_FILIAL+ABH_PROJET","Projeto","Proyecto","Project","S","ABH","","S"
"ABI","1","ABI_FILIAL+ABI_PROJET+ABI_ITEM","Projeto + Item","Proyecto + Item","Project + Item","S","","","S"
"ABI","2","ABI_FILIAL+ABI_NUMOS","O.S.","Orden Serv.","S.O.","S","","","S"
"ABI","3","ABI_FILIAL+ABI_NUMPV+ABI_ITEMPV","Pedido Venda + Item Pedido","Pedido Venta + Item Pedido","Sales Order + Order Item","S","","","S"
"ABJ","1","ABJ_FILIAL+ABJ_PROJET+ABJ_ITEM+ABJ_SUBITE","Projeto + Item + Item tarefa","Proyecto + Item + Item Tarea","Project + Item + Task Item","S","","","S"
"ABK","1","ABK_FILIAL+ABK_NRCHAM+ABK_SEQ","Chamado + Sequencia","Llamada + Secuencia","Call + Sequence","S","","","S"
"ABL","1","ABL_FILIAL+ABL_SEQUEN","Sequencia","Secuencia","Sequence","S","","","S"
"ABL","2","ABL_FILIAL+ABL_NRCHAM","Chamado","Llamada","Call","S","","","S"
"ABL","3","ABL_FILIAL+ABL_REAVAL+ABL_PRIORI+ABL_SEQUEN","Reavalia + Prioridade + Sequencia","Reevalua + Prioridad + Secuencia","Revaluate + Priority + Sequence","S","","","S"
"ABM","1","ABM_FILIAL+ABM_NRCHAM","Chamado","Llamada","Call","S","","","S"
"AC1","1","AC1_FILIAL+AC1_PROVEN","Processo","Proceso","Process","S","","","S"
"AC1","2","AC1_FILIAL+AC1_DESCRI","Descrição","Descripcion","Description","S","","","S"
"AC2","1","AC2_FILIAL+AC2_PROVEN+AC2_STAGE","Processo + Estágio","Proceso + Etapa","Process + Stage","S","","","S"
"AC3","1","AC3_FILIAL+AC3_CODCON","Concorrente","Competidor","Competitor","S","","","S"
"AC3","2","AC3_FILIAL+AC3_NOME","Razao Social","Razon Social","Company Name","S","","","S"
"AC4","1","AC4_FILIAL+AC4_PARTNE","Parceiro","Socio","Bus. Partner","S","","","S"
"AC4","2","AC4_FILIAL+AC4_NOME","Nome","Nombre","Name","S","","","S"
"AC5","1","AC5_FILIAL+AC5_EVENTO","Evento","Evento","Event","S","","","S"
"AC5","2","AC5_FILIAL+AC5_DESCRI","Descrição","Descripcion","Description","S","","","S"
"AC6","1","AC6_FILIAL+AC6_META","Meta","Meta","Target","S","","","S"
"AC7","1","AC7_FILIAL+AC7_META+AC7_CODCAM","Meta + Campanha","Meta + Campana","Target + Campaign","S","","","S"
"AC8","1","AC8_FILIAL+AC8_CODCON+AC8_ENTIDA+AC8_FILENT+AC8_CODENT","Contato + Entidade + Fil.Entidade + Cod.Entidade","Contacto + Entidad + Suc.Entidad + Cod.Entidad","Contact + Entity + Entit.Branch + Entity Code","S","","","S"
"AC8","2","AC8_FILIAL+AC8_ENTIDA+AC8_FILENT+AC8_CODENT+AC8_CODCON","Entidade + Fil.Entidade + Cod.Entidade + Contato","Entidad + Suc.Entidad + Cod.Entidad + Contacto","Entity + Entit.Branch + Entity Code + Contact","S","","","S"
"AC9","1","AC9_FILIAL+AC9_CODOBJ+AC9_ENTIDA+AC9_FILENT+AC9_CODENT","Cod. Objeto + Entidade + Fil.Entidade + Cod.Entidade","Cod. Objeto + Entidad + Suc.Entidad + Cod.Entidad","Object Code + Entity + Entit.Branch + Entity Code","S","","","S"
"AC9","2","AC9_FILIAL+AC9_ENTIDA+AC9_FILENT+AC9_CODENT+AC9_CODOBJ","Entidade + Fil.Entidade + Cod.Entidade + Cod. Objeto","Entidad + Suc.Entidad + Cod.Entidad + Cod. Objeto","Entity + Entit.Branch + Entity Code + Object Code","S","","","S"
"ACA","1","ACA_FILIAL+ACA_GRPREP","Grupo","Grupo","Group","S","ACA","","S"
"ACA","2","ACA_FILIAL+ACA_GRPSUP","Grupo super.","Grp.superior","Super.Group","S","ACA","","S"
"ACA","3","ACA_FILIAL+ACA_DESCRI","Descrição","Descripcion","Description","S","","","S"
"ACB","1","ACB_FILIAL+ACB_CODOBJ","Cod. Objeto","Cod. Objeto","Object Code","S","","","S"
"ACB","2","ACB_FILIAL+ACB_OBJETO","Objeto","Objeto","Object","S","ACB","","S"
"ACB","3","ACB_FILIAL+ACB_DESCRI","Descricao","Descripcion","Description","S","","","S"
"ACC","1","ACC_FILIAL+ACC_CODOBJ","Cod. Objeto","Cod. Objeto","Object Code","S","","","S"
"ACC","2","ACC_FILIAL+ACC_KEYWRD","Palavr.Chave","Palabr.Clave","Key Word","S","","","S"
"ACD","1","ACD_FILIAL+ACD_CODIGO","Codigo","Codigo","Code","S","ACD","","S"
"ACD","2","ACD_FILIAL+ACD_DESC","Evento","Evento","Event","S","","","S"
"ACE","1","ACE_FILIAL+ACE_CODIGO","Codigo","Codigo","Code","S","","","S"
"ACE","2","ACE_FILIAL+ACE_GRADE","Grade","Cuadricula","Grid","S","","","S"
"ACE","3","ACE_FILIAL+ACE_CODIGO+ACE_HRINI","Codigo + Hora Início","Codigo + Hora Inicio","Code + Initial Hour","S","","","S"
"ACF","1","ACF_FILIAL+ACF_CODIGO","Atendimento","Atencion","Servicing","S","","","S"
"ACF","2","ACF_FILIAL+ACF_CLIENT+ACF_LOJA","Cliente + Loja","Cliente + Tienda","Customer + Unit","S","","","S"
"ACF","3","ACF_FILIAL+ACF_CLIENT+ACF_LOJA+STR(ACF_DIASDA,8,0)+STR(ACF_HORADA,8,0)","Cliente + Loja + N. Dias Liga + Hora Histori","Cliente + Tienda + Nr.Dias Llam + Hora Histori","Customer + Unit + Call Day No. + History Hour","S","","","S"
"ACF","4","ACF_FILIAL+DTOS(ACF_DATA)","Data","Fecha","Date","S","","","S"
"ACF","5","ACF_FILIAL+ACF_MOTIVO","Ocorrencia","Ocurrencia","Occurrence","S","","","S"
"ACF","6","ACF_FILIAL+ACF_OPERAD","Operador","Operador","Operator","S","","","S"
"ACG","1","ACG_FILIAL+ACG_CODIGO+ACG_PREFIX+ACG_TITULO+ACG_PARCEL+ACG_TIPO","Atendimento + Prefixo + Titulo + Parcela + Tipo","Atencion + Prefijo + Titulo + Cuota + Tipo","Servicing + Prefix + Bill + Installment + Type","S","","","S"
"ACG","2","ACG_FILIAL+ACG_PREFIX+ACG_TITULO+ACG_PARCEL","Prefixo + Titulo + Parcela","Prefijo + Titulo + Cuota","Prefix + Bill + Installment","S","","","S"
"ACH","1","ACH_FILIAL+ACH_CODIGO","Codigo","Codigo","Code","S","","","S"
"ACH","2","ACH_FILIAL+ACH_CGC","CNPJ","CNPJ/CPF","CNPJ","S","","","S"
"ACH","3","ACH_FILIAL+ACH_RAZAO","Razao Social","Razon Social","Company Name","S","","","S"
"ACH","4","ACH_FILIAL+ACH_CODPRO+ACH_LOJPRO","Prospect + Lj. Prospect","Prospect + Tien.Prospec","Prospect + Prospect St.","S","","","S"
"ACI","1","ACI_FILIAL+ACI_CODIGO","Código","Codigo","Code","S","","","S"
"ACI","2","ACI_FILIAL+ACI_CODCON+ACI_ENTIDA+ACI_CHAVE","Contato + Entidade + Chave","Contacto + Entidad + Clave","Contact + Entity + Key","S","","","S"
"ACI","3","ACI_FILIAL+ACI_CODCAM+ACI_CODSCR","Campanha + Script","Campana + Script","Campaign + Script","S","","","S"
"ACI","4","ACI_FILIAL+ACI_ROTINA+ACI_ATEND","Rotina + Atendimento","Rutina + Atencion","Routine + Servicing","S","","","S"
"ACJ","1","ACJ_FILIAL+ACJ_DDI","DDI","DDI","IntlArea Cod","S","","","S"
"ACJ","2","ACJ_FILIAL+ACJ_PAIS","Pais","Pais","Country","S","","","S"
"ACK","1","ACK_FILIAL+ACK_CODVER+ACK_GRPVEN+ACK_CODVEN+ACK_GRPCLI+ACK_CODCLI+ACK_LOJA+DTOS(ACK_DATINI)+DTOS(ACK_DATFIM)","Codigo + Grupo Vend. + Vendedor + Grp.Cliente + Cliente + Loja + Data","Codigo + Grupo Vend. + Vendedor + Grp.Cliente + Cliente + Tienda + Fch","Code + Sales Rep. + Sales Rep. + Customer Grp + Customer + Unit + Init","S","","","S"
"ACK","2","ACK_FILIAL+ACK_GRPVEN+ACK_CODVEN+ACK_GRPCLI+ACK_CODCLI+ACK_LOJA+ACK_CODVER+DTOS(ACK_DATINI)+DTOS(ACK_DATFIM)","Grupo Vend. + Vendedor + Grp.Cliente + Cliente + Loja + Codigo + Data","Grupo Vend. + Vendedor + Grp.Cliente + Cliente + Tienda + Codigo + Fch","Sales Rep. + Sales Rep. + Customer Grp + Customer + Unit + Code + Init","S","","","S"
"ACK","3","ACK_FILIAL+ACK_CODVEN+ACK_GRPVEN+ACK_GRPCLI+ACK_CODCLI+ACK_LOJA+ACK_CODVER+DTOS(ACK_DATINI)+DTOS(ACK_DATFIM)","Vendedor + Grupo Vend. + Grp.Cliente + Cliente + Loja + Codigo + Data","Vendedor + Grupo Vend. + Grp.Cliente + Cliente + Tienda + Codigo + Fch","Sales Rep. + Sales Rep. + Customer Grp + Customer + Unit + Code + Init","S","","","S"
"ACK","4","ACK_FILIAL+ACK_GRPCLI+ACK_CODCLI+ACK_LOJA+ACK_GRPVEN+ACK_CODVEN+ACK_CODVER+DTOS(ACK_DATINI)+DTOS(ACK_DATFIM)","Grp.Cliente + Cliente + Loja + Grupo Vend. + Vendedor + Codigo + Data","Grp.Cliente + Cliente + Tienda + Grupo Vend. + Vendedor + Codigo + Fch","Customer Grp + Customer + Unit + Sales Rep. + Sales Rep. + Code + Init","S","","","S"
"ACK","5","ACK_FILIAL+ACK_CODCLI+ACK_LOJA+ACK_GRPCLI+ACK_GRPVEN+ACK_CODVEN+ACK_CODVER+DTOS(ACK_DATINI)+DTOS(ACK_DATFIM)","Cliente + Loja + Grp.Cliente + Grupo Vend. + Vendedor + Codigo + Data","Cliente + Tienda + Grp.Cliente + Grupo Vend. + Vendedor + Codigo + Fch","Customer + Unit + Customer Grp + Sales Rep. + Sales Rep. + Code + Init","S","","","S"
"ACL","1","ACL_FILIAL+ACL_CODVER+ACL_ITEM+ACL_CODPRO","Codigo + Item + Produto","Codigo + Item + Producto","Code + Item + Product","S","","","S"
"ACL","2","ACL_FILIAL+ACL_CODPRO+ACL_CODVER","Produto + Codigo","Producto + Codigo","Product + Code","S","","","S"
"ACM","1","ACM_FILIAL+ACM_CODVER+ACM_NUMPED+ACM_ITEPED","Cod. Verba + Nr. Pedido + It. Pedido","Cod. Fondo + Num. Pedido + Item  Pedido","Allw.Code + Req. Nbr. + Req. Item","S","","","S"
"ACM","2","ACM_FILIAL+ACM_NUMPED+ACM_ITEPED+ACM_CODVER","Nr. Pedido + It. Pedido + Cod. Verba","Num. Pedido + Item  Pedido + Cod. Fondo","Req. Nbr. + Req. Item + Allw.Code","S","","","S"
"ACN","1","ACN_FILIAL+ACN_CODREG+ACN_ITEM+ACN_GRPPRO+ACN_CODPRO","Cod. Regra + Item + Grupo Prod. + Produto","Cod. Regla + Item + Grupo Prod. + Producto","Rule Code + Item + Prod.Group + Product","S","","","S"
"ACN","2","ACN_FILIAL+ACN_GRPPRO+ACN_CODPRO+ACN_CODREG+ACN_ITEM","Grupo Prod. + Produto + Cod. Regra + Item","Grupo Prod. + Producto + Cod. Regla + Item","Prod.Group + Product + Rule Code + Item","S","","","S"
"ACO","1","ACO_FILIAL+ACO_CODREG","Cod. Regra","Cod. Regla","Rule Code","S","XXX","","S"
"ACO","2","ACO_FILIAL+ACO_CODTAB+ACO_CONDPG+ACO_FORMPG+ACO_CODCLI+ACO_LOJA+ACO_CFAIXA","Tabela Prec. + Cond.Pagto + Form.Pagto + Cliente + Loja + Faixa","Tabla Precio + Condic.Pago + Forma Pago + Cliente + Tienda + Intervalo","Price List + Paym.Term + Paym. Mode + Customer + Unit + Range","S","DA0+SE4+XXX+SA1+XXX","","S"
"ACP","1","ACP_FILIAL+ACP_CODREG+ACP_ITEM","Cod. Regra + Item","Cod. Regla + Item","Rule Code + Item","S","XXX+XXX","","S"
"ACP","2","ACP_FILIAL+ACP_CODREG+ACP_GRUPO+ACP_CODPRO+ACP_CFAIXA","Cod. Regra + Grupo + Produto + Ind.Faixa","Cod. Regla + Grupo + Producto + Ind.Interv.","Rule Code + Group + Product + Range Ind.","S","XXX+SBM+SB1+XXX","","S"
"ACQ","1","ACQ_FILIAL+ACQ_CODREG","Cod. Regra","Cod. Regla","Rule Code","S","XXX","","S"
"ACQ","2","ACQ_FILIAL+ACQ_CODTAB+ACQ_CONDPG+ACQ_FORMPG+ACQ_CODCLI+ACQ_LOJA","Tabela Prec. + Cond.Pagto + Form.Pagto + Cliente + Loja","Tabla Precio + Condic.Pago + Forma Pago + Cliente + Tienda","Price List + Paym.Term + Paym. Mode + Customer + Unit","S","DA0+SE4+XXX+SA1+XXX","","S"
"ACR","1","ACR_FILIAL+ACR_CODREG+ACR_ITEM","Cod. Regra + Item","Cod. Regla + Item","Rule Code + Item","S","XXX+XXX","","S"
"ACR","2","ACR_FILIAL+ACR_CODREG+ACR_GRUPO+ACR_CODPRO","Cod. Regra + Grupo + Produto","Cod. Regla + Grupo + Producto","Rule Code + Group + Product","S","XXX+SBM+SB1+XXX","","S"
"ACS","1","ACS_FILIAL+ACS_CODREG","Cod. Regra","Cod. Regla","Rule Code","S","XXX","","S"
"ACS","2","ACS_FILIAL+ACS_CODCLI+ACS_LOJA","Cliente + Loja","Cliente + Tienda","Customer + Unit","S","SA1+XXX","","S"
"ACS","3","ACS_FILIAL+ACS_GRPVEN+ACS_CODCLI+ACS_LOJA","Grp.Clientes + Cliente + Loja","Grp.Clientes + Cliente + Tienda","Cust.Group + Customer + Unit","S","ACY+SA1+XXX","","S"
"ACT","1","ACT_FILIAL+ACT_CODREG+ACT_ITEM","Cod. Regra + Item","Cod. Regla + Item","Rule Code + Item","S","XXX+XXX","","S"
"ACT","2","ACT_FILIAL+ACT_CODREG+ACT_CODTAB+ACT_CONDPG+ACT_FORMPG","Cod. Regra + Tabela Preço + Cond.Pagto + Form.Pagto","Cod. Regla + Tabla Precio + Condic.Pago + Forma Pago","Rule Code + Price List + Paym.Term + Paym. Mode","S","DA0+SE4+XXX","","S"
"ACU","1","ACU_FILIAL+ACU_COD","Categoria","Categoria","Class","S","XXX","","S"
"ACV","1","ACV_FILIAL+ACV_CATEGO+ACV_GRUPO","Categoria + Grupo","Categoria + Grupo","Class + Group","S","ACU+SBM","","S"
"ACW","1","ACW_FILIAL+ACW_NUMCTR+ACW_ITEM","N.Controle + Item","Nro. Control + Item","Contol No. + Item","S","XXX+XXX","","S"
"ACW","2","ACW_FILIAL+ACW_GRPVEN+DTOS(ACW_DATA)","Grp.Clientes + Data","Grp.Clientes + Fecha","Cust´s Grp. + Date","S","ACY","","S"
"ACW","3","ACW_FILIAL+ACW_CODCLI+ACW_LOJA+DTOS(ACW_DATA)","Cliente + Loja + Data","Cliente + Tienda + Fecha","Customer + Unit + Date","S","SA1+XXX","","S"
"ACX","1","ACX_FILIAL+ACX_CODREG+ACX_ITEM","Regra + Item","Regla + Item","Rule + Item","S","XXX+XXX","","S"
"ACX","2","ACX_FILIAL+ACX_CODREG+ACX_CODPRO+ACX_GRUPO","Regra + Produto + Grupo","Regla + Producto + Grupo","Rule + Product + Group","S","XXX+SB1+SBM","","S"
"ACY","1","ACY_FILIAL+ACY_GRPVEN","Grupo","Grupo","Group","S","ACY","","S"
"ACY","2","ACY_FILIAL+ACY_GRPSUP","Grp.Superior","Grp.Superior","Sup. Group","S","ACY","","S"
"ACY","3","ACY_FILIAL+ACY_DESCRI","Descricao","Descripcion","Description","S","XXX","","S"
"ACZ","1","ACZ_FILIAL+ACZ_PROVEN+ACZ_ITEM","Processo + Item","Proceso + Item","Process + Item","S","","","S"
"ACZ","2","ACZ_FILIAL+ACZ_PROVEN+ACZ_OPER+ACZ_EVENTO","Processo + Operacäo + Evento","Proceso + Operacion + Evento","Process + Operation + Event","S","","","S"
"AD1","1","AD1_FILIAL+AD1_NROPOR+AD1_REVISA","Oportunidade + Revisao","Oportunidad + Revision","Opportunity + Revision","S","","","S"
"AD1","2","AD1_FILIAL+AD1_VEND+DTOS(AD1_DTINI)","Vendedor + Dt.Inicio","Vendedor + Fc.Inicio","Sales Repr. + Initial Date","S","","","S"
"AD1","3","AD1_FILIAL+AD1_VEND+DTOS(AD1_DTFIM)","Vendedor + Dt.Termino","Vendedor + Fc.Termino","Sales Repr. + Final Date","S","","","S"
"AD1","4","AD1_FILIAL+AD1_PROSPE+AD1_LOJPRO","Prospect + Loja Prosp.","Prospect + Tiend.Prosp.","Prospect + Prosp. Unit","S","","","S"
"AD1","5","AD1_FILIAL+AD1_PROVEN+AD1_STAGE","Processo + Estagio","Proceso + Etapa","Process + Stage","S","","","S"
"AD2","1","AD2_FILIAL+AD2_NROPOR+AD2_REVISA+AD2_VEND","Oportunidade + Revisao + Vendedor","Oportunidad + Revision + Vendedor","Opportunity + Review + Sales Repr.","S","XXX+XXX+SA3","","S"
"AD3","1","AD3_FILIAL+AD3_NROPOR+AD3_REVISA+AD3_CODCON","Oportunidade + Revisao + Concorrente","Oportunidad + Revision + Competidor","Opportunity + Review + Competitor","S","XXX+XXX+AC3","","S"
"AD4","1","AD4_FILIAL+AD4_NROPOR+AD4_REVISA+AD4_PARTNE","Oportunidade + Revisao + Parceiro","Oportunidad + Revision + Socio","Opportunity + Review + Partner","S","XXX+XXX+AC4","","S"
"AD5","1","AD5_FILIAL+AD5_VEND+DTOS(AD5_DATA)+AD5_SEQUEN","Vendedor + Data + Sequência","Vendedor + Fecha + Secuencia","Sales Repr. + Date + Sequence","S","SA3","","S"
"AD5","2","AD5_FILIAL+AD5_NROPOR","Oportunidade","Oportunidad","Opportunity","S","AD1","","S"
"AD6","1","AD6_FILIAL+AD6_VEND+DTOS(AD6_DATA)+AD6_SEQUEN+AD6_ITEM","Vendedor + Data + Sequência + Item","Vendedor + Fecha + Secuencia + Item","Sales Repr. + Date + Sequence + Item","S","SA3","","S"
"AD6","2","AD6_FILIAL+AD6_PREFIX+AD6_NUMERO+AD6_PARCEL+AD6_TIPO+AD6_CODFOR+AD6_LOJFOR","Prefixo (CP) + Numero  (CP) + Parcela (CP) + Tipo    (CP) + Fornecedor","Prefijo (CP + Numero (CP) + Cuota (CP) + Tipo (CP) + Proveedor + Tiend","Prefix (CP) + Number (CP) + Instal. (CP) + Type  (CP) + Supplier + Uni","S","XXX+XXX+XXX+XXX+FOR+XXX","","S"
"AD7","1","AD7_FILIAL+AD7_VEND+DTOS(AD7_DATA)+AD7_HORA1","Vendedor + Data + Hora Inicio","Vendedor + Fecha + Hora Inicio","Sales Rep. + Date + Initial Hour","S","SA3","","S"
"AD7","2","AD7_FILIAL+AD7_CODCLI+AD7_LOJA+DTOS(AD7_DATA)+AD7_CONTAT","Cliente + Loja + Data + Contato","Cliente + Tienda + Fecha + Contacto","Customer + Unit + Date + Contact","S","SA1","","S"
"AD7","3","AD7_FILIAL+AD7_PROSPE+AD7_LOJPRO+DTOS(AD7_DATA)","Prospect + Loja + Data","Prospect + Tienda + Fecha","Prospect + Unit + Date","S","SUS","","S"
"AD7","4","AD7_FILIAL+AD7_CODTMK","Origem TMK","Origen TMK","TMK Source","S","","","S"
"AD7","5","AD7_FILIAL+AD7_CODTLV","Origem TLV","Origen TLV","TS Source","S","","","S"
"AD7","6","AD7_FILIAL+AD7_NROPOR","Oportunidade","Oportunidad","Opportunity","S","AD1","","S"
"AD7","7","AD7_FILIAL+AD7_VENDAP+DTOS(AD7_DATAAP)+AD7_SEQAP","Vendedor AP + Data AP + Sequencia AP","Vendedor AP + Fecha AP + Secuencia AP","SalesRp.Annt + Ant. Date + AN Sequence","S","","","S"
"AD8","1","AD8_FILIAL+AD8_TAREFA","Nr.Tarefa","Num. Tarea","Task Number","S","","","S"
"AD8","2","AD8_FILIAL+AD8_CODUSR+DTOS(AD8_DTINI)","Usuário + Data Inicio","Usuario + Fch. Inicio","User + Initial Date","S","USR","","S"
"AD9","1","AD9_FILIAL+AD9_NROPOR+AD9_REVISA+AD9_CODCON","Oportunidade + Revisao + Contato","Oportunidad + Revision + Contacto","Opportunity + Revision + Contact","S","","","S"
"ADA","1","ADA_FILIAL+ADA_NUMCTR","Contrato N.","Contrato Nr.","Contract No.","S","XXX","","S"
"ADA","2","ADA_FILIAL+ADA_CODCLI+ADA_LOJCLI","Cliente + Loja","Cliente + Tienda","Customer + Unit","S","SA1+XXX","","S"
"ADB","1","ADB_FILIAL+ADB_NUMCTR+ADB_ITEM","Contrato N. + Item","Contrato Nr. + Item","Contract No. + Item","S","XXX+XXX","","S"
"ADB","2","ADB_FILIAL+ADB_CODCLI+ADB_LOJCLI+ADB_CODPRO","Cliente + Loja + Produto","Cliente + Tienda + Producto","Customer + Unit + Product","S","SA1+XXX+SB1","","S"
"ADC","1","ADC_FILIAL+ADC_NROPOR+ADC_REVISA","Oportunidade + Revisao","Oportunidad + Revision","Opportunity + Revision","S","","","S"
"ADD","1","ADD_FILIAL+ADD_NUMSOL","Solicitacäo","Solicitud","Requisition","S","xxx+xxx","","S"
"ADD","2","ADD_FILIAL+ADD_ENTIDA+ADD_FILENT+ADD_CODENT","Entidade + Filial Entid + Cod.Entidad.","Entidad + Sucursal Ent + Cod. Entidad","Entity + Entity Bch. + Entity Code","S","xxx+xxx+xxx+xxx","","S"
"AE1","1","AE1_FILIAL+AE1_COMPOS","Referencia","Referencia","Reference","S","","","S"
"AE1","2","AE1_FILIAL+AE1_DESCRI","Descricao","Descripcion","Description","S","","","S"
"AE2","1","AE2_FILIAL+AE2_COMPOS+AE2_ITEM","Referencia + Item","Referencia + Item","Reference + Item","S","","","S"
"AE3","1","AE3_FILIAL+AE3_COMPOS+AE3_ITEM","Referencia + Item","Referencia + Item","Reference + Item","S","","","S"
"AE4","1","AE4_FILIAL+AE4_COMPOS+AE4_ITEM","Referencia + Item","Referencia + Item","Reference + Item","S","","","S"
"AE5","1","AE5_FILIAL+AE5_GRPCOM","Grupo","Grupo","Group","S","","","S"
"AE5","2","AE5_FILIAL+AE5_DESCRI","Descricao","Descripcion","Description","S","","","S"
"AE7","1","AE7_FILIAL+AE7_CODIGO","Codigo","Codigo","Code","S","","","S"
"AE8","1","AE8_FILIAL+AE8_RECURS+AE8_DESCRI","Cod.Recurso + Descricao","Cod.Recurso + Descripcion","Resource Cd. + Description","S","","","S"
"AE8","2","AE8_FILIAL+AE8_DESCRI","Descricao","Descripcion","Description","S","","","S"
"AE8","3","AE8_FILIAL+AE8_USER","Cod.Usuario","Cod. Usuario","User Code","S","","","S"
"AE8","4","AE8_FILIAL+AE8_EQUIP+AE8_RECURS","Cod. Equipe + Cod.Recurso","Cod. Equipo + Cod.Recurso","Team Code + Resource Cd.","S","","","S"
"AE8","5","AE8_FILIAL+AE8_CODFUN","Matricula","Matricula","Registration","S","","","S"
"AE9","1","AE9_FILIAL+AE9_COD","Codigo","Codigo","Code","S","","","S"
"AE9","2","AE9_FILIAL+AE9_DESCRI","Desc.Status","Descr.Estat.","Status Desc.","S","","","S"
"AEA","1","AEA_FILIAL+AEA_COD","Codigo","Codigo","Code","S","","","S"
"AEA","2","AEA_FILIAL+AEA_DESCRI","Descr.Status","Descr.Estat.","Status Desc.","S","","","S"
"AED","1","AED_FILIAL+AED_EQUIP","Cod. Equipe","Cod. Equipo","Team Code","S","","","S"
"AED","2","AED_FILIAL+AED_DESCRI","Desc. Equipe","Desc. Equipo","Team Desc.","S","","","S"
"AF1","1","AF1_FILIAL+AF1_ORCAME+AF1_DESCRI","Orcamento + Descricao","Presupuesto + Descripcion","Budget + Description","S","","","S"
"AF1","2","AF1_FILIAL+AF1_CLIENT+AF1_LOJA+AF1_ORCAME+DTOS(AF1_DATA)","Cliente + Loja + Orcamento + Data Orcam.","Cliente + Tienda + Presupuesto + Fch.Presup.","Customer + Unit + Budget + Budget Date","S","SA1","","S"
"AF1","3","AF1_FILIAL+AF1_DESCRI+AF1_ORCAME","Descricao + Orcamento","Descripcion + Presupuesto","Description + Budget","S","","","S"
"AF2","1","AF2_FILIAL+AF2_ORCAME+AF2_TAREFA+AF2_ORDEM","Orcamento + Tarefa + Ordem","Presupuesto + Tarea + Orden","Budget + Task + Order","S","","","S"
"AF2","2","AF2_FILIAL+AF2_ORCAME+AF2_EDTPAI+AF2_ORDEM","Orcamento + Cod. EDT Pai + Ordem","Presupuesto + Cod.EDT Prin + Orden","Budget + Main WBS Cod + Order","S","","","S"
"AF2","3","AF2_FILIAL+AF2_ORCAME+AF2_COMPOS","Orcamento + Composicao","Presupuesto + Composicion","Budget + Arrangement","S","","","S"
"AF3","1","AF3_FILIAL+AF3_ORCAME+AF3_TAREFA+AF3_ITEM","Orcamento + Tarefa + Item","Presupuesto + Tarea + Item","Budget + Task + Item","S","","","S"
"AF3","2","AF3_FILIAL+AF3_ORCAME+AF3_PRODUT","Orcamento + Produto","Presupuesto + Producto","Budget + Product","S","","","S"
"AF3","3","AF3_FILIAL+AF3_ORCAME+AF3_COMPOS","Orcamento + Sub-Compos.","Presupuesto + Subcomposi.","Budget + Subcomp.","S","","","S"
"AF4","1","AF4_FILIAL+AF4_ORCAME+AF4_TAREFA+AF4_ITEM","Orcamento + Tarefa + Item","Presupuesto + Tarea + Item","Budget + Task + Item","S","","","S"
"AF4","2","AF4_FILIAL+AF4_DESCRI","Descricao","Descripcion","Description","S","","","S"
"AF4","3","AF4_FILIAL+AF4_ORCAME+AF4_COMPOS","Orcamento + Sub-Compos.","Presupuesto + Subcomposi.","Budget + Subcomp.","S","","","S"
"AF5","1","AF5_FILIAL+AF5_ORCAME+AF5_EDT+AF5_ORDEM","Orcamento + EDT + Ordem","Presupuesto + EDT + Orden","Budget + WBS + Order","S","","","S"
"AF5","2","AF5_FILIAL+AF5_ORCAME+AF5_EDTPAI+AF5_ORDEM","Orcamento + Cod. EDT pai + Ordem","Presupuesto + Cod.EDT prin + Orden","Budget + Main WBS Cod + Order","S","","","S"
"AF5","3","AF5_FILIAL+AF5_ORCAME+AF5_NIVEL","Orcamento + Nivel","Presupuesto + Nivel","Budget + Level","S","","","S"
"AF7","1","AF7_FILIAL+AF7_ORCAME+AF7_TAREFA+AF7_ITEM","Orcamento + Tarefa + Item","Presupuesto + Tarea + Item","Budget + Task + Item","S","","","S"
"AF7","2","AF7_FILIAL+AF7_ORCAME+AF7_PREDEC","Orcamento + Tarefa","Presupuesto + Tarea","Budget + Task","S","","","S"
"AF8","1","AF8_FILIAL+AF8_PROJET+AF8_DESCRI","Projeto + Descricao","Proyecto + Descripcion","Project + Description","S","","","S"
"AF8","2","AF8_FILIAL+AF8_CLIENT+AF8_LOJA+AF8_PROJET","Cliente + Loja + Projeto","Cliente + Tienda + Proyecto","Customer + Unit + Project","S","SA1","","S"
"AF8","3","AF8_FILIAL+AF8_DESCRI+AF8_PROJET","Descricao + Projeto","Descripcion + Proyecto","Description + Project","S","","","S"
"AF8","4","AF8_FILIAL+AF8_ORCAME","Orcamento","Presupuesto","Budget","S","","","S"
"AF8","5","AF8_FILIAL+AF8_TPPRJ+AF8_PROJET","Tipo Proj. + Projeto","Tipo Proy. + Proyecto","Proj. Type + Project","S","","","S"
"AF8","6","AF8_FILIAL+AF8_TPPRJ+AF8_DESCRI","Tipo Proj. + Descricao","Tipo Proy. + Descripcion","Proj. Type + Description","S","","","S"
"AF8","7","AF8_FILIAL+DTOS(AF8_DATA)+AF8_PROJET","Data Projeto + Projeto","Fch.Proyecto + Proyecto","Project Date + Project","S","","","S"
"AF9","1","AF9_FILIAL+AF9_PROJET+AF9_REVISA+AF9_TAREFA+AF9_ORDEM","Projeto + Versao + Tarefa + Ordem","Proyecto + Version + Tarea + Orden","Project + Version + Task + Order","S","","","S"
"AF9","2","AF9_FILIAL+AF9_PROJET+AF9_REVISA+AF9_EDTPAI+AF9_ORDEM","Projeto + Versao + EDT Pai + Ordem","Proyecto + Version + EDT Princip. + Orden","Project + Version + Main WBS + Order","S","","","S"
"AF9","3","AF9_FILIAL+AF9_PROJET+AF9_REVISA+AF9_COMPOS","Projeto + Versao + Composicao","Proyecto + Version + Composicion","Project + Version + Compos.","S","","","S"
"AF9","4","AF9_FILIAL+AF9_PROJET+AF9_REVISA+AF9_GRPCOM+AF9_TAREFA+AF9_ORDEM","Projeto + Versao + Grupo + Tarefa + Ordem","Proyecto + Version + Grupo + Tarea + Orden","Project + Version + Group + Task + Order","S","","","S"
"AF9","5","AF9_FILIAL+AF9_PROJET+AF9_TAREFA","Projeto + Tarefa","Proyecto + Tarea","Project + Task","S","","","S"
"AFA","1","AFA_FILIAL+AFA_PROJET+AFA_REVISA+AFA_TAREFA+AFA_ITEM","Projeto + Versao + Tarefa + Item","Proyecto + Version + Tarea + Item","Project + Version + Task + Item","S","","","S"
"AFA","2","AFA_FILIAL+AFA_PROJET+AFA_REVISA+AFA_PRODUT","Projeto + Versao + Cod.Produto","Proyecto + Version + Cod.Producto","Project + Version + Product Code","S","","","S"
"AFA","3","AFA_FILIAL+AFA_RECURS+DTOS(AFA_START)+AFA_HORAI","Cod. Recurso + Dt.Inicial + Hr.Inicial","Cod. Recurso + Fch.Inicial + Hr.Inicial","Resource Cd. + Initial Date + Initial Hour","S","","","S"
"AFA","4","AFA_FILIAL+AFA_PROJET+AFA_REVISA+AFA_COMPOS","Projeto + Versao + Sub-Compos.","Proyecto + Version + Subcomposic.","Project + Version + Subcomp.","S","","","S"
"AFA","5","AFA_FILIAL+AFA_PROJET+AFA_REVISA+AFA_TAREFA+AFA_RECURS","Projeto + Versao + Tarefa + Cod. Recurso","Proyecto + Version + Tarea + Cod. Recurso","Project + Version + Task + Resource Cd.","S","","","S"
"AFA","6","AFA_FILIAL+AFA_PLANEJ","Cod. Planej.","Nro. Planeam","Plann.Code","S","","","S"
"AFA","7","AFA_FILIAL+AFA_PRODUT+DTOS(AFA_DATPRF)+AFA_PROJET+AFA_REVISA+AFA_TAREFA+AFA_ITEM","Cod.Produto + Dt. Necess. + Projeto + Versao + Tarefa + Item","Cod.Producto + Fecha Neces. + Proyecto + Version + Tarea + Item","Product Code + Necess.Date + Project + Version + Task + Item","S","","","S"
"AFB","1","AFB_FILIAL+AFB_PROJET+AFB_REVISA+AFB_TAREFA+AFB_ITEM","Projeto + Versao + Tarefa + Item","Proyecto + Version + Tarea + Item","Project + Version + Task + Item","S","","","S"
"AFB","2","AFB_FILIAL+AFB_RECURS+DTOS(AFB_START)+AFB_HORAI","Cod. Recurso + Dt.Inicial + Hr.Inicial","Cod. Recurso + Fch.Inicial + Hr. Inicial","Resource Cd. + Initial Date + Initial Hour","S","","","S"
"AFB","3","AFB_FILIAL+AFB_DESCRI","Descricao","Descripcion","Description","S","","","S"
"AFB","4","AFB_FILIAL+AFB_PROJET+AFB_REVISA+AFB_COMPOS","Projeto + Versao + Sub-Compos.","Proyecto + Version + Subcomposic.","Project + Version + Subcomp.","S","","","S"
"AFC","1","AFC_FILIAL+AFC_PROJET+AFC_REVISA+AFC_EDT+AFC_ORDEM","Projeto + Versao + EDT + Ordem","Proyecto + Version + EDT + Orden","Project + Version + WBS + Order","S","","","S"
"AFC","2","AFC_FILIAL+AFC_PROJET+AFC_REVISA+AFC_EDTPAI+AFC_ORDEM","Projeto + Versao + Cod. EDT Pai + Ordem","Proyecto + Version + Cod.EDT Prin + Orden","Project + Version + Main WBS Cd. + Order","S","","","S"
"AFC","3","AFC_FILIAL+AFC_PROJET+AFC_REVISA+AFC_NIVEL","Projeto + Versao + Nivel","Proyecto + Version + Nivel","Project + Version + Level","S","","","S"
"AFC","4","AFC_FILIAL+AFC_PROJET+AFC_EDT","Projeto + EDT","Proyecto + EDT","Project + WBS","S","","","S"
"AFD","1","AFD_FILIAL+AFD_PROJET+AFD_REVISA+AFD_TAREFA+AFD_ITEM","Projeto + Versao + Tarefa + Item","Proyecto + Version + Tarea + Item","Project + Version + Task + Item","S","","","S"
"AFD","2","AFD_FILIAL+AFD_PROJET+AFD_REVISA+AFD_PREDEC+AFD_ITEM","Projeto + Versao + Predecessora + Item","Proyecto + Version + Predecesora + Item","Project + Version + Predecessor + Item","S","","","S"
"AFE","1","AFE_FILIAL+AFE_PROJET+AFE_REVISA","Projeto + Versao","Proyecto + Version","Project + Version","S","","","S"
"AFF","1","AFF_FILIAL+AFF_PROJET+AFF_REVISA+AFF_TAREFA+DTOS(AFF_DATA)","Projeto + Versao + Tarefa + Data Ref.","Proyecto + Version + Tarea + Fecha Ref.","Project + Version + Task + Refer. Date","S","","","S"
"AFG","1","AFG_FILIAL+AFG_PROJET+AFG_REVISA+AFG_TAREFA+AFG_NUMSC+AFG_ITEMSC","Projeto + Versao + Tarefa + Numero S.C. + Item da S.C.","Proyecto + Version + Tarea + Numero S.C. + Item de S.C.","Project + Version + Task + PR Number + PR Item","S","","","S"
"AFG","2","AFG_FILIAL+AFG_NUMSC+AFG_ITEMSC+AFG_PROJET+AFG_REVISA+AFG_TAREFA","Numero S.C. + Item da S.C. + Projeto + Versao + Tarefa","Numero S.C. + Item de S.C. + Proyecto + Version + Tarea","PR Number + PR Item + Project + Version + Task","S","","","S"
"AFG","3","AFG_FILIAL+AFG_PLANEJ+AFG_NUMSC+AFG_ITEMSC","Cod. Planej. + Numero S.C. + Item da S.C.","Cod.Planeam. + Numero S.C. + Item de S.C.","Plann.Code + PR Number + PR Item","S","","","S"
"AFG","4","AFG_FILIAL+AFG_PROJET+AFG_REVISA+AFG_TAREFA+AFG_TRT","Projeto + Versao + Tarefa + Seq. Empenho","Proyecto + Version + Tarea + Sec. Reserva","Project + Version + Task + Alloc.Seq.","S","","","S"
"AFG","5","AFG_FILIAL+AFG_PROJET+AFG_REVISA+AFG_TAREFA+AFG_COD","Projeto + Versao + Tarefa + Cod. Produto","Proyecto + Version + Tarea + Cod.Producto","Project + Version + Task + Product Code","S","","","S"
"AFG","6","AFG_FILIAL+AFG_PROJET+AFG_REVISA+AFG_COD","Projeto + Versao + Cod. Produto","Proyecto + Version + Cod.Producto","Project + Version + Product Code","S","","","S"
"AFH","1","AFH_FILIAL+AFH_PROJET+AFH_REVISA+AFH_TAREFA+AFH_NUMSA+AFH_ITEMSA","Projeto + Versao + Tarefa + Numero S.A. + Item da S.A.","Proyecto + Version + Tarea + Numero S.A. + Item de R. D","Project + Version + Task + WR Number + WR Item","S","","","S"
"AFH","2","AFH_FILIAL+AFH_NUMSA+AFH_ITEMSA+AFH_PROJET+AFH_REVISA+AFH_TAREFA","Numero S.A. + Item da S.A. + Projeto + Versao + Tarefa","Numero S.A. + Item de R. D + Proyecto + Version + Tarea","WR Number + WR Item + Project + Version + Task","S","","","S"
"AFH","3","AFH_FILIAL+AFH_PLANEJ+AFH_NUMSA+AFH_ITEMSA","Cod. Planej. + Numero S.A. + Item da S.A.","Cod.Planeam. + Numero S.A. + Item de R. D","Plann.Code + WR Number + WR Item","S","","","S"
"AFH","4","AFH_FILIAL+AFH_PROJET+AFH_REVISA+AFH_TAREFA+AFH_COD","Projeto + Versao + Tarefa + Cod. Produto","Proyecto + Version + Tarea + Cod.Producto","Project + Version + Task + Product Code","S","","","S"
"AFH","5","AFH_FILIAL+AFH_PROJET+AFH_REVISA+AFH_COD","Projeto + Versao + Cod. Produto","Proyecto + Version + Cod.Producto","Project + Version + Product Code","S","","","S"
"AFI","1","AFI_FILIAL+AFI_PROJET+AFI_REVISA+AFI_TAREFA+AFI_COD+AFI_LOCAL+DTOS(AFI_EMISSA)+AFI_NUMSEQ","Projeto + Versao + Tarefa + Cod. Produto + Armazem + Emissao + Numero","Proyecto + Version + Tarea + Cod.Producto + Deposito + Emision + Numer","Project + Version + Task + Product Code + Warehouse + Issue + Seq.Numb","S","","","S"
"AFI","2","AFI_FILIAL+AFI_COD+AFI_LOCAL+DTOS(AFI_EMISSA)+AFI_NUMSEQ+AFI_PROJET+AFI_REVISA+AFI_TAREFA","Cod. Produto + Armazem + Emissao + Numero Seq. + Projeto + Versao + Ta","Cod.Producto + Deposito + Emision + Numero Sec. + Proyecto + Version +","Product Code + Warehouse + Issue + Seq.Number + Project + Version + Ta","S","","","S"
"AFI","3","AFI_FILIAL+AFI_PROJET+AFI_REVISA+AFI_COD+AFI_LOCAL","Projeto + Versao + Cod. Produto + Armazem","Proyecto + Version + Cod.Producto + Deposito","Project + Version + Product Code + Warehouse","S","","","S"
"AFI","4","AFI_FILIAL+AFI_PROJET+AFI_REVISA+AFI_TAREFA+DTOS(AFI_EMISSA)+AFI_COD+AFI_LOCAL","Projeto + Versao + Tarefa + Emissao + Cod. Produto + Armazem","Proyecto + Version + Tarea + Emision + Cod.Producto + Deposito","Project + Version + Task + Issue + Product Code + Warehouse","S","","","S"
"AFI","5","AFI_FILIAL+AFI_PROJET+AFI_REVISA+DTOS(AFI_EMISSA)+AFI_COD+AFI_LOCAL","Projeto + Versao + Emissao + Cod. Produto + Armazem","Proyecto + Version + Emision + Cod.Producto + Deposito","Project + Version + Issue + Product Code + Warehouse","S","","","S"
"AFJ","1","AFJ_FILIAL+AFJ_PROJET+AFJ_TAREFA+AFJ_COD+AFJ_LOCAL","Projeto + Tarefa + Cod. Produto + Armazem","Proyecto + Tarea + Cod.Producto + Deposito","Project + Task + Product Code + Warehouse","S","","","S"
"AFJ","2","AFJ_FILIAL+AFJ_COD+AFJ_LOCAL+DTOS(AFJ_DATA)","Cod. Produto + Armazem + Dt.Empenho","Cod.Producto + Deposito + Fch. Reserva","Product Code + Warehouse + Alloc.Date","S","","","S"
"AFJ","3","AFJ_FILIAL+AFJ_PROJET+AFJ_TAREFA+AFJ_TRT","Projeto + Tarefa + Seq.Empenho","Proyecto + Tarea + Sec. Reserva","Project + Task + Alloc.Seq.","S","","","S"
"AFJ","4","AFJ_FILIAL+AFJ_PLANEJ","Cod. Planej.","Nro. Planeam","Plann.Code","S","","","S"
"AFJ","5","AFJ_FILIAL+AFJ_PROJET+AFJ_COD+AFJ_LOCAL","Projeto + Cod. Produto + Armazem","Proyecto + Cod.Producto + Deposito","Project + Product Code + Warehouse","S","","","S"
"AFK","1","AFK_FILIAL+AFK_PLANEJ","Cod. Planej.","Nro. Planeam","Plann.Code","S","","","S"
"AFK","2","AFK_FILIAL+AFK_PROJET+AFK_PLANEJ","Projeto + Cod. Planej.","Proyecto + Nro. Planeam","Project + Plann.Code","S","","","S"
"AFK","3","AFK_FILIAL+AFK_PROJET+AFK_DESCRI","Projeto + Descricao","Proyecto + Descripcion","Project + Description","S","","","S"
"AFL","1","AFL_FILIAL+AFL_PROJET+AFL_REVISA+AFL_TAREFA+AFL_NUMCP+AFL_ITEMCP","Projeto + Versao + Tarefa + Numero C.P. + Item do C.P.","Proyecto + Version + Tarea + Numero C.P. + Item de C.P.","Project + Version + Task + PC Number + PC Item","S","","","S"
"AFL","2","AFL_FILIAL+AFL_NUMCP+AFL_ITEMCP+AFL_PROJET+AFL_REVISA+AFL_TAREFA","Numero C.P. + Item do C.P. + Projeto + Versao + Tarefa","Numero C.P. + Item de C.P. + Proyecto + Version + Tarea","PC Number + PC Item + Project + Version + Task","S","","","S"
"AFL","3","AFL_FILIAL+AFL_PLANEJ+AFL_NUMCP+AFL_ITEMCP","Cod. Planej. + Numero C.P. + Item do C.P.","Cod.Planeam. + Numero C.P. + Item de C.P.","Plann.Code + PC Number + PC Item","S","","","S"
"AFL","4","AFL_FILIAL+AFL_PROJET+AFL_REVISA+AFL_TAREFA+AFL_TRT","Projeto + Versao + Tarefa + Seq. Empenho","Proyecto + Version + Tarea + Sec.Reserva","Project + Version + Task + Alloc.Seq.","S","","","S"
"AFL","5","AFL_FILIAL+AFL_PROJET+AFL_REVISA+AFL_TAREFA+AFL_COD","Projeto + Versao + Tarefa + Cod. Produto","Proyecto + Version + Tarea + Cod.Producto","Project + Version + Task + Product Code","S","","","S"
"AFL","6","AFL_FILIAL+AFL_PROJET+AFL_REVISA+AFL_COD","Projeto + Versao + Cod. Produto","Proyecto + Version + Cod.Producto","Project + Version + Product Code","S","","","S"
"AFM","1","AFM_FILIAL+AFM_PROJET+AFM_REVISA+AFM_TAREFA+AFM_NUMOP+AFM_ITEMOP+AFM_SEQOP","Projeto + Versao + Tarefa + Numero O.P. + Item O.P. + Seq. O.P.","Proyecto + Version + Tarea + Numero O.P. + Item O.P. + Sec. O.P.","Project + Version + Task + PO Number + PO Item + PO Seq.","S","","","S"
"AFM","2","AFM_FILIAL+AFM_NUMOP+AFM_ITEMOP+AFM_SEQOP+AFM_PROJET+AFM_REVISA+AFM_TAREFA","Numero O.P. + Item O.P. + Seq. O.P. + Projeto + Versao + Tarefa","Numero O.P. + Item O.P. + Sec. O.P. + Proyecto + Version + Tarea","PO Number + PO Item + PO Seq. + Project + Version + Task","S","","","S"
"AFM","3","AFM_FILIAL+AFM_PLANEJ+AFM_NUMOP+AFM_ITEMOP+AFM_SEQOP","Cod. Planej. + Numero O.P. + Item O.P. + Seq. O.P.","Cod.Planeam. + Numero O.P. + Item O.P. + Sec. O.P.","Plann.Code + PO Number + PO Item + PO Seq.","S","","","S"
"AFM","4","AFM_FILIAL+AFM_PROJET+AFM_REVISA+AFM_TAREFA+AFM_TRT","Projeto + Versao + Tarefa + Seq. Empenho","Proyecto + Version + Tarea + Sec. Reserva","Project + Version + Task + Alloc.Seq.","S","","","S"
"AFM","5","AFM_FILIAL+AFM_PROJET+AFM_REVISA+AFM_TAREFA+AFM_COD","Projeto + Versao + Tarefa + Cod. Produto","Proyecto + Version + Tarea + Cod.Producto","Project + Version + Task + Product Code","S","","","S"
"AFM","6","AFM_FILIAL+AFM_PROJET+AFM_REVISA+AFM_COD","Projeto + Versao + Cod. Produto","Proyecto + Version + Cod.Producto","Project + Version + Product Code","S","","","S"
"AFN","1","AFN_FILIAL+AFN_PROJET+AFN_REVISA+AFN_TAREFA+AFN_DOC+AFN_SERIE+AFN_FORNEC+AFN_LOJA+AFN_ITEM","Projeto + Versao + Tarefa + Numero N.F. + Serie N.F. + Fornecedor + Lo","Proyecto + Version + Tarea + Num. Factura + Serie Fact. + Proveedor +","Project + Version + Task + Invoice Nr. + Inv. Series + Supplier + Unit","S","","","S"
"AFN","2","AFN_FILIAL+AFN_DOC+AFN_SERIE+AFN_FORNEC+AFN_LOJA+AFN_ITEM+AFN_PROJET+AFN_REVISA+AFN_TAREFA","Numero N.F. + Serie N.F. + Fornecedor + Loja + Item NF + Projeto + Ver","Num. Factura + Serie Fact. + Proveedor + Tienda + Item Factura + Proye","Invoice Nr. + Inv. Series + Supplier + Unit + Invoice Item + Project +","S","","","S"
"AFN","3","AFN_FILIAL+AFN_PROJET+AFN_REVISA+AFN_TAREFA+AFN_COD","Projeto + Versao + Tarefa + Produto","Proyecto + Version + Tarea + Producto","Project + Version + Task + Product","S","","","S"
"AFN","4","AFN_FILIAL+AFN_PROJET+AFN_REVISA+AFN_TAREFA+AFN_TRT","Projeto + Versao + Tarefa + Seq. Empenho","Proyecto + Version + Tarea + Sec. Reserva","Project + Version + Task + Alloc.Seq.","S","","","S"
"AFN","5","AFN_FILIAL+AFN_PROJET+AFN_REVISA+AFN_COD","Projeto + Versao + Produto","Proyecto + Version + Producto","Project + Version + Product","S","","","S"
"AFN","6","AFN_FILIAL+AFN_PROJET+AFN_REVISA+AFN_DOC+AFN_SERIE+AFN_FORNEC+AFN_LOJA+AFN_ITEM","Projeto + Versao + Numero N.F. + Serie N.F. + Fornecedor + Loja + Item","Proyecto + Version + Num. Factura + Serie Fact. + Proveedor + Tienda +","Project + Version + Invoice Nr. + Inv. Series + Supplier + Unit + Invo","S","","","S"
"AFO","1","AFO_FILIAL+AFO_NUMERO+AFO_SEQ+AFO_PROJET+AFO_REVISA+AFO_TAREFA","Numero CQ + Seq Liberac. + Projeto + Versao + Tarefa","Numero CC + Sec Liber. + Proyecto + Version + Tarea","Q.C.Number + Release seq. + Project + Version + Task","S","","","S"
"AFO","2","AFO_FILIAL+AFO_PROJET+AFO_REVISA+AFO_TAREFA+AFO_NUMERO+AFO_SEQ","Projeto + Versao + Tarefa + Numero CQ + Seq Liberac.","Proyecto + Version + Tarea + Numero CC + Sec Liber.","Project + Version + Task + Q.C.Number + Release seq.","S","","","S"
"AFP","1","AFP_FILIAL+AFP_PROJET+AFP_REVISA+AFP_TAREFA+AFP_ITEM","Projeto + Versao + Tarefa + Item","Proyecto + Version + Tarea + Item","Project + Version + Task + Item","S","","","S"
"AFP","2","AFP_FILIAL+AFP_PROJET+AFP_REVISA+AFP_EDT+AFP_ITEM","Projeto + Versao + EDT + Item","Proyecto + Version + EDT + Item","Project + Version + EDT + Item","S","","","S"
"AFP","3","AFP_FILIAL+AFP_PROJET+AFP_REVISA+AFP_EDT+AFP_TAREFA+DTOS(AFP_DTCALC)","Projeto + Versao + EDT + Tarefa + Dt.Prv.Calc.","Proyecto + Version + EDT + Tarea + Fc.Prv.Calc.","Project + Version + EDT + Task + Estimat.Date","S","","","S"
"AFP","4","AFP_FILIAL+AFP_PROJET+AFP_REVISA+AFP_EDT+AFP_TAREFA+DTOS(AFP_DTATU)","Projeto + Versao + EDT + Tarefa + Dt.Realizada","Proyecto + Version + EDT + Tarea + Fch.Realizad","Project + Version + EDT + Task + Execut.Date","S","","","S"
"AFP","5","AFP_FILIAL+DTOS(AFP_DTCALC)","Dt.Prv.Calc.","Fc.Prv.Calc.","Estimat.Date","S","","","S"
"AFP","6","AFP_FILIAL+DTOS(AFP_DTATU)","Dt.Realizada","Fch.Realizad","Execut.Date","S","","","S"
"AFQ","1","AFQ_FILIAL+AFQ_PROJET+AFQ_REVISA+AFQ_EDT+DTOS(AFQ_DATA)","Projeto + Versao + Cod. EDT + Data Ref.","Proyecto + Version + Cod. EDT + Fecha Ref.","Project + Version + WBS Code + Refer. Date","S","","","S"
"AFR","1","AFR_FILIAL+AFR_PROJET+AFR_REVISA+AFR_TAREFA+AFR_PREFIX+AFR_NUM+AFR_PARCEL+AFR_TIPO+AFR_FORNEC+AFR_LOJA","Projeto + Versao + Tarefa + Prefixo + No. Titulo + Parcela + Tipo + Fo","Proyecto + Version + Tarea + Prefijo + Num. Titulo + Cuota + Tipo + Pr","Project + Version + Task + Prefix + Bill Number + Installment + Type +","S","","","S"
"AFR","2","AFR_FILIAL+AFR_PREFIX+AFR_NUM+AFR_PARCEL+AFR_TIPO+AFR_FORNEC+AFR_LOJA+AFR_PROJET+AFR_REVISA+AFR_TAREFA","Prefixo + No. Titulo + Parcela + Tipo + Fornecedor + Loja + Projeto +","Prefijo + Num. Titulo + Cuota + Tipo + Proveedor + Tienda + Proyecto +","Prefix + Bill Number + Installment + Type + Supplier + Unit + Project","S","","","S"
"AFR","3","AFR_FILIAL+DTOS(AFR_VENREA)+AFR_PROJET+AFR_REVISA+AFR_TAREFA+AFR_PREFIX+AFR_NUM+AFR_PARCEL+AFR_TIPO+AFR_FORNEC+AFR_LOJA","Vencto Real + Projeto + Versao + Tarefa + Prefixo + No. Titulo + Parce","Vencto. Real + Proyecto + Version + Tarea + Prefijo + Num. Titulo + Cu","Act.D.Date + Project + Version + Task + Prefix + Bill Number + Install","S","","","S"
"AFR","4","AFR_FILIAL+AFR_PROJET+AFR_REVISA+AFR_PREFIX+AFR_NUM+AFR_PARCEL+AFR_TIPO+AFR_FORNEC+AFR_LOJA","Projeto + Versao + Prefixo + No. Titulo + Parcela + Tipo + Fornecedor","Proyecto + Version + Prefijo + Num. Titulo + Cuota + Tipo + Proveedor","Project + Version + Prefix + Bill Number + Installment + Type + Suppli","S","","","S"
"AFS","1","AFS_FILIAL+AFS_PROJET+AFS_REVISA+AFS_TAREFA+AFS_COD+AFS_LOCAL+DTOS(AFS_EMISSA)+AFS_NUMSEQ","Projeto + Versao + Tarefa + Cod. Produto + Armazem + Emissao + Numero","Proyecto + Version + Tarea + Cod.Producto + Deposito + Emision + Num.","Project + Version + Task + Product Code + Warehouse + Issue + Seq.Numb","S","","","S"
"AFS","2","AFS_FILIAL+AFS_COD+AFS_LOCAL+DTOS(AFS_EMISSA)+AFS_NUMSEQ+AFS_PROJET+AFS_REVISA+AFS_TAREFA","Cod. Produto + Armazem + Emissao + Numero Seq. + Projeto + Versao + Ta","Cod.Producto + Deposito + Emision + Num. Sec. + Proyecto + Version + T","Product Code + Warehouse + Issue + Seq.Number + Project + Version + Ta","S","","","S"
"AFS","3","AFS_FILIAL+AFS_PROJET+AFS_REVISA+AFS_EDT+AFS_COD+AFS_LOCAL+DTOS(AFS_EMISSA)+AFS_NUMSEQ","Projeto + Versao + EDT + Cod. Produto + Armazem + Emissao + Numero Seq","Proyecto + Version + EDT + Cod.Producto + Deposito + Emision + Num. Se","Project + Version + EDT + Product Code + Warehouse + Issue + Seq.Numbe","S","","","S"
"AFS","4","AFS_FILIAL+AFS_COD+AFS_LOCAL+DTOS(AFS_EMISSA)+AFS_NUMSEQ+AFS_PROJET+AFS_REVISA+AFS_EDT","Cod. Produto + Armazem + Emissao + Numero Seq. + Projeto + Versao + ED","Cod.Producto + Deposito + Emision + Num. Sec. + Proyecto + Version + E","Product Code + Warehouse + Issue + Seq.Number + Project + Version + ED","S","","","S"
"AFS","5","AFS_FILIAL+AFS_PROJET+AFS_REVISA+AFS_TAREFA+AFS_TRT","Projeto + Versao + Tarefa + Seq. Empenho","Proyecto + Version + Tarea + Sec. Reserva","Project + Version + Task + Alloc.Seq.","S","","","S"
"AFT","1","AFT_FILIAL+AFT_PROJET+AFT_REVISA+AFT_TAREFA+AFT_PREFIX+AFT_NUM+AFT_PARCEL+AFT_TIPO+AFT_CLIENT+AFT_LOJA","Projeto + Versao + Tarefa + Prefixo + No. Titulo + Parcela + Tipo + Cl","Proyecto + Version + Tarea + Prefijo + Num. Titulo + Cuota + Tipo + Cl","Project + Version + Task + Prefix + Bill Number + Bill Instal. + Type","S","","","S"
"AFT","2","AFT_FILIAL+AFT_PREFIX+AFT_NUM+AFT_PARCEL+AFT_TIPO+AFT_CLIENT+AFT_LOJA+AFT_PROJET+AFT_REVISA+AFT_TAREFA","Prefixo + No. Titulo + Parcela + Tipo + Cliente + Loja + Projeto + Ver","Prefijo + Num. Titulo + Cuota + Tipo + Cliente + Tienda + Proyecto + V","Prefix + Bill Number + Bill Instal. + Type + Customer + Unit + Project","S","","","S"
"AFT","3","AFT_FILIAL+DTOS(AFT_VENREA)+AFT_PROJET+AFT_REVISA+AFT_TAREFA+AFT_PREFIX+AFT_NUM+AFT_PARCEL+AFT_TIPO+AFT_CLIENT+AFT_LOJA","Vencto Real + Projeto + Versao + Tarefa + Prefixo + No. Titulo + Parce","Vencto. Real + Proyecto + Version + Tarea + Prefijo + Num. Titulo + Cu","Act.Due Date + Project + Version + Task + Prefix + Bill Number + Bill","S","","","S"
"AFT","4","AFT_FILIAL+AFT_PROJET+AFT_REVISA+AFT_EDT+AFT_PREFIX+AFT_NUM+AFT_PARCEL+AFT_TIPO+AFT_CLIENT+AFT_LOJA","Projeto + Versao + EDT + Prefixo + No. Titulo + Parcela + Tipo + Clien","Proyecto + Version + EDT + Prefijo + Num. Titulo + Cuota + Tipo + Clie","Project + Version + EDT + Prefix + Bill Number + Bill Instal. + Type +","S","","","S"
"AFT","5","AFT_FILIAL+AFT_PREFIX+AFT_NUM+AFT_PARCEL+AFT_TIPO+AFT_CLIENT+AFT_LOJA+AFT_PROJET+AFT_REVISA+AFT_EDT","Prefixo + No. Titulo + Parcela + Tipo + Cliente + Loja + Projeto + Ver","Prefijo + Num. Titulo + Cuota + Tipo + Cliente + Tienda + Proyecto + V","Prefix + Bill Number + Bill Instal. + Type + Customer + Unit + Project","S","","","S"
"AFT","6","AFT_FILIAL+DTOS(AFT_VENREA)+AFT_PROJET+AFT_REVISA+AFT_EDT+AFT_PREFIX+AFT_NUM+AFT_PARCEL+AFT_TIPO+AFT_CLIENT+AFT_LOJA","Vencto Real + Projeto + Versao + EDT + Prefixo + No. Titulo + Parcela","Vencto. Real + Proyecto + Version + EDT + Prefijo + Num. Titulo + Cuot","Act.Due Date + Project + Version + EDT + Prefix + Bill Number + Bill I","S","","","S"
"AFT","7","AFT_FILIAL+AFT_PROJET+AFT_REVISA+AFT_PREFIX+AFT_NUM+AFT_PARCEL+AFT_TIPO+AFT_CLIENT+AFT_LOJA","Projeto + Versao + Prefixo + No. Titulo + Parcela + Tipo + Cliente + L","Proyecto + Version + Prefijo + Num. Titulo + Cuota + Tipo + Cliente +","Project + Version + Prefix + Bill Number + Bill Instal. + Type + Custo","S","","","S"
"AFU","1","AFU_FILIAL+AFU_CTRRVS+AFU_PROJET+AFU_REVISA+AFU_TAREFA+AFU_RECURS+DTOS(AFU_DATA)","Ctrl.Versao + Projeto + Versao + Tarefa + Recurso + Data","Ctrl.Version + Proyecto + Version + Tarea + Recurso + Fecha","Vers.Control + Project + Version + Task + Resource + Date","S","","","S"
"AFU","2","AFU_FILIAL+AFU_CTRRVS+AFU_COD+AFU_LOCAL+DTOS(AFU_DATA)+AFU_NUMSEQ","Ctrl.Versao + Cod.Produto + Armazem + Data + Num. Sequen.","Ctrl.Version + Cod.Producto + Deposito + Fecha + Nro. Secuen.","Vers.Control + Prod.Code + Warehouse + Date + Seq. No.","S","","","S"
"AFU","3","AFU_FILIAL+AFU_CTRRVS+AFU_RECURS+DTOS(AFU_DATA)+AFU_PROJET+AFU_REVISA+AFU_TAREFA","Ctrl.Versao + Recurso + Data + Projeto + Versao + Tarefa","Ctrl.Version + Recurso + Fecha + Proyecto + Version + Tarea","Vers.Control + Resource + Date + Project + Version + Task","S","","","S"
"AFU","4","AFU_FILIAL+AFU_CTRRVS+AFU_PROJET+AFU_REVISA+AFU_RECURS+DTOS(AFU_DATA)","Ctrl.Versao + Projeto + Versao + Recurso + Data","Ctrl.Version + Proyecto + Version + Recurso + Fecha","Vers.Control + Project + Version + Resource + Date","S","","","S"
"AFU","5","AFU_FILIAL+AFU_CTRRVS+AFU_PROJET+AFU_REVISA+AFU_TAREFA+DTOS(AFU_DATA)+AFU_RECURS","Ctrl.Versao + Projeto + Versao + Tarefa + Data + Recurso","Ctrl.Version + Proyecto + Version + Tarea + Fecha + Recurso","Vers.Control + Project + Version + Task + Date + Resource","S","","","S"
"AFU","6","AFU_FILIAL+AFU_CTRRVS+AFU_PROJET+AFU_REVISA+DTOS(AFU_DATA)+AFU_RECURS","Ctrl.Versao + Projeto + Versao + Data + Recurso","Ctrl.Version + Proyecto + Version + Fecha + Recurso","Vers.Control + Project + Version + Date + Resource","S","","","S"
"AFV","1","AFV_FILIAL+AFV_PROJET+AFV_REVISA+AFV_TAREFA+AFV_USER","Projeto + Versao + Tarefa + Cod. Usuario","Proyecto + Version + Tarea + Cod. Usuario","Project + Version + Task + User Code","S","","","S"
"AFX","1","AFX_FILIAL+AFX_PROJET+AFX_REVISA+AFX_EDT+AFX_USER","Projeto + Versao + EDT + Cod. Usuario","Proyecto + Version + EDT + Cod. Usuario","Project + Version + EDT + User Code","S","","","S"
"AFY","1","AFY_FILIAL+AFY_PROJET+AFY_RECURS+DTOS(AFY_DATA)","Projeto + Recurso + DT Inicial","Proyecto + Recurso + Fch. Inicial","Project + Resource + Initial Date","S","","","S"
"AFY","2","AFY_FILIAL+DTOS(AFY_DATA)+AFY_PROJET+AFY_RECURS","DT Inicial + Projeto + Recurso","Fch. Inicial + Proyecto + Recurso","Initial Date + Project + Resource","S","","","S"
"AFZ","1","AFZ_FILIAL+AFZ_PROJET+AFZ_REVISA+AFZ_TAREFA+DTOS(AFZ_DATA)","Projeto + Versao + Tarefa + Data de Ref.","Proyecto + Version + Tarea + Fch. Ref.","Project + Version + Task + Ref. date","S","","","S"
"AH1","1","AH1_FILIAL+AH1_PRODUT+AH1_FORNEC+AH1_LOJAFO","Cod.Produto + Fornecedor + Loja Fornec.","Cod.Producto + Proveedor + Tda.Proveed.","Product Code + Supplier + Suppl.Unit","S","","","S"
"AH1","2","AH1_FILIAL+AH1_FORNEC+AH1_LOJAFO+AH1_PRODUT","Fornecedor + Loja Fornec. + Cod.Produto","Proveedor + Tda.Proveed. + Cod.Producto","Supplier + Suppl.Unit + Product Code","S","","","S"
"AH1","3","AH1_FILIAL+AH1_CONTRA+AH1_SEQCON+AH1_PRODUT+AH1_FORNEC+AH1_LOJAFO","Nro.Contrato + Seq.Contrato + Cod.Produto + Fornecedor + Loja Fornec.","Nro. Contrat + Sec.Contrato + Cod.Producto + Proveedor + Tda.Proveed.","Contract No. + Contract Seq + Product Code + Supplier + Suppl.Unit","S","","","S"
"AH2","1","AH2_FILIAL+AH2_PRODUT+AH2_FORNEC+AH2_LOJAFO+AH2_ITEM","Cod.Produto + Fornecedor + Loja Fornec. + Item Regra","Cod.Producto + Proveedor + Tienda Prov. + Item Regla","Product Code + Supplier + Suppl.Unit + Rule Item","S","","","S"
"AH2","2","AH2_FILIAL+AH2_CONTRA+AH2_SEQCON+AH2_PRODUT+AH2_FORNEC+AH2_LOJAFO+AH2_ITEM","No. Contrato + Seq.Contrato + Cod.Produto + Fornecedor + Loja Fornec.","Nr. Contrato + Sec.Contrato + Cod.Producto + Proveedor + Tienda Prov.","Contract No. + Contract Seq + Product Code + Supplier + Suppl.Unit + R","S","","","S"
"AH3","1","AH3_FILIAL+AH3_PRODUT+AH3_FORNEC+AH3_LOJAFO+DTOS(AH3_DATA)","Cod.Produto + Fornecedor + Loja Fornec. + Data Movim.","Cod.Producto + Proveedor + Tda.Proveed. + Fecha Movim.","Product Code + Supplier + Suppl.Unit + Movem.Date","S","","","S"
"AH3","2","AH3_FILIAL+DTOS(AH3_DATA)+AH3_PRODUT+AH3_FORNEC+AH3_LOJAFO","Data Movim. + Cod.Produto + Fornecedor + Loja Fornec.","Fecha Movim. + Cod.Producto + Proveedor + Tda.Proveed.","Movem.Date + Product Code + Supplier + Suppl.Unit","S","","","S"
"AH4","1","AH4_FILIAL+AH4_PRODUT+AH4_FORNEC+AH4_LOJAFO+DTOS(AH4_DATCAL)+AH4_LICITA","Cod.Produto + Fornecedor + Loja Fornec. + Data Calculo + Cod.Licitac.","Cod.Producto + Proveedor + Tienda Prov. + Fch. Calculo + Cod.Licitac.","Product Code + Supplier + Suppl.Unit + Calcul.Date + Bidding Code","S","","","S"
"AH4","2","AH4_FILIAL+DTOS(AH4_DATCAL)","Data Calculo","Fch. Calculo","Calcul.Date","S","","","S"
"AH4","3","AH4_FILIAL+AH4_PRODUT+AH4_FORNEC+AH4_LOJAFO+DTOS(AH4_DTPRES)+AH4_LICITA","Cod.Produto + Fornecedor + Loja Fornec. + Data Prest. + Cod.Licitac.","Cod.Producto + Proveedor + Tienda Prov. + Fch. Rendic. + Cod.Licitac.","Product Code + Supplier + Suppl.Unit + Paym.Date + Bidding Code","S","","","S"
"AH4","4","AH4_FILIAL+AH4_FORNEC+AH4_LOJAFO+AH4_PRODUT+DTOS(AH4_DTPRES)+AH4_LICITA","Fornecedor + Loja Fornec. + Cod.Produto + Data Prest. + Cod.Licitac.","Proveedor + Tienda Prov. + Cod.Producto + Fch. Rendic. + Cod.Licitac.","Supplier + Suppl.Unit + Product Code + Paym.Date + Bidding Code","S","","","S"
"AH4","5","AH4_FILIAL+AH4_FORNEC+AH4_LOJAFO+AH4_PRODUT+AH4_LICITA+AH4_CONTRA+AH4_SEQCON+DTOS(AH4_DTPRES)","Fornecedor + Loja Fornec. + Cod.Produto + Cod.Licitac. + Nro.Contrato","Proveedor + Tienda Prov. + Cod.Producto + Cod.Licitac. + Nro.Contrato","Supplier + Suppl.Unit + Product Code + Bidding Code + Contract No. + C","S","","","S"
"AH4","6","AH4_FILIAL+DTOS(AH4_DTPRES)+AH4_FORNEC+AH4_LOJAFO+AH4_PRODUT+AH4_LICITA+AH4_CONTRA+AH4_SEQCON","Data Prest. + Fornecedor + Loja Fornec. + Cod.Produto + Cod.Licitac. +","Fch. Rendic. + Proveedor + Tienda Prov. + Cod.Producto + Cod.Licitac.","Paym.Date + Supplier + Suppl.Unit + Product Code + Bidding Code + Cont","S","","","S"
"AH5","1","AH5_FILIAL+AH5_PRODUT+AH5_FORNEC+AH5_LOJAFO+DTOS(AH5_DATCAL)+STR(AH5_FXFINA,9)+STR(AH5_PRECOU,14,3)","Cod.Produto + Fornecedor + Loja Fornec. + Data Calculo + Faixa Final +","Cod.Producto + Proveedor + Tienda Prov. + Fch.Calculo + Interv.Final +","Product Code + Supplier + Suppl.Unit + Calcul.Date + Final Range + Uni","S","","","S"
"AH5","2","AH5_FILIAL+DTOS(AH5_DATCAL)","Data Calculo","Fch.Calculo","Calcul.Date","S","","","S"
"AH5","3","AH5_FILIAL+AH5_PRODUT+AH5_FORNEC+AH5_LOJAFO+DTOS(AH5_DTPRES)+STR(AH5_FXFINA,9)+STR(AH5_PRECOU,14,3)","Cod.Produto + Fornecedor + Loja Fornec. + Data Prest. + Faixa Final +","Cod.Producto + Proveedor + Tienda Prov. + Fch. Prest. + Interv.Final +","Product Code + Supplier + Suppl.Unit + Install.Date + Final Range + Un","S","","","S"
"AH5","4","AH5_FILIAL+AH5_PRODUT+AH5_FORNEC+AH5_LOJAFO+AH5_LICITA+DTOS(AH5_DATCAL)+STR(AH5_FXFINA,9)","Cod.Produto + Fornecedor + Loja Fornec. + Cod.Licitac. + Data Calculo","Cod.Producto + Proveedor + Tienda Prov. + Cod.Licitac. + Fch.Calculo +","Product Code + Supplier + Suppl.Unit + Bidding Code + Calcul.Date + Fi","S","","","S"
"AH5","5","AH5_FILIAL+AH5_FORNEC+AH5_LOJAFO+AH5_PRODUT+AH5_LICITA+AH5_CONTRA+AH5_SEQCON+DTOS(AH5_DTPRES)+STR(AH5_FXFINA,9)+STR(AH5_PRECOU,14,3)","Fornecedor + Loja Fornec. + Cod.Produto + Cod.Licitac. + Nro.Contrato","Proveedor + Tienda Prov. + Cod.Producto + Cod.Licitac. + Nro.Contrato","Supplier + Suppl.Unit + Product Code + Bidding Code + Contract No. + C","S","","","S"
"AH6","1","AH6_FILIAL+AH6_PRODUT+AH6_FORNEC+AH6_LOJAFO+AH6_LICITA","Cod.Produto + Fornecedor + Loja Fornec. + Cod.Licitac.","Cod.Producto + Proveedor + Tienda Prov. + Cod. Licitac","Product Code + Supplier + Suppl.Unit + Bidding Code","S","","","S"
"AH6","2","AH6_FILIAL+AH6_FORNEC+AH6_LOJAFO+AH6_PRODUT+AH6_LICITA","Fornecedor + Loja Fornec. + Cod.Produto + Cod.Licitac.","Proveedor + Tienda Prov. + Cod.Producto + Cod. Licitac","Supplier + Suppl.Unit + Product Code + Bidding Code","S","","","S"
"AH7","1","AH7_FILIAL+AH7_PRODUT+DTOS(AH7_DATCAL)","Cod.Produto + Data Calculo","Cod.Producto + Fch. Calculo","Product Code + Calcul.Date","S","","","S"
"AH7","2","AH7_FILIAL+DTOS(AH7_DATCAL)+AH7_PRODUT","Data Calculo + Cod.Produto","Fch. Calculo + Cod.Producto","Calcul.Date + Product Code","S","","","S"
"AH8","1","AH8_FILIAL+AH8_PRODUT","Prod.Master","Prod.Princip","Master Prod.","S","","","S"
"AH8","2","AH8_FILIAL+AH8_DESCMA","Desc. Tombo","Desc. Perju.","Rec.Descr.","S","","","S"
"AH9","1","AH9_FILIAL+AH9_CODLIC","Licitacao","Cod.Licitac.","Bidding","S","","","S"
"AH9","2","AH9_FILIAL+DTOS(AH9_DTINIC)","Data Inicial","Fecha Inic.","Initial Date","S","","","S"
"AHA","1","AHA_FILIAL+AHA_CLIENT+AHA_LOJA+AHA_PRODUT+DTOS(AHA_DATA)","Cliente + Loja + Cod.Produto + Data Movim.","Cliente + Tienda + Cod.Producto + Fecha Movim.","Customer + Unit + Product Code + Trans. Date","S","SA1+SB1","","S"
"AHB","1","AHB_FILIAL+AHB_PRODUT+AHB_EDICAO","Cod.Produto + Nro.Edicao","Cod.Producto + Nro. Edicion","Prod. Code + Edition No.","S","SB1","","S"
"AHC","1","AHC_FILIAL+AHC_REGRA","Nro. Regra","Num. Regla","Rule Number","S","","","S"
"AHC","2","AHC_FILIAL+AHC_DESCRI","Nome regra","Nombre regla","Rule Name","S","","","S"
"AHD","1","AHD_FILIAL+AHD_REGRA+AHD_ITEM","Nro. Regra + Item Regra","Num. Regla + Item Regla","Rule Number + Rule Item","S","","","S"
"AHE","1","AHE_FILIAL+AHE_PRODUT+AHE_CODPRO+STR(AHE_PRECOU,14,3)+DTOS(AHE_DATCAL)","Cod.Produto + Cod.Produto + Preco Unit. + Data Calculo","Cod.Producto + Cod.Producto + Precio Unit. + Fch. Calculo","Product Code + Product Code + Unit Price + Calcul.Date","S","","","S"
"AHE","2","AHE_FILIAL+DTOS(AHE_DATCAL)","Data Calculo","Fch. Calculo","Calcul.Date","S","","","S"
"AHF","1","AHF_FILIAL+AHF_FORNEC+AHF_LOJAFO","Fornecedor + Loja Fornec.","Proveedor + Tiend.Provee","Supplier + Sup. Unit","S","","","S"
"AI1","1","AI1_FILIAL+AI1_CODBNF","Codigo","Codigo","Code","S","","","S"
"AI1","2","AI1_FILIAL+AI1_CODCLI+AI1_LOJA+AI1_CODBNF","Cliente + Loja + Codigo","Cliente + Tienda + Codigo","Customer + Unit + Code","S","","","S"
"AI1","3","AI1_FILIAL+AI1_GRPVEN","Grp.Clientes","Grp.Clientes","Custm.Gp.","S","","","S"
"AI2","1","AI2_FILIAL+AI2_CODBNF+AI2_ITEM","Codigo + Item","Codigo + Item","Code + Item","S","","","S"
"AI2","2","AI2_FILIAL+AI2_CODBNF+AI2_CODPRO","Codigo + Produto","Codigo + Producto","Code + Product","S","","","S"
"AI2","3","AI2_FILIAL+AI2_CODBNF+AI2_GRUPO","Codigo + Grupo","Codigo + Grupo","Code + Group","S","","","S"
"AI3","1","AI3_FILIAL+AI3_CODUSU","Codigo","Codigo","Code","S","","","S"
"AI3","2","AI3_FILIAL+AI3_LOGIN","Usuario","Usuario","User","S","","","S"
"AI3","3","AI3_FILIAL+AI3_SUPER","Superior","Superior","Superior","S","","","S"
"AI4","1","AI4_FILIAL+AI4_CODUSU+AI4_CODCLI+AI4_LOJCLI","Usuario + Cliente + Loja","Usuario + Cliente + Tienda","User + Customer + Unit","S","AI3+SA1+XXX","","S"
"AI5","1","AI5_FILIAL+AI5_CODUSU","Cod.Usuario","Cod.Usuario","User Code","S","","","S"
"AI6","1","AI6_FILIAL+AI6_CODUSU","Usuario","Usuario","User","S","","","S"
"AI6","2","AI6_FILIAL+AI6_WEBSRV","Codigo WS","Codigo WS","WS Code","S","","","S"
"AI7","1","AI7_FILIAL+AI7_WEBSRV","Codigo WS","Codigo WS","WS Code","S","","","S"
"AI8","1","AI8_FILIAL+AI8_PORTAL+AI8_CODMNU","Cod.Portal + Cod.Menu","Cod. Portal + Cod. Menu","Por. Code + Menu Code","S","AI9+XXX","","S"
"AI8","2","AI8_FILIAL+AI8_PORTAL+AI8_CODPAI","Cod.Portal + Código Pai","Cod. Portal + Codigo Princ","Por. Code + Main Code","S","AI9+XXX","","S"
"AI9","1","AI9_FILIAL+AI9_PORTAL","Portal","Portal","Portal","S","","","S"
"AIA","1","AIA_FILIAL+AIA_CODFOR+AIA_LOJFOR+AIA_CODTAB","Fornecedor + Loja Fornec. + Tab.Preco","Proveedor + Tienda Prove + Tab.Precio","Supplier + Sup. Unit + Price List","S","","","S"
"AIB","1","AIB_FILIAL+AIB_CODFOR+AIB_LOJFOR+AIB_CODTAB+AIB_ITEM","Fornecedor + Loja Fornec. + Tabela Preco + Item","Proveedor + Tien.Proveed + Tabla precio + Item","Supplier + Sup. Unit + Price List + Item","S","AIA+SA2+XXX+XXX","","S"
"AIB","2","AIB_FILIAL+AIB_CODFOR+AIB_LOJFOR+AIB_CODTAB+AIB_CODPRO","Fornecedor + Loja Fornec. + Tabela Preco + Produto","Proveedor + Tien.Proveed + Tabla precio + Producto","Supplier + Sup. Unit + Price List + Product","S","","","S"
"AIC","1","AIC_FILIAL+AIC_CODIGO","Codigo","Codigo","Code","S","","","S"
"AIC","2","AIC_FILIAL+AIC_FORNEC+AIC_LOJA+AIC_PRODUT+AIC_GRUPO","Fornecedor + Loja + Produto + Grupo","Proveedor + Tienda + Producto + Grupo","Supplier + Unit + Product + Group","S","","","S"
"AJ1","1","AJ1_FILIAL+AJ1_ORCAME+AJ1_TAREFA+AJ1_ITEM","Orcamento + Tarefa + Item","Presupuesto + Tarea + Item","Budget + Task + Item","S","","","S"
"AJ1","2","AJ1_FILIAL+AJ1_ORCAME+AJ1_PREDEC","Orcamento + EDT","Presupuesto + EDT","Budget + WBS","S","","","S"
"AJ2","1","AJ2_FILIAL+AJ2_ORCAME+AJ2_EDT+AJ2_ITEM","Orcamento + EDT + Item","Presupueso + EDT + Item","Budget + WBS + Item","S","","","S"
"AJ2","2","AJ2_FILIAL+AJ2_ORCAME+AJ2_PREDEC","Orcamento + Tarefa","Presupueso + Tarea","Budget + Task","S","","","S"
"AJ3","1","AJ3_FILIAL+AJ3_ORCAME+AJ3_EDT+AJ3_ITEM","Orcamento + EDT + Item","Presupuesto + EDT + Item","Budget + WBS + Item","S","","","S"
"AJ3","2","AJ3_FILIAL+AJ3_ORCAME+AJ3_PREDEC","Orcamento + EDT","Presupuesto + EDT","Budget + WBS","S","","","S"
"AJ4","1","AJ4_FILIAL+AJ4_PROJET+AJ4_REVISA+AJ4_TAREFA+AJ4_ITEM","Projeto + Versao + Tarefa + Item","Proyecto + Version + Tarea + Item","Project + Version + Task + Item","S","","","S"
"AJ4","2","AJ4_FILIAL+AJ4_PROJET+AJ4_REVISA+AJ4_PREDEC","Projeto + Versao + EDT","Proyecto + Version + EDT","Project + Version + WBS","S","","","S"
"AJ5","1","AJ5_FILIAL+AJ5_PROJET+AJ5_REVISA+AJ5_EDT+AJ5_ITEM","Projeto + Versao + EDT + Item","Proyecto + Version + EDT + Item","Project + Version + WBS + Item","S","","","S"
"AJ5","2","AJ5_FILIAL+AJ5_PROJET+AJ5_REVISA+AJ5_PREDEC","Projeto + Versao + Tarefa","Proyecto + Version + Tarea","Project + Version + Task","S","","","S"
"AJ6","1","AJ6_FILIAL+AJ6_PROJET+AJ6_REVISA+AJ6_EDT+AJ6_ITEM","Projeto + Versao + EDT + Item","Proyecto + Version + EDT + Item","Project + Version + WBS + Item","S","","","S"
"AJ6","2","AJ6_FILIAL+AJ6_PROJET+AJ6_REVISA+AJ6_PREDEC","Projeto + Versao + EDT","Proyecto + Version + EDT","Project + Version + WBS","S","","","S"
"AJ7","1","AJ7_FILIAL+AJ7_PROJET+AJ7_REVISA+AJ7_TAREFA+AJ7_NUMPC+AJ7_ITEMPC","Projeto + Versao + Tarefa + Numero P.C. + Item do P.C.","Proyecto + Version + Tarea + Numero P.C. + Item del P.C","Project + Version + Task + P.O. Number + P.O. Item","S","","","S"
"AJ7","2","AJ7_FILIAL+AJ7_NUMPC+AJ7_ITEMPC+AJ7_PROJET+AJ7_REVISA+AJ7_TAREFA","Numero P.C. + Item do P.C. + Projeto + Versao + Tarefa","Numero P.C. + Item del P.C + Proyecto + Version + Tarea","P.O. Number + P.O. Item + Project + Version + Task","S","","","S"
"AJ7","3","AJ7_FILIAL+AJ7_PLANEJ+AJ7_NUMPC+AJ7_ITEMPC","Cod. Planej. + Numero P.C. + Item do P.C.","Cod.Planeam. + Numero P.C. + Item del P.C","Plann.Code + P.O. Number + P.O. Item","S","","","S"
"AJ7","4","AJ7_FILIAL+AJ7_PROJET+AJ7_TAREFA+AJ7_TRT","Projeto + Tarefa + Seq. Empenho","Proyecto + Tarea + Sec. Reserva","Project + Task + Alloc.Seq.","S","","","S"
"AJ8","1","AJ8_FILIAL+AJ8_CODPLA+AJ8_ORDEM","Codigo Plano + Ordem","Codigo Plan + Orden","Plan Code + Order","S","","","S"
"AJ8","2","AJ8_FILIAL+AJ8_CODPLA+AJ8_CONTAG","Codigo Plano + Entid Gerenc","Codigo Plan + Ente Gestion","Plan Code + Manag. Ent.","S","","","S"
"AJ8","3","AJ8_FILIAL+AJ8_CODPLA+AJ8_CTASUP","Codigo Plano + Entid Super","Codigo Plan + EnteSuperior","Plan Code + Sup. Entity","S","","","S"
"AJ8","4","AJ8_FILIAL+AJ8_CODPLA+AJ8_PROJPM+AJ8_EDTPMS+AJ8_TASKPM","Codigo Plano + Cod.Projeto + EDT + Cod.Tarefa","Codigo Plan + Cod.Proyecto + EDT + Cod. Tarea","Plan Code + Project Code + EDT + Task Code","S","","","S"
"AJ9","1","AJ9_FILIAL+AJ9_PROJET+AJ9_REVISA+AJ9_TAREFA+DTOS(AJ9_DATA)+AJ9_NUMAE+AJ9_ITEMAE","Cod. Projeto + Versão + Cod.Tarefa + Data Conf. + Numero AE + Item AE","Cod.Proyecto + Version + Cod. Tarea + Fecha Conf. + Numero AE + Item A","Project Code + Version + Task Code + Conf. Date + D.A. Numb. + D.A. It","S","","","S"
"AJA","1","AJA_FILIAL+AJA_PROJET+AJA_REVISA+AJA_EDT+AJA_TAREFA+AJA_ITEM+AJA_NUMPV+AJA_ITEMPV+AJA_SEQUEN+AJA_PRODUT","Cod. Projeto + Versao + Cod. EDT + Cod.Tarefa + Item Evento + Num. PV","Cod.Proyecto + Version + Cod. EDT + Cod. Tarea + Item Evento + Num. PV","Project Code + Version + EDT Code + Task Code + Event Item + Sl.Od.No.","S","","","S"
"AJA","2","AJA_FILIAL+AJA_NUMPV+AJA_ITEMPV+AJA_SEQUEN+AJA_PRODUT+AJA_PROJET+AJA_REVISA+AJA_EDT+AJA_TAREFA+AJA_ITEM","Num. PV + Item PV. + Sequencia + Cod.Produto + Cod. Projeto + Versao +","Num. PV + Item PV + Secuencia + Cod.Producto + Cod.Proyecto + Version","Sl.Od.No. + SO Item + Sequence + Product Code + Project Code + Version","S","","","S"
"AJB","1","AJB_FILIAL+AJB_PROJET+AJB_REVISA","Cod. Projeto + Versao","+","+","S","","","S"
"AJB","2","AJB_FILIAL+AJB_DESCRI+AJB_PROJET","Descricao + Cod. Projeto","Descripcion +","Description +","S","","","S"
"AJC","1","AJC_FILIAL+AJC_CTRRVS+AJC_PROJET+AJC_REVISA+AJC_TAREFA+DTOS(AJC_DATA)","Ctrl.Versao + Projeto + Versao + Tarefa + Data","Ctrl.Version + Proyecto + Version + Tarea + Fecha","Ctrl.Version + Project + Version + Task + Date","S","","","S"
"AJC","2","AJC_FILIAL+AJC_CTRRVS+DTOS(AJC_DATA)+AJC_PROJET+AJC_REVISA+AJC_TAREFA","Ctrl.Versao + Data + Projeto + Versao + Tarefa","Ctrl.Version + Fecha + Proyecto + Version + Tarea","Ctrl.Version + Date + Project + Version + Task","S","","","S"
"AJD","1","AJD_FILIAL+AJD_PROJET+AJD_REVISA+AJD_EDT+AJD_FILDOC+AJD_DOCTO","Projeto + Versao + EDT + Filial Doc. + Cod. Doc.","Proyecto + Version + EDT + Sucursal Doc + Cod. Doc.","Project + Version + EDT + Branch Doc. + Doc. Code","S","","","S"
"AJD","2","AJD_FILIAL+AJD_PROJET+AJD_REVISA+AJD_TAREFA+AJD_FILDOC+AJD_DOCTO","Projeto + Versao + Tarefa + Filial Doc. + Cod. Doc.","Proyecto + Version + Tarea + Sucursal Doc + Cod. Doc.","Project + Version + Task + Branch Doc. + Doc. Code","S","","","S"
"AJD","3","AJD_FILDOC+AJD_DOCTO","Filial Doc. + Cod. Doc.","Sucursal Doc + Cod. Doc.","Branch Doc. + Doc. Code","S","","","S"
"AJE","1","AJE_FILIAL+AJE_PROJET+AJE_REVISA+AJE_TAREFA+DTOS(AJE_DATA)","Projeto + Versao + Tarefa + Data","Proyecto + Version + Tarea + Fecha","Project + Version + Task + Date","S","","","S"
"AJE","2","AJE_FILIAL+AJE_PROJET+AJE_REVISA+AJE_EDT+DTOS(AJE_DATA)","Projeto + Versao + EDT + Data","Proyecto + Version + EDT + Fecha","Project + Version + EDT + Date","S","","","S"
"AJE","3","AJE_FILIAL+AJE_ID","ID","ID","ID","S","","","S"
"AK1","1","AK1_FILIAL+AK1_CODIGO+AK1_VERSAO","Codigo + Versao","Codigo + Version","Code + Version","S","","","S"
"AK1","2","AK1_FILIAL+AK1_DESCRI","Descricao","Descripcion","Description","S","","","S"
"AK2","1","AK2_FILIAL+AK2_ORCAME+AK2_VERSAO+AK2_CO+DTOS(AK2_PERIOD)+AK2_ID","Plan. Orcam. + Versao + C.O. + Periodo + Item","Plan. Presup + Version + Cta. Pres. + Periodo + Item","Budgt. Plan + Version + Bud. Acct. + Period + Item","S","","","S"
"AK2","2","AK2_FILIAL+AK2_CO+AK2_CLASSE+AK2_OPER+AK2_CHAVE","C.O. + Classe Orc. + Operacao + Chave","Cta. Pres. + Clase Pres. + Operacion + Clave","Bud. Acct. + Budgt. Categ + Operation + Key","S","","","S"
"AK2","3","AK2_FILIAL+AK2_CLASSE+AK2_OPER+AK2_CHAVE","Classe Orc. + Operacao + Chave","Clase Pres. + Operacion + Clave","Budgt. Categ + Operation + Key","S","","","S"
"AK2","4","AK2_FILIAL+AK2_OPER+AK2_CHAVE","Operacao + Chave","Operacion + Clave","Operation + Key","S","","","S"
"AK2","5","AK2_FILIAL+AK2_ORCAME+AK2_VERSAO+AK2_CO+AK2_ID+DTOS(AK2_PERIOD)","Plan. Orcam. + Versao + C.O. + Item + Periodo","Plan. Presup + Version + Cta. Pres. + Item + Periodo","Budgt. Plan + Version + Bud. Acct. + Item + Period","S","","","S"
"AK3","1","AK3_FILIAL+AK3_ORCAME+AK3_VERSAO+AK3_CO","Orcamento + Versao + C.O.","Presupuesto + Version + C.O.","Budget + Version + C.O.","S","","","S"
"AK3","2","AK3_FILIAL+AK3_ORCAME+AK3_VERSAO+AK3_PAI+AK3_CO","Orcamento + Versao + CO Superior + C.O.","Presupuesto + Version + CP Superior + C.O.","Budget + Version + Sup.B.C. + C.O.","S","","","S"
"AK3","3","AK3_FILIAL+AK3_ORCAME+AK3_VERSAO+AK3_NIVEL","Orcamento + Versao + Nivel","Presupuesto + Version + Nivel","Budget + Version + Level","S","","","S"
"AK3","4","AK3_FILIAL+AK3_ORCAME+AK3_VERSAO+AK3_PAI+AK3_DESCRI","Orcamento + Versao + CO Superior + Descricao","Presupuesto + Version + CP Superior + Descripcion","Budget + Version + Sup.B.C. + Description","S","","","S"
"AK5","1","AK5_FILIAL+AK5_CODIGO","Conta","Cuenta","Account","S","","","S"
"AK5","2","AK5_FILIAL+AK5_DESCRI+AK5_CODIGO","Descricao + Conta","Descripcion + Cuenta","Description + Account","S","","","S"
"AK6","1","AK6_FILIAL+AK6_CODIGO+AK6_DESCRI","Codigo + Descricao","Codigo + Descripcion","Code + Description","S","","","S"
"AK6","2","AK6_FILIAL+AK6_DESCRI","Descricao","Descripcion","Description","S","","","S"
"AK8","1","AK8_FILIAL+AK8_CODIGO","Codigo","Codigo","Code","S","","","S"
"AK8","2","AK8_FILIAL+AK8_FUNCAO","Funcao","Funcion","Function","S","","","S"
"AK9","1","AK9_FILIAL+AK9_PAI+AK9_PROCES","Processo Pai + Processo","Proceso Prin + Proceso","Main Proc. + Process","S","","","S"
"AKA","1","AKA_FILIAL+AKA_PROCES+AKA_ITEM","Processo + Item","Proceso + Item","Process + Item","S","","","S"
"AKB","1","AKB_FILIAL+AKB_PROCES+AKB_ITEM","Processo + Item","Proceso + Item","Process + Item","S","","","S"
"AKB","2","AKB_FILIAL+AKB_DESCRI+AKB_ITEM","Descricao + Item","Descripcion + Item","Description + Item","S","","","S"
"AKC","1","AKC_FILIAL+AKC_PROCES+AKC_ITEM+AKC_SEQ","Processo + Item + Sequencia","Proceso + Item + Secuencia","Process + Item + Sequence","S","","","S"
"AKD","1","AKD_FILIAL+AKD_LOTE+AKD_ID","Lote + Item","Lote + Item","Lot + Item","S","","","S"
"AKD","2","AKD_FILIAL+AKD_CO+DTOS(AKD_DATA)+AKD_LOTE+AKD_ID","C.O. + Data + Lote + Item","C.O. + Fecha + Lote + Item","B.C. + Date + Lot + Item","S","","","S"
"AKD","3","AKD_FILIAL+AKD_PROCES+AKD_ITEM+AKD_CHAVE+AKD_SEQ","Processo + Itm.Processo + Chave + Sequencia","Proceso + Item Proceso + Clave + Secuencia","Process + Process It. + Key + Sequence","S","","","S"
"AKD","4","AKD_FILIAL+AKD_STATUS+DTOS(AKD_DATA)+AKD_CO","Status Lanc. + Data + C.O.","Estatus Reg. + Fecha + C.O.","Entry Status + Date + B.C.","S","","","S"
"AKD","5","AKD_FILIAL+AKD_STATUS+AKD_CO+DTOS(AKD_DATA)","Status Lanc. + C.O. + Data","Estatus Reg. + C.O. + Fecha","Entry Status + B.C. + Date","S","","","S"
"AKD","6","AKD_FILIAL+AKD_CO+AKD_CLASSE+AKD_OPER+AKD_IDREF","C.O. + Classe + Operacao + Referencia","C.O. + Clase + Operacion +","B.C. + Category + Operation +","S","","","S"
"AKD","7","AKD_FILIAL+AKD_CLASSE+AKD_OPER+AKD_IDREF","Classe + Operacao + Referencia","Clase + Operacion +","Category + Operation +","S","","","S"
"AKD","8","AKD_FILIAL+AKD_OPER+AKD_IDREF","Operacao + Referencia","Operacion +","Operation +","S","","","S"
"AKD","9","AKD_FILIAL+DTOS(AKD_DATA)+AKD_CO+AKD_CLASSE+AKD_OPER","Data + C.O. + Classe + Operacao","Fecha + C.O. + Clase + Operacion","Date + B.C. + Category + Operation","S","","","S"
"AKE","1","AKE_FILIAL+AKE_ORCAME+AKE_REVISA","Orcamento + Versao","Presupuesto + Version","Budget + Version","S","","","S"
"AKF","1","AKF_FILIAL+AKF_CODIGO+AKF_DESCRI","Codigo + Operacao","Codigo + Operacion","Code + Operation","S","","","S"
"AKF","2","AKF_FILIAL+AKF_DESCRI","Operacao","Operacion","Operation","S","","","S"
"AKG","1","AKG_FILIAL+AKG_ORCAME+AKG_CO+AKG_USER","Plan. Orcam. + C.O. + Cod.Usuario","Plan. Presup + C.P. + Cod.Usuario","Budgt.Chart + B.A. + User Code","S","","","S"
"AKG","2","AKG_FILIAL+AKG_ORCAME+AKG_USER+AKG_CO","Plan. Orcam. + Cod.Usuario + C.O.","Plan. Presup + Cod.Usuario + C.P.","Budgt.Chart + User Code + B.A.","S","","","S"
"AKH","1","AKH_FILIAL+AKH_PROCES+AKH_ITEM+AKH_SEQ","Processo + Item Bloq. + Sequencia","Proceso + Item Bloq. + Secuencia","Process + Lock Item + Sequence","S","","","S"
"AKI","1","AKI_FILIAL+AKI_PROCES+AKI_ITEM+AKI_SEQ","Processo + Itm Processo + Sequencia","Proceso + Itm Proceso + Secuencia","Process + Process It. + Sequence","S","","","S"
"AKJ","1","AKJ_FILIAL+AKJ_COD+AKJ_DESCRI","Codigo + Descricao","Codigo + Descripcion","Code + Description","S","","","S"
"AKJ","2","AKJ_FILIAL+AKJ_DESCRI+AKJ_COD","Descricao + Codigo","Descripcion + Codigo","Description + Code","S","","","S"
"AKK","1","AKK_FILIAL+AKK_COD","Codigo","Codigo","Code","S","","","S"
"AKK","2","AKK_FILIAL+AKK_DESCRI+AKK_COD","Descricäo + Codigo","Descricäo + Codigo","Description + Code","S","","","S"
"AKL","1","AKL_FILIAL+AKL_CONFIG","Configuracao","Configurac.","Configurat.","S","","","S"
"AKM","1","AKM_FILIAL+AKM_CONFIG+AKM_ITEM","Configuracao + Item","Configur. + Item","Configurat. + Item","S","","","S"
"AKN","1","AKN_FILIAL+AKN_CODIGO","Codigo","Codigo","Code","S","","","S"
"AKO","1","AKO_FILIAL+AKO_CODIGO+AKO_CO","Codigo + AKO_","Codigo + AKO_","Code + AKO_","S","","","S"
"AKO","2","AKO_FILIAL+AKO_CODIGO+AKO_COPAI+AKO_CO","Codigo + Conta G.Sup. + AKO_","Codigo + Cuenta G.Sup + AKO_","Code + Sup.Man.Acc. + AKO_","S","","","S"
"AKO","3","AKO_FILIAL+AKO_CODIGO+AKO_NIVEL","Codigo + Nivel","Codigo + Nivel","Code + Level","S","","","S"
"AKO","4","AKO_FILIAL+AKO_CODIGO+AKO_COPAI+AKO_DESCRI","Codigo + Conta G.Sup. + Descricao","Codigo + Cuenta G.Sup + Descripcion","Code + Sup.Man.Acc. + Description","S","","","S"
"AKP","1","AKP_FILIAL+AKP_CODIGO+AKP_CO+AKP_ITEM+AKP_CONFIG+AKP_ITECFG","Codigo + AKP_CO+Item + Configuracao + Item Cfg.","Codigo + AKP_CO+Item + Configuracio + Item Cfg.","Code + AKP_CO+Item + Configuracao + CFG item","S","","","S"
"AKP","2","AKP_FILIAL+AKP_CO","AKP_","AKP_","AKP_","S","","","S"
"AKQ","1","AKQ_FILIAL+AKQ_COD","Codigo","Codigo","Code","S","","","S"
"AKQ","2","AKQ_FILIAL+AKQ_DESCRI+AKQ_COD","Descricäo + Codigo","Descripcion + Codigo","Descricäo + Code","S","","","S"
"AKR","1","AKR_FILIAL+AKR_ORCAME+AKR_REVISA","Planilha Orc + Versao Sim.","Planilla Pr. + Version Sim.","Bud.Worksh. + Sim. Version","S","","","S"
"AKR","2","AKR_FILIAL+AKR_DESCRI+AKR_ORCAME","Descricao + Planilha Orc","Descripcion + Planilla Pr.","Description + Bud.Worksh.","S","","","S"
"AKS","1","AKS_FILIAL+AKS_CONFIG+AKS_CHAVE+DTOS(AKS_DATA)","Cod.Cubo + Chave Saldo + Data","Cod.Cubo + Clave Saldo + Fecha","Setup Code + Blc.Key + Date","S","","","S"
"AKT","1","AKT_FILIAL+AKT_CONFIG+AKT_CHAVE+DTOS(AKT_DATA)","Cod.Cubo + Chave + Data","Cod.Cubo + Clave + Fecha","Setup Cd. + Key + Date","S","","","S"
"AKV","1","AKV_FILIAL+AKV_USER+AKV_CV_INI","Cod.Usuario + Cl.Valor De","Cod.Usuario + Cl.Valor De","User Code + From Val.Cl.","S","","","S"
"AKW","1","AKW_FILIAL+AKW_COD+AKW_NIVEL","Cod. Cubo + Nivel","Cod. Cubo + Nivel","Code + Level","S","","","S"
"AKX","1","AKX_FILIAL+AKX_USER+AKX_CC_INI","Cod.Usuario + C Custo De","Cod.Usuario + De C Costo","User Code + C Custo De","S","","","S"
"AKY","1","AKY_FILIAL+AKY_USER+AKY_IC_INI","Cod.Usuario + Item Ctb.De","Cod.Usuario + Item Ctb.De","User Code + From Acc.It.","S","","","S"
"AL1","1","AL1_FILIAL+AL1_CONFIG","Cod. Cubo","Cod. Cubo","Cube Code","S","","","S"
"AL2","1","AL2_FILIAL+AL2_TPSALD","Tp. Saldo","Tp. Saldo","Balance Type","S","","","S"
"AL3","1","AL3_FILIAL+AL3_CODIGO","Config. Cubo","Config. Cubo","Cube setup","S","","","S"
"AL3","2","AL3_FILIAL+AL3_DESCRI","Descricao","Descripcion","Description","S","","","S"
"AL4","1","AL4_FILIAL+AL4_CODIGO+AL4_CONFIG+AL4_NIVEL","Config. Cubo + Cod. Cubo + Nivel","Config. Cubo + Cod. Cubo + Nivel","Cube setup + Cube code + Level","S","","","S"
"CA1","1","CA1_FILIAL+CA1_VEND+DTOS(CA1_DATA)+CA1_HORA1","Vendedor + Data + Inicio","Vendedor + Fecha + Inicio","Sales Repr. + Date + Initial","S","SA3","","S"
"CT1","1","CT1_FILIAL+CT1_CONTA","Cod Conta","Cod Cuenta","Account Code","S","","","S"
"CT1","2","CT1_FILIAL+CT1_RES","Cod Reduzido","Cod Reducido","Reduced Code","S","","","S"
"CT1","3","CT1_FILIAL+CT1_CLASSE+CT1_CONTA","Classe Conta + Cod Conta","Clase Cuenta + Cod Cuenta","Accnt.Cat. + Account Code","S","","","S"
"CT1","4","CT1_FILIAL+CT1_GRUPO+CT1_CONTA","Grupo Contab + Cod Conta","Grupo Contab + Cod Cuenta","Acc.Group + Account Code","S","","","S"
"CT1","5","CT1_FILIAL+CT1_CTASUP","Cta Superior","Cta. Superio","Superior Acc","S","","","S"
"CT1","6","CT1_FILIAL+CT1_DESC01","Desc Moeda 1","Desc Moned 1","Curr.1 Desc.","S","","","S"
"CT1","7","CT1_FILIAL+CT1_CC","Cod CC Cont","Cod. CC Cont","Led.Acc.Code","S","CT3","","S"
"CT2","1","CT2_FILIAL+DTOS(CT2_DATA)+CT2_LOTE+CT2_SBLOTE+CT2_DOC+CT2_LINHA+CT2_TPSALD+CT2_EMPORI+CT2_FILORI+CT2_MOEDLC","Data Lcto + Numero Lote + Sub Lote + Numero Doc + Numero Linha + Tipo","Fch.Asiento + Numero Lote + Sublote + Numero Doc + Numero Linea + Tipo","Entry Date + Lot Number + Sublot + Doc Number + Row Number + Balance T","S","","","S"
"CT2","2","CT2_FILIAL+CT2_DEBITO+DTOS(CT2_DATA)","Cta Debito + Data Lcto","Cta Debito + Fch.Asiento","Debit Acc. + Entry Date","S","","","S"
"CT2","3","CT2_FILIAL+CT2_CREDIT+DTOS(CT2_DATA)","Cta Credito + Data Lcto","Cta Credito + Fch.Asiento","Cred.Account + Entry Date","S","","","S"
"CT2","4","CT2_FILIAL+CT2_CCD+DTOS(CT2_DATA)","C Custo Deb + Data Lcto","C Costo Deb + Fch.Asiento","Deb.C.Center + Entry Date","S","","","S"
"CT2","5","CT2_FILIAL+CT2_CCC+DTOS(CT2_DATA)","C Custo Crd + Data Lcto","C Costo Crd + Fch.Asiento","Crd.C.Center + Entry Date","S","","","S"
"CT2","6","CT2_FILIAL+CT2_ITEMD+DTOS(CT2_DATA)","Item Debito + Data Lcto","Item Debito + Fch.Asiento","Debit Item + Entry Date","S","","","S"
"CT2","7","CT2_FILIAL+CT2_ITEMC+DTOS(CT2_DATA)","Item Credito + Data Lcto","Item Credito + Fch.Asiento","Credit Item + Entry Date","S","","","S"
"CT2","8","CT2_FILIAL+CT2_CLVLDB+DTOS(CT2_DATA)","Cl Vlr Deb + Data Lcto","Cl Vlr Deb + Fch.Asiento","Deb.Vl.Class + Entry Date","S","","","S"
"CT2","9","CT2_FILIAL+CT2_CLVLCR+DTOS(CT2_DATA)","Cl Vlr Cred + Data Lcto","Cl Vlr Cred + Fch.Asiento","Crd.Vl.Class + Entry Date","S","","","S"
"CT2","A","CT2_FILIAL+DTOS(CT2_DATA)+CT2_LOTE+CT2_SBLOTE+CT2_DOC+CT2_SEQLAN+CT2_EMPORI+CT2_FILORI+CT2_MOEDLC","Data Lcto + Numero Lote + Sub Lote + Numero Doc + Seq Auxiliar + Empre","Fch.Asiento + Numero Lote + Sublote + Numero Doc + Sec Auxiliar + Empr","Entry Date + Lot Number + Sublot + Doc Number + Auxil.Seq. + Orig.Comp","S","","","S"
"CT2","B","CT2_FILIAL+DTOS(CT2_DATA)+CT2_LOTE+CT2_SBLOTE+CT2_DOC+CT2_SEQLAN+CT2_MOEDLC+CT2_SEQHIS+CT2_EMPORI+CT2_FILORI","Data Lcto + Numero Lote + Sub Lote + Numero Doc + Seq Auxiliar + Moeda","Fch.Asiento + Numero Lote + Sublote + Numero Doc + Sec Auxiliar + Mone","Entry Date + Lot Number + Sublot + Doc Number + Auxil.Seq. + Entry Cur","S","","","S"
"CT2","C","CT2_FILIAL+CT2_SEGOFI+CT2_SBLOTE+DTOS(CT2_DATA)","Correlativo + Sub Lote + Data Lcto","Correlativo + Sublote + Fch.Asiento","Correlative + Sublot + Entry Date","S","","CT2CORRELA","S"
"CT2","D","CT2_FILIAL+CT2_ORIGEM","Origem","Origen","Source","S","","CT2ORIGEM","S"
"CT3","1","CT3_FILIAL+CT3_MOEDA+CT3_TPSALD+CT3_CONTA+CT3_CUSTO+DTOS(CT3_DATA)+CT3_LP","Moeda + Tipo do Sld + Cod Conta + Cod C Custo + Data Saldo + Sld L.Per","Moneda + Tipo de Sld + Cod Cuenta + Cod C Costo + Fecha Saldo + Sld L.","Currency + Balance Type + Account Code + C.Cent.Code + Balance Date +","S","","","S"
"CT3","2","CT3_FILIAL+CT3_CONTA+CT3_CUSTO+CT3_MOEDA+CT3_TPSALD+DTOS(CT3_DATA)+CT3_LP","Cod Conta + Cod C Custo + Moeda + Tipo do Sld + Data Saldo + Sld L.Per","Cod Cuenta + Cod C Costo + Moneda + Tipo de Sld + Fecha Saldo + Sld L.","Account Code + C.Cent.Code + Currency + Balance Type + Balance Date +","S","","","S"
"CT3","3","CT3_FILIAL+DTOS(CT3_DATA)+CT3_CUSTO+CT3_MOEDA+CT3_TPSALD+CT3_CONTA","Data Saldo + Cod C Custo + Moeda + Tipo do Sld + Cod Conta","Fecha Saldo + Cod C Costo + Moneda + Tipo de Sld + Cod Cuenta","Balance Date + C.Cent.Code + Currency + Balance Type + Account Code","S","","","S"
"CT3","4","CT3_FILIAL+CT3_CUSTO+CT3_MOEDA+CT3_TPSALD+DTOS(CT3_DATA)+CT3_CONTA","Cod C Custo + Moeda + Tipo do Sld + Data Saldo + Cod Conta","Cod C Costo + Moneda + Tipo de Sld + Fecha Saldo + Cod Cuenta","C.Cent.Code + Currency + Balance Type + Balance Date + Account Code","S","","","S"
"CT3","5","CT3_FILIAL+CT3_CUSTO+CT3_CONTA+CT3_MOEDA+DTOS(CT3_DATA)","Cod C Custo + Cod Conta + Moeda + Data Saldo","Cod C Costo + Cod Cuenta + Moneda + Fecha Saldo","C.Cent.Code + Account Code + Currency + Balance Date","S","","","S"
"CT3","6","CT3_FILIAL+CT3_MOEDA+CT3_TPSALD+CT3_CUSTO+CT3_CONTA+DTOS(CT3_DATA)","Moeda + Tipo do Sld + Cod C Custo + Cod Conta + Data Saldo","Moneda + Tipo de Sld + Cod C Costo + Cod Cuenta + Fecha Saldo","Currency + Balance Type + C.Cent.Code + Account Code + Balance Date","S","","","S"
"CT3","7","CT3_FILIAL+CT3_SLCOMP+CT3_TPSALD+CT3_MOEDA+DTOS(CT3_DATA)+CT3_CUSTO+CT3_CONTA","Flag Sl Comp + Tipo do Sld + Moeda + Data Saldo + Cod C Custo + Cod Co","Flag Sl Comp + Tipo de Sld + Moneda + Fecha Saldo + Cod C Costo + Cod","Com.Bal.Flag + Balance Type + Currency + Balance Date + C.Cent.Code +","S","","","S"
"CT3","8","CT3_FILIAL+CT3_LP+CT3_CONTA+CT3_CUSTO+CT3_MOEDA+CT3_TPSALD+DTOS(CT3_DATA)","Sld L.Perdas + Cod Conta + Cod C Custo + Moeda + Tipo do Sld + Data Sa","Sld L.Perdi. + Cod Cuenta + Cod C Costo + Moneda + Tipo de Sld + Fecha","P/L Balance + Account Code + C.Cent.Code + Currency + Balance Type + B","S","","","S"
"CT4","1","CT4_FILIAL+CT4_MOEDA+CT4_TPSALD+CT4_CONTA+CT4_CUSTO+CT4_ITEM+DTOS(CT4_DATA)+CT4_LP","Moeda + Tipo do Sld + Cod Conta + Cod CC + Cod Item + Data Saldo + Sld","Moneda + Tipo de Sld + Cod Cuenta + Cod. CC + Cod. Item + Fecha Saldo","Currency + Balance Type + Account Code + C.C. Code + Item Code + Balan","S","","","S"
"CT4","2","CT4_FILIAL+CT4_CONTA+CT4_CUSTO+CT4_ITEM+CT4_MOEDA+CT4_TPSALD+DTOS(CT4_DATA)+CT4_LP","Cod Conta + Cod CC + Cod Item + Moeda + Tipo do Sld + Data Saldo + Sld","Cod Cuenta + Cod. CC + Cod. Item + Moneda + Tipo de Sld + Fecha Saldo","Account Code + C.C. Code + Item Code + Currency + Balance Type + Balan","S","","","S"
"CT4","3","CT4_FILIAL+DTOS(CT4_DATA)+CT4_ITEM+CT4_MOEDA+CT4_TPSALD+CT4_CONTA+CT4_CUSTO","Data Saldo + Cod Item + Moeda + Tipo do Sld + Cod Conta + Cod CC","Fecha Saldo + Cod. Item + Moneda + Tipo de Sld + Cod Cuenta + Cod. CC","Balance Date + Item Code + Currency + Balance Type + Account Code + C.","S","","","S"
"CT4","4","CT4_FILIAL+CT4_ITEM+CT4_MOEDA+CT4_TPSALD+DTOS(CT4_DATA)+CT4_CONTA+CT4_CUSTO","Cod Item + Moeda + Tipo do Sld + Data Saldo + Cod Conta + Cod CC","Cod. Item + Moneda + Tipo de Sld + Fecha Saldo + Cod Cuenta + Cod. CC","Item Code + Currency + Balance Type + Balance Date + Account Code + C.","S","","","S"
"CT4","5","CT4_FILIAL+CT4_SLCOMP+CT4_TPSALD+CT4_MOEDA+DTOS(CT4_DATA)+CT4_ITEM+CT4_CUSTO+CT4_CONTA","Flag Sl Comp + Tipo do Sld + Moeda + Data Saldo + Cod Item + Cod CC +","Flag Sl Comp + Tipo de Sld + Moneda + Fecha Saldo + Cod. Item + Cod. C","Com.Blc.Flag + Balance Type + Currency + Balance Date + Item Code + C.","S","","","S"
"CT4","6","CT4_FILIAL+CT4_LP+CT4_CONTA+CT4_CUSTO+CT4_ITEM+CT4_MOEDA+CT4_TPSALD+DTOS(CT4_DATA)","Sld L.Perdas + Cod Conta + Cod CC + Cod Item + Moeda + Tipo do Sld + D","Sld L.Perdid + Cod Cuenta + Cod. CC + Cod. Item + Moneda + Tipo de Sld","P/L Bal. + Account Code + C.C. Code + Item Code + Currency + Balance T","S","","","S"
"CT5","1","CT5_FILIAL+CT5_LANPAD+CT5_SEQUEN","Cod Lanc Pad + Sequencial","Cod Asto Est + Secuencial","Std.Entr.Cd. + Sequential","S","","","S"
"CT6","1","CT6_FILIAL+DTOS(CT6_DATA)+CT6_LOTE+CT6_SBLOTE+CT6_MOEDA+CT6_TPSALD","Data + Numero Lote + Sub-Lote + Moeda + Tipo do Sld","Fecha + Numero Lote + Sublote + Moneda + Tipo de Sld","Date + Lot Number + Sublot + Currency + Balance Type","S","","","S"
"CT6","2","CT6_FILIAL+CT6_LOTE+CT6_SBLOTE+CT6_MOEDA+CT6_TPSALD+DTOS(CT6_DATA)","Numero Lote + Sub-Lote + Moeda + Tipo do Sld + Data","Numero Lote + Sublote + Moneda + Tipo de Sld + Fecha","Lot Number + Sublot + Currency + Balance Type + Date","S","","","S"
"CT6","3","CT6_FILIAL+CT6_MOEDA+CT6_TPSALD+CT6_LOTE+CT6_SBLOTE+DTOS(CT6_DATA)","Moeda + Tipo do Sld + Numero Lote + Sub-Lote + Data","Moneda + Tipo de Sld + Numero Lote + Sublote + Fecha","Currency + Balance Type + Lot Number + Sublot + Date","S","","","S"
"CT7","1","CT7_FILIAL+CT7_MOEDA+CT7_TPSALD+CT7_CONTA+DTOS(CT7_DATA)+CT7_LP","Moeda + Tipo do Sld + Cod Conta + Data Saldo + Sld L.Perdas","Moneda + Tipo de Sld + Cod Cuenta + Fecha Saldo + Sld G.Perdid","Currency + Balance Type + Acc.Code + Bal.Date + P/L Blc.","S","","","S"
"CT7","2","CT7_FILIAL+CT7_CONTA+CT7_MOEDA+CT7_TPSALD+DTOS(CT7_DATA)+CT7_LP","Cod Conta + Moeda + Tipo do Sld + Data Saldo + Sld L.Perdas","Cod Cuenta + Moneda + Tipo de Sld + Fecha Saldo + Sld G.Perdid","Acc.Code + Currency + Balance Type + Bal.Date + P/L Blc.","S","","","S"
"CT7","3","CT7_FILIAL+CT7_CONTA+CT7_STATUS+CT7_MOEDA+DTOS(CT7_DATA)","Cod Conta + Status + Moeda + Data Saldo","Cod Cuenta + Estatus + Moneda + Fecha Saldo","Acc.Code + Status + Currency + Bal.Date","S","","","S"
"CT7","4","CT7_FILIAL+DTOS(CT7_DATA)+CT7_CONTA+CT7_MOEDA+CT7_TPSALD","Data Saldo + Cod Conta + Moeda + Tipo do Sld","Fecha Saldo + Cod Cuenta + Moneda + Tipo de Sld","Bal.Date + Acc.Code + Currency + Balance Type","S","","","S"
"CT7","5","CT7_FILIAL+CT7_LP+CT7_CONTA+CT7_MOEDA+CT7_TPSALD+DTOS(CT7_DATA)","Sld L.Perdas + Cod Conta + Moeda + Tipo do Sld + Data Saldo","Sld G.Perdid + Cod Cuenta + Moneda + Tipo de Sld + Fecha Saldo","P/L Blc. + Acc.Code + Currency + Balance Type + Bal.Date","S","","","S"
"CT8","1","CT8_FILIAL+CT8_HIST","Cod Hist","Cod. Hist.","Hist.Code","S","","","S"
"CT8","2","CT8_FILIAL+CT8_DESC","Desc Hist","Desc. Hist.","Hist.Disc.","S","","","S"
"CT9","1","CT9_FILIAL+CT9_RAT_ON+CT9_SEQUEN","Cod Rateio + Seq Rateio","Cod Prorrat. + Sec Prorrat.","Prorat.Code + Prorat.Seq.","S","","","S"
"CTA","1","CTA_FILIAL+CTA_REGRA","Cod. Ligacao","Cod. Vinculo","Link Code","S","","","S"
"CTB","1","CTB_FILIAL+CTB_CODIGO+CTB_ORDEM+CTB_LINHA","Cod. Roteiro + Ordem + Linha","Cod.Itiner. + Orden + Linea","Route Code + Order + Line","S","","","S"
"CTB","2","CTB_FILIAL+CTB_CODIGO+CTB_ORDEM+CTB_EMPORI+CTB_FILORI+CTB_CT1INI+CTB_CTTINI+CTB_CTDINI+CTB_CTHINI","Cod. Roteiro + Ordem + Empresa Orig + Filial Orig + Cta Ini Orig + CC","Cod.Itiner. + Orden + Empresa Orig + Suc. Orig + Cta.Ini Orig + CC Ini","Route Code + Order + Src.Cia. + Souc.Bch. + Scr.Ini.Accn + Src.Ini.CC.","S","","","S"
"CTC","1","CTC_FILIAL+DTOS(CTC_DATA)+CTC_LOTE+CTC_SBLOTE+CTC_DOC+CTC_MOEDA+CTC_TPSALD","Data + Nro Lote + Sub Lote + Nro Documen + Moeda + Tipo do Sld","Fecha + Num. Lote + Sublote + Nr Documento + Moneda + Tipo de Sld","Date + Lot Number + Sublot + Doc Number + Currency + Balance Type","S","","","S"
"CTC","2","CTC_FILIAL+CTC_LOTE+CTC_SBLOTE+CTC_DOC+CTC_MOEDA+CTC_TPSALD+DTOS(CTC_DATA)","Nro Lote + Sub Lote + Nro Documen + Moeda + Tipo do Sld + Data","Num. Lote + Sublote + Nr Documento + Moneda + Tipo de Sld + Fecha","Lot Number + Sublot + Doc Number + Currency + Balance Type + Date","S","","","S"
"CTC","3","CTC_FILIAL+CTC_MOEDA+CTC_TPSALD+CTC_LOTE+CTC_SBLOTE+CTC_DOC+DTOS(CTC_DATA)","Moeda + Tipo do Sld + Nro Lote + Sub Lote + Nro Documen + Data","Moneda + Tipo de Sld + Num. Lote + Sublote + Nr Documento + Fecha","Currency + Balance Type + Lot Number + Sublot + Doc Number + Date","S","","","S"
"CTD","1","CTD_FILIAL+CTD_ITEM","Item Contab","Item Contab.","Acctn.Item","S","","","S"
"CTD","2","CTD_FILIAL+CTD_CLASSE+CTD_ITEM","Classe + Item Contab","Clase + Item Contab.","Class + Acctn.Item","S","","","S"
"CTD","3","CTD_FILIAL+CTD_RES","Cod Red.Item","Cod.Red.Item","Item Red.Cd.","S","","","S"
"CTD","4","CTD_FILIAL+CTD_DESC01","Desc Moeda 1","Desc Moned 1","Curr.1 Desc.","S","","","S"
"CTD","5","CTD_FILIAL+CTD_ITSUP","Item Superi","Item Super.","Super.Item","S","","","S"
"CTE","1","CTE_FILIAL+CTE_MOEDA+CTE_CALEND","Moeda + Calendario","Moneda + Calendario","Currency + Calendar","S","","","S"
"CTF","1","CTF_FILIAL+DTOS(CTF_DATA)+CTF_LOTE+CTF_SBLOTE+CTF_DOC","Data + Nro Lote + Sub-Lote + Nro Documen","Fecha + Num. Lote + Sublote + Nr Documento","Date + Lot Number + Sublot + Doc.Number","S","","","S"
"CTG","1","CTG_FILIAL+CTG_CALEND+CTG_EXERC+CTG_PERIOD","Cod Calendar + Exercicio + Periodo","Cod. Calenda + Ejercicio + Periodo","Calend.Code + Fiscal Year + Period","S","","","S"
"CTG","2","CTG_FILIAL+CTG_CALEND+DTOS(CTG_DTINI)","Cod Calendar + Dt Inicio","Cod. Calenda + Fch. Inicio","Calend.Code + Initial Date","S","","","S"
"CTG","3","CTG_FILIAL+CTG_CALEND+DTOS(CTG_DTFIM)","Cod Calendar + Dt Final","Cod. Calenda + Fch. Final","Calend.Code + Final Date","S","","","S"
"CTH","1","CTH_FILIAL+CTH_CLVL","Cod Cl Valor","Cod.Cl Valor","Vl.Cat.Code","S","","","S"
"CTH","2","CTH_FILIAL+CTH_CLASSE+CTH_CLVL","Classe + Cod Cl Valor","Clase + Cod.Cl Valor","Class + Vl.Cat.Code","S","","","S"
"CTH","3","CTH_FILIAL+CTH_RES","Cod Red.ClVl","Cod Red.ClVl","VlCl.Red.Cd.","S","","","S"
"CTH","4","CTH_FILIAL+CTH_DESC01","Desc Moeda 1","Desc Moned 1","Desc.Curr.1","S","","","S"
"CTH","5","CTH_FILIAL+CTH_CLSUP","Cl Superior","Cl. Superior","Superior Cl.","S","","","S"
"CTI","1","CTI_FILIAL+CTI_MOEDA+CTI_TPSALD+CTI_CONTA+CTI_CUSTO+CTI_ITEM+CTI_CLVL+DTOS(CTI_DATA)+CTI_LP","Moeda + Tipo do Sld + Cod Conta + Cod C Custo + Cod Item + Cod Cl Valo","Moneda + Tipo de Sld + Cod Cuenta + Cod C Costo + Cod. Item + Cod Cl V","Currency + Balance Type + Account Code + C.Cent.Code + Item Code + Vl.","S","","","S"
"CTI","2","CTI_FILIAL+CTI_CONTA+CTI_CUSTO+CTI_ITEM+CTI_CLVL+CTI_MOEDA+CTI_TPSALD+DTOS(CTI_DATA)+CTI_LP","Cod Conta + Cod C Custo + Cod Item + Cod Cl Valor + Moeda + Tipo do Sl","Cod Cuenta + Cod C Costo + Cod. Item + Cod Cl Valor + Moneda + Tipo de","Account Code + C.Cent.Code + Item Code + Vl.Cls.Code + Currency + Bala","S","","","S"
"CTI","3","CTI_FILIAL+DTOS(CTI_DATA)+CTI_CLVL+CTI_MOEDA+CTI_TPSALD+CTI_CONTA+CTI_CUSTO+CTI_ITEM","Data + Cod Cl Valor + Moeda + Tipo do Sld + Cod Conta + Cod C Custo +","Fecha + Cod Cl Valor + Moneda + Tipo de Sld + Cod Cuenta + Cod C Costo","Date + Vl.Cls.Code + Currency + Balance Type + Account Code + C.Cent.C","S","","","S"
"CTI","4","CTI_FILIAL+CTI_CLVL+CTI_MOEDA+CTI_TPSALD+DTOS(CTI_DATA)+CTI_CONTA","Cod Cl Valor + Moeda + Tipo do Sld + Data + Cod Conta","Cod Cl Valor + Moneda + Tipo de Sld + Fecha + Cod Cuenta","Vl.Cls.Code + Currency + Balance Type + Date + Account Code","S","","","S"
"CTI","5","CTI_FILIAL+CTI_SLCOMP+CTI_TPSALD+CTI_MOEDA+DTOS(CTI_DATA)+CTI_CLVL+CTI_ITEM+CTI_CUSTO+CTI_CONTA","Flag Sl Comp + Tipo do Sld + Moeda + Data + Cod Cl Valor + Cod Item +","Flag Sl Comp + Tipo de Sld + Moneda + Fecha + Cod Cl Valor + Cod. Item","Com.Bal.Flag + Balance Type + Currency + Date + Vl.Cls.Code + Item Cod","S","","","S"
"CTI","6","CTI_FILIAL+CTI_LP+CTI_CONTA+CTI_CUSTO+CTI_ITEM+CTI_CLVL+CTI_MOEDA+CTI_TPSALD+DTOS(CTI_DATA)","Sld L.Perdas + Cod Conta + Cod C Custo + Cod Item + Cod Cl Valor + Moe","Sld G.Perdid + Cod Cuenta + Cod C Costo + Cod. Item + Cod Cl Valor + M","P/L Balance + Account Code + C.Cent.Code + Item Code + Vl.Cls.Code + C","S","","","S"
"CTJ","1","CTJ_FILIAL+CTJ_RATEIO+CTJ_SEQUEN","Cod Rateio + Sequencia","Cod Prorrat. + Secuencia","Prorat.Code + Sequence","S","","","S"
"CTK","1","CTK_FILIAL+CTK_SEQUEN","Sequencia","Secuencia","Sequence","S","","","S"
"CTK","2","CTK_FILIAL+CTK_CONTAB","Contabil","+Contable?","Accounting","S","","","S"
"CTK","3","CTK_FILIAL+DTOS(CTK_DATA)+CTK_SEQUEN","Data Lanc + Sequencia","Fecha Asto. + Secuencia","Entry Date + Sequence","S","","","S"
"CTL","1","CTL_FILIAL+CTL_LP","Lcto Padrao","Asto.Estand.","Stand.Entry","S","","","S"
"CTM","1","CTM_FILIAL+CTM_CODIGO+CTM_SEGMEN","Cod Mascara + Segmento","Cod.Form.Pre + Segmento","Mask Code + Segment","S","","","S"
"CTN","1","CTN_FILIAL+CTN_CODIGO","Cod.Conf.Liv","Cod.Conf.Lib","T.Rec.Conf.","S","","","S"
"CTO","1","CTO_FILIAL+CTO_MOEDA","Moeda","Moneda","Currency","S","","","S"
"CTP","1","CTP_FILIAL+DTOS(CTP_DATA)+CTP_MOEDA","Data + Moeda","Fecha + Moneda","Date + Currency","S","","","S"
"CTP","2","CTP_FILIAL+CTP_MOEDA+DTOS(CTP_DATA)","Moeda + Data","Moneda + Fecha","Currency + Date","S","","","S"
"CTQ","1","CTQ_FILIAL+CTQ_RATEIO+CTQ_SEQUEN","Cod Rateio + Sequencial","Cod.Prorrat. + Secuencial","Prorat.Code + Sequential","S","","","S"
"CTR","1","CTR_FILIAL+CTR_GRUPO","Grupo Contab","Grupo Contab","Acc.Group","S","","","S"
"CTS","1","CTS_FILIAL+CTS_CODPLA+CTS_ORDEM+CTS_LINHA","Cod Visao + Ordem + Linha","Codigo Plan + Orden + Linea","Plan Code + Order + Line","S","","","S"
"CTS","2","CTS_FILIAL+CTS_CODPLA+CTS_CONTAG","Cod Visao + Entid Gerenc","Codigo Plan + Entid Gerenc","Plan Code + Manag.Entity","S","","","S"
"CTS","3","CTS_FILIAL + CTS_CODPLA + CTS_CTASUP","Cod Visao + Entid Super","Codigo Plan + Entid Sup.","Plan Code + Sup.Entity","S","","","S"
"CTT","1","CTT_FILIAL+CTT_CUSTO","C Custo","C.Costo","C.Center","S","","","S"
"CTT","2","CTT_FILIAL+CTT_CLASSE+CTT_CUSTO","Classe + C Custo","Clase + C.Costo","Class + C.Center","S","","","S"
"CTT","3","CTT_FILIAL+CTT_RES","Cod Red. CC.","Cod Red. CC.","C.C.Red.Code","S","","","S"
"CTT","4","CTT_FILIAL+CTT_DESC01","Desc Moeda 1","Desc.Moned.1","Curr 1 Desc","S","","","S"
"CTT","5","CTT_FILIAL+CTT_CCSUP","CC Superior","CC Superior","Superior C.C","S","","","S"
"CTU","1","CTU_FILIAL+CTU_IDENT+CTU_MOEDA+CTU_TPSALD+CTU_CODIGO+DTOS(CTU_DATA)+CTU_LP","Entidade + Moeda + Tipo do Sld + Codigo + Data Saldo + Sld L.Perdas","Entidad + Moneda + Tipo de Sld + Codigo + Fecha Saldo + Sld G.Perdid","Entity + Currency + Balance Type + Code + Balance Date + P/L Flag","S","","","S"
"CTU","2","CTU_FILIAL+CTU_IDENT+CTU_SLCOMP+CTU_TPSALD+CTU_MOEDA+DTOS(CTU_DATA)+CTU_CODIGO","Entidade + Flag Sl Comp + Tipo do Sld + Moeda + Data Saldo + Codigo","Entidad + Flag Sl Comp + Tipo de Sld + Moneda + Fecha Saldo + Codigo","Entity + Com.Blc.Flag + Balance Type + Currency + Balance Date + Code","S","","","S"
"CTU","3","CTU_FILIAL+CTU_IDENT+CTU_TPSALD+CTU_MOEDA+DTOS(CTU_DATA)+CTU_CODIGO","Entidade + Tipo do Sld + Moeda + Data Saldo + Codigo","Entidad + Tipo de Sld + Moneda + Fecha Saldo + Codigo","Entity + Balance Type + Currency + Balance Date + Code","S","","","S"
"CTU","4","CTU_FILIAL+CTU_LP+CTU_IDENT+CTU_MOEDA+CTU_TPSALD+CTU_CODIGO+DTOS(CTU_DATA)","Sld L.Perdas + Entidade + Moeda + Tipo do Sld + Codigo + Data Saldo","Sld G.Perdid + Entidad + Moneda + Tipo de Sld + Codigo + Fecha Saldo","P/L Flag + Entity + Currency + Balance Type + Code + Balance Date","S","","","S"
"CTV","1","CTV_FILIAL+CTV_MOEDA+CTV_TPSALD+CTV_ITEM+CTV_CUSTO+DTOS(CTV_DATA)+CTV_LP","Moeda + Tipo do Sld + Cod Item + Cod C Custo + Data Saldo + Sld L.Perd","Moneda + Tipo de Sld + Cod. Item + Cod C Costo + Fecha Saldo + Sld G.P","Currency + Balance Type + Item Code + C.Cent.Code + Balance Date + P/L","S","","","S"
"CTV","2","CTV_FILIAL+CTV_MOEDA+CTV_TPSALD+CTV_CUSTO+CTV_ITEM+DTOS(CTV_DATA)","Moeda + Tipo do Sld + Cod C Custo + Cod Item + Data Saldo","Moneda + Tipo de Sld + Cod C Costo + Cod. Item + Fecha Saldo","Currency + Balance Type + C.Cent.Code + Item Code + Balance Date","S","","","S"
"CTV","3","CTV_FILIAL+CTV_SLCOMP+CTV_TPSALD+CTV_MOEDA+DTOS(CTV_DATA)+CTV_ITEM+CTV_CUSTO","Flag Sl Comp + Tipo do Sld + Moeda + Data Saldo + Cod Item + Cod C Cus","Flag Sl Comp + Tipo de Sld + Moneda + Fecha Saldo + Cod. Item + Cod C","Com.Blc.Flag + Balance Type + Currency + Balance Date + Item Code + C.","S","","","S"
"CTV","4","CTV_FILIAL+CTV_SLCOMP+CTV_TPSALD+CTV_MOEDA+DTOS(CTV_DATA)+CTV_CUSTO+CTV_ITEM","Flag Sl Comp + Tipo do Sld + Moeda + Data Saldo + Cod C Custo + Cod It","Flag Sl Comp + Tipo de Sld + Moneda + Fecha Saldo + Cod C Costo + Cod.","Com.Blc.Flag + Balance Type + Currency + Balance Date + C.Cent.Code +","S","","","S"
"CTV","5","CTV_FILIAL+CTV_TPSALD+CTV_MOEDA+DTOS(CTV_DATA)+CTV_CUSTO+CTV_ITEM","Tipo do Sld + Moeda + Data Saldo + Cod C Custo + Cod Item","Tipo de Sld + Moneda + Fecha Saldo + Cod C Costo + Cod. Item","Balance Type + Currency + Balance Date + C.Cent.Code + Item Code","S","","","S"
"CTV","6","CTV_FILIAL+CTV_LP+CTV_MOEDA+CTV_TPSALD+CTV_ITEM+CTV_CUSTO+DTOS(CTV_DATA)","Sld L.Perdas + Moeda + Tipo do Sld + Cod Item + Cod C Custo + Data Sal","Sld G.Perdid + Moneda + Tipo de Sld + Cod. Item + Cod C Costo + Fecha","P/L Balc. + Currency + Balance Type + Item Code + C.Cent.Code + Balanc","S","","","S"
"CTV","7","CTV_FILIAL+CTV_LP+CTV_MOEDA+CTV_TPSALD+CTV_CUSTO+CTV_ITEM+DTOS(CTV_DATA)","Sld L.Perdas + Moeda + Tipo do Sld + Cod C Custo + Cod Item + Data Sal","Sld G.Perdid + Moneda + Tipo de Sld + Cod C Costo + Cod. Item + Fecha","P/L Balc. + Currency + Balance Type + C.Cent.Code + Item Code + Balanc","S","","","S"
"CTW","1","CTW_FILIAL+CTW_MOEDA+CTW_TPSALD+CTW_CLVL+CTW_CUSTO+DTOS(CTW_DATA)+CTW_LP","Moeda + Tipo do Sld + Cod Cl Valor + Cod C Custo + Data Saldo + Sld L.","Moneda + Tipo de Sld + Cod Cl Valor + Cod C Costo + Fecha Saldo + Sld","Currency + Balance Type + Vl.Cat.Code + C.Cent.Code + Balance Date + P","S","","","S"
"CTW","2","CTW_FILIAL+CTW_MOEDA+CTW_TPSALD+CTW_CUSTO+CTW_CLVL+DTOS(CTW_DATA)","Moeda + Tipo do Sld + Cod C Custo + Cod Cl Valor + Data Saldo","Moneda + Tipo de Sld + Cod C Costo + Cod Cl Valor + Fecha Saldo","Currency + Balance Type + C.Cent.Code + Vl.Cat.Code + Balance Date","S","","","S"
"CTW","3","CTW_FILIAL+CTW_SLCOMP+CTW_TPSALD+CTW_MOEDA+DTOS(CTW_DATA)+CTW_CLVL+CTW_CUSTO","Flag Sl Comp + Tipo do Sld + Moeda + Data Saldo + Cod Cl Valor + Cod C","Flag Sl Comp + Tipo de Sld + Moneda + Fecha Saldo + Cod Cl Valor + Cod","Com.Bal.Flag + Balance Type + Currency + Balance Date + Vl.Cat.Code +","S","","","S"
"CTW","4","CTW_FILIAL+CTW_SLCOMP+CTW_TPSALD+CTW_MOEDA+DTOS(CTW_DATA)+CTW_CUSTO+CTW_CLVL","Flag Sl Comp + Tipo do Sld + Moeda + Data Saldo + Cod C Custo + Cod Cl","Flag Sl Comp + Tipo de Sld + Moneda + Fecha Saldo + Cod C Costo + Cod","Com.Bal.Flag + Balance Type + Currency + Balance Date + C.Cent.Code +","S","","","S"
"CTW","5","CTW_FILIAL+CTW_TPSALD+CTW_MOEDA+DTOS(CTW_DATA)+CTW_CLVL+CTW_CUSTO","Tipo do Sld + Moeda + Data Saldo + Cod Cl Valor + Cod C Custo","Tipo de Sld + Moneda + Fecha Saldo + Cod Cl Valor + Cod C Costo","Balance Type + Currency + Balance Date + Vl.Cat.Code + C.Cent.Code","S","","","S"
"CTW","6","CTW_FILIAL+CTW_LP+CTW_MOEDA+CTW_TPSALD+CTW_CLVL+CTW_CUSTO+DTOS(CTW_DATA)","Sld L.Perdas + Moeda + Tipo do Sld + Cod Cl Valor + Cod C Custo + Data","Sld G.Perdid + Moneda + Tipo de Sld + Cod Cl Valor + Cod C Costo + Fec","P/L Balance + Currency + Balance Type + Vl.Cat.Code + C.Cent.Code + Ba","S","","","S"
"CTW","7","CTW_FILIAL+CTW_LP+CTW_MOEDA+CTW_TPSALD+CTW_CUSTO+CTW_CLVL+DTOS(CTW_DATA)","Sld L.Perdas + Moeda + Tipo do Sld + Cod C Custo + Cod Cl Valor + Data","Sld G.Perdid + Moneda + Tipo de Sld + Cod C Costo + Cod Cl Valor + Fec","P/L Balance + Currency + Balance Type + C.Cent.Code + Vl.Cat.Code + Ba","S","","","S"
"CTX","1","CTX_FILIAL+CTX_MOEDA+CTX_TPSALD+CTX_ITEM+CTX_CLVL+DTOS(CTX_DATA)+CTX_LP","Moeda + Tipo do Sld + Cod Item + Cod Cl Valor + Data Saldo + Sld L.Per","Moneda + Tipo de Sld + Cod. Item + Cod Cl Valor + Fecha Saldo + Sld G.","Currency + Balance Type + Item Code + Vl.Cat.Code + Balance Date + P/L","S","","","S"
"CTX","2","CTX_FILIAL+CTX_MOEDA+CTX_TPSALD+CTX_CLVL+CTX_ITEM+DTOS(CTX_DATA)","Moeda + Tipo do Sld + Cod Cl Valor + Cod Item + Data Saldo","Moneda + Tipo de Sld + Cod Cl Valor + Cod. Item + Fecha Saldo","Currency + Balance Type + Vl.Cat.Code + Item Code + Balance Date","S","","","S"
"CTX","3","CTX_FILIAL+CTX_SLCOMP+CTX_TPSALD+CTX_MOEDA+DTOS(CTX_DATA)+CTX_ITEM+CTX_CLVL","Flag Sl Comp + Tipo do Sld + Moeda + Data Saldo + Cod Item + Cod Cl Va","Flag Sl Comp + Tipo de Sld + Moneda + Fecha Saldo + Cod. Item + Cod Cl","Com.Bal.Flag + Balance Type + Currency + Balance Date + Item Code + Vl","S","","","S"
"CTX","4","CTX_FILIAL+CTX_SLCOMP+CTX_TPSALD+CTX_MOEDA+DTOS(CTX_DATA)+CTX_CLVL+CTX_ITEM","Flag Sl Comp + Tipo do Sld + Moeda + Data Saldo + Cod Cl Valor + Cod I","Flag Sl Comp + Tipo de Sld + Moneda + Fecha Saldo + Cod Cl Valor + Cod","Com.Bal.Flag + Balance Type + Currency + Balance Date + Vl.Cat.Code +","S","","","S"
"CTX","5","CTX_FILIAL+CTX_TPSALD+CTX_MOEDA+DTOS(CTX_DATA)+CTX_ITEM+CTX_CLVL","Tipo do Sld + Moeda + Data Saldo + Cod Item + Cod Cl Valor","Tipo de Sld + Moneda + Fecha Saldo + Cod. Item + Cod Cl Valor","Balance Type + Currency + Balance Date + Item Code + Vl.Cat.Code","S","","","S"
"CTX","6","CTX_FILIAL+CTX_LP+CTX_MOEDA+CTX_TPSALD+CTX_ITEM+CTX_CLVL+DTOS(CTX_DATA)","Sld L.Perdas + Moeda + Tipo do Sld + Cod Item + Cod Cl Valor + Data Sa","Sld G.Perdid + Moneda + Tipo de Sld + Cod. Item + Cod Cl Valor + Fecha","P/L Balance + Currency + Balance Type + Item Code + Vl.Cat.Code + Bala","S","","","S"
"CTX","7","CTX_FILIAL+CTX_LP+CTX_MOEDA+CTX_TPSALD+CTX_CLVL+CTX_ITEM+DTOS(CTX_DATA)","Sld L.Perdas + Moeda + Tipo do Sld + Cod Cl Valor + Cod Item + Data Sa","Sld G.Perdid + Moneda + Tipo de Sld + Cod Cl Valor + Cod. Item + Fecha","P/L Balance + Currency + Balance Type + Vl.Cat.Code + Item Code + Bala","S","","","S"
"CTY","1","CTY_FILIAL+CTY_MOEDA+CTY_TPSALD+CTY_CLVL+CTY_ITEM+CTY_CUSTO+DTOS(CTY_DATA)+CTY_LP","Moeda + Tipo do Sld + Cod Cl Valor + Cod Item + Cod C Custo + Data Sal","Moneda + Tipo de Sld + Cod Cl Valor + Cod. Item + Cod C Costo + Fecha","Currency + Balance Type + Vl.Cat.Code + Item Code + C.Cent.Code + Bala","S","","","S"
"CTY","2","CTY_FILIAL+CTY_SLCOMP+CTY_TPSALD+CTY_MOEDA+DTOS(CTY_DATA)+CTY_CLVL+CTY_ITEM+CTY_CUSTO","Flag Sl Comp + Tipo do Sld + Moeda + Data Saldo + Cod Cl Valor + Cod I","Flag Sl Comp + Tipo de Sld + Moneda + Fecha Saldo + Cod Cl Valor + Cod","Com.Bal.Flag + Balance Type + Currency + Balance Date + Vl.Cat.Code +","S","","","S"
"CTY","3","CTY_FILIAL+CTY_SLCOMP+CTY_TPSALD+CTY_MOEDA+DTOS(CTY_DATA)+CTY_ITEM+CTY_CUSTO+CTY_CLVL","Flag Sl Comp + Tipo do Sld + Moeda + Data Saldo + Cod Item + Cod C Cus","Flag Sl Comp + Tipo de Sld + Moneda + Fecha Saldo + Cod. Item + Cod C","Com.Bal.Flag + Balance Type + Currency + Balance Date + Item Code + C.","S","","","S"
"CTY","4","CTY_FILIAL+CTY_SLCOMP+CTY_TPSALD+CTY_MOEDA+DTOS(CTY_DATA)+CTY_CUSTO+CTY_ITEM+CTY_CLVL","Flag Sl Comp + Tipo do Sld + Moeda + Data Saldo + Cod C Custo + Cod It","Flag Sl Comp + Tipo de Sld + Moneda + Fecha Saldo + Cod C Costo + Cod.","Com.Bal.Flag + Balance Type + Currency + Balance Date + C.Cent.Code +","S","","","S"
"CTY","5","CTY_FILIAL+CTY_TPSALD+CTY_MOEDA+DTOS(CTY_DATA)+CTY_CLVL+CTY_ITEM+CTY_CUSTO","Tipo do Sld + Moeda + Data Saldo + Cod Cl Valor + Cod Item + Cod C Cus","Tipo de Sld + Moneda + Fecha Saldo + Cod Cl Valor + Cod. Item + Cod C","Balance Type + Currency + Balance Date + Vl.Cat.Code + Item Code + C.C","S","","","S"
"CTZ","1","CTZ_FILIAL+DTOS(CTZ_DATA)+CTZ_LOTE+CTZ_SBLOTE+CTZ_DOC+CTZ_TPSALD+CTZ_EMPORI+CTZ_FILORI+CTZ_MOEDLC+CTZ_LINHA+CTZ_SEQLIN","Data Lcto + Lote + SubLote + Documento + Tipo de Sld + Empresa Orig +","Fecha Asto + Lote + SubLote + Documento + Tipo de Sld + Empresa Orig +","Entry Date + Lot + Sublot + Document + Bal. Type + Sour.Comp. + Sour.B","S","","","S"
"CTZ","2","CTZ_FILIAL+CTZ_CONTA+CTZ_CUSTO+CTZ_ITEM+CTZ_CLVL+CTZ_MOEDLC+CTZ_TPSALD+CTZ_EMPORI+CTZ_FILORI+DTOS(CTZ_DATA)","Conta + Cod. C.Custo + Cod. Item + Cod Cl.Valor + Moeda + Tipo de Sld","Cuenta + Cod. C.Costo + Cod. Item + Cod Cl.Valor + Moneda + Tipo de Sl","Account + C.Cen.Code + Item Code + Val.Cl.Code + Currency + Bal. Type","S","","","S"
"CV1","1","CV1_FILIAL+CV1_ORCMTO+CV1_CALEND+CV1_MOEDA+CV1_REVISA+CV1_SEQUEN+CV1_PERIOD","Orcamento + Calendario + Moeda + Revisao + Sequencia + Periodo","Presupuesto + Calendario + Moneda + Revision + Secuencial + Periodo","Budget + Calendar + Currency + Revision + Sequence + Period","S","","","S"
"CV1","2","CV1_FILIAL+DTOS(CV1_DTFIM)","Dt Final","Fch. Final","Final Date","S","","","S"
"CV2","1","CV2_FILIAL+CV2_ORCMTO+CV2_CALEND+CV2_MOEDA+CV2_REVISA","Orcamento + Calendario + Moeda + Revisao","Presupuesto + Calendario + Moneda + Revision","Budget + Calendar + Currency + Revision","S","","","S"
"CV3","1","CV3_FILIAL+DTOS(CV3_DTSEQ)+CV3_SEQUEN","Data Sequenc + Sequencia","Fecha Secuen + Secuencia","Seq. Date + Sequence","S","","","S"
"CV4","1","CV4_FILIAL+DTOS(CV4_DTSEQ)+CV4_SEQUEN","Data + Sequencia","Fecha + Secuencia","Date + Sequence","S","","","N"
"CV5","1","CV5_FILIAL+CV5_COD+CV5_EMPORI+CV5_FILORI+CV5_EMPDES+CV5_FILDES+CV5_CT1ORI+CV5_CT1FIM+CV5_CTTORI+CV5_CTTFIM+CV5_CTDORI+CV5_CTDFIM+CV5_CTHORI+CV5_CTHFIM","Codigo + Empresa Orig + Filial Orig. + Empresa Dest + Filial Dest. + C","+ Empresa Orig +  +  +  +  + Cta Orig.Fin +  + C.Costo Fin +  + Item","+ Empresa Orig +  +  +  +  + Fin.Sour.Ac +  + Fin.Cos.Cen. +  + Fin.A","S","","","S"
"CV5","2","CV5_FILIAL+CV5_COD+CV5_EMPDES+CV5_FILDES+CV5_EMPORI+CV5_FILORI+CV5_CT1DES+CV5_CTTDES+CV5_CTDDES+CV5_CTHDES","Codigo + Empresa Dest + Filial Dest. + Empresa Orig + Filial Orig. + C","+  +  + Empresa Orig +  +  +  +  +","+  +  + Empresa Orig +  +  +  +  +","S","","","S"
"CV5","3","CV5_FILIAL+CV5_CT1ORI+CV5_CTTORI+CV5_CTDORI+CV5_CTHORI+CV5_EMPORI+CV5_FILORI+CV5_EMPDES+CV5_FILDES","Conta Origem + C.Custo Orig + Item Origem + Cl. Vlr Orig + Empresa Ori","+  +  +  + Empresa Orig +  +  +","+  +  +  + Empresa Orig +  +  +","S","","","S"
"CV5","4","CV5_FILIAL+CV5_CT1DES+CV5_CTTDES+CV5_CTDDES+CV5_CTHDES+CV5_EMPDES+CV5_FILDES+CV5_EMPORI+CV5_FILORI","Conta Dest. + C.Custo Dest + Item Destino + Cl.Vlr Dest. + Empresa Des","+  +  +  +  +  + Empresa Orig +","+  +  +  +  +  + Empresa Orig +","S","","","S"
"DA0","1","DA0_FILIAL+DA0_CODTAB","Cod. Tabela","Cod. Tabla","Table Code","S","XXX","","S"
"DA1","1","DA1_FILIAL+DA1_CODTAB+DA1_CODPRO+DA1_INDLOT+DA1_ITEM","Cod. Tabela + Cod.Produto + Faixa + Item","Cod. Tabla + Cod.Producto + Intervalo + Item","Table Code + Product Code + Range + Item","S","","","S"
"DA1","2","DA1_FILIAL+DA1_CODPRO+DA1_CODTAB+DA1_ITEM","Cod.Produto + Cod. Tabela + Item","Cod.Producto + Cod. Tabla + Item","Product Code + Table Code + Item","S","","","S"
"DA1","3","DA1_FILIAL+DA1_CODTAB+DA1_ITEM","Cod. Tabela + Item","Cod. Tabla + Item","Table Code + Item","S","","","S"
"DA2","1","DA2_FILIAL+DA2_TPNOTA+DA2_TIPO+DA2_LOCALT+DA2_PROD","Tp Nota + Tipo + Armaz.Altern + Cod.Poduto","Tp Factura + Tipo + Depos.Altern + Cod.Producto","Invoice Type + Type + Altrn.Wareh. + Product Code","S","","","S"
"DA3","1","DA3_FILIAL+DA3_COD","Veiculo","Vehiculo","Vehicle","S","","","S"
"DA3","2","DA3_FILIAL+DA3_MOTORI","Motorista","Conductor","Driver","S","","","S"
"DA3","3","DA3_FILIAL+DA3_PLACA","Placa","Matricula","Numberplate","S","","","S"
"DA3","4","DA3_FILIAL+DA3_COD+DA3_PLACA","Veiculo + Placa","Vehiculo + Matricula","Vehicle + Numberplate","S","","","S"
"DA4","1","DA4_FILIAL+DA4_COD","Codigo","Codigo","Code","S","","","S"
"DA4","2","DA4_FILIAL+DA4_NOME","Motorista","Conductor","Driver","S","","","S"
"DA4","3","DA4_FILIAL+DA4_CGC","CNPJ/CPF","CNPJ/CPF","CNPJ/CPF","S","","","S"
"DA5","1","DA5_FILIAL+DA5_COD","Zona","Zona","Area","S","","","S"
"DA5","2","DA5_FILIAL+DA5_VENDED","Vendedor","Vendedor","Sales Rep.","S","","","S"
"DA5","3","DA5_FILIAL+DA5_CODCAL+DA5_COD","Calendario + Zona","Calendario + Zona","Calendar + Area","S","","","S"
"DA5","4","DA5_FILIAL+DA5_COBRAD","Cobrador","Cobrador","Collector","S","SAQ","","S"
"DA6","1","DA6_FILIAL+DA6_PERCUR+DA6_ROTA","Zona + Setor","Zona + Sector","Area + Sector","S","","","S"
"DA6","2","DA6_FILIAL+DA6_CODCAL+DA6_PERCUR+DA6_ROTA","Calendario + Zona + Setor","Calendario + Zona + Sector","Calendar + Area + Sector","S","","","S"
"DA7","1","DA7_FILIAL+DA7_PERCUR+DA7_ROTA+DA7_SEQUEN","Zona + Setor + Seq.Entrega","Zona + Sector + Sec.Entrega","Area + Sector + Sequence","S","","","S"
"DA7","2","DA7_FILIAL+DA7_CLIENT+DA7_LOJA+DA7_PERCUR+DA7_ROTA","Cliente + Loja + Zona + Setor","Cliente + Tienda + Zona + Sector","Customer + Unit + Area + Sector","S","","","S"
"DA7","3","DA7_FILIAL+DA7_CEPDE+DA7_CEPATE","Cep Inicial + Cep Final","CP Inicial + CP Final","Ini.Zip Code + Fin.Zip Code","S","","","S"
"DA8","1","DA8_FILIAL+DA8_COD","Rota","Ruta","Route","S","","","S"
"DA8","2","DA8_FILIAL+DA8_CAMINH","Veiculo","Vehiculo","Vehicle","S","","","S"
"DA8","3","DA8_FILIAL+DA8_CODCAL+DA8_COD","Calendario + Rota","Calendario + Ruta","Calendar + Route","S","","","S"
"DA8","4","DA8_FILIAL+DA8_SERTMS+DA8_TIPTRA+DA8_SERVIC","Serv.Transp. + Tipo Transp. + Servico","Serv.Transp. + Tipo Transp. + Servicio","Transp.Serv. + Transp.Tp. + Service","S","","","S"
"DA9","1","DA9_FILIAL+DA9_ROTEIR+DA9_SEQUEN+DA9_PERCUR+DA9_ROTA","Rota + Sequencia + Zona + Setor","Ruta + Secuencia + Zona + Sector","Itinerary + Sequence + Area + Sector","S","","","S"
"DA9","2","DA9_FILIAL+DA9_PERCUR+DA9_ROTA+DA9_ROTEIR","Zona + Setor + Rota","Zona + Sector + Ruta","Area + Sector + Itinerary","S","","","S"
"DAA","1","DAA_FILIAL+DAA_CODIGO","Codigo","Codigo","Code","S","","","S"
"DAB","1","DAB_FILIAL+DAB_CODIGO","Codigo","Codigo","Code","S","","","S"
"DAC","1","DAC_FILIAL+DAC_CODGRU","Codigo Grupo","Codigo Grupo","Group Code","S","","","S"
"DAD","1","DAD_FILIAL+DAD_CODIGO+DAD_GRPVEN+DAD_CODCLI+DAD_LOJA","Codigo + Grp.Clientes + Cliente + Loja","Codigo + Grp.Clientes + Cliente + Tienda","Code + Cust.Group + Customer + Unit","S","","","S"
"DAD","2","DAD_FILIAL+DAD_GRPVEN+DAD_CODCLI+DAD_LOJA","Grp.Clientes + Cliente + Loja","Grp.Clientes + Cliente + Tienda","Cust.Group + Customer + Unit","S","","","S"
"DAE","1","DAE_FILIAL+DAE_CODIGO+DAE_GRUVEI+DAE_CODVEI+DAE_CODCAL","Codigo + Grupo Veic. + Veiculo + Calendario","Codigo + Grupo Vehic. + Vehiculo + Calendario","Code + Vehc. Group + Vehicle + Calendar","S","","","S"
"DAE","2","DAE_FILIAL+DAE_CODCAL+DAE_CODIGO","Calendario + Codigo","Calendario + Codigo","Calendar + Code","S","","","S"
"DAF","1","DAF_FILIAL+DAF_CODIGO","Codigo","Codigo","Code","S","","","S"
"DAF","2","DAF_FILIAL+DAF_GRPCLI+DAF_CODCLI+DAF_LOJA","Grp.Clientes + Cliente + Loja","Grp.Clientes + Cliente + Tienda","Cust.Group + Customer + Unit","S","","","S"
"DAG","1","DAG_FILIAL+DAG_CODIGO+DAG_INDLOT+DAG_ITEM","Codigo + Ordem Medida + Item","Codigo + Orden Medida + Item","Code + Meas. Order + Item","S","","","S"
"DAH","1","DAH_FILIAL+DAH_CODCAR+DAH_SEQCAR+DAH_SEQUEN","Codigo Carga + Seq. Carga + Seq. Entrega","Codigo Carga + Sec. Carga + Sec. Entrega","Load Code + Load Seq. + Delivery Seq","S","","","S"
"DAI","1","DAI_FILIAL+DAI_COD+DAI_SEQCAR+DAI_SEQUEN+DAI_PEDIDO","Cod. Carga + Seq. Carga + Sequencia + Pedido","Cod. Carga + Sec. Carga + Secuencia + Pedido","Load Code + Load Seq. + Sequence + Order","S","","","S"
"DAI","2","DAI_FILIAL+DTOS(DAI_DATA)+DAI_HORA+DAI_COD+DAI_SEQCAR+DAI_PEDIDO","Data + Hora + Cod. Carga + Seq. Carga + Pedido","Fecha + Hora + Cod. Carga + Sec. Carga + Pedido","Date + Time + Load Code + Load Seq. + Order","S","","","S"
"DAI","3","DAI_FILIAL+DAI_NFISCA+DAI_SERIE+DAI_CLIENT+DAI_LOJA","Nota Fiscal + Serie + Cliente + Loja","Factura + Serie + Cliente + Tienda","Invoice + Series + Customer + Unit","S","","","S"
"DAI","4","DAI_FILIAL+DAI_PEDIDO+DAI_COD+DAI_SEQCAR","Pedido + Cod. Carga + Seq. Carga","Pedido + Cod. Carga + Sec. Carga","Order + Load Code + Load Seq.","S","","","S"
"DAI","5","DAI_FILIAL+DAI_CLIENT+DAI_LOJA+DAI_PEDIDO+DAI_COD+DAI_SEQCAR","Cliente + Loja + Pedido + Cod. Carga + Seq. Carga","Cliente + Tienda + Pedido + Cod. Carga + Sec. Carga","Customer + Unit + Order + Load Code + Load Seq.","S","","","S"
"DAK","1","DAK_FILIAL+DAK_COD+DAK_SEQCAR","Cod. Carga + Seq. Carga","Cod. Carga + Sec. Carga","Load Code + Load Seq.","S","","","S"
"DAK","2","DAK_FILIAL+DTOS(DAK_DATA)+DAK_HORA+DAK_COD+DAK_SEQCAR","Data + Hora + Cod. Carga + Seq. Carga","Fecha + Hora + Cod. Carga + Sec. Carga","Date + Hour + Load Code + Load Seq.","S","","","S"
"DAK","3","DAK_FILIAL+DTOS(DAK_DTACCA)+DAK_COD+DAK_SEQCAR","Dt.Ret.Carga + Cod. Carga + Seq. Carga","Fc.Ajus.Carg + Cod. Carga + Sec. Carga","Load Adj.Dt. + Load Code + Load Seq.","S","","","S"
"DAL","1","DAL_FILIAL+DAL_DIASEM+DAL_ROTEIR","Dia Semana + Rota","Dia Semana + Ruta","Week Day + Route","S","","","S"
"DAL","2","DAL_FILIAL+DAL_ROTEIR+DAL_DIASEM","Rota + Dia Semana","Ruta + Dia Semana","Route + Week Day","S","","","S"
"DAM","1","DAM_FILIAL+DAM_CARGA+DAM_SEQCAR+DAM_LOTE+DAM_SEQUEN+DAM_PREFIX+DAM_NUMERO+DAM_PARCEL+DAM_TIPO","Carga + Seq. Carga + Lote Mov. + Seq. Lote + Prefixo + No. Titulo + Pa","Carga + Sec. Carga + Lote Mov. + Sec. Lote + Prefijo + Num. Titulo + C","Load + Load Seq. + Movem. Lote + Lot Sequence + Prefix + Bill Number +","S","","","S"
"DAM","2","DAM_FILIAL+DAM_PREFIX+DAM_NUMERO+DAM_PARCEL+DAM_TIPO+DAM_CLIENT+DAM_LOJA","Prefixo + No. Titulo + Parcela + Tipo + Cliente + Loja","Prefijo + Num. Titulo + Cuota + Tipo + Cliente + Tienda","Prefix + Bill Number + Installment + Type + Customer + Unit","S","","","S"
"DAM","3","DAM_FILIAL+DAM_CARGA+DAM_SEQCAR+DAM_CLIENT+DAM_LOJA+DAM_LOTE","Carga + Seq. Carga + Cliente + Loja + Lote Mov.","Carga + Sec. Carga + Cliente + Tienda + Lote Mov.","Load + Load Seq. + Customer + Unit + Movem. Lote","S","","","S"
"DAN","1","DAN_FILIAL+DAN_CODVEI+DAN_CODCAR+DAN_SEQCAR","Veiculo + Cod. Carga + Seq. Carga","Vehiculo + Cod. Carga + Sec. Carga","Vehicle + Load Code + Load Seq.","S","","","S"
"DAN","2","DAN_FILIAL+DAN_CODCAR+DAN_SEQCAR+DAN_CODVEI","Cod. Carga + Seq. Carga + Veiculo","Cod. Carga + Sec. Carga + Vehiculo","Load Code + Load Seq. + Vehicle","S","","","S"
"DAN","3","DAN_FILIAL+DAN_CODVEI+DTOS(DAN_DATFIM)+DAN_HORFIM","Veiculo + Data Final + Hora Final","Vehiculo + Fch.Final + Hora Final","Vehicle + Final Date + Final Time","S","","","N"
"DAP","1","DAP_FILIAL+DAP_CARGA+DAP_SEQCAR+DAP_CODGRU","Carga + Sequencia + Cod. Grupo","Carga + Secuencia + Cod. Grupo","Load + Sequence + Group Code","S","","","S"
"DAQ","1","DAQ_FILIAL+DAQ_IDVEND","Ident Vendas","Ident Ventas","Sales Ident.","S","","","S"
"DAQ","2","DAQ_FILIAL+DAQ_CARGA+DAQ_NF+DAQ_SERIE+DAQ_PRODUT+DAQ_IDVEND","Carga + N Fiscal + Serie + Vasilhame + Ident Vendas","Carga + Factura + Serie + Envase + Ident Ventas","Load + Invoice + Series + Bottle + Sales Ident.","S","","","S"
"DAR","1","DAR_FILIAL+DAR_FILENT+DAR_ENTIDA+DAR_CODENT+DAR_LATITU+DAR_LONGIT","Filial Ent. + Entidade + Cod.Entidade + Latitude + Longitude","Sucursal Ent + Entidad + Cod. Entidad + Latitud + Longitud","Entity Brc. + Entity + Entity Code + Latitude + Longitude","S","","","S"
"DAR","2","DAR_FILIAL+DAR_LATITU+DAR_LONGIT","Latitude + Longitude","Latitud + Longitud","Latitude + Longitude","S","","","S"
"DAU","1","DAU_FILIAL+DAU_COD","Codigo","Codigo","Code","S","","","S"
"DAU","2","DAU_FILIAL+DAU_NOME","Ajudante","Ayudante","Assistant","S","","","S"
"DAU","3","DAU_FILIAL+DAU_CGC","CNPJ/CPF","CNPJ/CPF","CNPJ/CPF","S","","","S"
"DB0","1","DB0_FILIAL+DB0_CODMOD","Codigo","Codigo","Code","S","","","S"
"DB0","2","DB0_FILIAL+DB0_TIPCAR+DB0_CODMOD","Tipo Carga + Codigo","Tipo Carga + Codigo","Load Type + Code","S","","","S"
"DB1","1","DB1_FILIAL+DB1_NRAVRC","Numero Aviso","Numero Aviso","Warn Number","S","","","S"
"DB1","2","DB1_FILIAL+DB1_NRDOC+DB1_CLIFOR+DB1_LOJA","Numero Docto + Cliente/Forn + Loja","Numero Doc. + Cliente/Prov + Tienda","Docm. Number + Suppl/Custom + Unit","S","","","S"
"DB1","3","DB1_FILIAL+DB1_IDVEI","Iden.Veiculo","Iden.Vehicul","Vehcl. Iden.","S","","","S"
"DB2","1","DB2_FILIAL+DB2_DOC+DB2_SERIE","Numero Docto + Serie","Numero Doc. + Serie","Docm. Number + Series","S","","","S"
"DB2","2","DB2_FILIAL+DB2_NRAVRC+DB2_ITEM","Numero Aviso + Item","Numero Aviso + Item","Warn. Number + Item","S","","","S"
"DB3","1","DB3_FILIAL+DB3_NRAVRC+DB3_ITDOC+DB3_ITEM","Numero Aviso + Item Docto. + Item","Numero Aviso + Item Doc. + Item","Warn. Number + Docm. Item + Item","S","","","S"
"DBN","1","DBN_FILIAL+DBN_CODUNI+DBN_SEQENT+DBN_CARGA+DBN_SEQCAR","Cod. unitiza + Seq.Entrega + Carga + Seq. Carga","Cod.unitizad + Sec.Entrega + Carga + Sec. Carga","Unitiz.Code + Delivery Seq + Load + Load Seq.","S","","","S"
"DBN","2","DBN_FILIAL+DBN_PEDIDO+DBN_SEQUEN+DBN_ITEM+DBN_CODPRO+DBN_UNITIZ","Pedido + Sequencia + Item Pedido + Cod.Produto + Nr. Pallet","Pedido + Secuencia + Item Pedido + Cod.Producto + Nro. Pallet","Order + Sequence + Order Item + Product Code + Pallet Nr.","S","","","S"
"DBN","3","DBN_FILIAL+DBN_PEDIDO+DBN_ITEM+DBN_SEQUEN+DBN_CARGA+DBN_UNITIZ+DBN_CODPRO","Pedido + Item Pedido + Sequencia + Carga + Nr. Pallet + Cod.Produto","Pedido + Item Pedido + Secuencia + Carga + Nro. Pallet + Cod.Producto","Order + Order Item + Sequence + Load + Pallet Nr. + Product Code","S","","","S"
"DBN","4","DBN_FILIAL+DBN_CARGA+DBN_UNITIZ+DBN_CODPRO","Carga + Nr. Pallet + Cod.Produto","Carga + Nro. Pallet + Cod.Producto","Load + Pallet Nr. + Product Code","S","","","S"
"DC1","1","DC1_FILIAL+DC1_CODUNI","Unitizador","Unitizador","Unitizator","S","DC1","","S"
"DC1","2","DC1_FILIAL+DC1_DESUNI","Desc Unitiz","Desc Unitiz","Unitiz.Descr","S","","","S"
"DC2","1","DC2_FILIAL+DC2_CODNOR","Codigo Norma","Codigo Norma","Rule Code","S","DC2","","S"
"DC2","2","DC2_FILIAL+DC2_DESNOR","Descr. Norma","Descr. Norma","Rule Desc.","S","","","S"
"DC2","3","DC2_FILIAL+DC2_CODUNI","Unitizador","Unitizador","Unitizer","S","DC1","","S"
"DC3","1","DC3_FILIAL+DC3_CODPRO+DC3_LOCAL+DC3_ORDEM","Cod. Produto + Armazem + Ordem","Cod.Producto + Deposito + Orden","Product Code + Warehouse + Order","S","SB1","","S"
"DC3","2","DC3_FILIAL+DC3_CODPRO+DC3_LOCAL+DC3_TPESTR","Cod. Produto + Armazem + Estr.Fisica","Cod.Producto + Deposito + Estr.Fisica","Product Code + Warehouse + Phys.Struct.","S","SB1","","S"
"DC3","3","DC3_FILIAL+DC3_CODNOR","Cod. Norma","Cod.Norma","Rule Code","S","DC2","","S"
"DC3","4","DC3_FILIAL+DC3_TPESTR","Estr.Fisica","Estr.Fisica","Phys.Struct.","S","","","S"
"DC4","1","DC4_FILIAL+DC4_CODZON","Codigo Zona","Codigo Zona","Area Code","S","DC4","","S"
"DC4","2","DC4_FILIAL+DC4_DESZON","Descr. Zona","Descr. Zona","Area Desc.","S","","","S"
"DC5","1","DC5_FILIAL+DC5_SERVIC+DC5_ORDEM","Cod. Servico + Ordem","Cod.Servicio + Orden","Service Code + Order","S","DC5","","S"
"DC5","2","DC5_FILIAL+DC5_TAREFA","Cod. Tarefa","Cod.Tarea","Task Code","S","DC6","","S"
"DC5","3","DC5_FILIAL+DC5_FUNEXE","Funcao Exec","Funcion Ejec","Func.to Exec","S","","","S"
"DC6","1","DC6_FILIAL+DC6_TAREFA+DC6_ORDEM","Cod. Tarefa + Ordem","Cod. Tarea + Orden","Task Code + Order","S","DC6","","S"
"DC6","2","DC6_FILIAL+DC6_TAREFA+DC6_ATIVID","Cod. Tarefa + Cod.Atividad","Cod. Tarea + Cod.Activid.","Task Code + Activ. Code","S","DC6","","S"
"DC7","1","DC7_FILIAL+DC7_CODCFG+DC7_SEQUEN","Codigo Conf. + Item","Codigo Conf. + Item","Config.Code + Item","S","DC7","","S"
"DC8","1","DC8_FILIAL+DC8_CODEST","Estrutura","Estructura","Structure","S","DC8","","S"
"DC8","2","DC8_FILIAL+DC8_DESEST","Descricao","Descripcion","Description","S","","","S"
"DC8","3","DC8_FILIAL+DC8_TPESTR","Tipo Estrut.","Tipo Estruct","Struct.Type","S","","","S"
"DC9","1","DC9_FILIAL+DC9_LOCAL+DC9_ESTFIS","Local + Cod.Est.Fisi","Lugar + Cod.Est.Fis.","Location + Ph.Str.Code","S","XXX+DC8","","S"
"DC9","2","DC9_FILIAL+DC9_ESTFIS","Cod.Est.Fisi","Cod.Est.Fis.","Ph.Str.Code","S","DC8","","S"
"DCA","1","DCA_FILIAL+DCA_SEQMOV","Seq. Movimen","Sec.Movimien","Transac.Seq.","S","","","S"
"DCB","1","DCB_FILIAL+DCB_TIPSER+DCB_SEQROT","Tipo Servico + Seq.Movimen.","Tipo Servic. + Sec.Movimien","Service Type + Transac.Seq.","S","","","S"
"DCC","1","DCC_FILIAL+DCC_TIPCAR+DCC_SEQUEN+DCC_ESTFIS","Tipo Carga + Sequencia + Estru Fisica","Tipo Carga + Secuencia + Estr. Fisica","Load Type + Sequence + Phys.Struct.","S","","","S"
"DCD","1","DCD_FILIAL+DCD_CODFUN","Funcionario","Empleado","Employee","S","","","S"
"DCE","1","DCE_FILIAL+DCE_CODFUN","Funcionario","Empleado","Employee","S","","","S"
"DCF","1","DCF_FILIAL+DCF_SERVIC+DCF_CODPRO+DCF_CLIFOR","Cod. Servico + Cod. Produto + Cliente","Cod.Servicio + Cod.Producto + Cliente","Service Code + Product Code + Customer","S","","","S"
"DCF","2","DCF_FILIAL+DCF_SERVIC+DCF_DOCTO+DCF_SERIE+DCF_CLIFOR+DCF_LOJA+DCF_CODPRO","Cod. Servico + Documento + Serie + Cliente + Loja + Cod. Produto","Cod.Servicio + Documento + Serie + Cliente + Tienda + Cod.Producto","Service Code + Document + Series + Customer + Unit + Product Code","S","","","S"
"DCF","3","DCF_FILIAL+DCF_SERVIC+DCF_CODPRO+DCF_DOCTO+DCF_SERIE+DCF_CLIFOR+DCF_LOJA","Cod. Servico + Cod. Produto + Documento + Serie + Cliente + Loja","Cod.Servicio + Cod.Producto + Documento + Serie + Cliente + Tienda","Service Code + Product Code + Document + Series + Customer + Unit","S","","","S"
"DCF","4","DCF_FILIAL+DCF_SERVIC+DCF_CARGA+DCF_UNITIZ","Cod. Servico + Carga + Nr. Pallet","Cod.Servicio + Carga + Nro. Pallet","Service Code + Load + Pallet No.","S","","","S"
"DCF","5","DCF_FILIAL+DCF_SERVIC+DCF_CODPRO+DCF_CARGA+DCF_UNITIZ","Cod. Servico + Cod. Produto + Carga + Nr. Pallet","Cod.Servicio + Cod.Producto + Carga + Nro. Pallet","Service Code + Product Code + Load + Pallet No.","S","","","S"
"DCF","6","DCF_FILIAL+DCF_SERVIC+DCF_CLIFOR+DCF_LOJA+DCF_CARGA+DCF_UNITIZ","Cod. Servico + Cliente + Loja + Carga + Nr. Pallet","Cod.Servicio + Cliente + Tienda + Carga + Nro. Pallet","Service Code + Customer + Unit + Load + Pallet No.","S","","","S"
"DCF","7","DCF_FILIAL+DCF_DOCORI+DCF_SERORI","Dco.Original + Serie Orig.","Dcto.Orig. + Serie Orig.","Original Doc + Orig. Series","S","","","S"
"DCG","1","DCG_FILIAL+DCG_CODPRO+DCG_SERVIC","Produto + Servico","Producto + Servicio","Product + Service","S","","","S"
"DCH","1","DCH_FILIAL+DCH_CODPRO+DCH_CODZON","Produto + Codigo Zona","Producto + Codigo Zona","Product + Area Code","S","","","S"
"DCI","1","DCI_FILIAL+DCI_CODFUN+STR(DCI_ORDFUN,2)+DCI_FUNCAO","Funcionario + Ordem Funcao + Funcao","Empleado + Orden Func. + Funcion","Employee + Funct.Seq. + Function","S","","","S"
"DCI","2","DCI_FILIAL+DCI_CODFUN+DCI_FUNCAO+STR(DCI_ORDFUN,2)","Funcionario + Funcao + Ordem Funcao","Empleado + Funcion + Orden Func.","Employee + Function + Funct.Seq.","S","","","S"
"DCI","3","DCI_FILIAL+DCI_FUNCAO+STR(DCI_ORDFUN,2)+DCI_CODFUN","Funcao + Ordem Funcao + Funcionario","Funcion + Orden Func. + Empleado","Function + Funct.Seq. + Employee","S","","","S"
"DCJ","1","DCJ_FILIAL+DCJ_SEQMOV+DCJ_SEQUEN","Cod. Movimen + Sequencia","Cod. Movim. + Secuencia","Movem.Code + Sequence","S","","","S"
"DCK","1","DCK_FILIAL+DCK_CODOPL+DCK_LOJOPL","Cod Cliente + Loja Cliente","Cod. Cliente + Tda. Cliente","Custom.Code + Custom.Unit","S","","","S"
"DCK","2","DCK_FILIAL+DCK_CODCLI+DCK_LOJCLI","Cod Cliente + Loja Cliente","Cod. Cliente + Tda. Cliente","Custom.Code + Custom.Unit","S","","","S"
"DCK","3","DCK_FILIAL+DCK_CGC","CNPJ / CPF","CNPJ / CPF","CNPJ / CPF","S","","","S"
"DCL","1","DCL_FILIAL+DCL_CODIGO+DCL_ORDEM","Cod. Excecao + Ordem","Cod.Excepc. + Orden","Excep. Code + Order","S","","","S"
"DCM","1","DCM_FILIAL+DCM_OCORRE","Ocorrencia","Ocurrencia","Occurence","S","DCM","","S"
"DCM","2","DCM_FILIAL+DCM_DESCRI","Desc.Ocorren","Desc.Ocurren","Occur. Desc.","S","","DCM2","S"
"DCN","1","DCN_FILIAL+DCN_NUMERO+DCN_OCORR+DCN_PROD+DTOS(DCN_DTINI)+DCN_ENDER","Numero Ocorr + Ocorrencia + Produto + Data Inicial + Endereco","Numero Ocurr + Evento + Producto + Fch. Inicial + Direccion","Occur. No. + Occurence + Product + Initial Date + Address","S","XXX+DCM+SB1+XXX+SBE","DCN1","S"
"DCN","2","DCN_FILIAL+DCN_PROD+DCN_LOCAL+DCN_NUMSEQ+DCN_DOC+DCN_SERIE+DCN_CLIFOR+DCN_LOJA+DCN_ITEM","Produto + Armazem + Num.Sequenc. + Documento + Serie + Cliente/Forn +","Producto + Deposito + Nro.Secuenc. + Documento + Serie + Cliente/Prov","Product + Warehouse + Sequet. No. + Document + Series + Custm/Suppl. +","S","SB1+XXX+XXX+XXX+XXX+DL2+XXX+XXX","DCN2","S"
"DCO","1","DCO_FILIAL+DCO_UNITIZ+DCO_CODANA","Unitizador + Cod.Analitic","Unitizador + Cod. Analit.","Unitizer + Detail. Code","S","DC1+DCO","DCO1","S"
"DCP","1","DCP_FILIAL+DCP_LOCAL+DCP_ENDERE+DCP_ESTFIS+DCP_NORMA+DCP_CODPRO","Armazem + Endereco + Estrutura + Norma + Produto","Deposito + Direccion + Estructura + Norma + Producto","Warehouse + Address + Structure + Rule + Product","S","XXX+SBE+DC8+DC2+SB1","DCP01","S"
"DCP","2","DCP_FILIAL+DCP_ENDERE","Endereco","Direccion","Address","S","SBE","DCP02","S"
"DCP","3","DCP_FILIAL+DCP_ESTFIS","Estrutura","Estructura","Structure","S","DC8","DCP03","S"
"DCP","4","DCP_FILIAL+DCP_NORMA","Norma","Norma","Rule","S","DC2","DCP04","S"
"DCP","5","DCP_FILIAL+DCP_CODPRO","Produto","Producto","Product","S","SB1","DCP05","S"
"DE0","1","DE0_FILIAL+DE0_CODLAY+DE0_CODREG","Cod. Layout + Registro","Cod. Layout +","Layout Code +","S","","","S"
"DE0","2","DE0_FILIAL+DE0_CODLAY+DE0_IDTREG","Cod. Layout + Identif Reg","Cod. Layout +","Layout Code +","S","","","S"
"DE0","3","DE0_FILIAL+DE0_CODREG","Registro","","","S","","","S"
"DE0","4","DE0_FILIAL+DE0_CODLAY+DE0_CODRCP","Cod. Layout + Reg. Complem","Cod. Layout +","Layout Code +","S","","","S"
"DE1","1","DE1_FILIAL+DE1_CODLAY+DE1_CODREG","Cod Layout + Cod Registro","+","+","S","","","S"
"DE1","2","DE1_FILIAL+DE1_CODLAY+DE1_CODREG+DE1_SEQUEN","Cod Layout + Cod Registro + Sequencia","+  +","+  +","S","","","S"
"DE2","1","DE2_FILIAL+DE2_CODCLI+DE2_LOJCLI+DE2_CODLAY+DTOS(DE2_DTALOG)","Cod. Cliente + Loja Cliente + Cod Layout + Data do Erro","+  +  +","+  +  +","S","","","S"
"DE3","1","DE3_FILIAL+DE3_CODREG","Registro","","","S","","","S"
"DE4","1","DE4_FILIAL+DE4_CNPJ+DE4_CNPJ1","CNPJ + CNPJ Agrup","+","+","S","","","S"
"DE5","1","DE5_FILIAL+DE5_CGCREM+DE5_DOC+DE5_SERIE","CGC  Remet. + No Docto + Serie Docto","+  +","+  +","S","","","S"
"DE5","2","DE5_FILIAL+DE5_STATUS+DE5_CGCREM+DE5_DOC+DE5_SERIE","Status + CGC  Remet. + No Docto + Serie Docto","+  +  +","+  +  +","S","","","S"
"DE5","3","DE5_FILIAL+DE5_FILDPC+DE5_CTRDPC+DE5_STATUS+DE5_DOC+DE5_SERIE","Filial Desp. + CTRC Desp. + Status + No Docto + Serie Docto","Suc. Desp. + CTRC Desp. +  +  +","Frw.Ag.Br. + Frw Ag CTRC +  +  +","S","","","S"
"DE6","1","DE6_FILIAL+DE6_CODCLI+DE6_LOJCLI+DE6_CODOCO","Cod. Cliente + Loja Cliente + Cod. Ocorre.","+  +","+  +","S","","","S"
"DE7","1","DE7_FILIAL+DE7_CODCLI+DE7_LOJCLI+DE7_CODPRO","Cod. Cliente + Loja Cliente + Cod. Produto","+  +","+  +","S","","","S"
"DE7","2","DE7_FILIAL+DE7_CODCLI+DE7_LOJCLI+DE7_PRDEMB","Cod. Cliente + Loja Cliente + Prod.Embarc.","+  +","+  +","S","","","S"
"DE8","1","DE8_FILIAL+DE8_CODLAY+DE8_CODREG+DE8_CODRCP","Cod Layout + Cod Reg Pri + Cod Reg Comp","Cod Layout + Cod Arch Pri + Cod Arch Com","Layout Code + Main Rec Cod + Comp Rec Cod","S","","","S"
"DE8","2","DE8_FILIAL+DE8_CODLAY+DE8_CODRCP+DE8_CODREG","Cod Layout + Cod Reg Comp + Cod Reg Pri","Cod Layout + Cod Arch Com + Cod Arch Pri","Layout Code + Comp Rec Cod + Main Rec Cod","S","","","S"
"DE9","1","DE9_FILIAL+DE9_CODLAY","Codigo","","","S","","","S"
"DEA","1","DEA_FILIAL+DEA_MUN+DEA_EST","Municipio + Estado","+ Provincia","+ Status","S","","","S"
"DEC","1","DEC_FILIAL+DEC_CODCLI+DEC_LOJCLI","Cod. Cliente + Loja Cliente","+","+","S","","","S"
"DEC","2","DEC_FILIAL+DEC_CODCLI+DEC_LOJCLI+DEC_CODLAY","Cod. Cliente + Loja Cliente + Codigo","+  +","+  +","S","","","S"
"DEC","3","DEC_FILIAL+DEC_CODLAY+DEC_CODCLI+DEC_LOJCLI","Codigo + Cod. Cliente + Loja Cliente","+  +","+  +","S","","","S"
"DED","1","DED_FILIAL+DED_CODLAY+DED_CODREG+DED_SEQITE","Cod Layout + Registro + Seq. Item","+  +","+  +","S","","","S"
"DEE","1","DEE_FILIAL+DEE_CODLAY+DEE_CODREG+DEE_SEQITE+DEE_SEQUEN","Cod Layout + Cod Registo + Seq. Item + Sequencia","+  +  +","+  +  +","S","","","S"
"DF0","1","DF0_FILIAL+DF0_NUMAGE","Agendamento","Agendamiento","Schedule","S","","","S"
"DF0","2","DF0_FILIAL+DF0_DDD+DF0_TEL","DDD + Telefone","DDN + Telefono","DDD + Telephone","S","","","S"
"DF1","1","DF1_FILIAL+DF1_NUMAGE+DF1_ITEAGE","Agendamento + Item","Agendamiento + Item","Schedule + Item","S","","","S"
"DF1","2","DF1_FILIAL+DF1_FILORI+DF1_NUMCOT","Fil.Origem + No. Cotacao","Suc.Origen + Nº Cotizac.","Brn.Origin + Quote number","S","","","S"
"DF1","3","DF1_FILIAL+DF1_FILDOC+DF1_DOC+DF1_SERIE","Fil.Docto. + No.Docto. + Serie Docto.","Suc. Dcto. + Nº Dcto. + Serie Docto.","Doc. brancch + Doc. number + Docum.Series","S","","","S"
"DF1","4","DF1_FILIAL+DF1_STACOL+DF1_NUMAGE","Status Col + Agendamento","Estatus Rec. + Agendamiento","PickupStatus + Schedule","S","","","S"
"DF1","5","DF1_FILIAL+DF1_NUMAGE+DF1_SEQUEN+DF1_ITEAGE","Agendamento + Sequencia + Item","Agendamiento + Secuencia + Item","Schedule + Sequence + Item","S","","","S"
"DF2","1","DF2_FILIAL+DF2_NUMAGE+DF2_ITEAGE+DF2_CODPRO","Agendamento + Item Agend. + Produto","Agendamiento + Item Agend. + Producto","Scheduling + Sched. item + Product","S","","","S"
"DF3","1","DF3_FILIAL+DF3_NUMAGE+DF3_ITEAGE+DF3_CODPRO+DF3_CODPAS","Agendamento + Item Agend. + Cod.Produto + Componente","Agendamiento + Item Agend. + Cod.Producto + Componente","Schedule + ScheduleItem + Product code + Component","S","","","S"
"DF4","1","DF4_FILIAL+DF4_NUMAGE+DF4_ITEAGE+DF4_CODPRO+DF4_ITEM","Agendamento + Item Agend. + Cod.Produto + Item","Agendamiento + Item Agend. + Cod.Producto + Item","Schedule + ScheduleItem + Product code + Item","S","","","S"
"DF5","1","DF5_FILIAL+DF5_NUMAGE+DF5_ITEAGE+DF5_ITEM+DF5_TIPVEI","Agendamento + Item Agend. + Item + Tipo Veiculo","Agendamiento + Item Agend. + Item + Tipo Vehicul","Schedule + Sched. item + Item + Vehicle type","S","","","S"
"DF5","2","DF5_FILIAL+DF5_NUMAGE+DF5_ITEAGE+DF5_TIPVEI","Agendamento + Item Agend. + Tipo Veiculo","Agendamiento + Item Agend. + Tipo Vehicul","Schedule + Sched. item + Vehicle type","S","","","S"
"DT0","1","DT0_FILIAL+DT0_TABFRE+DT0_TIPTAB+DT0_CDRORI+DT0_CDRDES+DT0_CODPRO","Tab.Frete + Tipo + Cod.Reg.Ori. + Cod.Reg.Des. + Produto","+  +  +  +","+  +  +  +","S","XXX+XXX+DUY+DUY+SB1","","S"
"DT0","2","DT0_FILIAL+DT0_CDRORI+DT0_CDRDES+DT0_TABFRE+DT0_TIPTAB+DT0_CODPRO","Cod.Reg.Ori. + Cod.Reg.Des. + Tab.Frete + Tipo + Produto","+  +  +  +","+  +  +  +","S","DUY+DUY+XXX+XXX+SB1","","S"
"DT0","3","DT0_FILIAL+DT0_CDRDES","Cod.Reg.Des.","","","S","","","S"
"DT0","4","DT0_FILIAL+DT0_CATTAB+DT0_TABFRE+DT0_TIPTAB+DT0_CDRORI+DT0_CDRDES+DT0_CODPRO","Categ.Tabela + Tab.Frete + Tipo + Cod.Reg.Ori. + Cod.Reg.Des. + Produt","+  +  +  +  +","+  +  +  +  +","S","XXX+XXX+XXX+DUY+DUY+SB1","","S"
"DT1","1","DT1_FILIAL+DT1_TABFRE+DT1_TIPTAB+DT1_CDRORI+DT1_CDRDES+DT1_CODPRO+DT1_CODPAS+DT1_ITEM","Tab.Frete + Tipo + Cod.Reg.Ori. + Cod.Reg.Des. + Produto + Componente","+  +  +  +  +  +","+  +  +  +  +  +","S","","","S"
"DT2","1","DT2_FILIAL+DT2_CODOCO","Codigo","","","S","","","S"
"DT2","2","DT2_FILIAL+DT2_DESCRI","Descricao","","","S","","","S"
"DT2","3","DT2_FILIAL+DT2_SERTMS+DT2_TIPOCO+DT2_CODOCO","Serv.Transp + Tipo + Codigo","+  +","+  +","S","","","S"
"DT3","1","DT3_FILIAL+DT3_CODPAS","Componente","","","S","","","S"
"DT3","2","DT3_FILIAL+DT3_DESCRI","Descricao","","","S","","","S"
"DT4","1","DT4_FILIAL+DT4_FILORI+DT4_NUMCOT","Fil.Origem + No.Cotacao","+","+","S","","","S"
"DT4","2","DT4_FILIAL+DT4_DDD+DT4_TEL+DT4_FILORI+DT4_NUMCOT","DDD + Telefone + Fil.Origem + No.Cotacao","+  +  +","+  +  +","S","","","S"
"DT4","3","DT4_FILIAL+DT4_STATUS+DT4_FILORI+DT4_CLIREM+DT4_LOJREM+DT4_CLIDES+DT4_LOJDES","Status + Fil.Origem + Remetente + Loja Remet. + Destinatario + Loja De","+  +  +  +  +","+  +  +  +  +","S","","","S"
"DT4","4","DT4_FILIAL+DT4_NUMCOT","No.Cotacao","","","S","","","S"
"DT4","5","DT4_FILIAL+DT4_TABFRE+DT4_TIPTAB+DT4_SEQTAB+DT4_CDRORI+DT4_CDRDES","Tabela Frete + Tp.Tab.Frete + Sq.Tab Frete + Cod.Reg.Ori. + Cod.Reg.De","+  +  +  +","+  +  +  +","S","","","S"
"DT4","6","DT4_FILIAL+DT4_DDD+DT4_TEL+DT4_CDRDES+DTOS(DT4_DATCOT)","DDD + Telefone + Cod.Reg.Des. + Data","+  +  +","+  +  +","S","","","S"
"DT4","7","DT4_FILIAL+DT4_FILORI+DT4_STATUS+DTOS(DT4_PRZVAL)","Fil.Origem + Status + Prz.Validade","+  +","+  +","S","","","S"
"DT5","1","DT5_FILIAL+DT5_FILORI+DT5_NUMSOL","Fil.Origem + No.Sl.Coleta","+","+","S","XXX+XXX","","S"
"DT5","2","DT5_FILIAL+DT5_DDD+DT5_TEL+DTOS(DT5_DATSOL)","DDD + Telefone + Data","+  +","+  +","S","DUE+XXX+XXX","","S"
"DT5","3","DT5_FILIAL+DT5_NUMSOL","No.Sl.Coleta","","","S","XXX","","S"
"DT5","4","DT5_FILIAL+DT5_FILDOC+DT5_DOC+DT5_SERIE","Fil.Docto. + No.Docto. + Serie Docto.","+  +","+  +","S","XXX+XXX+XXX","","S"
"DT5","5","DT5_FILIAL+DT5_FILORI+DT5_NUMCOT","Fil.Origem + No.Cotacao","+","+","S","XXX","","S"
"DT6","1","DT6_FILIAL+DT6_FILDOC+DT6_DOC+DT6_SERIE","Fil.Docto. + No.Docto. + Serie Docto.","+  +","+  +","S","","","S"
"DT6","2","DT6_FILIAL+DT6_FILORI+DT6_LOTNFC+DT6_FILDOC+DT6_DOC+DT6_SERIE","Fil.Origem + No.Lote TMS + Fil.Docto. + No.Docto. + Serie Docto.","+  +  +  +","+  +  +  +","S","","","S"
"DT6","3","DT6_FILIAL+DT6_TABFRE+DT6_TIPTAB+DT6_CLICAL+DT6_LOJCAL","Tabela Frete + Tp.Tab.Frete + Cli. Calculo + Loja Calculo","+  +  +","+  +  +","S","","","S"
"DT6","4","DT6_FILIAL+DT6_NCONTR+DT6_SERVIC","No.Contrato + Servico","+","+","S","","","S"
"DT6","5","DT6_FILIAL+DT6_FILORI+DT6_LOTNFC+DT6_PRIPER","Fil.Origem + No.Lote TMS + Doc.1o.Perc.","+  +","+  +","S","","","S"
"DT6","6","DT6_FILIAL+DT6_CLIREM+DT6_LOJREM+DT6_LOTCET+DT6_FILDOC+DT6_DOC+DT6_SERIE","Remetente + Loja Remet. + Lote Cpv.Ent + Fil.Docto. + No.Docto. + Seri","+  +  +  +  +","+  +  +  +  +","S","","","S"
"DT6","7","DT6_FILIAL+DT6_CLIDES+DT6_LOJDES","Destinatario + Loja Dest.","+","+","S","","","S"
"DT6","8","DT6_FILIAL+DT6_FILDCO+DT6_DOCDCO+DT6_SERDCO","Fil.Doc.Orig + No.Doc.Orig + Ser.Doc.Orig","+  +","+  +","S","","","S"
"DT6","9","DT6_FILIAL+DT6_NUMCMP+DT6_FILDOC","N.Composicao + Fil.Docto.","+","+","S","","","S"
"DT7","1","DT7_FILIAL+DT7_CODDES","Cod.Despesa","","","S","","","S"
"DT7","2","DT7_FILIAL+DT7_DESCRI","Descricao","","","S","","","S"
"DT8","1","DT8_FILIAL+DT8_FILORI+DT8_NUMCOT+DT8_CODPRO+DT8_CODPAS","Fil.Origem + No.Cotacao + Produto + Componente","+  + Producto +","+  + Product +","S","","","S"
"DT8","2","DT8_FILIAL+DT8_FILDOC+DT8_DOC+DT8_SERIE+DT8_CODPRO+DT8_CODPAS","Fil.Docto. + No.Docto. + Serie Docto. + Produto + Componente","+  +  + Producto +","+  +  + Product +","S","","","S"
"DT8","3","DT8_FILIAL+DT8_NUMAWB+DT8_CODPAS","No. AWB + Componente","+","+","S","","","S"
"DT8","4","DT8_FILIAL+DT8_TABFRE+DT8_TIPTAB+DT8_CDRORI+DT8_CDRDES+DT8_SEQTAB+DT8_FILDOC+DT8_DOC+DT8_SERIE","Tab.Frete + Tipo Tabela + Cod.Reg.Orig + Cod.Reg.Dest + Seq.Tab.Fre +","Tab.Flete + Tipo Tabla +  +  + Sec.Tab.Fle +  +  +","Frgt. Table + Table Type +  +  + Frg.Tab.Seq. +  +  +","S","","","S"
"DT9","1","DT9_FILIAL+DT9_NCONTR+DT9_SERVIC+DT9_CODPAS","No.Contrato + Servico + Componente","+  +","+  +","S","","","S"
"DTA","1","DTA_FILIAL+DTA_FILDOC+DTA_DOC+DTA_SERIE+DTA_FILORI+DTA_VIAGEM","Fil.Docto. + No.Docto. + Serie Docto. + Fil.Origem + Viagem","+  +  +  +","+  +  +  +","S","","","S"
"DTA","2","DTA_FILIAL+DTA_FILORI+DTA_VIAGEM+DTA_FILDOC+DTA_DOC+DTA_SERIE","Fil.Origem + Viagem + Fil.Docto. + No.Docto. + Serie Docto.","+  +  +  +","+  +  +  +","S","","","S"
"DTA","3","DTA_FILIAL+DTA_LOCAL+DTA_LOCALI+DTA_FILDOC+DTA_DOC+DTA_SERIE+DTA_FILORI+DTA_VIAGEM","Armazem + Endereco + Fil.Docto. + No.Docto. + Serie Docto. + Fil.Orige","+  +  +  +  +  +","+  +  +  +  +  +","S","","","S"
"DTA","4","DTA_FILIAL+DTA_SERTMS+DTA_TIPTRA+DTA_FILORI+DTA_VIAGEM+DTA_FILDOC+DTA_DOC+DTA_SERIE","Serv.Transp. + Tipo Transp. + Fil.Origem + Viagem + Fil.Docto. + No.Do","+  +  +  +  +  +","+  +  +  +  +  +","S","","","S"
"DTB","1","DTB_FILIAL+DTB_NUMLIB+DTB_CODMOT+DTB_ITEM","N. Liberacao + Cd.Motorista + Item","+  +","+  +","S","","","S"
"DTC","1","DTC_FILIAL+DTC_FILORI+DTC_LOTNFC+DTC_CLIREM+DTC_LOJREM+DTC_CLIDES+DTC_LOJDES+DTC_SERVIC+DTC_CODPRO+DTC_NUMNFC+DTC_SERNFC","Fil.Origem + No.Lote + Remetente + Loja Remet. + Destinatario + Loja D","+  +  +  +  +  +  +  +  +","+  +  +  +  +  +  +  +  +","S","XXX+XXX+SA1+XXX+SA1+XXX+SB1+XXX+XXX+XXX","","S"
"DTC","2","DTC_FILIAL+DTC_NUMNFC+DTC_SERNFC+DTC_CLIREM+DTC_LOJREM+DTC_CODPRO+DTC_FILORI+DTC_LOTNFC","Nf Cliente + Serie Nf + Remetente + Loja Remet. + Cod. Produto + Fil.O","+  +  +  +  +  +","+  +  +  +  +  +","S","XXX+XXX+SA1+XXX+XXX+DTP","","S"
"DTC","3","DTC_FILIAL+DTC_FILDOC+DTC_DOC+DTC_SERIE+DTC_SERVIC+DTC_CODPRO","Fil.Docto. + No.Docto. + Serie Docto. + Servico + Cod. Produto","+  +  +  +","+  +  +  +","S","XXX+XXX+XXX","","S"
"DTC","4","DTC_FILIAL+DTC_FILDOC+DTC_DOCPER+DTC_SERIE+DTC_SERVIC+DTC_CODPRO","Fil.Docto. + Doc.1o.Perc. + Serie Docto. + Servico + Cod. Produto","+  +  +  +","+  +  +  +","S","XXX+XXX+XXX","","S"
"DTC","5","DTC_FILIAL+DTC_CLIREM+DTC_LOJREM+DTC_NUMNFC+DTC_SERNFC","Remetente + Loja Remet. + Nf Cliente + Serie Nf","+  +  +","+  +  +","S","SA1+XXX+XXX+XXX","","S"
"DTC","6","DTC_FILIAL+DTC_CLIDES+DTC_LOJDES+DTC_NUMNFC+DTC_SERNFC","Destinatario + Loja Dest. + Nf Cliente + Serie Nf","+  +  +","+  +  +","S","SA1+XXX+XXX+XXX","","S"
"DTC","7","DTC_FILIAL+DTC_DOC+DTC_SERIE+DTC_FILDOC+DTC_NUMNFC+DTC_SERNFC","No.Docto. + Serie Docto. + Fil.Docto. + Nf Cliente + Serie Nf","+  +  +  +","+  +  +  +","S","XXX+XXX+XXX","","S"
"DTC","8","DTC_FILIAL+DTC_FILORI+DTC_NUMSOL","Fil.Origem + No.Sl.Coleta","+","+","S","","","S"
"DTD","1","DTD_FILIAL+DTD_CDRORI+DTD_CDRDES+DTD_TIPTRA","Cod.Reg.Ori. + Cod.Reg.Des. + Tipo Transp.","+  +","+  +","S","ACY+ACY+XXX+XXX+SA1+XXX","","S"
"DTE","1","DTE_FILIAL+DTE_FILORI+DTE_NUMNFC+DTE_SERNFC+DTE_CLIREM+DTE_LOJREM+DTE_CODPRO","Fil.Origem + Nf Cliente + Serie Nf Cli + Remetente + Loja Remet. + Pro","+  +  +  +  + Producto","+  +  +  +  + Product","S","","","S"
"DTE","2","DTE_FILIAL+DTE_FILORI+DTE_NUMCOT+DTE_CODPRO","Fil.Origem + No.Cotacao + Produto","+  + Producto","+  + Product","S","","","S"
"DTE","3","DTE_FILIAL+DTE_FILORI+DTE_NUMSOL+DTE_ITESOL","Fil.Origem + No.Sl.Coleta + It.Sl.Coleta","+  +","+  +","S","","","S"
"DTF","1","DTF_FILIAL+DTF_TABFRE+DTF_TIPTAB+DTF_TABTAR","Tab.Frete + Tipo + Tab.Tarifa","+  +","+  +","S","","","S"
"DTG","1","DTG_FILIAL+DTG_TABFRE+DTG_TIPTAB+DTG_TABTAR+DTG_CODPAS+DTG_ITEM","Tab.Frete + Tipo + Tab. Tarifa + Componente + Item","+  +  +  +","+  +  +  +","S","","","S"
"DTG","2","DTG_FILIAL+DTG_CODPAS","Componente","","","S","","","S"
"DTH","1","DTH_FILIAL+DTH_CLIDEV+DTH_LOJDEV+DTH_CDRDES","Devedor + Loja Devedor + Cod.Reg.Des.","+  +","+  +","S","","","S"
"DTI","1","DTI_FILIAL+DTI_CLIREM+DTI_LOJREM+DTI_CLIDES+DTI_LOJDES","Remetente + Loja Remet. + Destinatario + Loja Dest.","+  +  +","+  +  +","S","","","S"
"DTJ","1","DTJ_FILIAL+DTJ_CNDREM+DTJ_CNDDES+DTJ_CNDCON+DTJ_CNDDEP","Cond.Remet. + Cond.Dest. + Cond.Consig. + Cond.Despach","+  +  +","+  +  +","S","","","S"
"DTK","1","DTK_FILIAL+DTK_TABFRE+DTK_TIPTAB+DTK_CDRORI+DTK_CDRDES+DTK_CODPRO+DTK_CODPAS","Tabela Frete + Tp.Tab.Frete + Cod.Reg.Ori. + Cod.Reg.Des. + Produto +","+  +  +  +  +","+  +  +  +  +","S","","","S"
"DTL","1","DTL_FILIAL+DTL_TABFRE+DTL_TIPTAB","Tabela Frete + Tipo Tabela","+","+","S","","","S"
"DTM","1","DTM_FILIAL+DTM_TABCAR+DTM_ROTA+DTM_ITEM","Tab.Carret. + Rota + Item","+  +","+  +","S","","","S"
"DTN","1","DTN_FILIAL+DTN_GRPVEN+DTN_ITEM","Grupo + Item","+","+","S","DUY+XXX","","S"
"DTN","2","DTN_FILIAL+DTN_GRPVEN+DTN_SERTMS+DTN_TIPTRA","Grupo + Serv.Transp. + Tipo Transp.","+  +","+  +","S","DUY+XXX+XXX","","S"
"DTO","1","DTO_FILIAL+DTO_NUMENT","No.Entrada","","","S","XXX","","S"
"DTO","2","DTO_FILIAL+DTO_CODMOT+DTO_STATUS+DTO_NUMENT","Cd.Motorista + Status + No.Entrada","+  +","+  +","S","DA4+XXX+XXX","","S"
"DTO","3","DTO_FILIAL+DTO_STATUS+DTO_NUMENT","Status + No.Entrada","+","+","S","XXX+XXX","","S"
"DTO","4","DTO_FILIAL+DTO_NUMLIB+DTO_STATUS","No.Liberacao + Status","+","+","S","XXX+XXX","","S"
"DTO","5","DTO_CODMOT+DTO_STATUS","Cd.Motorista + Status","+","+","S","","","S"
"DTP","1","DTP_FILIAL+DTP_LOTNFC","No.Lote","","","S","","","S"
"DTP","2","DTP_FILIAL+DTP_FILORI+DTP_LOTNFC","Fil.Origem + No.Lote","+","+","S","","","S"
"DTQ","1","DTQ_FILIAL+DTQ_VIAGEM","Viagem","","","S","","","S"
"DTQ","2","DTQ_FILIAL+DTQ_FILORI+DTQ_VIAGEM+DTQ_ROTA","Fil.Origem + Viagem + Rota","+  +","+  +","S","","","S"
"DTQ","3","DTQ_FILIAL+DTQ_SERTMS+DTQ_TIPTRA+DTQ_FILORI+DTQ_VIAGEM","Serv.Transp. + Tipo Transp. + Fil.Origem + Viagem","+  +  +","+  +  +","S","","","S"
"DTQ","4","DTQ_FILIAL+DTQ_ROTA+DTQ_FILORI+DTQ_VIAGEM","Rota + Fil.Origem + Viagem","+  +","+  +","S","","","S"
"DTQ","5","DTQ_FILIAL+DTQ_STATUS+DTQ_FILORI+DTQ_VIAGEM","Status + Fil.Origem + Viagem","Estatus +  +","Status +  +","S","","","S"
"DTR","1","DTR_FILIAL+DTR_FILORI+DTR_VIAGEM+DTR_ITEM","Fil.Origem + Viagem + Item","+  +","+  +","S","","","S"
"DTR","2","DTR_FILIAL+DTR_FILVGE+DTR_NUMVGE+DTR_ITEM","Fil.Vge.Orig + No.Vge.Orig + Item","+  +","+  +","S","","","S"
"DTR","3","DTR_FILIAL+DTR_FILORI+DTR_VIAGEM+DTR_CODVEI","Fil.Origem + Viagem + Cod.Veiculo","+  +","+  +","S","","","S"
"DTR","4","DTR_FILIAL+DTR_CODVEI+DTOS(DTR_DATINI)+DTR_HORINI+DTOS(DTR_DATFIM)+DTR_HORFIM","Cod.Veiculo + Data Inicio + Hora Inicio + Data Fim + Hora Fim","+ Fecha Inicio + Hora Inicio + Fecha Fin + Hora Fin","+ Initial Date + Plan.Ini.Tim + Final Date + Plan.Fin.Tim","S","","","S"
"DTR","5","DTR_FILIAL+DTR_CODRB1+DTOS(DTR_DATINI)+DTR_HORINI+DTOS(DTR_DATFIM)+DTR_HORFIM","Cod.1o.Reboq + Data Inicio + Hora Inicio + Data Fim + Hora Fim","+ Fecha Inicio + Hora Inicio + Fecha Fin + Hora Fin","+ Initial Date + Plan.Ini.Tim + Final Date + Plan.Fin.Tim","S","","","S"
"DTR","6","DTR_FILIAL+DTR_CODRB2+DTOS(DTR_DATINI)+DTR_HORINI+DTOS(DTR_DATFIM)+DTR_HORFIM","Cod.2o.Reboq + Data Inicio + Hora Inicio + Data Fim + Hora Fim","+ Fecha Inicio + Hora Inicio + Fecha Fin + Hora Fin","+ Initial Date + Plan.Ini.Tim + Final Date + Plan.Fin.Tim","S","","","S"
"DTS","1","DTS_FILIAL+DTS_TABCAR+DTS_ROTA","Tab.Carret. + Rota","+","+","S","","","S"
"DTT","1","DTT_FILIAL+DTT_TABCAR+DTT_ROTA+DTT_ITEM","Tab.Carret. + Rota + Item","+  +","+  +","S","","","S"
"DTU","1","DTU_FILIAL+DTU_NUMENT","No.Entrada","","","S","XXX+XXX","","S"
"DTU","2","DTU_FILIAL+DTU_CODVEI+DTU_STATUS+DTU_NUMENT","Veiculo + Status + No.Entrada","+  +","+  +","S","DA3+XXX+XXX","","S"
"DTU","3","DTU_FILIAL+DTU_STATUS+DTU_NUMENT","Status + No.Entrada","+","+","S","XXX+XXX","","S"
"DTU","4","DTU_FILIAL+DTU_NUMLIB+DTU_STATUS","No.Liberacao + Status","+","+","S","XXX+XXX","","S"
"DTV","1","DTV_FILIAL+DTV_NUMAWB","No.AWB","","","S","","","S"
"DTW","1","DTW_FILIAL+DTW_FILORI+DTW_VIAGEM+DTW_SEQUEN","Fil.Origem + Viagem + Sequencia","+  +","+  +","S","","","S"
"DTW","2","DTW_FILIAL+DTW_SERTMS+DTW_TIPTRA+DTW_FILORI+DTW_VIAGEM+DTW_SEQUEN","Serv.Transp. + Tipo Transp. + Fil.Origem + Viagem + Sequencia","+  +  +  +","+  +  +  +","S","","","S"
"DTW","3","DTW_FILIAL+DTW_FILORI+DTW_VIAGEM+DTW_STATUS+DTW_SEQUEN","Fil.Origem + Viagem + Status + Sequencia","+  +  +","+  +  +","S","","","S"
"DTW","4","DTW_FILIAL+DTW_FILORI+DTW_VIAGEM+DTW_ATIVID+DTW_FILATI","Fil.Origem + Viagem + Atividade + Fil.Ativid.","+  +  +","+  +  +","S","","","S"
"DTW","5","DTW_FILIAL+DTW_FILORI+DTW_VIAGEM+DTW_SERVIC+DTW_FILATU","Fil.Origem + Viagem + Servico + Fil.Atual","+  +  +","+  +  +","S","","","S"
"DTW","6","DTW_FILIAL+DTW_FILORI+DTW_VIAGEM+DTW_FILATI+DTW_SEQUEN","Fil.Origem + Viagem + Fil.Ativid. + Sequencia","+  +  +","+  +  +","S","","","S"
"DTW","7","DTW_FILIAL+DTW_FILORI+DTW_VIAGEM+DTW_ATIVID+DTW_SEQUEN","Fil.Origem + Viagem + Atividade + Sequencia","+  +  +","+  +  +","S","","","S"
"DTX","1","DTX_FILIAL+DTX_MANIFE","No.Manifesto","","","S","","","S"
"DTX","2","DTX_FILIAL+DTX_FILMAN+DTX_MANIFE","Fil.Manifes. + No.Manifesto","+","+","S","","","S"
"DTX","3","DTX_FILIAL+DTX_FILORI+DTX_VIAGEM+DTX_FILMAN+DTX_MANIFE","Fil.Origem + Viagem + Fil.Manifes. + No.Manifesto","+  +  +","+  +  +","S","","","S"
"DTX","4","DTX_FILIAL+DTX_NUMAWB","No.AWB","","","S","","","S"
"DTY","1","DTY_FILIAL+DTY_NUMCTC","No.Contrato","","","S","","","S"
"DTY","2","DTY_FILIAL+DTY_FILORI+DTY_VIAGEM+DTY_NUMCTC","Fil.Origem + Viagem + No.Contrato","+  +","+  +","S","","","S"
"DTY","3","DTY_FILIAL+DTY_CODFOR+DTY_LOJFOR+DTOS(DTY_DATCTC)","Cod. Propri. + Loja Propri. + Data","+  +","+  +","S","","","S"
"DTY","4","DTY_FILIAL+DTY_FILORI+DTY_NUMCTC","Fil.Origem + No.Contrato","+","+","S","","","S"
"DTZ","1","DTZ_FILIAL+DTZ_CODROD","Cod. Rodovia","","","S","","","S"
"DTZ","2","DTZ_FILIAL+DTZ_NOMROD","Nome Rodovia","","","S","","","S"
"DU0","1","DU0_FILIAL+DU0_CODROD+DU0_SEQPDG","Cod. Rodovia + Seq. Pedagio","+","+","S","DTZ+XXX","","S"
"DU1","1","DU1_FILIAL+DU1_LOTCET","No.Lote","","","S","","","S"
"DU1","2","DU1_FILIAL+DU1_FILDOC+DU1_DOC+DU1_SERIE","Fil.Docto. + No.Docto. + Serie Docto.","+  +","+  +","S","","","S"
"DU1","3","DU1_FILIAL+DU1_NUMNFC+DU1_SERNFC+DU1_CODCLI+DU1_LOJCLI","Nf Cliente + Serie Nf + Cliente + Loja Cliente","+  +  +","+  +  +","S","","","S"
"DU1","4","DU1_FILIAL+DU1_CODCLI+DU1_LOJCLI+DU1_NUMNFC+DU1_SERNFC","Cliente + Loja Cliente + Nf Cliente + Serie Nf","+  +  +","+  +  +","S","","","S"
"DU2","1","DU2_FILIAL+DU2_ROTA+DU2_CODROD+DU2_SEQPDG","Rota + Cod. Rodovia + Seq. Pedagio","+  +","+  +","S","","","S"
"DU2","2","DU2_FILIAL+DU2_CODROD+DU2_SEQPDG+DU2_ROTA","Cod. Rodovia + Seq. Pedagio + Rota","+  +","+  +","S","","","S"
"DU2","3","DU2_FILIAL+DU2_ROTA+DU2_ITEM","Rota + Item","+","+","S","","","S"
"DU3","1","DU3_FILIAL+DU3_COMSEG","Ramo Seguro","","","S","","","S"
"DU3","2","DU3_FILIAL+DU3_DESCRI","Descricao","","","S","","","S"
"DU4","1","DU4_FILIAL+DU4_TABSEG+DU4_TPTSEG","Tab.Seguro + Tipo Tab.Seg","+","+","S","XXX+XXX+XXX","","S"
"DU5","1","DU5_FILIAL+DU5_TABSEG+DU5_TPTSEG+DU5_COMSEG+DU5_CODPRO+DU5_CDRORI+DU5_CDRDES","Tab.Seguro + Tipo Tab.Seg + Ramo Seguro + Produto + Cod.Reg.Ori. + Cod","+  +  +  +  +","+  +  +  +  +","S","","","S"
"DU5","2","DU5_FILIAL+DU5_COMSEG+DU5_TABSEG+DU5_TPTSEG","Ramo Seguro + Tab.Seguro + Tipo Tab.Seg","+  +","+  +","S","","","S"
"DU6","1","DU6_FILIAL+DU6_NCONTR+DU6_SERVIC+DU6_COMSEG+DU6_CDRDES","No.Contrato + Servico + Componente + Cod.Reg.Des.","+  +  +","+  +  +","S","","","S"
"DU7","1","DU7_FILIAL+DU7_FILDOC+DU7_DOC+DU7_SERIE","Fil.Docto. + No.Docto. + Serie Docto.","+  +","+  +","S","","","S"
"DU8","1","DU8_FILIAL+DU8_DOCSEG+DU8_SERTMS+DU8_TIPTRA","No.Docto.Seg + Serv.Transp. + Tipo Transp.","+  +","+  +","S","","","S"
"DU9","1","DU9_FILIAL+DU9_DOCSEG+DU9_SERTMS+DU9_TIPTRA+DU9_COMSEG+DU9_ITEM","No.Docto.Seg + Serv.Transp. + Tipo Transp. + Componente + Item","+  +  +  + Item","+  +  +  + Item","S","","","S"
"DU9","2","DU9_FILIAL+DU9_DOCSEG+DU9_SERTMS+DU9_TIPTRA+DU9_COMSEG+DU9_CODHIS","No.Docto.Seg + Serv.Transp. + Tipo Transp. + Componente + Cd.Historico","+  +  +  +","+  +  +  +","S","","","S"
"DUA","1","DUA_FILIAL+DUA_FILOCO+DUA_NUMOCO+DUA_FILORI+DUA_VIAGEM+DUA_SEQOCO","Fil.Ocorre. + No. Ocorre. + Fil.Origem + Viagem + Sequencia","+  +  +  +","+  +  +  +","S","","","S"
"DUA","2","DUA_FILIAL+DUA_FILORI+DUA_VIAGEM+DUA_SEQOCO","Fil.Origem + Viagem + Sequencia","+  +","+  +","S","","","S"
"DUA","3","DUA_FILIAL+DUA_CODOCO+DUA_FILDOC+DUA_DOC+DUA_SERIE","Cod. Ocorre. + Fil.Docto. + No. Docto. + Serie Docto.","+  +  +","+  +  +","S","","","S"
"DUA","4","DUA_FILIAL+DUA_FILDOC+DUA_DOC+DUA_SERIE+DUA_FILORI+DUA_VIAGEM","Fil.Docto. + No. Docto. + Serie Docto. + Fil.Origem + Viagem","+  +  +  +","+  +  +  +","S","","","S"
"DUA","5","DUA_FILIAL+DUA_NUMOCO","No. Ocorre.","","","S","","","S"
"DUA","6","DUA_FILIAL+DUA_FILPND+DUA_NUMPND","Fil.Orig.Pnd + No.Pendencia","+","+","S","","","S"
"DUA","7","DUA_FILIAL+DUA_FILDOC+DUA_DOC+DUA_SERIE+DUA_SEQOCO","Fil.Docto. + No. Docto. + Serie Docto. + Sequencia","+  +  +","+  +  +","S","","","S"
"DUB","1","DUB_FILIAL+DUB_NUMRID+DUB_ITEM","No.Registro + Item","+","+","S","XXX+XXX","","S"
"DUB","2","DUB_FILIAL+DUB_FILRID+DUB_NUMRID+DUB_ITEM","Fil.Registro + No.Registro + Item","+  +","+  +","S","XXX+XXX+XXX","","S"
"DUB","3","DUB_FILIAL+DUB_FILDOC+DUB_DOC+DUB_SERIE+DUB_STATUS","Fil.Docto. + No.Docto. + Serie Docto. + Status Ind.","+  +  +","+  +  +","S","XXX+XXX+XXX","","S"
"DUB","4","DUB_FILIAL+DTOS(DUB_DATRID)+DUB_HORRID+DUB_NUMRID","Data + Hora + No.Registro","+  +","+  +","S","XXX+XXX+XXX","","S"
"DUB","5","DUB_FILIAL+DUB_CERVIS","Certif.Vist.","","","S","XXX","","S"
"DUB","6","DUB_FILIAL+DUB_NUMPRO","No.Processo","","","S","XXX","","S"
"DUB","7","DUB_FILIAL+DUB_NUMLRB","No.Lot.Reemb","","","S","XXX","","S"
"DUB","8","DUB_FILIAL+DUB_CODCLI+DUB_LOJCLI","Cliente + Loja Cliente","+","+","S","SA1+XXX","","S"
"DUC","1","DUC_FILIAL+DUC_FILORI+DUC_VIAGEM+DUC_CODBLQ+DUC_CODPRO+DUC_CODVEI+DUC_CODMOT","Fil.Origem + Viagem + Cod.Bloqueio + Produto + Cod.Veiculo + Cd.Motori","+  +  +  + Cod.Vehiculo + Cd. Conduct.","+  +  +  + Vehc.Code + Driver Code","S","","","S"
"DUC","2","DUC_FILIAL+DUC_STATUS+DUC_FILORI+DUC_VIAGEM","Status + Fil.Origem + Viagem","+  +","+  +","S","","","S"
"DUD","1","DUD_FILIAL+DUD_FILDOC+DUD_DOC+DUD_SERIE+DUD_FILORI+DUD_VIAGEM","Fil.Docto. + No.Docto. + Serie Docto. + Fil.Origem + Viagem","+  +  +  +","+  +  +  +","S","","","S"
"DUD","2","DUD_FILIAL+DUD_FILORI+DUD_VIAGEM+DUD_SEQUEN+DUD_FILDOC+DUD_DOC+DUD_SERIE","Fil.Origem + Viagem + Sequencia + Fil.Docto. + No.Docto. + Serie Docto","+  +  +  +  +","+  +  +  +  +","S","","","S"
"DUD","3","DUD_FILIAL+DUD_FILORI+DUD_SERTMS+DUD_TIPTRA+DUD_CDRCAL+DUD_STATUS+DUD_VIAGEM","Fil.Origem + Serv.Transp. + Tipo Transp. + Cod.Reg.Cal. + Status + Via","+  +  +  + Estatus +","+  +  +  + Status +","S","","","S"
"DUD","4","DUD_FILIAL+DUD_FILORI+DUD_STATUS+DUD_VIAGEM","Fil.Origem + Status + Viagem","+ Estatus +","+ Status +","S","","","S"
"DUD","5","DUD_FILIAL+DUD_FILORI+DUD_VIAGEM+DUD_FILMAN+DUD_MANIFE","Fil.Origem + Viagem + Fil.Manifes. + No.Manifesto","+  +  +","+  +  +","S","","","S"
"DUD","6","DUD_FILIAL+DUD_FILORI+DUD_SERTMS+DUD_TIPTRA+DUD_STATUS+DUD_VIAGEM","Fil.Origem + Serv.Transp. + Tipo Transp. + Status + Viagem","+  +  + Estatus +","+  +  + Status +","S","","","S"
"DUE","1","DUE_FILIAL+DUE_DDD+DUE_TEL","DDD + Telefone","+","+","S","XXX+XXX","","S"
"DUE","2","DUE_FILIAL+DUE_NOME","Nome","","","S","XXX","","S"
"DUE","3","DUE_FILIAL+DUE_CODCLI+DUE_LOJCLI","Cod. Cliente + Loja Cliente","+","+","S","","","S"
"DUF","1","DUF_FILIAL+DUF_REGTRI+DUF_TIPFRE","Regra Trib. + Tipo Frete","+","+","S","","","S"
"DUF","2","DUF_FILIAL+DUF_TIPFRE","Tipo Frete","","","S","","","S"
"DUG","1","DUG_FILIAL+DUG_REGTRI+DUG_TIPFRE+DUG_ITEM","Regra Trib. + Tipo Frete + Item","+  +","+  +","S","","","S"
"DUG","2","DUG_FILIAL+DUG_REGTRI+DUG_TIPFRE+DUG_CODPAS+DUG_ESTORI+DUG_ESTDEV+DUG_ESTDES+DUG_SATIV","Regra Trib. + Tipo Frete + Componente + UF Origem + UF Devedor + UF De","+  +  +  +  +  + Segmento","+  +  +  +  +  + Segment","S","","","S"
"DUH","1","DUH_FILIAL+DUH_FILORI+DUH_NUMNFC+DUH_SERNFC+DUH_CLIREM+DUH_LOJREM+DUH_CODPRO+DUH_LOCAL+DUH_LOCALI","Fil.Origem + Nf Cliente + Serie Nf Cli + Remetente + Loja Remet. + Pro","+  +  +  +  + Producto +  +","+  +  +  +  + Product +  +","S","","","S"
"DUH","2","DUH_FILIAL+DUH_FILORI+DUH_STATUS+DUH_LOCAL+DUH_LOCALI","Fil.Origem + Status + Armazem + Endereco","+  +  +","+  +  +","S","","","S"
"DUH","3","DUH_FILIAL+DUH_LOCAL+DUH_LOCALI+DUH_FILORI","Armazem + Endereco + Fil.Origem","+  +","+  +","S","","","S"
"DUI","1","DUI_FILIAL+DUI_DOCTMS","Docto.Transp","","","S","","","S"
"DUJ","1","DUJ_FILIAL+DUJ_NCONTR","No. Contrato","Nº Contrato","Contract No.","S","","","S"
"DUJ","2","DUJ_FILIAL+DUJ_CODFOR+DUJ_LOJFOR+DTOS(DUJ_INIVIG)","Fornecedor + Loja + Ini.Vigencia","Proveedor + Tienda + Ini.Vigencia","Supplier + Unit + Beg.of Valid","S","XXX+SA2+XXX+XXX","","S"
"DUK","1","DUK_FILIAL+DUK_FILORI+DUK_LOTNFC+DUK_SEQUEN","Fil.Origem + No.Lote + Sequencia","+  +","+  +","S","","","S"
"DUL","1","DUL_FILIAL+DUL_DDD+DUL_TEL+DUL_SEQEND","DDD + Telefone + Seq.Endereco","+  +","+  +","S","XXX+XXX+XXX","","S"
"DUL","2","DUL_FILIAL+DUL_CODCLI+DUL_LOJCLI+DUL_SEQEND","Cod. Cliente + Loja Cliente + Seq.Endereco","Cod. Cliente + Tienda Clien +","Custom. Code + Cust.Unit +","S","","","S"
"DUM","1","DUM_FILIAL+DUM_FILORI+DUM_NUMSOL+DUM_ITEM","Fil.Origem + No.Sl.Coleta + Item","+  +","+  +","S","","","S"
"DUN","1","DUN_FILIAL+DUN_ROTEIR+DUN_CDRDES","Rota + Cod.Reg.Des.","+","+","S","","","S"
"DUN","2","DUN_FILIAL+DUN_ROTEIR+DUN_SEQUEN","Rota + Sequencia","+","+","S","","","S"
"DUN","3","DUN_FILIAL+DUN_CDRDES","Cod.Reg.Des.","","","S","","","S"
"DUN","4","DUN_FILIAL+DUN_CDRDCA","Cod.Reg.Dca.","","","S","","","S"
"DUO","1","DUO_FILIAL+DUO_CODCLI+DUO_LOJCLI","Cliente + Loja","+","+","S","SA1+XXX","","S"
"DUP","1","DUP_FILIAL+DUP_FILORI+DUP_VIAGEM+DUP_ITEDTR+DUP_CODMOT","Fil.Origem + Viagem + It.Comp.Viag + Cd.Motorista","+  +  +","+  +  +","S","","","S"
"DUP","2","DUP_FILIAL+DUP_FILORI+DUP_VIAGEM+DUP_CODMOT","Fil.Origem + Viagem + Cd.Motorista","+  +","+  +","S","","","S"
"DUQ","1","DUQ_FILIAL+DUQ_FILORI+DUQ_VIAGEM+DUQ_ITEDTR+DUQ_CODAJU","Fil.Origem + Viagem + It.Comp.Viag + Cd.Ajudante","+  +  +","+  +  +","S","","","S"
"DUR","1","DUR_FILIAL+DUR_GRPVEN+DUR_CODPAS","Grupo Regiao + Componente","Grupo Region + Componente","Area Group + Component","S","","","S"
"DUS","1","DUS_FILIAL+DUS_TABCAR","Tab.Carret.","","","S","","","S"
"DUS","2","DUS_FILIAL+DUS_DESCRI","Desc.Tabela","","","S","","","S"
"DUT","1","DUT_FILIAL+DUT_TIPVEI","Tipo Veiculo","","","S","","","S"
"DUT","2","DUT_FILIAL+DUT_DESCRI","Descricao","","","S","","","S"
"DUU","1","DUU_FILIAL+DUU_FILPND+DUU_NUMPND","Fil.Orig.Pnd + No.Pendencia","+","+","S","XXX+XXX","","S"
"DUU","2","DUU_FILIAL+DUU_FILORI+DUU_VIAGEM","Fil.Origem + Viagem","+ Viaje","+ Trip","S","DL5+XXX","","S"
"DUU","3","DUU_FILIAL+DUU_FILDOC+DUU_DOC+DUU_SERIE+DUU_STATUS","Fil.Docto. + No.Docto. + Serie Docto. + Status","+  +  +","+  +  +","S","XXX+XXX+XXX","","S"
"DUU","4","DUU_FILIAL+DUU_CODCLI+DUU_LOJCLI+DUU_FILPND+DUU_NUMPND","Cliente + Loja Cliente + Fil.Orig.Pnd + No.Pendencia","+  +  +","+  +  +","S","SA1+XXX+XXX+XXX","","S"
"DUU","5","DUU_FILIAL+DUU_FILRID+DUU_NUMRID+DUU_FILDOC+DUU_DOC+DUU_SERIE","Fil.Reg.Ind. + Num.Reg.Ind. + Fil.Docto. + No.Docto. + Serie Docto.","+  +  +  +","+  +  +  +","S","XXX+XXX+XXX+XXX+XXX","","S"
"DUV","1","DUV_FILIAL+DUV_FILORI+DUV_VIAGEM+DUV_FILENT","Fil.Origem + Viagem + Fil.Entrada","+  +","+  +","S","","","S"
"DUV","2","DUV_FILIAL+DUV_FILORI+DUV_VIAGEM+DUV_CODVEI+DUV_FILENT","Fil.Origem + Viagem + Cod.Veiculo + Fil.Entrada","+  +  +","+  +  +","S","","","S"
"DUV","3","DUV_FILIAL+DTOS(DUV_DATENT)","Data Entrada","","","S","","","S"
"DUV","4","DUV_FILIAL+DUV_FILORI+DUV_VIAGEM+DUV_FILSAI","Fil.Origem + Viagem + Fil.Saida","+  +","+  +","S","","","S"
"DUW","1","DUW_FILIAL+DUW_TABSEG+DUW_TPTSEG+DUW_COMSEG+DUW_ITEM","Tab.Seguro + Tipo Tab.Seg + Ramo Seguro + Item","+  +  +","+  +  +","S","","","S"
"DUX","1","DUX_FILIAL+DUX_NCONTR+DUX_ITEM","No.Contrato + Item","+","+","S","","","S"
"DUX","2","DUX_FILIAL+DUX_NCONTR+DUX_SERVIC","No.Contrato + Servico","+ Servicio","+ Service","S","","","S"
"DUX","3","DUX_FILIAL+DUX_TABFRE+DUX_TIPTAB+DUX_NCONTR","Tab.Frete + Tp.Tab.Frete + No.Contrato","+  +","+  +","S","","","S"
"DUY","1","DUY_FILIAL+DUY_GRPVEN","Grupo Regiao","","","S","","","S"
"DUY","2","DUY_FILIAL+DUY_GRPSUP","Grp.Superior","","","S","","","S"
"DUY","3","DUY_FILIAL+DUY_DESCRI+DUY_EST","Descricao + Estado","+","+","S","","","S"
"DUY","4","DUY_FILIAL+DUY_EST+DUY_CATGRP+DUY_GRPVEN","Estado + Categ. Grupo + Grupo Regiao","+  +","+  +","S","","","S"
"DUY","5","DUY_FILIAL+DUY_FILDES+DUY_CATGRP+DUY_GRPVEN","Fil.Destino + Categ. Grupo + Grupo Regiao","+  +","+  +","S","","","S"
"DUZ","1","DUZ_FILIAL+DUZ_TIPFAT","Tipo Fatura.","","","S","","","S"
"DUZ","2","DUZ_FILIAL+DUZ_DESCRI","Descricao","","","S","","","S"
"DV0","1","DV0_FILIAL+DV0_TIPFAT+DV0_ITEM","Tipo Fatura. + Item","+","+","S","","","S"
"DV1","1","DV1_FILIAL+DV1_CODCLI+DV1_LOJCLI+DV1_DOCTMS+DV1_CODPRO+DV1_REGTRI","Cliente + Loja + Docto.Transp + Cod. Prod. + Regra Trib.","+  +  + Cod. Prod. +","+  +  + Prod.Code +","S","","","S"
"DV1","2","DV1_FILIAL+DV1_REGTRI+DV1_CODCLI+DV1_LOJCLI+DV1_DOCTMS","Regra Trib. + Cliente + Loja + Docto.Transp","+  +  +","+  +  +","S","","","S"
"DV2","1","DV2_FILIAL+DV2_CODCLI+DV2_LOJCLI+DV2_SEQUEN","Cliente + Loja + Sequencia","+  +","+  +","S","","","S"
"DV3","1","DV3_FILIAL+DV3_CODCLI+DV3_LOJCLI+DV3_SEQUEN","Cliente + Loja + Sequencia","+  +","+  +","S","","","S"
"DV4","1","DV4_FILIAL+DV4_FILOCO+DV4_NUMOCO+DV4_FILDOC+DV4_DOC+DV4_SERIE+DV4_NUMNFC+DV4_SERNFC","Fil.Ocorre. + No. Ocorre. + Fil.Docto. + No. Docto. + Serie Docto. + N","+  +  +  +  +  +","+  +  +  +  +  +","S","","","S"
"DV5","1","DV5_FILIAL+DV5_CODCLI+DV5_LOJCLI+DV5_CODBLQ","Cliente + Loja + Cod.Bloqueio","+  +","+  +","S","","","S"
"DV6","1","DV6_FILIAL+DV6_NUMAVB","No.Averbacao","Nº Declarac.","Registr.Nbr.","S","","","S"
"DV6","2","DV6_FILIAL+DV6_CLIDEV+DV6_LOJDEV+DV6_COMSEG+DTOS(DV6_INIVIG)","Devedor + Loja Devedor + Ramo Seguro + Ini.Vigência","Deudor + Tienda Deud. + Ramo Seguro + Ini. Vigenc.","Debtor + Debtor Unit + Ins.Act.Area + Beg.of Valid","S","","","S"
"DV7","1","DV7_FILIAL+DV7_NUMAVB+DV7_ITEM","No.Averbacao + Item","Nº Declarac. +","Registr.Nbr. +","S","","","S"
"DV8","1","DV8_FILIAL+DV8_DIAMES+DV8_ANO+DV8_CDRDES","Dia/Mes Fer. + Ano Feriado + Cod.Reg.Des.","+  +","+  +","S","XXX+DUY","","S"
"DV8","2","DV8_FILIAL+DV8_CDRDES+DV8_DIAMES+DV8_ANO","Cod.Reg.Des. + Dia/Mes Fer. + Ano Feriado","+  +","+  +","S","DUY+XXX","","S"
"DVA","1","DVA_FILIAL+DVA_CDRORI+DVA_CDRDES+DVA_TIPTRA","Cod.Reg.Ori + Cod.Reg.Des + Tipo Transp.","+  +","+  +","S","DUY+DUY+XXX","","S"
"DVB","1","DVB_FILIAL+DVB_FILORI+DVB_VIAGEM+DVB_CODVEI+DVB_ITEM","Fil.Origem + Viagem + Cod. Veiculo + Item","+  +  +","+  +  +","S","","","S"
"DVC","1","DVC_FILIAL+DVC_TABFRE+DVC_TIPTAB+DVC_CDRORI+DVC_CDRDES+DVC_CODCLI+DVC_LOJCLI+DVC_SEQTAB+DVC_CODPRO+DVC_SERVIC","Tab Frete + Tipo + Cod.Reg.Ori. + Cod.Reg.Des + Cod.Cliente + Loja Cli","+  +  +  +  +  +  +  +","+  +  +  +  +  +  +  +","S","DTL+XXX+DUY+DUY+SA1+XXX+XXX+SB1+DLJ","","S"
"DVC","2","DVC_FILIAL+DVC_CODCLI+DVC_LOJCLI+DVC_TABFRE+DVC_TIPTAB+DVC_CDRORI+DVC_CDRDES+DVC_CODPRO+DVC_SERVIC+DVC_SEQTAB","Cod.Cliente + Loja Cliente + Tab Frete + Tipo + Cod.Reg.Ori. + Cod.Reg","+  +  +  +  +  +  +  +","+  +  +  +  +  +  +  +","S","SA1+XXX+DTL+XXX+DUY+DUY+SB1+DLJ+XXX","","S"
"DVC","3","DVC_FILIAL+DVC_CODCLI+DVC_LOJCLI+DVC_CDRORI+DVC_CDRDES+DVC_TABFRE+DVC_TIPTAB+DVC_SEQTAB+DVC_CODPRO+DVC_SERVIC","Cod.Cliente + Loja Cliente + Cod.Reg.Ori. + Cod.Reg.Des + Tab Frete +","+  +  +  +  +  +  +  +","+  +  +  +  +  +  +  +","S","SA1+XXX+DUY+DUY+DTL+XXX+XXX+SB1+DLJ","","S"
"DVC","4","DVC_FILIAL+DVC_CDRORI+DVC_CDRDES+DVC_TABFRE+DVC_TIPTAB+DVC_SEQTAB+DVC_CODPRO+DVC_SERVIC","Cod.Reg.Ori. + Cod.Reg.Des + Tab Frete + Tipo + Sequencia + Cod. Produ","+  +  +  +  +  +","+  +  +  +  +  +","S","DUY+DUY+DTL+XXX+XXX+SB1+DLJ","","S"
"DVC","5","DVC_FILIAL+DVC_SEQTAB+DVC_CODCLI+DVC_LOJCLI+DVC_TABFRE+DVC_CDRORI+DVC_CDRDES","Sequencia + Cod.Cliente + Loja Cliente + Tab Frete + Cod.Reg.Ori. + Co","+  +  +  +  +","+  +  +  +  +","S","XXX+SA1+XXX+DTL+DUY+DUY","","S"
"DVC","6","DVC_FILIAL+DVC_TABFRE+DVC_TIPTAB+DVC_CODCLI+DVC_LOJCLI+DVC_CDRORI+DVC_CDRDES+DVC_SEQTAB","Tab Frete + Tipo + Cod.Cliente + Loja Cliente + Cod.Reg.Ori. + Cod.Reg","+  +  +  +  +  +","+  +  +  +  +  +","S","DLJ+DTL+XXX","","S"
"DVD","1","DVD_FILIAL+DVD_TABFRE+DVD_TIPTAB+DVD_CDRORI+DVD_CDRDES+DVD_CODCLI+DVD_LOJCLI+DVD_SEQTAB+DVD_CODPRO+DVD_SERVIC+DVD_CODPAS+DVD_ITEM","Tabela Frete + Tp.Tab.Frete + Cod.Reg.Ori + Cod.Reg.Des + Cod.Cliente","+  +  +  +  +  +  +  +  +  +","+  +  +  +  +  +  +  +  +  +","S","","","S"
"DVD","2","DVD_FILIAL+DVD_SERVIC+DVD_TABFRE+DVD_TIPTAB","Servico + Tabela Frete + Tp.Tab.Frete","+  +","+  +","S","","","S"
"DVE","1","DVE_FILIAL+DVE_TABFRE+DVE_TIPTAB+DVE_ITEM","Tab.Frete + Tipo Tabela + Item","+  +","+  +","S","","","S"
"DVE","2","DVE_FILIAL+DVE_CODPAS+DVE_TABFRE+DVE_TIPTAB","Componente + Tab.Frete + Tipo Tabela","+  +","+  +","S","","","S"
"DVF","1","DVF_FILIAL+DVF_FILORI+DVF_NUMCOT+DVF_ITEM+DVF_CODPRO","Fil.Origem + No.Cotacao + Item + Produto","Suc. Origen + Nº Cotizac. +  + Producto","Srch.Brch. + Quot.No. +  + Product","S","","","S"
"DVF","2","DVF_FILIAL+DVF_FILORI+DVF_NUMCOT+DVF_CODPRO","Fil.Origem + No.Cotacao + Produto","Suc. Origen + Nº Cotizac. + Producto","Srch.Brch. + Quot.No. + Product","S","","","S"
"DVG","1","DVG_FILIAL+DVG_NCONTR+DVG_ITEM","No.Contrato + Item","Nº Contrato + Item","Contract No. + Item","S","","","S"
"DVH","1","DVH_FILIAL+DVH_FILORI+DVH_VIAGEM+DVH_FILOCO+DVH_NUMOCO","Fil. Origem + Viagem + Fil.Ocorre. + No. Ocorre.","Suc. Origen + Viaje + Suc. Ocurre. + Nº Ocurre.","Src.Brch. + Trip + Occur.Brch. + Occur.No.","S","","","S"
"DVI","1","DVI_FILIAL+DVI_CODHIS","Cd.Historico","Cd Historial","Hist.Code","S","","","S"
"DVJ","1","DVJ_FILIAL+DVJ_DDD+DVJ_TEL+DVJ_CODPRO","DDD + Telefone + Produto","DDN + Telefono + Producto","Area Code + Telephone + Product","S","","","S"
"DVK","1","DVK_FILIAL + DVK_GRPVEN + DVK_FILALI","Grupo Regiao + Fil.Alianca","Grupo Region + Suc. Alianza","Area Grp. + Alli.Brch.","S","","","S"
"DVL","1","DVL_FILIAL+DVL_FILALI","Fil Alianca","Suc. Alianza","Alli.Brch.","S","","","S"
"DVM","1","DVM_FILIAL+DVM_ROTEIR+DVM_CDRDES","Rota + Cod.Reg.Des","Ruta + Cod.Reg.Des","Route + Targ.Area Cd","S","","","S"
"DVN","1","DVN_FILIAL+DVN_CODCLI+DVN_LOJCLI+DVN_CDRORI+DVN_CDRDES+DVN_TIPTRA","Cod.Cliente + Loja Cliente + Cod.Reg.Ori. + Cod.Reg.Des. + Tipo Transp","Cod. Cliente + Tienda Clien + Cod.Reg.Ori. + Cod.Reg.Des. + Tipo Trans","Custom. Code + Customer Uni + Src.Area.Cd. + Targ.Area Cd + Transp.Tp.","S","SA1+XXX+ACY+ACY+XXX","","S"
"DVN","2","DVN_FILIAL+DVN_CDRORI+DVN_CDRDES+DVN_TIPTRA+DVN_CODCLI+DVN_LOJCLI","Cod.Reg.Ori. + Cod.Reg.Des. + Tipo Transp. + Cod.Cliente + Loja Client","Cod.Reg.Ori. + Cod.Reg.Des. + Tipo Transp. + Cod. Cliente + Tienda Cli","Src.Area.Cd. + Targ.Area Cd + Transp.Tp. + Custom. Code + Customer Uni","S","","","S"
"DVO","1","DVO_FILIAL+DVO_CODCLI+DVO_LOJCLI+DVO_TABFRE+DVO_TIPTAB+DVO_CDRORI+DVO_CDRDES+DVO_SEQTAB+DVO_CODPRO+DVO_SERVIC+DVO_CODPAS","Cod.Cliente + Loja Cliente + Tabela Frete + Tp.Tab.Fre. + Cod.Reg.Ori.","Cod. Cliente + Tienda Clien + Tabla Flete + Tp.Tab.Fle. + Cod.Reg.Ori.","Custom. Code + Custom. Unit + Freigh.Table + Frg.Tab.Tp. + Src.Area Cd","S","SA1+XXX+XXX+XXX+XXX+XXX+XXX+XXX+XXX+XXX","","S"
"DVP","1","DVP_FILIAL+DVP_FILORI+DVP_NUMCTC+DVP_VIAGEM","Fil.origem + Num.Contrato + Num.Viagem","Suc. Origen + Nº Contrato + Nº Viaje","Src.Brch. + Contrac.No. + Trip No.","S","","","S"
"DVQ","1","DVQ_FILIAL+DVQ_FILORI+DVQ_NUMCOT+DVQ_CODPRO+DVQ_CODPAS","Fil.Origem + No.Cotacao + Cod.Produto + Componente","Suc. Origen + Nº Cotizac. + Cod. Product + Componente","Src.Brch. + Quot.No. + Prod.Code + Component","S","","","S"
"DVR","1","DVR_FILIAL+DVR_FILORI+DVR_LOTNFC+DVR_CLIREM+DVR_LOJREM+DVR_CLIDES+DVR_LOJDES+DVR_SERVIC+DVR_NUMNFC+DVR_SERNFC+DVR_CODPRO+DVR_CODPAS","Fil.Origem + No.Lote + Remetente + Loja Rem. + Destinatario + Loja Des","Suc. Origen + Nº Lote + Remitente + Tienda Rem. + Destinatario + Tiend","Src.Brch. + Lot No. + Remitter + Rem.Unit + Addressee + Addr.Unit + Se","S","","","S"
"DVS","1","DVS_FILIAL+DVS_FILDOC+DVS_DOC+DVS_SERIE+DVS_CODPAS","Fil.Docto. + No.Docto. + Serie Docto. + Componente","Suc. Docto. + Nº Docto. + Serie Docto. + Componente","Doc.Brch. + Doc.No. + Doc.Series + Component","S","","","S"
"DVT","1","DVT_FILIAL+DVT_FILORI+DVT_NUMSOL+DVT_NUMCOT+DVT_ORIGEM+DVT_ITEM","Fil.Origem + No.Sl.Coleta + No.Cotacao + Origem + Item","Suc. Origen + NºSol.Recol. + Nº Cotizac. + Origen + Item","Src.Brch. + Coll.Req.No. + Quotat.No. + Source + Item","S","","","S"
"DVU","1","DVU_FILIAL+DVU_FILORI+DVU_NUMNFC+DVU_SERNFC+DVU_CLIREM+DVU_LOJREM+DVU_ITEM","Fil.Origem + Nf. Cliente + Serie NF + Remetente + Loja + Item","Suc. Origen + Fact. Client + Serie Fact. + Remitente + Tienda + Item","Src.Brch. + Cust.Inv. + Inv.Series + Remitter + Unit + Item","S","","","S"
"DVV","1","DVV_FILIAL+DVV_FILDOC+DVV_DOC+DVV_SERIE+DVV_PREFIX+DVV_NUM+DVV_TIPO","Fil.Docto. + Documento + Serie + Prefixo + No.Titulo + Tipo Titulo","Suc.Docto. + Documento + Serie + Prefijo + Nº Titulo + Tipo Titulo","Doc.Brch. + Document + Doc.Series + Prefix + Bill No. + Bill Tp.","S","","","S"
"DVW","1","DVW_FILIAL+DVW_FILORI+DVW_VIAGEM+DVW_CODPAS","Fil.Origem + Viagem + Componente","Suc.Origen + Viaje + Componente","Origin Br. + Travel + Component","S","","","S"
"DVX","1","DVX_FILIAL+DVX_FILORI+DVX_NUMSOL","Fil.Origem + No.Solicit.","Suc.Origen + Nº Solicit.","Src.Branch + Req.No.","S","","","S"
"DVX","2","DVX_FILIAL+DVX_SITSOL+DVX_FILORI+DVX_NUMSOL","Sit.Solcit. + Fil.Origem + No.Solicit.","Sit. Solcit. + Suc.Origen + Nº Solicit.","Req.Status + Src.Branch + Req.No.","S","","","S"
"DVX","3","DVX_FILIAL+DVX_NUMSOL","No.Solicit.","Nº Solicit.","Req.No.","S","","","S"
"DVX","4","DVX_FILIAL+DVX_FILDOC+DVX_DOC+DVX_SERIE+DVX_FILORI","Fil.Docto. + Documento + Serie + Fil.Origem","Suc.Docto. + Documento + Serie + Suc.Origen","Doc.Brch. + Document + Series + Src.Branch","S","","","S"
"DVZ","1","DVZ_FILIAL+DVZ_CODCLI+DVZ_LOJCLI+DVZ_CDRORI+DVZ_CDRDES+DVZ_TIPTRA","Cod. Cliente + Loja Cliente + Cod.Reg. Ori + Cod.Reg.Des + Tipo Transp","Cod. Cliente + Tienda Clien + Cod.Reg. Ori + Cod.Reg.Des + Tipo Transp","Client Cod + Client Store + Ori.Reg.Cod + Des.Reg.Cod + Transp. Type","S","","","S"
"EC0","1","EC0_FILIAL+DTOS(EC0_DT_INT)+EC0_TIPO_I+EC0_HAWB_I+EC0_STATUS","Dt. Integr. + Tipo Integr. + Proc./Inv. + Status","Fch. Integr. + Tipo Integr. + Proc./Inv. + Estatus","Integr. Date + Integr. Type + Process/Inv. + Status","S","","","S"
"EC1","1","EC1_FILIAL+EC1_TPMODU+EC1_ANO+EC1_MES","Tipo Modulo + Ano + Mes","Tipo Modulo + Ano + Mes","Mod. Type + Year + Month","S","","","S"
"EC1","2","EC1_FILIAL+EC1_TPMODU+EC1_NR_CON","Tipo Modulo + Nr. Contabil","Tipo Modulo + Nro.Contabil","Mod. Type + Account.No.","S","","","S"
"EC2","1","EC2_FILIAL+EC2_HAWB+EC2_FORN+EC2_MOEDA+EC2_IDENTC","Processo + Cod. Fornec. + Moeda da DI + Unid. Req.","Proceso + Cod.Proveed. + Moneda de DI + Unid.Solic.","Process + Suppl. Code + Im.St.Cur. + Petition.Un.","S","","","S"
"EC2","2","EC2_FILIAL+EC2_DI_NUM+EC2_IDENTC","No. da D.I. + Unid. Req.","Num. de D.I. + Unid.Solic.","DI Number + Petition.Un.","S","","","S"
"EC2","3","EC2_FILIAL+DTOS(EC2_DT)","Data da DI","Fecha DI","ID Date","S","","","S"
"EC3","1","EC3_FILIAL+EC3_NR_CON+EC3_DI_NUM","Nr. Contabil + No. da D.I.","Num Contabil + Num. de D.I.","Account. No. + DI Number","S","","","S"
"EC3","2","EC3_FILIAL+EC3_NR_CON+EC3_HAWB+EC3_FORN+EC3_MOEDA+EC3_IDENTC","Nr. Contabil + Processo + Fornecedor + Moeda + Unid. Req.","Num Contabil + Proceso + Proveedor + Moneda + Unid.Solic.","Account. No. + Process + Supplier + Currency + Petit.Unit","S","","","S"
"EC3","3","EC3_FILIAL+EC3_HAWB+EC3_FORN+EC3_MOEDA+EC3_IDENTC+EC3_NR_CON","Processo + Fornecedor + Moeda + Unid. Req. + Nr. Contabil","Proceso + Proveedor + Moneda + Unid.Solic. + Num Contabil","Process + Supplier + Currency + Petit.Unit + Account. No.","S","","","S"
"EC4","1","EC4_FILIAL+EC4_HAWB+EC4_FORN+EC4_MOEDA+EC4_IDENTC+EC4_ID_CAM","Processo + Fornecedor + Moeda + Unid. Req. + Codigo Campo","Proceso + Proveedor + Moneda + Unid.Solic. + Codigo Campo","Process + Supplier + Currency + Petition.Un. + Field Code","S","","","S"
"EC4","2","EC4_FILIAL+EC4_NR_CON+EC4_ID_CAM+EC4_HAWB+EC4_FORN+EC4_MOEDA+EC4_IDENTC","Nr. Contabil + Codigo Campo + Processo + Fornecedor + Moeda + Unid. Re","Nro.Contabil + Codigo Campo + Proceso + Proveedor + Moneda + Unid.Soli","Account. No. + Field Code + Process + Supplier + Currency + Petition.U","S","","","S"
"EC5","1","EC5_FILIAL+EC5_FORN+EC5_INVOIC+EC5_IDENTC+EC5_MOE_FO","Cod. Fornec. + No. Invoice + Unid. Req. + Moeda","Cod.Proveed. + Num. Invoice + Unid.Solic. + Moneda","Suppl. Code + Invoice Nr. + Petition Un. + Currency","S","","","S"
"EC5","2","EC5_FILIAL+EC5_FORN+DTOS(EC5_DT_EMI)+EC5_INVOIC+EC5_IDENTC","Cod. Fornec. + Data Emissao + No. Invoice + Unid. Req.","Cod.Proveed. + Fch.Emision + Num. Invoice + Unid.Solic.","Suppl. Code + Issue Date + Invoice Nr. + Petition Un.","S","","","S"
"EC5","3","EC5_FILIAL+EC5_NR_CON+EC5_FORN+EC5_INVOIC+EC5_IDENTC","Nr. Contabil + Cod. Fornec. + No. Invoice + Unid. Req.","Num Contabil + Cod.Proveed. + Num. Invoice + Unid.Solic.","Account. No. + Suppl. Code + Invoice Nr. + Petition Un.","S","","","S"
"EC5","4","EC5_FILIAL+EC5_VCFANO+EC5_VCFMES+EC5_FORN+EC5_INVOIC+EC5_IDENTC","Ano Encerram + Mes Encerram + Cod. Fornec. + No. Invoice + Unid. Req.","Ano Cierre + Mes Cierre + Cod.Proveed. + Num. Invoice + Unid.Solic.","Clos. Year + Clos. Month + Suppl. Code + Invoice Nr. + Petition Un.","S","","","S"
"EC5","5","EC5_FILIAL+EC5_INVOIC+EC5_FORN+EC5_IDENTC","No. Invoice + Cod. Fornec. + Unid. Req.","Num. Invoice + Cod.Proveed. + Unid.Solic.","Invoice Nr. + Suppl. Code + Petition Un.","S","","","S"
"EC5","6","EC5_FILIAL+EC5_HAWB+EC5_IDENTC","Processo + Unid. Req.","Proceso + Unid.Solic.","Process + Petition Un.","S","","","S"
"EC6","1","EC6_FILIAL+EC6_TPMODU+EC6_ID_CAM+EC6_IDENTC","Tipo Modulo + Ident. Campo + Unid. Req.","Tipo Modulo + Ident. Campo + Unid.Solic.","Module Type + Field ID + Petition Un.","S","","","S"
"EC6","2","EC6_FILIAL+EC6_TPMODU+EC6_NO_CAM+EC6_IDENTC+EC6_CTA_DB+EC6_ID_CAM","Tipo Modulo + Nome Campo + Unid. Req. + Cta. Debito + Ident. Campo","Tipo Modulo + Nombre Campo + Unid.Solic. + Cta. Debito + Ident. Campo","Module Type + Field Name + Petition Un. + Debit Letter + Field ID","S","","","S"
"EC6","3","EC6_FILIAL+EC6_TPMODU+EC6_CTA_DB","Tipo Modulo + Cta. Debito","Tipo Modulo + Cta. Debito","Module Type + Debit Letter","S","","","S"
"EC6","4","EC6_FILIAL+EC6_TPMODU+EC6_CTA_CR","Tipo Modulo + Cta. Credito","Tipo Modulo + Cta. Credito","Module Type + Credit Lette","S","","","S"
"EC6","5","EC6_FILIAL+EC6_TPMODU+EC6_IDENTC+EC6_ID_CAM","Tipo Modulo + Unid. Req. + Ident. Campo","Tipo Modulo + Unid.Solic. + Ident. Campo","Module Type + Petition Un. + Field ID","S","","","S"
"EC6","6","EC6_FILIAL+EC6_TPMODU+EC6_ID_CAM+EC6_IDENTC+EC6_DIAMES","Tipo Modulo + Ident. Campo + Unid. Req. + Diar./Mensal","Tipo Modulo + Ident. Campo + Unid.Solic. + Diar/Mensual","Module Type + Field ID + Petition Un. + Daily/Mon.","S","","","S"
"EC7","1","EC7_FILIAL+EC7_FORN+EC7_INVOIC+EC7_IDENTC+EC7_HAWB+EC7_ID_CAM+DTOS(EC7_DT_CON)","Fornecedor + No. Invoice + Unid. Req. + Processo + Ident. Campo + Dt.","Proveedor + Num. Invoice + Unid.Solic. + Proceso + Ident. Campo + Fech","Supplier + Invoice Nr. + Petition Un. + Process + Field ID + Account D","S","","","S"
"EC7","2","EC7_FILIAL+EC7_HAWB+EC7_FORN+EC7_MOEDA+EC7_IDENTC+DTOS(EC7_DT_CON)+EC7_ID_CAM","Processo + Fornecedor + Moeda + Unid. Req. + Dt. Conta + Ident. Campo","Proceso + Proveedor + Moneda + Unid.Solic. + Fecha Cuenta + Ident. Cam","Process + Supplier + Currency + Petition Un. + Account Date + Field ID","S","","","S"
"EC7","3","EC7_FILIAL+EC7_NR_CON","Nr. Contabil","Num.Contabil","Acct. Number","S","","","S"
"EC7","4","EC7_FILIAL+DTOS(EC7_DT_CON)","Dt. Conta","Fecha Cuenta","Account Date","S","","","S"
"EC8","1","EC8_FILIAL+EC8_HAWB+EC8_FORN+EC8_MOEDA+EC8_IDENTC+EC8_PO_NUM+EC8_INVOIC","Processo + Fornecedor + Moeda + Unid. Req. + No. P.O. + No. Invoice","Proceso + Proveedor + Moneda + Unid.Solic. + Num. P.O. + Num. Invoice","Process + Supplier + Currency + Petition Un. + PO Number + Invoice Nr.","S","","","S"
"EC8","2","EC8_FILIAL+EC8_FORN+EC8_INVOIC+EC8_IDENTC+EC8_HAWB","Fornecedor + No. Invoice + Unid. Req. + Processo","Proveedor + Num. Invoice + Unid.Solic. + Proceso","Supplier + Invoice Nr. + Petition Un. + Process","S","","","S"
"EC8","3","EC8_FILIAL+EC8_HAWB+EC8_FORN+EC8_MOEDA+EC8_IDENTC+EC8_INVOIC","Processo + Fornecedor + Moeda + Unid. Req. + No. Invoice","Proceso + Proveedor + Moneda + Unid.Solic. + Num. Invoice","Process + Supplier + Currency + Petition Un. + Invoice Nr.","S","","","S"
"EC8","4","EC8_FILIAL+EC8_PO_NUM","No. P.O.","Num. P.O.","PO Number","S","","","S"
"EC9","1","EC9_FILIAL+EC9_FORN+EC9_INVOIC+EC9_IDENTC+DTOS(EC9_DT_LAN)+DTOS(EC9_DTCONT)+EC9_ID_CAM","Fornecedor + No. Invoice + Unid. Req. + Lancamento + Data Pgto + Tipo","Proveedor + Num. Invoice + Unid.Solic. + Asiento + Fecha Pago + Tipo d","Supplier + Invoice Nr. + Petition Un. + Entry + Payment Date + Payment","S","","","S"
"EC9","2","EC9_FILIAL+EC9_FORN+EC9_INVOIC+EC9_IDENTC+EC9_ID_CAM+DTOS(EC9_DTCONT)","Fornecedor + No. Invoice + Unid. Req. + Tipo de Pgto + Data Pgto","Proveedor + Num. Invoice + Unid.Solic. + Tipo de Pago + Fecha Pago","Supplier + Invoice Nr. + Petition Un. + Payment Type + Payment Date","S","","","S"
"EC9","3","EC9_FILIAL+EC9_NR_CON","Nr. Contabil","Num.Contabil","Acct. Number","S","","","S"
"EC9","4","EC9_FILIAL+EC9_FORN+EC9_INVOIC+EC9_IDENTC+EC9_SEQ","Fornecedor + No. Invoice + Unid. Req. + Sequencia","Proveedor + Num. Invoice + Unid.Solic. + Secuencia","Supplier + Invoice Nr. + Petition Un. + Sequence","S","","","S"
"ECA","1","ECA_FILIAL+ECA_TPMODU+ECA_DI_NUM+ECA_HAWB+ECA_FORN+ECA_INVOIC","Tipo Modulo + No. da D.I. + Processo + Fornecedor + No. Invoice","Tipo Modulo + Num. de D.I. + Proceso + Proveedor + Num. Invoice","Mod. Type + ID Number + Process + Supplier + Invoice Nr.","S","","","S"
"ECA","2","ECA_FILIAL+ECA_TPMODU+ECA_HAWB+ECA_IDENTC+ECA_ID_CAM","Tipo Modulo + Processo + Unid. Req. + Ident. Campo","Tipo Modulo + Proceso + Unid.Solic. + Ident. Campo","Mod. Type + Process + Petition Un. + Field ID","S","","","S"
"ECA","3","ECA_FILIAL+ECA_TPMODU+ECA_FORN+ECA_INVOIC+ECA_IDENTC+ECA_ID_CAM","Tipo Modulo + Fornecedor + No. Invoice + Unid. Req. + Ident. Campo","Tipo Modulo + Proveedor + Num. Invoice + Unid.Solic. + Ident. Campo","Mod. Type + Supplier + Invoice Nr. + Petition Un. + Field ID","S","","","S"
"ECA","4","ECA_FILIAL+ECA_TPMODU+ECA_HAWB+ECA_IDENTC+DTOS(ECA_DT_CON)+ECA_ID_CAM","Tipo Modulo + Processo + Unid. Req. + Dt. da Conta + Ident. Campo","Tipo Modulo + Proceso + Unid.Solic. + Fecha Cuenta + Ident. Campo","Mod. Type + Process + Petition Un. + Account Date + Field ID","S","","","S"
"ECA","5","ECA_FILIAL+ECA_TPMODU+ECA_FORN+ECA_INVOIC+ECA_IDENTC+ECA_HAWB+ECA_ID_CAM","Tipo Modulo + Fornecedor + No. Invoice + Unid. Req. + Processo + Ident","Tipo Modulo + Proveedor + Num. Invoice + Unid.Solic. + Proceso + Ident","Mod. Type + Supplier + Invoice Nr. + Petition Un. + Process + Field ID","S","","","S"
"ECA","6","ECA_FILIAL+ECA_TPMODU+ECA_ID_CAM","Tipo Modulo + Ident. Campo","Tipo Modulo + Ident. Campo","Mod. Type + Field ID","S","","","S"
"ECA","7","ECA_FILIAL+ECA_TPMODU+DTOS(ECA_DT_CON)","Tipo Modulo + Dt. da Conta","Tipo Modulo + Fecha Cuenta","Mod. Type + Account Date","S","","","S"
"ECA","8","ECA_FILIAL+ECA_TPMODU+ECA_IDENTC+ECA_DI_NUM+ECA_HAWB+ECA_FORN+ECA_MOEDA+ECA_INVOIC","Tipo Modulo + Unid. Req. + No. da D.I. + Processo + Fornecedor + Moeda","Tipo Modulo + Unid.Solic. + Num. de D.I. + Proceso + Proveedor + Moned","Mod. Type + Petition Un. + ID Number + Process + Supplier + Currency +","S","","","S"
"ECA","9","ECA_FILIAL+ECA_TPMODU+ECA_DI_NUM+ECA_HAWB+ECA_FORN+ECA_IDENTC+ECA_INVOIC+ECA_SEQ+ECA_ID_CAM","Tipo Modulo + No. da D.I. + Processo + Fornecedor + Unid. Req. + No. I","Tipo Modulo + Num. de D.I. + Proceso + Proveedor + Unid.Solic. + Num.","Mod. Type + ID Number + Process + Supplier + Petition Un. + Invoice Nr","S","","","S"
"ECA","A","ECA_FILIAL+ECA_TPMODU+ECA_CONTRA+ECA_PREEMB+ECA_IDENTC+ECA_INVEXP+ECA_SEQ","Tipo Modulo + Contrato + Proc. Export + Unid. Req. + No. Invoice + Seq","Tipo Modulo + Contrato + Proc. Export + Unid.Solic. + Num. Invoice + S","Mod. Type + Agreement + Exp.Proc. + Petition Un. + Invoice Nr. + Seque","S","","","S"
"ECA","B","ECA_FILIAL+ECA_TPMODU+ECA_PREEMB+ECA_IDENTC+ECA_INVEXP+ECA_FASE+ECA_SEQ+ECA_ID_CAM","Tipo Modulo + Proc. Export + Unid. Req. + No. Invoice + Fase + Sequenc","Tipo Modulo + Proc. Export + Unid.Solic. + Num. Invoice + Fase + Secue","Mod. Type + Exp.Proc. + Petition Un. + Invoice Nr. + Stage + Sequence","S","","","S"
"ECA","C","ECA_FILIAL+ECA_TPMODU+ECA_PROR+ECA_FAOR+ECA_INVEXP+ECA_PAOR+ECA_ID_CAM","Tipo Modulo + Proc. Origem + Fase Origem + No. Invoice + Parc. Origem","Tipo Modulo + Proc. Origen + Fase Origen + Num. Invoice + Cuot. Origen","Mod. Type + Sourc.Proc. + Souc.Stage + Invoice Nr. + Souc.Install + Fi","S","","","S"
"ECA","D","ECA_FILIAL+ECA_TPMODU+ECA_PREEMB+ECA_INVEXP+ECA_FORN+ECA_ID_CAM+ECA_IDENTC","Tipo Modulo + Proc. Export + No. Invoice + Fornecedor + Ident. Campo +","Tipo Modulo + Proc. Export + Num. Invoice + Proveedor + Ident. Campo +","Mod. Type + Exp.Proc. + Invoice Nr. + Supplier + Field ID + Petition U","S","","","S"
"ECB","1","ECB_FILIAL+DTOS(ECB_DATA)+ECB_MOEDA","Data da Taxa + Moeda","Fecha Tasa + Moneda","Rate Date + Currency","S","","","S"
"ECB","2","ECB_FILIAL+ECB_MOEDA+DTOS(ECB_DATA)","Moeda + Data da Taxa","Moneda + Fecha Tasa","Currency + Rate Date","S","","","S"
"ECC","1","ECC_FILIAL+ECC_IDENTC","Codigo","Codigo","Code","S","","","S"
"ECD","1","ECD_FILIAL","Filial","Sucursal","Branch","S","","","S"
"ECE","1","ECE_FILIAL+ECE_TPMODU+ECE_HAWB+ECE_FORN+ECE_INVOIC","Tipo Modulo + Processo + Cod. Fornec. + No. Invoice","Tipo Modulo + Proceso + Cod. Proveed + Nro. Invoice","Module Type + Process + Supp. Code + Inv. No.","S","","","S"
"ECE","2","ECE_FILIAL+ECE_TPMODU+ECE_NR_CON","Tipo Modulo + Nr. Contabil","Tipo Modulo + Nro.Contabil","Module Type + Accoun. No.","S","","","S"
"ECE","3","ECE_FILIAL+ECE_TPMODU+DTOS(ECE_DT_EST)","Tipo Modulo + Data Estorno","Tipo Modulo + Fch.Revers.","Module Type + Rev.Date","S","","","S"
"ECE","4","ECE_FILIAL+ECE_TPMODU+ECE_PREEMB+ECE_FORN+ECE_INVEXP","Tipo Modulo + Proc. Export + Cod. Fornec. + No. Invoice","Tipo Modulo + Proc. Export + Cod. Proveed + Num. Invoice","Module Type + Export Proc. + Supp. Code + Invoice Nr.","S","","","S"
"ECF","1","ECF_FILIAL+ECF_TPMODU+ECF_FORN+ECF_INVOIC+ECF_IDENTC+DTOS(ECF_DTCONT)+ECF_ID_CAM","Tipo Modulo + Cod.Fornec. + No. Invoice + Unid.Req. + Data Pagto. + Ti","Tipo Modulo + Cod. Proveed + Num. Invoice + Unid. Solic. + Fch. de Pag","Module Type + Supp.Code + Invoice no. + Req. Unit + Pay. date + Paym.M","S","","","S"
"ECF","2","ECF_FILIAL+ECF_TPMODU+ECF_FORN+ECF_INVOIC+ECF_IDENTC+ECF_ID_CAM+ECF_SEQ+ECF_ORIGEM","Tipo Modulo + Cod.Fornec. + No. Invoice + Unid.Req. + Tipo Pagto. + Se","Tipo Modulo + Cod. Proveed + Num. Invoice + Unid. Solic. + Tipo de Pag","Module Type + Supp.Code + Invoice no. + Req. Unit + Paym.Mode + Sequen","S","","","S"
"ECF","3","ECF_FILIAL+ECF_TPMODU+ECF_HAWB+ECF_FORN+ECF_IDENTC+ECF_ORIGEM+ECF_INVOIC+ECF_SEQ+ECF_ID_CAM","Tipo Modulo + PO/Processo + Cod.Fornec. + Unid.Req. + Modulo + No. Inv","Tipo Modulo + PO/Proceso + Cod. Proveed + Unid. Solic. + Modulo + Num.","Module Type + PO/Process + Supp.Code + Req. Unit + PO/Process + Invoic","S","","","S"
"ECF","4","ECF_FILIAL+ECF_TPMODU+ECF_NR_CON+ECF_HAWB+ECF_FORN+ECF_IDENTC+ECF_ORIGEM","Tipo Modulo + Nr.Contabil + PO/Processo + Cod.Fornec. + Unid.Req. + Mo","Tipo Modulo + Nr. Contabil + PO/Proceso + Cod. Proveed + Unid. Solic.","Module Type + Account. No. + PO/Process + Supp.Code + Req. Unit + PO/P","S","","","S"
"ECF","5","ECF_FILIAL+ECF_TPMODU+ECF_HAWB+ECF_FORN+ECF_ORIGEM+ECF_SEQ+ECF_ID_CAM+ECF_IDENTC","Tipo Modulo + PO/Processo + Cod.Fornec. + Modulo + Sequencia + Tipo Pa","Tipo Modulo + PO/Proceso + Cod. Proveed + Modulo + Secuencia + Tipo de","Module Type + PO/Process + Supp.Code + PO/Process + Sequence + Paym.Mo","S","","","S"
"ECF","6","ECF_FILIAL+ECF_TPMODU+ECF_HAWB+ECF_FORN+ECF_IDENTC+ECF_ORIGEM+ECF_ID_CAM+ECF_INVOIC+ECF_SEQ+ECF_PROCOR","Tipo Modulo + PO/Processo + Cod.Fornec. + Unid.Req. + Modulo + Tipo Pa","Tipo Modulo + PO/Proceso + Cod. Proveed + Unid. Solic. + Modulo + Tipo","Module Type + PO/Process + Supp.Code + Req. Unit + PO/Process + Paym.M","S","","","S"
"ECF","7","ECF_FILIAL+ECF_TPMODU+DTOS(ECF_DTCONT)","Tipo Modulo + Data Pagto.","Tipo Modulo + Fch. de Pago","Module Type + Pay. date","S","","","S"
"ECF","8","ECF_FILIAL+ECF_TPMODU+ECF_CONTRA","Tipo Modulo + Contrato","Tipo Modulo + Contrato","Module Type + Agreement","S","","","S"
"ECF","9","ECF_FILIAL+ECF_TPMODU+ECF_ORIGEM+ECF_PREEMB+ECF_FASE+ECF_INVEXP+ECF_SEQ+ECF_ID_CAM","Tipo Modulo + Modulo + Proc. Export + Fase + No. Invoice + Sequencia +","Tipo Modulo + Modulo + Proc. Export + Fase + Num. Invoice + Secuencia","Module Type + PO/Process + Exp.Process + Stage + Invoice Nr. + Sequenc","S","","","S"
"ECF","A","ECF_FILIAL+ECF_TPMODU+ECF_ORIGEM+ECF_PROR+ECF_FAOR+ECF_INVEXP+ECF_PAOR+ECF_ID_CAM","Tipo Modulo + Modulo + Proc. Origem + Fase Origem + No. Invoice + Parc","Tipo Modulo + Modulo + Proc. Origen + Fase Origen + Num. Invoice + Cuo","Module Type + PO/Process + Sour.Proc. + Sour.Phase + Invoice Nr. + Sou","S","","","S"
"ECF","B","ECF_FILIAL+ECF_TPMODU+ECF_FORN+ECF_INVEXP+ECF_IDENTC+DTOS(ECF_DTCONT)+ECF_ID_CAM","Tipo Modulo + Cod.Fornec. + No. Invoice + Unid.Req. + Data Pagto. + Ti","Tipo Modulo + Cod. Proveed + Num. Invoice + Unid. Solic. + Fch. de Pag","Module Type + Supp.Code + Invoice Nr. + Req. Unit + Pay. date + Paym.M","S","","","S"
"ECG","1","ECG_FILIAL+ECG_TPMODU+ECG_HAWB+ECG_FORN+ECG_IDENTC+ECG_ORIGEM","Tipo Modulo + PO/Processo + Cod.Fornec. + Unid.Req. + Modulo","Tipo Modulo + PO/Proceso + Cod. Provee + Unid. Solic. + Modulo","Module Type + PO/Process + Suppl.Code + Req. Unit + Module","S","","","S"
"ECG","2","ECG_FILIAL+ECG_TPMODU+ECG_HAWB+ECG_FORN+ECG_ORIGEM+ECG_IDENTC","Tipo Modulo + PO/Processo + Cod.Fornec. + Modulo + Unid.Req.","Tipo Modulo + PO/Proceso + Cod. Provee + Modulo + Unid. Solic.","Module Type + PO/Process + Suppl.Code + Module + Req. Unit","S","","","S"
"ECG","3","ECG_FILIAL+ECG_TPMODU+ECG_NR_CON+ECG_HAWB+ECG_FORN+ECG_ORIGEM+ECG_IDENTC","Tipo Modulo + Nr.Contabil + PO/Processo + Cod.Fornec. + Modulo + Unid.","Tipo Modulo + Nr. Contabil + PO/Proceso + Cod. Provee + Modulo + Unid.","Module Type + Accnt.No. + PO/Process + Suppl.Code + Module + Req. Unit","S","","","S"
"ECG","4","ECG_FILIAL+ECG_TPMODU+ECG_ORIGEM+ECG_PREEMB","Tipo Modulo + Modulo + Proc. Export","Tipo Modulo + Modulo + Proc. Export","Module Type + Module + Proc./Exp.","S","","","S"
"ECH","1","ECH_FILIAL+ECH_TPMODU+ECH_NR_CON+ECH_CONTA","Tipo Modulo + Nr. Contabil + Conta Contab","Tipo Modulo + Num.Contabil + Cuenta Contb","Module type + Account. Num + Ledger Acct.","S","","","S"
"ECI","1","ECI_FILIAL+ECI_BANCOD+ECI_TPMODU+ECI_CONTAB","Banco + Tipo Modulo + C. Contabil","Banco + Tipo Modulo + C. Contable","Bank + Module Type + Ledg. Acc.","S","","","S"
"ED0","1","ED0_FILIAL+ED0_PD","Ped.Drawback","Ped.Drawback","Drawback Ord","S","","","S"
"ED0","2","ED0_FILIAL+ED0_AC","Ato Concess.","Acto Conces.","Granting Act","S","","","S"
"ED1","1","ED1_FILIAL+ED1_PD+ED1_PROD+ED1_SEQ","Ped.Drawback + Prod.Exporta + Sequencia","Ped.Drawback + Prod.Exporta + Secuencia","Drawback Ord + Export Prod. + Sequence","S","","","S"
"ED1","2","ED1_FILIAL+ED1_PD+ED1_NCM+ED1_PROD+ED1_UMNCM+DTOS(ED1_DTEMBA)+ED1_RE","Ped.Drawback + NCM Export. + Prod.Exporta + UM Venda/NCM + Dt.Embarq.","Ped.Drawback + NCM Export. + Prod.Exporta + UM Venta/NCM + Fch.Embarqu","Drawback Ord + Export NCM + Export Prod. + Sales UM/NCM + Shipp.Date +","S","","","S"
"ED1","3","ED1_FILIAL+ED1_PD+ED1_SEQ","Ped.Drawback + Sequencia","Ped.Drawback + Secuencia","Drawback Ord + Sequence","S","","","S"
"ED1","4","ED1_FILIAL+ED1_AC+ED1_SEQ","Ato Concess. + Sequencia","Acto Conces. + Secuencia","Grant. Act + Sequence","S","","","S"
"ED1","5","ED1_FILIAL+ED1_PREEMB+ED1_PEDIDO+ED1_SEQUEN","Processo + Pedido + Sequencia","Proceso + Pedido + Secuencia","Process + Order + Sequence","S","","","S"
"ED1","6","ED1_FILIAL+ED1_PD+ED1_ANEXO+ED1_NCM+DTOS(ED1_DTEMBA)+ED1_RE+ED1_PROD","Ped.Drawback + Num. Anexo + NCM Export. + Dt.Embarq. + R.E. + Prod.Exp","Ped.Drawback + Nro. Anexo + NCM Export. + Fch.Embarque + R.E. + Prod.E","Drawback Ord + Attac.No. + Export NCM + Shipp.Date + E.R. + Export Pro","S","","","S"
"ED1","7","ED1_FILIAL+ED1_PD+DTOS(ED1_DTEMBA)+ED1_RE","Ped.Drawback + Dt.Embarq. + R.E.","Ped.Drawback + Fch.Embarque + R.E.","Drawback Ord + Shipp.Date + E.R.","S","","","S"
"ED1","8","ED1_FILIAL+ED1_PD+ED1_UMNCM+ED1_NCM+DTOS(ED1_DTEMBA)+ED1_RE+ED1_PROD","Ped.Drawback + UM Venda/NCM + NCM Export. + Dt.Embarq. + R.E. + Prod.E","Ped.Drawback + UM Venta/NCM + NCM Export. + Fch.Embarque + R.E. + Prod","Drawback Ord + Sales UM/NCM + Export NCM + Shipp.Date + E.R. + Export","S","","","S"
"ED2","1","ED2_FILIAL+ED2_PD+ED2_ITEM+ED2_SEQ","Ped.Drawback + Item Import. + Sequencia","Ped.Drawback + Item Import. + Secuencia","Drawback Ord + Import Item + Sequence","S","","","S"
"ED2","2","ED2_FILIAL+ED2_PD+ED2_PROD+ED2_SEQ","Ped.Drawback + Prod.Export. + Sequencia","Ped.Drawback + Prod.Export. + Secuencia","Drawback Ord + Expt. Prod. + Sequence","S","","","S"
"ED2","3","ED2_FILIAL+ED2_PD+ED2_NCM+ED2_ITEM","Ped.Drawback + NCM + Item Import.","Ped.Drawback + NCM + Item Import.","Drawback Ord + NCM + Import Item","S","","","S"
"ED2","4","ED2_FILIAL+ED2_HAWB+ED2_INVOIC+ED2_PO_NUM+ED2_POSICA+ED2_PGI_NU","Processo + Invoice + No. do P.O. + Posicao + No. PLI","Proceso + Invoice + Num. del P.O + Situacion + Num. PLI","Process + Invoice + P.O. Number + Status + PLI Number","S","","","S"
"ED2","5","ED2_FILIAL+ED2_PD+DTOS(ED2_DTREG)+ED2_DI_NUM+ED2_ADICAO+ED2_ITEM","Ped.Drawback + Registro DI + No. da DI + No. Adicao + Item Import.","Ped.Drawback + Registro DI + Num. de D.I. + Nro. Adicion + Item Import","Drawback Ord + DI Record + DI Number + Addit. No. + Import Item","S","","","S"
"ED2","6","ED2_FILIAL+ED2_PD+ED2_NCM+DTOS(ED2_DTREG)+ED2_DI_NUM+ED2_ADICAO","Ped.Drawback + NCM + Registro DI + No. da DI + No. Adicao","Ped.Drawback + NCM + Registro DI + Num. de D.I. + Nro. Adicion","Drawback Ord + NCM + DI Record + DI Number + Addit. No.","S","","","S"
"ED2","7","ED2_FILIAL+ED2_DI_NUM+ED2_ITEM","No. da DI + Item Import.","Num. de D.I. + Item Import.","DI Number + Import Item","S","","","S"
"ED2","8","ED2_FILIAL+ED2_PD+ED2_RE+ED2_PROD","Ped.Drawback + R.E. + Prod.Export.","Ped.Drawback + R.E. + Prod.Export.","Drawback Ord + R.E. + Expt. Prod.","S","","","S"
"ED3","1","ED3_FILIAL+ED3_PD+ED3_NCM+ED3_PROD+STR(ED3_PERCAG,5,2)+ED3_UMNCM","Ped.Drawback + NCM Export. + Prod.Exporta + Perc. Agente + U.M. NCM","Ped.Drawback + NCM Export. + Prod.Exporta + Perc. Agente + U.M. NCM","Drawback Ord + Export. NCM + Export Prod. + Broker % + NCM U.M.","S","","","S"
"ED3","2","ED3_FILIAL+ED3_AC+ED3_SEQSIS","Ato Concess. + Seq.SISCOMEX","Acta Conces. + Sec.SISCOMEX","Grant. Act + SISCOMEX Seq","S","","","S"
"ED3","3","ED3_FILIAL+ED3_CNPJIM+ED3_PROD+DTOS(ED3_DT_VAL)","CNPJ Import. + Prod.Exporta + Dt. Validade","CNPJ Import. + Prod.Exporta + Fch. Validez","Import. CNPJ + Export Prod. + Validity Dt.","S","","","S"
"ED3","4","ED3_FILIAL+ED3_CNPJIM+ED3_NCM+ED3_PROD+DTOS(ED3_DT_VAL)","CNPJ Import. + NCM Export. + Prod.Exporta + Dt. Validade","CNPJ Import. + NCM Export. + Prod.Exporta + Fch. Validez","Import. CNPJ + Export. NCM + Export Prod. + Validity Dt.","S","","","S"
"ED3","5","ED3_FILIAL+ED3_PD+ED3_ANEXO","Ped.Drawback + Num. Anexo","Ped.Drawback + Nro. Anexo","Drawback Ord + Attac.No.","S","","","S"
"ED3","6","ED3_FILIAL+ED3_PD+ED3_UMNCM+ED3_NCM+ED3_PROD+STR(ED3_PERCAG,5,2)","Ped.Drawback + U.M. NCM + NCM Export. + Prod.Exporta + Perc. Agente","Ped.Drawback + U.M. NCM + NCM Export. + Prod.Exporta + Perc. Agente","Drawback Ord + NCM U.M. + Export. NCM + Export Prod. + Broker %","S","","","S"
"ED3","7","ED3_FILIAL+ED3_PD+ED3_NCM+ED3_PROD+ED3_UMNCM","Ped.Drawback + NCM Export. + Prod.Exporta + U.M. NCM","Ped.Drawback + NCM Export. + Prod.Exporta + U.M. NCM","Drawback Ord + Export. NCM + Export Prod. + NCM U.M.","S","","","S"
"ED3","8","ED3_FILIAL+ED3_PD+ED3_PROD","Ped.Drawback + Prod.Exporta","Ped.Drawback + Prod.Exporta","Drawback Ord + Export Prod.","S","","","S"
"ED4","1","ED4_FILIAL+ED4_PD+ED4_NCM+ED4_ITEM+ED4_CAMB+STR(ED4_PERCPE,5,2)+ED4_UMNCM","Ped.Drawback + NCM + Item Import. + Cobertura + Perc. Perda + U.M. NCM","Ped.Drawback + NCM + Item Import. + Cobertura + Porc. Perdid + U.M. NC","Drawback Ord + NCM + Import Item + Coverage + Loss Perct. + NCM M.U.","S","","","S"
"ED4","2","ED4_FILIAL+ED4_AC+ED4_SEQSIS","Ato Concess. + Seq.SISCOMEX","Acta Conces. + Sec.SISCOMEX","Grant. Act + SISCOMEX Seq","S","","","S"
"ED4","3","ED4_FILIAL+ED4_CNPJIM+ED4_ITEM+ED4_CAMB+DTOS(ED4_DT_VAL)","CNPJ Import. + Item Import. + Cobertura + Dt. Validade","CNPJ Import. + Item Import. + Cobertura + Fch. Validez","Import. CNPJ + Import Item + Coverage + Validity Dt.","S","","","S"
"ED4","4","ED4_FILIAL+ED4_CNPJIM+ED4_NCM+ED4_ITEM+ED4_CAMB+DTOS(ED4_DT_VAL)","CNPJ Import. + NCM + Item Import. + Cobertura + Dt. Validade","CNPJ Import. + NCM + Item Import. + Cobertura + Fch. Validez","Import. CNPJ + NCM + Import Item + Coverage + Validity Dt.","S","","","S"
"ED4","5","ED4_FILIAL+ED4_PD+ED4_ANEXO","Ped.Drawback + Num. Anexo","Ped.Drawback + Nro. Anexo","Drawback Ord + Attach.No.","S","","","S"
"ED4","6","ED4_FILIAL+ED4_PD+ED4_UMNCM+ED4_NCM+ED4_ITEM+ED4_CAMB+STR(ED4_PERCPE,5,2)","Ped.Drawback + U.M. NCM + NCM + Item Import. + Cobertura + Perc. Perda","Ped.Drawback + U.M. NCM + NCM + Item Import. + Cobertura + Porc. Perdi","Drawback Ord + NCM M.U. + NCM + Import Item + Coverage + Loss Perct.","S","","","S"
"ED4","7","ED4_FILIAL+ED4_PD+ED4_NCM+ED4_ITEM+ED4_UMNCM","Ped.Drawback + NCM + Item Import. + U.M. NCM","Ped.Drawback + NCM + Item Import. + U.M. NCM","Drawback Ord + NCM + Import Item + NCM M.U.","S","","","S"
"ED5","1","ED5_FILIAL+ED5_AC+DTOS(ED5_DT_REG)+ED5_OPCOES+ED5_IM_EX+ED5_SEQSIS","Ato Concess. + Dt. Registro + Conces. Alt. + Imp/Exp + Seq.SISCOMEX","Acta Conces + Fch.Registro + Conces.Modif + Imp./Exp. + Sec.SISCOMEX","Grant. Act + Record Date + Conces. Chg. + Imp./Exp. + SISCOMEX Seq","S","","","S"
"ED5","2","ED5_FILIAL+ED5_AC+DTOS(ED5_DT_REG)","Ato Concess. + Dt. Registro","Acta Conces + Fch.Registro","Grant. Act + Record Date","S","","","S"
"ED5","3","ED5_FILIAL+ED5_PD+ED5_ANEXO","Ped.Drawback + Num. Anexo","Ped.Drawback + Num. Anexo","Drawback Ord + Enclosed Nr.","S","","","S"
"ED6","1","ED6_FILIAL+ED6_PD+ED6_TIPO+ED6_SEQSIS","Ped.Drawback + Movimentacao + Seq.SISCOMEX","Ped.Drawback + Movimiento + Sec.SISCOMEX","Drawback Ord + Transaction + SISCOMEX Seq","S","","","S"
"ED6","2","ED6_FILIAL+ED6_PD+ED6_PROD+ED6_NCM+ED6_TIPO+ED6_SEQSIS","Ped.Drawback + Prod./Item + NCM + Movimentacao + Seq.SISCOMEX","Ped.Drawback + Prod./Item + NCM + Movimiento + Sec.SISCOMEX","Drawback Ord + Prod./Item + NCM + Transaction + SISCOMEX Seq","S","","","S"
"ED7","1","ED7_FILIAL+ED7_PARA+ED7_DE","Sub-Item + Item","SubItem + Item","SubItem + Item","S","","","S"
"ED8","1","ED8_FILIAL+ED8_LI_NUM+ED8_DI_NUM+ED8_ADICAO+ED8_AC+ED8_POSICA","No. PLI/Reg. + No. da DI + No. Adicao + Ato Concess. + Posicao","Nro. PLI/Reg + Num. de DI + Nro. Adicion + Acta Conces + Situacion","PLI/Rec. Nr. + DI Number + Addition No. + Grant. Act + Status","S","","","S"
"ED8","2","ED8_FILIAL+ED8_IMPORT","CNPJ Import.","N.Contr.Impo","Import CNPJ","S","","","S"
"ED8","3","ED8_FILIAL+ED8_AC+ED8_POSICA","Ato Concess. + Posicao","Acta Conces + Situacion","Grant. Act + Status","S","","","S"
"ED9","1","ED9_FILIAL+ED9_RE+ED9_AC+ED9_POSICA","R.E. + Ato Concess. + Posicao","R.E. + Acta Conces. + Situacion","E.R. + Grant. Act + Status","S","","","S"
"ED9","2","ED9_FILIAL+ED9_EXPORT+ED9_LOJA","CNPJ Export. + Loja","N.Contr.Expo + Tienda","Export.CNPJ + Unit","S","","","S"
"ED9","3","ED9_FILIAL+ED9_AC+ED9_POSICA","Ato Concess. + Posicao","Acta Conces. + Situacion","Grant. Act + Status","S","","","S"
"EDA","1","EDA_FILIAL+EDA_PD+EDA_ITEM","Ped.Drawback + Item","Ped.Drawback + Item","Draw.Order + Item","S","","","S"
"EDB","1","EDB_FILIAL+EDB_PD+EDB_IMPORT+EDB_CNPJ","Ped.Drawback + Código + CNPJ","Ped.Drawback + Codigo + CNPJ","Drawb.Ord. + Code + CNPJ","S","","","S"
"EDC","1","EDC_FILIAL+EDC_PD+EDC_RE+EDC_PROD+EDC_ITEM","Ped.Drawback + R.E. + Prod.Exporta + Item","Ped.Drawback + R.E. + Prod.Exporta + Item","Drawb.Ord. + E.R. + Exp.Prod. + Item","S","","","S"
"EDD","1","EDD_FILIAL+EDD_AC+EDD_PREEMB+EDD_ITEM+DTOS(EDD_DTREG)","Ato Concess. + Proc.Emb.Exp + Item Import. + Data D.I.","Acto Conces + Proc.Emb.Exp + Item Import. + Fecha D.I.","Granting Act + Exp.Shp.Proc + Import Item + D.I. Date","S","","","S"
"EDD","2","EDD_FILIAL+EDD_HAWB+EDD_INVOIC+EDD_PO_NUM+EDD_POSICA+EDD_PGI_NU+EDD_AC+EDD_SEQSII+EDD_PREEMB","Proc. Import + Invoice + Ped. Import. + Linha Import + No. PLI + Ato C","Proc. Import + Invoice + Ped. Import. + Linea Import + No. PLI + Acto","Imp.Proc. + Invoice + Imp.Proc. + Import Line + PLI Number + Granting","S","","","S"
"EDD","3","EDD_FILIAL+EDD_PREEMB+EDD_PEDIDO+EDD_SEQUEN+EDD_PROD+EDD_AC+EDD_SEQSIE","Proc.Emb.Exp + Pedido Venda + Posic.Export + Produto Exp. + Ato Conces","Proc.Emb.Exp + Pedido Venta + Posic.Export + Producto Exp + Acto Conce","Exp.Shp.Proc + Sales Order + Exp.Status + Exp. Product + Granting Act","S","","","S"
"EDE","1","EDE_FILIAL+EDE_PREEMB+EDE_PEDIDO+EDE_SEQUEN+EDE_PROD+EDE_AC","Proc.Emb.Exp + Pedido Venda + Posic.Export + Produto Exp. + Ato Conces","Proc.Emb.Exp + Pedido Venta + Posic.Export + Producto Exp + Acto Conce","Exp.Shp.Proc + Sales Order + Exp.Status + Export Prod. + Granting Act","S","","","S"
"EE1","1","EE1_FILIAL+EE1_TIPREL+EE1_PAIS+EE1_DOCUM+EE1_TIPMEN","Tipo + Pais + Documento + Tipo Mensag.","Tipo + Pais + Documento + Tipo Mensaje","Type + Country + Document + Message Type","S","","","S"
"EE1","2","EE1_FILIAL+EE1_TIPREL+EE1_DOCUM+EE1_PAIS","Tipo + Documento + Pais","Tipo + Documento + Pais","Type + Document + Country","S","","","S"
"EE1","3","EE1_FILIAL+EE1_TIPREL+EE1_PAIS+EE1_CODCLI+EE1_CLLOJA+EE1_DOCUM","Tipo + Pais + Cliente + Loja Cli. + Documento","Tipo + Pais + Cliente + Tienda Clien + Documento","Type + Country + Customer + Cust.Unit + Document","S","","","S"
"EE2","1","EE2_FILIAL+EE2_CODCAD+EE2_TIPMEN+EE2_IDIOMA+EE2_COD","Cadastro + Tipo Mensag. + Idioma + EE2_C","Archivo + Tipo Mensaje + Idioma + EE2_C","File + Message Type + Language + EE2_C","S","","","S"
"EE2","2","EE2_FILIAL+EE2_CODCAD+EE2_TIPMEN+EE2_COD+EE2_IDIOMA","Cadastro + Tipo Mensag. + EE2_COD+Idioma","Archivo + Tipo Mensaje + EE2_COD+Idioma","File + Message Type + EE2_COD+Language","S","","","S"
"EE3","1","EE3_FILIAL+EE3_CODCAD+EE3_CONTAT+EE3_COMPL+EE3_SEQ","Cadastro + Codigo Rela. + Complemento + Seq.Cadastro","Archivo + Codigo Rel. + Complemento + Sec.Archivo","File + Code Assoc. + Complement + File Seq","S","","","S"
"EE3","2","EE3_FILIAL+EE3_NOME","Nome","Nombre","Name","S","","","S"
"EE4","1","EE4_FILIAL+EE4_COD+EE4_TIPMEN+EE4_IDIOMA","Codigo + Tipo Mensag. + Idioma","Codigo + Tipo Mensaje + Idioma","Code + Message Type + Language","S","","","S"
"EE4","2","EE4_FILIAL+EE4_IDIOMA","Idioma","Idioma","Language","S","","","S"
"EE5","1","EE5_FILIAL+EE5_CODEMB","Codigo","Codigo","Code","S","","","S"
"EE5","2","EE5_FILIAL+EE5_DESC","Descricao","Descripcion","Description","S","","","S"
"EE6","1","EE6_FILIAL+EE6_COD+EE6_VIAGEM","Codigo + N. da Viagem","Codigo + Nro. Viaje","Code + Trip No.","S","","","S"
"EE6","2","EE6_FILIAL+EE6_NOME","Nome","Nombre","Name","S","","","S"
"EE6","3","EE6_FILIAL+EE6_ORIGEM+EE6_AGENTE+EE6_NOME","Porto Origem + Cod. Agente + Nome","Puerto Orig. + Cod. Agente + Nombre","Source Harbo + Ag. Code + Name","S","","","S"
"EE7","1","EE7_FILIAL+EE7_PEDIDO","Pedido","Pedido","Order","S","","","S"
"EE7","2","EE7_FILIAL+DTOS(EE7_DTSLCR)+DTOS(EE7_DTAPCR)","Dt.Solic.Cr. + Dt.Apr.Cred.","Fch.Solic.Cr + Fch.Apr.Cred","Cred.Appl.Dt + Cred.App.Dt.","S","","","S"
"EE7","3","EE7_FILIAL+EE7_IMPORT+EE7_IMLOJA","Cod. Import. + Loja Import.","Cod. Import. + Tiend.Import","Import.Code + Import.Unit","S","","","S"
"EE7","4","EE7_FILIAL+EE7_CLIENT+EE7_CLLOJA","Cod.Cliente + Loja Cliente","Cod. Cliente + Tien.Cliente","Customer Cd. + Custom.Unit","S","","","S"
"EE7","5","EE7_FILIAL+EE7_FORN+EE7_FOLOJA","Cod.Fornec. + Loja Fornec.","Cod.Proveed. + Tda.Proveed.","Supplr. Code + Suppl.Unit","S","","","S"
"EE7","6","EE7_FILIAL+EE7_EXPORT+EE7_EXLOJA","Cod.Export. + Loja Export.","Cod. Export. + Tda. Export.","Export Code + Export.Unit","S","","","S"
"EE7","7","EE7_FILIAL+EE7_CONSIG+EE7_COLOJA","Cod.Consign. + Loja Consig.","Cod.Consign. + Tda. Consig.","Consig.Code + Consig.Unit","S","","","S"
"EE7","8","EE7_FILIAL+EE7_BENEF+EE7_BELOJA","Cod.Benef. + Loja Benef.","Cod. Benef. + Tda. Benefic","Benef. Code + Benef. Unit","S","","","S"
"EE7","9","EE7_FILIAL+STR(EE7_KEY,10,0)","Seq.Ord.","Sec.Ord.","Ord. Seq.","S","","","N"
"EE8","1","EE8_FILIAL+EE8_PEDIDO+EE8_SEQUEN","Pedido + Sequencia","Pedido + Secuencia","Order + Sequence","S","","","S"
"EE8","2","EE8_FILIAL+EE8_FORN+EE8_FOLOJA","Fornecedor + Loja","Proveedor + Tienda","Supplier + Unit","S","","","S"
"EE8","3","EE8_FILIAL+EE8_FABR+EE8_FALOJA","Fabricante + Loja","Fabricante + Tienda","Manufacturer + Unit","S","","","S"
"EE8","4","EE8_FILIAL+EE8_PEDIDO+EE8_ORIGEM","Pedido + Origem","Pedido + Origen","Order + Source","S","","","S"
"EE9","1","EE9_FILIAL+EE9_PEDIDO+EE9_SEQUEN+EE9_PREEMB+EE9_HOUSE","Pedido + Sequencia + Prep.Embarq. + Conhecimento","Pedido + Secuencia + Prep.Embarq. + Fact.Flete","Order + Sequence + Ship.Prepar. + Waybill","S","","","S"
"EE9","2","EE9_FILIAL+EE9_PREEMB+EE9_PEDIDO+EE9_SEQUEN","Prep.Embarq. + Pedido + Sequencia","Prep.Embarq. + Pedido + Secuencia","Ship.Prepar. + Order + Sequence","S","","","S"
"EE9","3","EE9_FILIAL+EE9_PREEMB+EE9_SEQEMB","Prep.Embarq. + Seq.Embarq.","Prep.Embarq. + Sec.Embarq.","Ship.Prepar. + Shipment Seq","S","","","S"
"EE9","4","EE9_FILIAL+EE9_PREEMB+EE9_POSIPI+EE9_COD_I+Str(EE9_PRECOI,17,7)","Prep.Embarq. + NCM + Codigo Item + Preco FOB","Prep.Embarq. + NCM + Codigo Item + Precio FOB","Ship.Prepar. + Prd.Nom./CET + Item Code + FOB Price","S","","","S"
"EE9","5","EE9_FILIAL+EE9_FORN+EE9_FOLOJA","Fornecedor + Loja","Proveedor + Tienda","Supplier + Unit","S","","","S"
"EE9","6","EE9_FILIAL+EE9_FABR+EE9_FALOJA","Fabricante + Loja","Fabricante + Tienda","Manufacturer + Unit","S","","","S"
"EE9","7","EE9_FILIAL+EE9_PREEMB+EE9_NALSH+EE9_SEQEMB","Prep.Embarq. + NALADI SH + Seq.Embarq.","Prep.Embarq. + NALADI SH + Sec.Embarq.","Ship.Prepar. + NALADI SH + Shipment Seq","S","","","S"
"EE9","8","EE9_FILIAL+EE9_PREEMB+EE9_POSIPI+Str(EE9_PRECOI,17,7)","Prep.Embarq. + NCM + Preco FOB","Prep.Embarq. + NCM + Precio FOB","Ship.Prepar. + Prd.Nom./CET + FOB Price","S","","","S"
"EE9","9","EE9_FILIAL+EE9_PREEMB+EE9_SEQSIS","Prep.Embarq. + Seq.Siscomex","Prep.Embarq. + Sec.Siscomex","Ship.Prepar. + Siscomex Seq","S","","","S"
"EE9","A","EE9_FILIAL+EE9_ATOCON+EE9_FASEDR+EE9_COD_I","Ato Conces. + Fase Drawbac + Codigo Item","Acta Conces. + EtapaDrawbac + Codigo Item","Grant. Act + Drawb.Stage + Item Code","S","","","S"
"EEA","1","EEA_FILIAL+EEA_COD+EEA_TIPDOC+EEA_IDIOMA","Codigo + Tipo + Idioma","Codigo + Tipo Doc. + Idioma","Code + Doc. Type + Language","S","","","S"
"EEA","2","EEA_FILIAL+EEA_IDIOMA+EEA_TIPDOC","Idioma + Tipo","Idioma + Tipo Doc.","Language + Doc. Type","S","","","S"
"EEA","3","EEA_FILIAL+EEA_TITULO","Titulo","Titulo","Title","S","","","S"
"EEB","1","EEB_FILIAL+EEB_PEDIDO+EEB_OCORRE+EEB_CODAGE+EEB_TIPOAG","Pedido + Ocorrencia + Codigo + Classif.","Pedido + Ocurrencia + Codigo + Clasif.","Order + Occurrence + Code + Classificat.","S","","","S"
"EEC","1","EEC_FILIAL+EEC_PREEMB","Processo","Proceso","Process","S","","","S"
"EEC","2","EEC_FILIAL+DTOS(EEC_DTPROC)","Dt.Processo","Fch.Proceso","Process Date","S","","","S"
"EEC","3","EEC_FILIAL+EEC_LC_NUM","No. L/C","Num. L/C","License Nr.","S","","","S"
"EEC","4","EEC_FILIAL+DTOS(EEC_FATURA)","Dt.Faturam.","Fch.Facturac","Invoic. Date","S","","","S"
"EEC","5","EEC_FILIAL+EEC_STASIS+DTOS(EEC_LIBSIS)","Status Sis. + Dt.Lib.Sis.","Estat. Sis. + Fch.Aprob.Si","SISCOMEX St. + Siscomex Dt.","S","","","S"
"EEC","6","EEC_FILIAL+EEC_IMPORT+EEC_IMLOJA","Cod. Import. + Loja Import.","Cod. Import. + Tda. Import.","Import.Code + Unit","S","","","S"
"EEC","7","EEC_FILIAL+EEC_CLIENT+EEC_CLLOJA","Cod.Cliente + Loja Cliente","Cod. Cliente + Tda.Cliente","Custom. Code + Unit","S","","","S"
"EEC","8","EEC_FILIAL+EEC_FORN+EEC_FOLOJA","Cod.Fornec. + Loja Fornec.","Cod.Proveed. + Tda. Proveed","Suppli. Code + Unit","S","","","S"
"EEC","9","EEC_FILIAL+EEC_EXPORT+EEC_EXLOJA","Cod.Export. + Loja Export.","Cod. Export. + Tda. Export.","Export. Code + Unit","S","","","S"
"EEC","A","EEC_FILIAL+EEC_CONSIG+EEC_COLOJA","Cod.Consign. + Loja Consig.","Cod. Consig. + Tda. Consig.","Consig. Code + Unit","S","","","S"
"EEC","B","EEC_FILIAL+EEC_BENEF+EEC_BELOJA","Cod.Benef. + Loja Benef.","Cod. Benef. + Tda. Benefic","Benef. Code + Unit","S","","","S"
"EEC","C","EEC_FILIAL+DTOS(EEC_DTEMBA)","Dt.Embarque","Fch.Embarque","Ship. Date","S","","","S"
"EEC","D","EEC_FILIAL+STR(EEC_VLNFC,10,0)","Seq.Ord.","Sec. Ord.","Ord.Seq.","S","","","N"
"EED","1","EED_FILIAL+EED_ENQCOD","Cod.Enquadr.","Cod.Encuadr.","Classif.Code","S","","","S"
"EEE","1","EEE_FILIAL+EEE_INSCOD","Instr.Neg.","Instr.Neg.","Neg. Instr.","S","","","S"
"EEF","1","EEF_FILIAL+EEF_COD","Modal.Pgto.","Modal.Pago","Payment Type","S","","","S"
"EEF","2","EEF_FILIAL+EEF_DESC","Descricao","Descripcion","Description","S","","","S"
"EEG","1","EEG_FILIAL+EEG_IDIOMA+EEG_COD","Idioma + Codigo","Idioma + Codigo","Language + Code","S","","","S"
"EEG","2","EEG_FILIAL+EEG_IDIOMA+EEG_NOME","Idioma + Descricao","Idioma + Descripcion","Language + Description","S","","","S"
"EEG","3","EEG_FILIAL+EEG_COD+EEG_IDIOMA","Codigo + Idioma","Codigo + Idioma","Code + Language","S","","","S"
"EEH","1","EEH_FILIAL+EEH_IDIOMA+EEH_COD","Idioma + Codigo","Idioma + Codigo","Language + Code","S","","","S"
"EEH","2","EEH_FILIAL+EEH_IDIOMA+EEH_NOME","Idioma + Descricao","Idioma + Descripcion","Language + Description","S","","","S"
"EEH","3","EEH_FILIAL+EEH_COD_RL+EEH_IDIOMA+EEH_COD","Divisao + Idioma + Codigo","Division + Idioma + Codigo","Division + Language + Code","S","","","S"
"EEH","4","EEH_FILIAL+EEH_COD+EEH_IDIOMA","Codigo + Idioma","Codigo + Idioma","Code + Language","S","","","S"
"EEI","1","EEI_FILIAL+EEI_COD","Codigo","Codigo","Code","S","","","S"
"EEJ","1","EEJ_FILIAL+EEJ_PEDIDO+EEJ_OCORRE","Pedido + Ocorrencia","Pedido + Evento","Order + Occurrence","S","","","S"
"EEK","1","EEK_FILIAL+EEK_TIPO+EEK_CODIGO+EEK_SEQ","Tipo + Emb. Master + Sequencia","Tipo + Emb. Master + Secuencia","Type + Master Pack. + Sequence","S","","","S"
"EEK","2","EEK_FILIAL+EEK_TIPO+EEK_PEDIDO+EEK_SEQUEN+EEK_CODIGO+EEK_SEQ","Tipo + Processo + Seq. Process + Emb. Master + Sequencia","Tipo + Proceso + Sec.Proces. + Emb. Master + Secuencia","Type + Process + Process Seq. + Master Pack. + Sequence","S","","","S"
"EEK","3","EEK_FILIAL+EEK_TIPO+EEK_CODIGO+EEK_EMB","Tipo + Emb. Master + Embalagem","Tipo + Emb. Master + Embalaje","Type + Master Pack. + Packing","S","","","S"
"EEL","1","EEL_FILIAL+EEL_LC_NUM","No. L/C","Num. L/C","L/C Number","S","","","S"
"EEL","2","EEL_FILIAL+DTOS(EEL_DT_VEN)+EEL_LC_NUM","Vencimento + No. L/C","Vencimiento + Num. L/C","Due Date + L/C Number","S","","","S"
"EEL","3","EEL_FILIAL+DTOS(EEL_DT_NEG)+EEL_LC_NUM","Negociacao + No. L/C","Negociacion + Num. L/C","Negotiation + L/C Number","S","","","S"
"EEL","4","EEL_FILIAL+DTOS(EEL_DT_EMB)+EEL_LC_NUM","Embarque + No. L/C","Embarque + Num. L/C","Shipment + L/C Number","S","","","S"
"EEM","1","EEM_FILIAL+EEM_PREEMB+EEM_TIPOCA+EEM_NRNF+EEM_TIPONF","Embarque + Tipo Cadastr + Nota Fiscal + Tipo de NF","Embarque + Tipo Regist. + Factura + Tipo de Fact","Shipment + Register Tp. + Invoice + Invoice Type","S","","","S"
"EEM","2","EEM_FILIAL+EEM_PREEMB+EEM_TIPOCA+DTOS(EEM_DTNF)+EEM_NRNF+EEM_TIPONF","Embarque + Tipo Cadastr + Data da N.F. + Nota Fiscal + Tipo de NF","Embarque + Tipo Regist. + Fecha Fact. + Factura + Tipo de Fact","Shipment + Register Tp. + Invoice Date + Invoice + Invoice Type","S","","","S"
"EEN","1","EEN_FILIAL+EEN_PROCES+EEN_OCORRE+EEN_IMPORT+EEN_IMLOJA","Proces/Embar + Ocorrencia + Cod. Notify + Loja Notify","Proces/Embar + Ocurrencia + Cod. Notify + Tda. Notify","Process/Ship + Occurrence + Notify Code + Unit","S","","","S"
"EEO","1","EEO_FILIAL+EEO_PREEMB+EEO_SEQ+EEO_NIVEL","Proces/Embar + Sequencia + Nivel","Proces/Embar + Secuencia + Nivel","Proc./Shipm. + Sequence + Level","S","","","S"
"EEO","2","EEO_FILIAL+EEO_PREEMB+EEO_TIPO+EEO_CODEMB","Proces/Embar + Tipo de Reg. + Volume","Proces/Embar + Tipo de Reg. + Volumen","Proc./Shipm. + Record Type + Volume","S","","","S"
"EEP","1","EEP_FILIAL+EEP_CNPJ","CNPJ/CPF","CNPJ/CPF","CNPJ/CPF","S","","","S"
"EEQ","1","EEQ_FILIAL+EEQ_PREEMB+EEQ_PARC","Processo + Nro. Parcela","Proceso + Nro. Cuota","Process + Instal. No.","S","","","S"
"EEQ","2","EEQ_FILIAL+EEQ_FFC+EEQ_PREEMB+EEQ_PARC","Nro. FFC + Processo + Nro. Parcela","Nro. FCC + Proceso + Nro. Cuota","FFC No. + Process + Instal. No.","S","","","S"
"EEQ","3","EEQ_FILIAL+EEQ_PREEMB+EEQ_ORIGEM","Processo + Origem","Proceso + Origen","Process + Source","S","","","S"
"EEQ","4","EEQ_FILIAL+EEQ_NRINVO+EEQ_PREEMB+EEQ_PARC","Invoice + Processo + Nro. Parcela","Invoice + Proceso + Nro. Cuota","Invoice + Process + Instal. No.","S","","","S"
"EEQ","5","EEQ_FILIAL+EEQ_NRINVO+EEQ_EVENT","Invoice + Evento","Invoice + Evento","Invoice + Event","S","","","S"
"EEQ","6","EEQ_FILIAL+EEQ_FASE+EEQ_PREEMB+EEQ_PARC","Fase + Processo + Nro. Parcela","Fase + Proceso + Nro. Cuota","Phase + Process + Instal. No.","S","","","S"
"EEQ","7","EEQ_FILIAL+EEQ_FAOR+EEQ_PROR+EEQ_PAOR","Fase Origem + Proc.Origem + Parc.Origem","Fase Origen + Proc.Origen + Cuota Origen","Sour.Phase + Sour.Proc. + Sour.Inst.","S","","","S"
"EEQ","8","EEQ_FILIAL+EEQ_NR_CON","Nro.Contabil","Num.Contabil","Acc.Number","S","","","S"
"EEQ","9","EEQ_FILIAL+DTOS(EEQ_PGT)","Dt.Liq.Cont.","Fch.Liq.Cont","Agr.Sett.Dt.","S","","","S"
"EER","1","EER_FILIAL+EER_CNPJ+EER_PREEMB","CNPJ/CPF + Processo","CNPJ/CPF + Proceso","CNPJ/CPF + Process","S","","","S"
"EER","2","EER_FILIAL+EER_PREEMB+EER_IDTXT","Processo + ID TXT","Proceso + ID TXT","Process + ID TXT","S","","","S"
"EES","1","EES_FILIAL+EES_PREEMB+EES_NRNF","Processo + Nota Fiscal","Proceso + Factura","Process + Invoice","S","","","S"
"EES","2","EES_FILIAL+EES_NR_CON","Nr.Contab.","Num.Contab.","Acc.Number","S","","","S"
"EET","1","EET_FILIAL+EET_PEDIDO+EET_OCORRE","Processo + Ocorrencia","Proceso + Evento","Process + Occurrence","S","","","S"
"EET","2","EET_FILIAL+EET_NR_CON","Nr.Contabil","Nr.Contabil.","Acc.Number","S","","","S"
"EET","3","EET_FILIAL+EET_FORNEC+EET_LOJAF+EET_PRETIT+EET_NUMTIT+EET_PARTIT+EET_TIPTIT+EET_DESPES","Cod. Fornec. + Loja Fornec. + Prefixo Tit. + Num.Titulo + Nro.Parc.Tit","Cod. Prov. +  + Prefijo Tit. + Num.Titulo + Nro.Parc.Tit + Tipo de Tit","Suppl. Code +  + Bill Prefix + Bill Number + Bill Ins.Nbr + Bill Type","S","","","S"
"EEU","1","EEU_FILIAL+EEU_PREEMB+EEU_DESPES","Embarque + Despesa","Embarque + Gasto","Shipment + Expense","S","","","S"
"EEV","1","EEV_FILIAL+EEV_COD_I+EEV_ORDEM","Codigo Item + Ordem","Codigo Item + Orden","Item Code + Order","S","","","S"
"EEV","2","EEV_FILIAL+EEV_COD_I+EEV_SEQUEN","Codigo Item + Sequencia","Codigo Item + Secuencia","Item Code + Sequence","S","","","S"
"EEW","1","EEW_FILIAL+EEW_COD_I+EEW_SEQUEN","Codigo Item + Sequencia","Codigo Item + Secuencia","Item Code + Sequence","S","","","S"
"EEX","1","EEX_FILIAL+EEX_PREEMB","Proc.Embarq.","Proc.Embarq.","Ship. Proc.","S","","","S"
"EEX","2","EEX_FILIAL+EEX_NUM","Num. do DDE","Nro. de DDE","DDE No.","S","","","S"
"EEX","3","EEX_FILIAL+DTOS(EEX_DATA)","Data do DDE","Fch. del DDE","DDE Date","S","","","S"
"EEY","1","EEY_FILIAL+EEY_NUMRV","Numero do RV","Numero de RV","RV Number","S","","","S"
"EEY","2","EEY_FILIAL+EEY_PEDIDO+EEY_TXTSIS","Pedido Exp. + Txt Siscomex","Pedido Exp. + Txt Siscomex","Export Order + Siscomex Txt","S","","","S"
"EEY","3","EEY_FILIAL+EEY_PEDIDO+EEY_SEQ","Pedido Exp. + Sequencia RV","Pedido Exp. + Secuencia RV","Export Order + RV Sequence","S","","","N"
"EEZ","1","EEZ_FILIAL+EEZ_PREEMB+EEZ_CNPJ+EEZ_SER+EEZ_NF","Proc.Embarq. + CNPJ Estabe. + Serie Nf. + Nota Fiscal","Proc.Embarqu + CNPJ Establ. + Serie + Factura","Ship.Proce. + Estab.CNPJ + Inv.Series + Invoice","S","","","S"
"EF0","1","EF0_FILIAL+EF0_TIPO+DTOS(EF0_DATA)","Base Feriado + Data","Base Feriado + Fecha","Holiday Base + Date","S","","","S"
"EF1","1","EF1_FILIAL+EF1_CONTRA","Nr. Contrato","Nro.Contrato","Contract No.","S","","","S"
"EF1","2","EF1_FILIAL+EF1_TP_FIN","Tipo Financ.","Tipo Financ.","Invoc. Type","S","","","S"
"EF1","3","EF1_FILIAL+EF1_MOEDA","Moeda Fin.","Moneda Fin.","Fin.Currency","S","","","S"
"EF1","4","EF1_FILIAL+EF1_EXPORT+EF1_LOJA+EF1_CONTRA","Exportador + Loja + Nr. Contrato","Exportador + Tienda + Nro.Contrato","Exporter + Unit + Contract No.","S","","","S"
"EF2","1","EF2_FILIAL+EF2_CONTRA","Nr. Contrato","Nro.Contrato","Contract No","S","","","S"
"EF2","2","EF2_FILIAL+EF2_CONTRA+EF2_TP_FIN+DTOS(EF2_DT_INI)","Nr. Contrato + Tipo Financ. + Data Inicial","Nro.Contrato + Tipo Financ. + Fch. Inicial","Contract No + Inv. Type + Initial Date","S","","","S"
"EF3","1","EF3_FILIAL+EF3_CONTRA+EF3_CODEVE","Nr. Contrato + Cod. Evento","Nro.Contrato + Cod. Evento","Contract No + Event Code","S","","","S"
"EF3","2","EF3_FILIAL+EF3_CODEVE+EF3_INVOIC+EF3_PARC","Cod. Evento + Invoice + Nro. Parcela","Cod. Evento + Invoice + Nro. Cuota","Event Code + Invoice + Install. No.","S","","","S"
"EF3","3","EF3_FILIAL+EF3_INVOIC+EF3_PARC+EF3_CODEVE","Invoice + Nro. Parcela + Cod. Evento","Invoice + Nro. Cuota + Cod. Evento","Invoice + Install. No. + Event Code","S","","","S"
"EF3","4","EF3_FILIAL+EF3_CONTRA+EF3_SEQ","Nr. Contrato + Sequencia","Nro.Contrato + Secuencia","Contract No + Sequence","S","","","S"
"EF3","5","EF3_FILIAL+EF3_NR_CON","Nro Contab.","Num. Contab.","Accoun. Nr.","S","","","S"
"EF3","6","EF3_FILIAL+EF3_CONTRA+EF3_INVOIC+EF3_PARC","Nr. Contrato + Invoice + Nro. Parcela","Nro.Contrato + Invoice + Nro. Cuota","Contract No + Invoice + Install. No.","S","","","S"
"EF4","1","EF4_FILIAL+EF4_CONTRA+EF4_PREEMB+EF4_INVOIC+EF4_PARC+EF4_TP_EVE+EF4_CODEVE+EF4_SEQ","Nro.Contrato + Processo Emb + Invoice + Nro. Parcela + Tipo Evento + C","Nro.Contrato + Proces Embar + Invoice + Nro. Cuota + Tipo Evento + Cod","Contract No. + Ship.Process + Invoice + Install.No. + Event Type + Eve","S","","","S"
"EG0","1","EG0_FILIAL+EG0_MODULO+EG0_DEMURR+EG0_NAVIO+EG0_VIAGEM+EG0_DEST","Modulo + Demurrage + Vessel Code + Trip + Disch.Port.","Modulo + Demurrage + Vessel Code + Trip + Disch.Port.","Module + Demurrage + Vessel Code + Trip + Disch.Port.","S","","","S"
"EG0","2","EG0_FILIAL+EG0_MODULO+EG0_DEMURR+EG0_FORNEC+EG0_MOEDA+EG0_NAVIO+EG0_VIAGEM+EG0_DEST","Modulo + Demurrage + Owners/Selle + Money + Vessel Code + Trip + Disch","Modulo + Demurrage + Owners/Selle + Money + Vessel Code + Trip + Disch","Module + Demurrage + Owners/Selle + Money + Vessel Code + Trip + Disch","S","","","S"
"EG1","1","EG1_FILIAL+EG1_MODULO+EG1_DEMURR+EG1_NAVIO+EG1_VIAGEM+EG1_DEST+EG1_EMBARQ+EG1_NRINVO+EG1_PEDIDO+EG1_SEQUEN","Modulo + Demurrage + M/V + Viagem + Disch. Port. + Embarque + Nr.Invoi","Modulo + Demurrage + M/V + Viaje + Disch. Port. + Embarque + N°  Invoi","Module + Demurrage + M/V + Trip + Disch. Port. + Shipment + Invoice Nr","S","","","S"
"EG1","2","EG1_FILIAL+EG1_MODULO+EG1_DEMURR+EG1_EMBARQ+EG1_NRINVO+EG1_PEDIDO+EG1_SEQUEN","Modulo + Demurrage + Embarque + Nr.Invoice + Pedido + Sequencia","Modulo + Demurrage + Embarque + N°  Invoice + Pedido + Secuencia","Module + Demurrage + Shipment + Invoice Nr + Order + Sequence","S","","","S"
"EG2","1","EG2_FILIAL+EG2_MODULO+EG2_DEMURR+EG2_NAVIO+EG2_VIAGEM+EG2_DEST","Modulo + Demurrage + M/V + Viagem + Disch. Port.","Modulo + Demurrage + M/V + Viaje + Disch. Port.","Module + Demurrage + M/V + Trip + Disch.Port.","S","","","S"
"EG4","1","EG4_FILIAL+EG4_CODEEA+EG4_TIPO+EG4_CMPSX3+EG4_CMPAVG","Cod. Docto. + Tipo + Campo SX3 + Campo Docto.","Cod. Docto. + Tipo + Campo SX3 + Campo Docto.","Doc. Code + Type + Field SX3 + Doc. Field","S","","","S"
"EG4","2","EG4_FILIAL+EG4_TIPO+EG4_CODEEA+EG4_CMPSX3+EG4_CMPAVG","Tipo + Cod. Docto. + Campo SX3 + Campo Docto.","Tipo + Cod. Docto. + Campo SX3 + Campo Docto.","Type + Doc. Code + Field SX3 + Doc. Field","S","","","S"
"EI1","1","EI1_FILIAL+EI1_HAWB+EI1_DOC+EI1_SERIE","Processo + N.F. + Serie","Proceso + Factura + Serie","Process + Invoice + Series","S","","","S"
"EI1","2","EI1_FILIAL+EI1_DOC+EI1_SERIE+EI1_HAWB","N.F. + Serie + Processo","Factura + Serie + Proceso","Invoice + Series + Process","S","","","S"
"EI2","1","EI2_FILIAL+EI2_HAWB+EI2_DOC+EI2_SERIE+EI2_PGI_NU+EI2_PO_NUM+EI2_POSICA","No. Conhec. + No. N.F.E. + Série N.F.E. + Nr. PLI + Nº Pedido + Nº Íte","Num.Fact.Fl. + Nro.Fact.Ent + Ser.Fact.Ent + Num. PLI + Num. Pedido +","Bill of Lld. + Inf. Inv. No + N.F.E.Series + PLI Number + Order Number","S","","","S"
"EI2","2","EI2_FILIAL+EI2_DOC+EI2_SERIE+EI2_HAWB+EI2_PGI_NU+EI2_PO_NUM+EI2_POSICA","No. N.F.E. + Série N.F.E. + No. Conhec. + Nr. PLI + Nº Pedido + Nº Íte","Nro.Fact.Ent + Ser.Fact.Ent + Num.Fact.Fl. + Num. PLI + Num. Pedido +","Inf. Inv. No + N.F.E.Series + Bill of Lld. + PLI Number + Order Number","S","","","S"
"EI3","1","EI3_FILIAL+EI3_HAWB","No. Conhec.","Num.Fact.Fl.","Bill of Lld.","S","","","S"
"EI4","1","EI4_FILIAL+EI4_PO_NUM","No. P.O.","Num. P.O","PO Number","S","","","S"
"EI5","1","EI5_FILIAL+EI5_PO_NUM","No. do P.O.","Num.del P.O","PO Number","S","","","S"
"EI6","1","EI6_FILIAL+EI6_CODIGO","Codigo","Codigo","Code","S","","","S"
"EI6","2","EI6_FILIAL+EI6_NCM+EI6_CODIGO","NCM + Codigo","NCM + Codigo","NCM + Code","S","","","S"
"EI7","1","EI7_FILIAL+EI7_SIMULA","Simulacao","Simulacion","Simulation","S","","","S"
"EI8","1","EI8_FILIAL+EI8_SIMULA+EI8_COD_I","Simulacao + Cod. Produto","Simulacion + Cod.Producto","Simulation + Product Code","S","","","S"
"EI9","1","EI9_FILIAL+EI9_SIMULA+EI9_TAB+EI9_DESP","Simulacao + Codigo + Cod. Despesa","Simulacion + Codigo + Cod. Gasto","Simulation + Code + Expense Cod.","S","","","S"
"EIA","1","EIA_FILIAL+EIA_SIMULA+EIA_COD_I+EIA_DESPES","Simula + Item + Despesa","Simula + Item + Gastos","Simulate + Item + Expense","S","","","S"
"EIB","1","EIB_FILIAL+EIB_CHAVE","Chave","Clave","Key","S","","","S"
"EIC","1","EIC_FILIAL+EIC_HAWB+EIC_DESPES","Processo + Despesa","Proceso + Gasto","Process + Expense","S","","","S"
"EID","1","EID_FILIAL+EID_HAWB+EID_CORRET+EID_BANCO","Processo + Corretora + Banco","Proceso + Corredora + Banco","Process + Broker Agen. + Bank","S","","","S"
"EID","2","EID_FILIAL+EID_HAWB+EID_INVOIC+EID_FORN+DTOS(EID_DT_VEN)","Processo + Invoice + Fornecedor + Vencimento","Proceso + Invoice + Proveedor + Vencimiento","Process + Invoice + Supplier + Due Date","S","","","S"
"EIE","1","EIE_FILIAL+EIE_ARMAD+EIE_TIPCNT","Armador + Tipo Cont's","Armador + Tipo Cont's","Shipowner + Account Type","S","","","S"
"EIF","1","EIF_FILIAL+EIF_HAWB+EIF_CODIGO","Processo + Tipo Docto.","Proceso + Tipo Doc.","Process + Doct. Type","S","","","S"
"EIG","1","EIG_FILIAL+EIG_HAWB+EIG_CODIGO","Processo + Tipo","Proceso + Tipo","Process + Type","S","","","S"
"EIH","1","EIH_FILIAL+EIH_HAWB+EIH_CODIGO","Processo + Tipo","Proceso + Tipo","Process + Type","S","","","S"
"EII","1","EII_FILIAL+EII_HAWB+EII_CODIGO","Processo + Cod. Debito","Proceso + Cod. Debito","Process + Debit Code","S","","","S"
"EIJ","1","EIJ_FILIAL+EIJ_HAWB+EIJ_ADICAO","Processo + No. Adicao","Proceso + Nro. Adicion","Process + Addition No.","S","","","S"
"EIK","1","EIK_FILIAL+EIK_HAWB+EIK_ADICAO","Processo + Adicao","Proceso + Incremento","Process + Addition","S","","","S"
"EIL","1","EIL_FILIAL+EIL_HAWB+EIL_ADICAO","Processo + Adicao","Proceso + Incremento","Process + Addition","S","","","S"
"EIM","1","EIM_FILIAL+EIM_HAWB+EIM_ADICAO","Processo + Adicao","Proceso + Incremento","Process + Addition","S","","","S"
"EIM","2","EIM_FILIAL+EIM_HAWB+EIM_CODIGO","Processo + Tab N.V.E.","Proceso + Tab N.V.E.","Process + NVE Table","S","","","S"
"EIN","1","EIN_FILIAL+EIN_HAWB+EIN_ADICAO","Processo + Adicao","Proceso + Incremento","Process + Addition","S","","","S"
"EIO","1","EIO_FILIAL+EIO_HAWB+EIO_ADICAO+EIO_TIPCOB","Processo + No. Adicao + Tipo Cobertu","Proceso + Nro. Incremt + Tipo Cobertu","Process + Addit.No. + Cov. Type","S","","","S"
"EIP","1","EIP_FILIAL+EIP_HAWB+EIP_NRPROT+EIP_ADICAO","Processo + No.Protocolo + Adicao","Proceso + Nr.Protocolo + Incremento","Process + Protoc.No. + Addition","S","","","S"
"EIQ","1","EIQ_FILIAL+EIQ_CODIGO","Cod. Dispos.","Cod. Dispos.","Dev.Code","S","","","S"
"EIR","1","EIR_FILIAL+EIR_HAWB","Processo","Proceso","Process","S","","","S"
"EIS","1","EIS_FILIAL+EIS_PGI_NU+EIS_SEQ_LI+EIS_NR_MAQ","Nro da PLI + Sequencia LI + Nro Maquina","Num. de PLI + Secuencia LI + Nro. Maquina","PLI Number + LI Sequence + Machine No.","S","","","S"
"EIS","2","EIS_FILIAL+EIS_PGI_NU+EIS_PO_NUM+EIS_POSICA","Nro da PLI + Nro do PO + Posicao","Num. de PLI + Num. del PO + Situacion","PLI Number + P.O. Number + Status","S","","","S"
"EIS","3","EIS_FILIAL+EIS_PO_NUM+EIS_COD_I+EIS_POSICA","Nro do PO + Codigo Item + Posicao","Num. del PO + Codigo Item + Situacion","P.O. Number + Item code + Status","S","","","S"
"EIS","4","EIS_FILIAL+DtoS(EIS_DT_EST)","Data Estorno","Fch.Reversi.","Rev.Date","S","","","S"
"EIT","1","EIT_FILIAL+EIT_PGI_NU+EIT_SEQ_LI+EIT_NUMERO","Nro da PLI + Seq da LSI + Numero","Num de PLI + Sec de LSI + Numero","PLI Seq. + LSI Seq. + Number","S","","","S"
"EIU","1","EIU_FILIAL+EIU_HAWB+EIU_TIPONF+EIU_ADICAO","Processo + Tipo de NF + Adicao","Proceso + Tipo de Fac. + Adicion","Process + Inv.Type + Addition","S","","","S"
"EX0","1","EX0_FILIAL+EX0_PREEMB+EX0_CODDOC","Embarque + Cod.Document","Embarque + Cod.Document","Shipment + Doc. Code","S","","","S"
"EX1","1","EX1_FILIAL+EX1_PREEMB+EX1_CODDOC","Embarque + Cod.Docto.","Embarque + Cod.Document","Shipment + Doc.Code","S","","","S"
"EX2","1","EX2_FILIAL+EX2_PREEMB+EX2_CODDOC","Embarque + Cod.Docto","Embarque + Cod.Document","Shipment + Doc.Code","S","","","S"
"EX3","1","EX3_FILIAL+EX3_VIA+EX3_ORIGEM+EX3_DEST+EX3_AGENTE","Via + Porto Origem + Porto Dest. + Agencia","Via + Puerto Orig. + Puerto Dest. + Agencia","Copy + Sour.Har. + Dest.Harb. + Branch","S","","","S"
"EX3","2","EX3_FILIAL+EX3_ORIGEM+EX3_DEST+EX3_AGENTE","Porto Origem + Porto Dest. + Agencia","Puerto Orig. + Puerto Dest. + Agencia","Sour.Har. + Dest.Harb. + Branch","S","","","S"
"EX3","3","EX3_FILIAL+EX3_AGENTE+EX3_ORIGEM+EX3_DEST","Agencia + Porto Origem + Porto Dest.","Agencia + Puerto Orig. + Puerto Dest.","Branch + Sour.Har. + Dest.Harb.","S","","","S"
"EX4","1","EX4_FILIAL+EX4_VIA+EX4_ORIGEM+EX4_DEST+EX4_AGENTE","Via + Porto Origem + Porto Dest. + Agencia","Via + Puerto Orig. + Puerto Dest. + Agencia","Copy + Sour.Harb. + Dest.Harb. + Branch","S","","","S"
"EX5","1","EX5_FILIAL+EX5_COD_I+EX5_PAIS","Codigo Item + Pais","Codigo Item + Pais","Item code + Country","S","","","S"
"EX6","1","EX6_FILIAL+EX6_COD_I+EX6_PAIS+EX6_CLIENT+EX6_CLLOJA","Codigo Item + Pais + Cod. Cliente + Loja Cliente","Codigo Item + Pais + Cod. Cliente + Tda. Cliente","Item code + Country + Cust.Code + Cus. Unit","S","","","S"
"EX6","2","EX6_FILIAL+EX6_CLIENT+EX6_CLLOJA+EX6_COD_I","Cod. Cliente + Loja Cliente + Codigo Item","Cod. Cliente + Tda. Cliente + Codigo Item","Cust.Code + Cus. Unit + Item code","S","","","S"
"EX7","1","EX7_FILIAL+EX7_MESANO","Mes/Ano","Mes/Ano","Mon./Year","S","","","S"
"EX8","1","EX8_FILIAL+EX8_NAVIO","Navio","Navio","Ship","S","","","S"
"EX8","2","EX8_FILIAL+EX8_DEST+DTOS(EX8_ETADES)","Porto Dest. + ETA Destino","Puerto Dest. + ETA Destino","Dest.Harb. + Destin. ETA","S","","","S"
"EX8","3","EX8_FILIAL+EX8_NAVIO+EX8_VIAGEM","Navio + N.Viagem","Navio + N.Viaje","Ship + Trip No.","S","","","S"
"EX9","1","EX9_FILIAL+EX9_PREEMB+EX9_CONTNR","Processo + No.Container","Proceso + Num.Contened","Process + Cont. No.","S","","","S"
"EXA","1","EXA_FILIAL+EXA_PREEMB+EXA_CONTNR+EXA_COD_I+EXA_SEQEMB","Processo + No.Container + Produto + Sequencia","Proceso + Num.Contened + Producto + Secuencia","Process + Cont. No. + Product + Sequence","S","","","S"
"EXB","1","EXB_FILIAL+EXB_PREEMB+EXB_PEDIDO+EXB_CODATV+EXB_TIPO","Pr.Embarque + Pedido + Cod.Ativ/Doc + Tipo","Proc.Embarq. + Pedido + Cod.Ativ/Doc + Tipo","Ship.Proc. + Order + Act.Cod./Doc + Type","S","","","S"
"EXB","2","EXB_FILIAL+EXB_PREEMB+EXB_PEDIDO+EXB_TIPO","Pr.Embarque + Pedido + Tipo","Proc.Embarq. + Pedido + Tipo","Ship.Proc. + Order + Type","S","","","S"
"EXF","1","EXF_FILIAL+EXF_NAVIO+EXF_AGENTE","Navio + Cod. Agente","Navio + Cod. agente","Ship + Broker Cd.","S","","","S"
"EXG","1","EXG_FILIAL+EXG_PREEMB+EXG_PARC+EXG_BANC","Processo + Parcela + Cod. Banco","Proceso + Cuota + Cod. Banco","Process + Installm. + Bank Code","S","","","S"
"EXH","1","EXH_FILIAL+EXH_CODCLI+EXH_CLLOJA+EXH_COD_I","Cod.Cliente + Loja Cliente + Produto","Cod. Cliente + Tda Cliente + Producto","Cust. Code + Custom.Unit + Product","S","","","S"
"EXI","1","EXI_FILIAL+EXI_PREEMB+EXI_SEQEMB+EXI_PEDIDO","Prep.Embarq. + Seq.Embarque + Pedido","Prep.Embarq. + Sec.Embarque + Pedido","Prep.Shipm. + Ship. Seq. + Order","S","","","N"
"EXJ","1","EXJ_FILIAL+EXJ_COD+EXJ_LOJA","Codigo + Loja","Codigo + Tienda","Code + Unit","S","","","S"
"EXK","1","EXK_FILIAL+EXK_TIPO+EXK_PROC+EXK_FORN+EXK_LOJA+EXK_INVOIC","Tipo + Processo + Fornecedor + Loja + No. Invoice","Tipo + Proceso + Proveedor + Tienda + N° Invoice","Type + Process + Supplier + Unit + Invoice Nbr.","S","","","S"
"EXL","1","EXL_FILIAL+EXL_PREEMB","Embarque","Embarque","Shipment","S","","","S"
"EXM","1","EXM_FILIAL+EXM_PREEMB+EXM_DESP","Embarque + Despesa","Embarque + Gasto","Shipment + Disbursement","S","","","S"
"EXN","1","EXN_FILIAL+EXN_PROD+EXN_PAIS+EXN_NORMA","Cod. Produto + Pais Norma + Cod. Norma","Cod. Product + Pais Norma + Cod. Norma","Product Cod. + Country Rule + Norm Cod.","S","","","S"
"EZZ","1","EZZ_FILIAL+EZZ_HAWB+EZZ_INVOIC+EZZ_FORN","Processo + Invoice + Fornecedor","Proceso + Invoice + Proveedor","Process + Invoice + Supplier","S","","","S"
"EZZ","2","EZZ_FILIAL+EZZ_INVOIC+EZZ_FORN","Invoice + Fornecedor","Invoice + Proveedor","Invoice + Supplier","S","","","S"
"GA0","1","GA0_FILIAL+GA0_CODFAR","Cod Farmaco","Cod Farmaco","Med. Code","S","","","S"
"GA0","2","GA0_FILIAL+GA0_DESC","Descricao","Descripcion","Descrip.","S","","","S"
"GA1","1","GA1_FILIAL+GA1_CODPCT","Cod Pacote","Cod. Paquete","Pack.Code","S","","","S"
"GA1","2","GA1_FILIAL+GA1_DESC","Descricao","Descripcion","Descrip.","S","","","S"
"GA1","3","GA1_FILIAL+GA1_CODPRO","Procedimento","Procedim.","Procedure","S","","","S"
"GA1","4","GA1_FILIAL+GA1_CODTXD","Taxa Diaria","Tasa Diaria","Rate Diaria","S","","","S"
"GA2","1","GA2_FILIAL+GA2_CODPCT+GA2_CODCPC","Cod Pacote + Componente","Cod Paquete + Componente","Pack.Code + Component","S","","","S"
"GA3","1","GA3_FILIAL+GA3_TABPRO+GA3_CODPAN","Tab Procedim + Porte Aneste","Tab Procedim + Porte Aneste","Procd.Table + Anaest.Dose","S","","","S"
"GA3","2","GA3_FILIAL+GA3_CODPAN+GA3_TABPRO","Porte Aneste + Tab Procedim","Porte Aneste + Tab Procedim","Anaest.Dose + Procd.Table","S","","","S"
"GA4","1","GA4_FILIAL+GA4_CODCON+GA4_CODPLA+GA4_ORIDES+GA4_CODDES+DTOS(GA4_DATVIG)","Cod Convenio + Plano + Orig Despesa + Cod. Despesa + Vigencia","Cod Convenio +  + Orig. Gasto + Cod. Gasto +","Heal.Pl.Cd. +  + Expens.Sour. + Exp.Code +","S","","","S"
"GA5","1","GA5_FILIAL+GA5_CODCON+GA5_CODPLA+GA5_CODGPA+DTOS(GA5_DATVIG)","Cod Convenio + Plano + Grupo AMB + Vigencia","Cod Convenio +  + Grupo AMB +","Heal.Pl.Cd. +  + AMB Group +","S","","","S"
"GA5","2","GA5_FILIAL+GA5_CODGPA","Grupo AMB","Grupo AMB","AMB Group","S","","","S"
"GA6","1","GA6_FILIAL+GA6_CODCON+GA6_CODPLA+GA6_TIPCHF+GA6_CODCCU+DTOS(GA6_DATVIG)","Cod Convenio + Plano + Tipo do CH + Centro Custo + Dt. Vigencia","Cod Convenio +  + Tipo do CH + Centro Costo + Fch.Vigencia","Heal.Pl.Cd. +  + FR Type + Centro Custo + Validity Dt.","S","","","S"
"GA7","1","GA7_FILIAL+GA7_CODPRO","Procedimento","Procedimient","Procedure","S","","","S"
"GA7","2","GA7_FILIAL+GA7_DESC","Descricao","Descripcion","Descrip.","S","","","S"
"GA7","3","GA7_FILIAL+GA7_TIPPRO","T Procedimto","Tp.Procedim.","Proc. Type","S","","","S"
"GA7","4","GA7_FILIAL+GA7_CODPAN","Porte Anest.","Porte Anest.","Anaest.Dose","S","","","S"
"GA8","1","GA8_FILIAL+GA8_CODPRO+GA8_TABPRO","Procedimento + Tab Procedim","Procedimient + Tab Procedim","Procedure + Proc.Table","S","","","S"
"GA8","2","GA8_FILIAL+GA8_TABPRO+GA8_CODPRT","Tab Procedim + Proced Tab","Tab Procedim + Proced Tab","Proc.Table + Tab.Proced.","S","","","S"
"GA8","3","GA8_FILIAL+GA8_TABPRO+GA8_CODPRO","Tab Procedim + Procedimento","Tab Procedim + Procedimient","Proc.Table + Procedure","S","","","S"
"GA9","1","GA9_FILIAL+GA9_CODCON","Cod Convenio","Cod Convenio","Heal.Pl.Cd.","S","","","S"
"GA9","2","GA9_FILIAL+GA9_NOME","Razao Social","Razon Social","Corp. Name","S","","","S"
"GA9","3","GA9_FILIAL+GA9_NREDUZ","N Fantasia","Nom.Fantasia","Trade Name","S","","","S"
"GA9","4","GA9_FILIAL+GA9_CGC","CNPJ Conven.","CNPJ Conven.","CNPJ Conven.","S","","","S"
"GAA","1","GAA_FILIAL+GAA_CODTXD","Cd Tx/Diaria","Cd Ts/Diaria","Rt/D.Wg.Code","S","","","S"
"GAA","2","GAA_FILIAL+GAA_DESC","Descricao","Descripcion","Description","S","","","S"
"GAA","3","GAA_FILIAL+GAA_TIPDES","Tipo Despesa","Tipo Gastos","Exp.Type","S","","","S"
"GAA","4","GAA_FILIAL+GAA_CODCTD","Categ Tx/Dia","Categ Ts/Dia","Rt./D.Wg.Cat","S","","","S"
"GAB","1","GAB_FILIAL+GAB_CODTXD+GAB_CODCON+GAB_CODPLA","Cd Tx/Diaria + Cod Convenio + Plano","Cd Ts/Diaria + Cod Convenio + Plan","Rt/D.Wg Code + H.Care Code + Health plan","S","","","S"
"GAB","2","GAB_FILIAL+GAB_CODPLA+GAB_CODCON+GAB_TIPDES+GAB_CODTXD","Plano + Cod Convenio + Utilizado + Cd Tx/Diaria","Plan + Cod Convenio + Utilizado + Cd Ts/Diaria","Health plan + H.Care Code + Used + Rt/D.Wg Code","S","","","S"
"GAB","3","GAB_FILIAL+GAB_DESC","Descricao","Descripcion","Description","S","","","S"
"GAC","1","GAC_FILIAL+GAC_CODCON+GAC_CODPLA+GAC_ARQORI+GAC_CODPRO+DTOS(GAC_DATVIG)","Cod Convenio + Plano + Orig Despesa + Produ/Proced + Vigencia","Cod Convenio +  + Orig Gasto + Produ/Proced +","H.Care Code +  + Exp.Source + Prod/Proced. +","S","","","S"
"GAD","1","GAD_FILIAL+GAD_REGATE","Num. Conta","Num.Registro","Record No.","S","","","S"
"GAD","2","GAD_FILIAL+GAD_REGGER+GAD_TPALTA","R.G.Paciente + Tipo da Alta","DNI Paciente + Tipo de Alta","Patient´s ID + Disch.Type","S","","","S"
"GAD","3","GAD_FILIAL+GAD_NOME","Nome Pacient","Nomb.Pacient","Patient´s Nm","S","","","S"
"GAD","4","GAD_FILIAL+DTOS(GAD_DATATE)","Data Atend.","Fch. Atenc.","Data Atend.","S","","","S"
"GAD","5","GAD_FILIAL+DTOS(GAD_DATALT)","Data da Alta","Fch. de Alta","Disch.Date","S","","","S"
"GAD","6","GAD_FILIAL+GAD_CODEMP","Cod Empresa","Cod Empresa","Cia Code","S","","","S"
"GAD","7","GAD_FILIAL+GAD_CODLOC+DTOS(GAD_DATFEC)","Local Atend + Data da Fech","Local Atenc. + Fch.de Cierr","Serv.Place + Closing Date","S","","","S"
"GAD","8","GAD_FILIAL+GAD_TIPACO","Tipo Acomoda","Tipo Cuarto","Room Type","S","","","S"
"GAD","9","GAD_FILIAL+GAD_TPALTA","Tipo da Alta","Tipo de Alta","Disch.Type","S","","","S"
"GAD","A","GAD_FILIAL+DTOS(GAD_ENTLAU)+GAD_CODCON+GAD_CODCLI","Dta. Laudo + Cod Convenio + Clinica","Fch. Informe + Cod.Convenio + Clinica","M.Rep.Date + H.Care Code + Clinic","S","","","S"
"GAD","B","GAD_FILIAL+GAD_CODCLI","Clinica","Clinica","Clinic","S","","","S"
"GAD","C","GAD_FILIAL+GAD_CODCON+GAD_NUMLOT","Cod Convenio + Nro Lote Int","Cod.Convenio + Num.Lote Int","H.Care Code + Conf.Lot No.","S","","","S"
"GAD","D","GAD_FILIAL+GAD_CODCON+GAD_CODPLA+DTOS(GAD_DATFAT)","Cod Convenio + Plano + Data Faturto","Cod.Convenio + Plan + Fch. Factur.","H.Care Code + Health plan + Invoic.Date","S","","","S"
"GAD","E","GAD_FILIAL+DTOS(GAD_DATFEC)","Data da Fech","Fch.de Cierr","Closing Date","S","","","S"
"GAD","F","GAD_FILIAL+DTOS(GAD_DATREC)","Dt Recebto","Fch. Recibo","Receiving Dt","S","","","S"
"GAD","G","GAD_FILIAL+DTOS(GAD_DATFAT)","Data Faturto","Fch. Factur.","Invoic.Date","S","","","S"
"GAD","H","GAD_FILIAL+GAD_NRGUIA","Nro da Guia","Num. de Guia","Form No.","S","","","S"
"GAD","I","GAD_FILIAL+GAD_CODCON+DTOS(GAD_DATFAT)","Cod Convenio + Data Faturto","Cod.Convenio + Fch. Factur.","H.Care Code + Invoic.Date","S","","","S"
"GAD","J","GAD_FILIAL+GAD_ATENDE+GAD_CODLOC+DTOS(GAD_DATATE)","Atendente + Local Atend + Data Atend.","+ Local Atenc. + Fch. Atenc.","+ Serv.Place + Data Atend.","S","","","S"
"GAD","K","GAD_FILIAL+GAD_CODCRM+DTOS(GAD_DATATE)","CRM Medico + Data Atend.","CRM Medico + Fch. Atenc.","Doc´s CRM + Data Atend.","S","","","S"
"GAD","L","GAD_FILIAL+GAD_CODESP","Especialidad","Especialidad","Specialty","S","","","S"
"GAD","M","GAD_FILIAL+GAD_CIDALT","Cod CID Alta","Cod CID Alta","Disc ICD Cod","S","","","S"
"GAD","N","GAD_FILIAL+GAD_CCUINT+GAD_REGATE","Setor Intern + Num. Conta","Sector Inter + Num.Registro","Conf.Sector + Record No.","S","","","S"
"GAD","O","GAD_FILIAL+GAD_STATUS+GAD_REGATE","Status + Num. Conta","+ Num.Registro","+ Record No.","S","","","S"
"GAD","P","GAD_FILIAL+GAD_REGGER+DTOS(GAD_DATALT)","R.G.Paciente + Data da Alta","DNI Paciente + Fch. de Alta","Patient´s ID + Disch.Date","S","","","S"
"GAD","Q","GAD_FILIAL+GAD_NRCTRL","Protocolo","","","S","","","S"
"GAD","R","GAD_FILIAL+GAD_SERIE+GAD_TITULO+GAD_REGATE","Serie Nota + No. Titulo + Num. Conta","+  + Num.Registro","+  + Record No.","S","","","S"
"GAD","S","GAD_FILIAL+GAD_NUMCXA","Nro Fech. Cx","","","S","","","S"
"GAD","T","GAD_FILIAL+GAD_REGANT+GAD_REGATE","Nro Reg. Ant + Num. Conta","Num.Reg. Ant + Num.Registro","Prv.Rec.No. + Record No.","S","","","S"
"GAE","1","GAE_FILIAL+GAE_CODEMP","Cod Empresa","Cod Empresa","Comp.Code","S","","","S"
"GAE","2","GAE_FILIAL+GAE_NOME","Nome Empresa","Nomb.Empresa","Comp.Name","S","","","S"
"GAF","1","GAF_FILIAL+GAF_CODKIT+GAF_ALMORI","Codigo Kit + Almox.Orig.","Codigo Kit + Depos. Orig.","Kit Code + Sour.Wareh.","S","","","S"
"GAF","2","GAF_FILIAL+GAF_BARKIT","Cod Barras","Cod. Barras","Bar Code","S","","","S"
"GAF","3","GAF_FILIAL+GAF_DESKIT","Descr.do Kit","Descr.de Kit","Kit Desc.","S","","","S"
"GAF","4","GAF_FILIAL+GAF_CCOKIT","Produto","Producto","Comp. Princ.","S","","","S"
"GAG","1","GAG_FILIAL+GAG_CODKIT+GAG_CCOKIT + GAG_ALMORI","Codigo Kit + Produto + Almox.Origem","Codigo Kit + Cod Comp Kit + Depos.Origen","Kit Code + Kit Comp Cod + Sour.Wareh.","S","","","S"
"GAH","1","GAH_FILIAL+GAH_NUMAUT","Nro Autoriz","Num.Autoriz","Author.No.","S","","","S"
"GAH","2","GAH_FILIAL+GAH_REGGER+DTOS(GAH_DATAUT)","Reg.Paciente + Dt Autorizac","DNI Paciente + Fch.Autoriz.","Patient´s ID + Auth.Date","S","","","S"
"GAK","1","GAK_FILIAL+GAK_REGATE+GAK_FLGDCI+DTOS(GAK_DATMAT)","Reg.Internac + Dsp Cirurgic + Dt Lancamto","Reg.Internac + Gst.Quirurg. + Fch.Registro","Conf.Rec. + Surg.Exp. + Entry Date","S","","","S"
"GAK","2","GAK_FILIAL+DTOS(GAK_DATMAT)","Dt Lancamto","Fch.Registro","Entry Date","S","","","S"
"GAK","3","GAK_FILIAL+GAK_CODMAT+DTOS(GAK_DATMAT)","Mat/Med + Dt Lancamto","Mat/Med + Fch.Registro","Mat./Med. + Entry Date","S","","","S"
"GAK","4","GAK_FILIAL+GAK_CODPRE+DTOS(GAK_DATMAT)","Cd Prestador + Dt Lancamto","Cd Prestador + Fch.Registro","Renderer Cod + Entry Date","S","","","S"
"GAK","5","GAK_FILIAL+GAK_SOLICI+GAK_CODMAT","Nro Solicit + Mat/Med","Num. Solicit + Mat/Med","Req. No. + Mat./Med.","S","","","S"
"GAK","6","GAK_FILIAL+GAK_SEQDES+GAK_REGATE+GAK_CODMAT","Seq.Despesa + Reg.Internac + Mat/Med","Sec. Gasto + Reg.Internac + Mat/Med","Exp.Sequen. + Conf.Rec. + Mat./Med.","S","","","S"
"GAK","7","GAK_FILIAL+GAK_REGATE+DTOS(GAK_DATMAT)","Reg.Internac + Dt Lancamto","Reg.Internac + Fch.Registro","Conf.Rec. + Entry Date","S","","","S"
"GAK","8","GAK_FILIAL+GAK_NROREC","Nro. Recibo","Nro. Recibo","Receipt Nbr.","S","","","S"
"GAL","1","GAL_FILIAL+GAL_REGATE+GAL_FLGDCI+DTOS(GAL_DATTAX)","Reg.Internac + Dsp Cirurgic + Dt Lancamto","Reg.Internac + Gst.Quirurg + Fch. Asto","Conf. Rec. + Surg.Exp. + Entry Date","S","","","S"
"GAL","2","GAL_FILIAL+DTOS(GAL_DATTAX)","Dt Lancamto","Fch. Asto","Entry Date","S","","","S"
"GAL","3","GAL_FILIAL+GAL_CODTAX","Codigo Taxa","Codigo Tasa","Rate Code","S","","","S"
"GAL","4","GAL_FILIAL+GAL_CODPRE+DTOS(GAL_DATTAX)","Cd Prestador + Dt Lancamto","Cd Prestador + Fch. Asto","Renderer Cod + Entry Date","S","","","S"
"GAL","5","GAL_FILIAL+GAL_SEQDES+GAL_REGATE+GAL_CODTAX","Seq.Despesa + Reg.Internac + Codigo Taxa","Sec. Gasto + Reg.Internac + Codigo Tasa","Exp.Sequen. + Conf. Rec. + Rate Code","S","","","S"
"GAL","6","GAL_FILIAL+GAL_REGATE+DTOS(GAL_DATTAX)","Reg.Internac + Dt Lancamto","Reg.Internac + Fch. Asto","Conf. Rec. + Entry Date","S","","","S"
"GAL","7","GAL_FILIAL+GAL_REGATE+GAL_CODTAX+DTOS(GAL_DATTAX)+GAL_GLOTAX","Reg.Internac + Codigo Taxa + Dt Lancamto + Ind de Glosa","Reg.Internac + Codigo Tasa + Fch. Asto + Ind de Glosa","Conf. Rec. + Rate Code + Entry Date + Comm.Ind.","S","","","S"
"GAL","8","GAL_FILIAL+GAL_NROREC","Nro. Recibo","Nro. Recibo","Receipt Nbr.","S","","","S"
"GAM","1","GAM_FILIAL+GAM_MUNICI","Municipio","Municipio","District","S","","","S"
"GAM","2","GAM_FILIAL+GAM_END","Endereco","Direccion","Address","S","","","S"
"GAM","3","GAM_FILIAL+GAM_CEP","Cep","CP","Zip code","S","","","S"
"GAM","4","GAM_FILIAL+GAM_MUNICI+GAM_BAIRRO+GAM_CEP+GAM_END","Municipio + Bairro + Cep + Endereco","Municipio + Barrio + CP + Direccion","District + District + Zip code + Address","S","","","S"
"GAN","1","GAN_FILIAL+GAN_GRUFAR","Grp Farmaco","Grp Farmaco","Farmaco Grp.","S","","","S"
"GAN","2","GAN_FILIAL+GAN_DESC","Nome Farmaco","Nomb.Farmaco","Farmaco Name","S","","","S"
"GAO","1","GAO_FILIAL+GAO_REGATE+GAO_FLGDCI+DTOS(GAO_DATDES)","Reg.Internac + Dsp Cirurgic + Dt Lancamto","Reg.Internac + Gst Quirur + Fch. Asiento","Conf.Rec. + Surg.Exp. + Entry Dt.","S","","","S"
"GAO","2","GAO_FILIAL+DTOS(GAO_DATDES)","Dt Lancamto","Fch. Asiento","Entry Dt.","S","","","S"
"GAO","3","GAO_FILIAL+GAO_CODPRO","Procedimento","Procedimient","Procedure","S","","","S"
"GAO","4","GAO_FILIAL+GAO_CODPRE+DTOS(GAO_DATDES)","Cd Prestador + Dt Lancamto","Cd Prestador + Fch. Asiento","Rend.´s Code + Entry Dt.","S","","","S"
"GAO","5","GAO_FILIAL+GAO_SEQDES+GAO_REGATE+GAO_CODPRO","Seq.Despesa + Reg.Internac + Procedimento","Sec. Gasto + Reg.Internac + Procedimient","Exp.Sequen. + Conf.Rec. + Procedure","S","","","S"
"GAO","6","GAO_FILIAL+GAO_REGATE+DTOS(GAO_DATDES)","Reg.Internac + Dt Lancamto","Reg.Internac + Fch. Asiento","Conf.Rec. + Entry Dt.","S","","","S"
"GAO","7","GAO_FILIAL+GAO_CODCRM+DTOS(GAO_DATDES)+GAO_CODPRO","CRM Medico + Dt Lancamto + Procedimento","CRM Medico + Fch. Asiento + Procedimient","Doc´s CRM + Entry Dt. + Procedure","S","","","S"
"GAO","8","GAO_FILIAL+GAO_REGATE+GAO_CODPRO+DTOS(GAO_DATDES)+GAO_HORDES+GAO_CODCCU+GAO_TIPATM","Reg.Internac + Procedimento + Dt Lancamto + Hora Despesa + C Custo Pac","Reg.Internac + Procedimient + Fch. Asiento + Hora Gasto + C. Costo Pac","Conf.Rec. + Procedure + Entry Dt. + Expense time + Pat.C.Cent. + Med.s","S","","","S"
"GAO","9","GAO_FILIAL+GAO_NROREC","Nro. Recibo","Nro. Recibo","Receipt Nbr.","S","","","S"
"GAP","1","GAP_FILIAL+GAP_CODBAR","Cod. Barras","Cod. Barras","Barcode","S","","","S"
"GAP","2","GAP_FILIAL+GAP_CODIGO","Cod. Produto","Cod. Product","Prod. Code","S","","","S"
"GAQ","1","GAQ_FILIAL+GAQ_GRUPRO","Grp Procedto","Grp Procedto","Proc. Group","S","","","S"
"GAQ","2","GAQ_FILIAL+GAQ_DESC","Desc Proced","Desc Proced","Proc. Desc.","S","","","S"
"GAR","1","GAR_FILIAL+GAR_CODPRO","Procedimento","Procedimient","Procedure","S","","","S"
"GAR","2","GAR_FILIAL+GAR_DESC","Descricao","Descripcion","Description","S","","","S"
"GAR","3","GAR_FILIAL+GAR_GRUPO","Grupo","Grupo","Group","S","","","S"
"GAR","4","GAR_FILIAL+GAR_CIRURG","Cirurgia ?","+Cirugia ?","Surgery","S","","","S"
"GAS","1","GAS_FILIAL+GAS_CODIGO","Codigo CID","Codigo CID","ICD Code","S","","","S"
"GAS","2","GAS_FILIAL+GAS_PATOLO","Patologia","Patologia","Pathology","S","","","S"
"GAT","1","GAT_FILIAL+GAT_NUMLOT","Numero Lote","Numero Lote","Lot No.","S","","","S"
"GAT","2","GAT_FILIAL+GAT_CODCON+GAT_NUMLOT","Cod Convenio + Numero Lote","Cod Convenio + Numero Lote","H.Care Code + Lot No.","S","","","S"
"GAT","3","GAT_FILIAL+GAT_NOMCON+GAT_NUMLOT","Convenio + Numero Lote","Convenio + Numero Lote","Health Care + Lot No.","S","","","S"
"GAU","1","GAU_FILIAL+GAU_CODGDE+GAU_CODCON","Cod Grp Desp + Cod Convenio","Cod Grp Gast + Cod Convenio","Ex.Gr.Code + H.Care Code","S","","","S"
"GAV","1","GAV_FILIAL+GAV_CODLOC+GAV_QUARTO+GAV_LEITO","Setor + Quarto + Leito","Sector + Cuarto + Cama","Sector + Room + Bed","S","","","S"
"GAV","2","GAV_FILIAL+GAV_REGATE+GAV_RESERV","Atendimento + Reservado","Atencion + Reservado","Servicing + Booked","S","","","S"
"GAV","3","GAV_FILIAL+GAV_NOME","Nome","Nombre","Pat. Name","S","","","S"
"GAV","4","GAV_FILIAL+GAV_QUARTO+GAV_TIPO+GAV_CODLOC","Quarto + Tipo Leito + Setor","Cuarto + Tipo Lecho + Sector","Room + Bed Type + Sector","S","","","S"
"GAV","5","GAV_FILIAL+GAV_REGGER","Prontuario","Prontuario","Patient","S","","","S"
"GAW","1","GAW_FILIAL+GAW_CODGDE","Cod Grp Desp","Cod Grp Gst.","Ex.Gr.Code","S","","","S"
"GAW","2","GAW_FILIAL+GAW_DESC","Descricao","Descripcion","Description","S","","","S"
"GAX","1","GAX_FILIAL+GAX_REGATE+GAX_CODAIH","Reg. Int/Amb + Procedimento","Reg. Int/Amb + Procedimient","Conf/Pol Reg + Procedure","S","","","S"
"GAY","1","GAY_FILIAL+GAY_CODCON+GAY_CODCRM+GAY_CODPLA","Convenio + CRM Medico + Plano","Cod Convenio + CRM Medico + Plan","H.Care Code + Doc´s CRM + Health plan","S","","","S"
"GAY","2","GAY_FILIAL+GAY_CODCRM+GAY_CODCON+GAY_CODPLA","CRM Medico + Convenio + Plano","CRM Medico + Cod Convenio + Plan","Doc´s CRM + H.Care Code + Health plan","S","","","S"
"GAY","3","GAY_FILIAL+GAY_CODCON+GAY_CODCRM+GAY_CODPLA+GAY_CODESP+GAY_CODPRO","Convenio + CRM Medico + Plano + Especialidad + Procedimento","Cod Convenio + CRM Medico + Plan + Especialidad + Produ/Proced","H.Care Code + Doc´s CRM + Health plan + Speciality + Prod/Proced.","S","","","S"
"GAY","4","GAY_FILIAL+GAY_CODCON+GAY_CODCRM+GAY_CODPLA+GAY_CODESP+GAY_CODGPA","Convenio + CRM Medico + Plano + Especialidad + Grupo AMB","Cod Convenio + CRM Medico + Plan + Especialidad + Grupo AMB","H.Care Code + Doc´s CRM + Health plan + Speciality + AMB Group","S","","","S"
"GAY","5","GAY_FILIAL+GAY_CODATO+GAY_CODPRO+GAY_CODGPA+GAY_CODESP+GAY_CODLOC+GAY_CODCRM+GAY_CODPRE+GAY_CODPLA+GAY_CODCON","Ato Medico + Procedimento + Grupo AMB + Especialidad + Setor + CRM Med","Acto Medico + Produ/Proced + Grupo AMB + Especialidad + Sector + CRM M","Ato + Prod/Proced. + AMB Group + Speciality + Local + Doc´s CRM + Rend","S","","","S"
"GAZ","1","GAZ_FILIAL+GAZ_CODPRE","Prestador","Prestador","Renderer","S","","","S"
"GAZ","2","GAZ_FILIAL+GAZ_FANPRE","Nom Fantasia","Nom Fantasia","Trade Name","S","","","S"
"GAZ","3","GAZ_FILIAL+GAZ_CGCPRE","CNPJ","CNPJ","CNPJ","S","","","S"
"GB0","1","GB0_FILIAL+GB0_CODCON+GB0_ANOMES","Cod Convenio + Ano/Mes FAT","Cod Convenio + Ano/Mes FACT","H.Care Code + INV.Mth/Year","S","","","S"
"GB0","2","GB0_FILIAL+GB0_DOCSER","DOC+SERIE FT","Doc+Serie FT","Inv.Ser.Doc.","S","","","S"
"GB1","1","GB1_FILIAL+GB1_REGATE+DTOS(GB1_DATAE)+GB1_HORAE","Nro Registro + Dt Entrada + Hora","Num.Registro + Fch.Entrada + Hora","Regist.No. + Hsp.Date + Hour","S","","","S"
"GB1","2","GB1_FILIAL+GB1_REGATE+GB1_CODLOC+GB1_QUARTO+GB1_LEITO+DTOS(GB1_DATAS)","Nro Registro + Setor + Quarto/Local + Leito + Data Saida","Num.Registro + Sector + Cuarto/Local + Lecho + Fecha Salida","Regist.No. + Sector + Room/Place + Bed + Leav.Dt.","S","","","S"
"GB1","3","GB1_FILIAL+GB1_CODLOC+GB1_QUARTO+GB1_LEITO","Setor + Quarto/Local + Leito","Sector + Cuarto/Local + Lecho","Sector + Room/Place + Bed","S","","","S"
"GB2","1","GB2_FILIAL+GB2_REGATE+GB2_TPNASC","Registro Mae + Tipo Nasc","Regist.Madre + Tipo Nacim.","Mother´s ID + Birth Type","S","","","S"
"GB2","2","GB2_FILIAL+GB2_REGATE","Registro Mae","Regist.Madre","Mother´s ID","S","","","S"
"GB2","3","GB2_FILIAL+GB2_NOME","Nome do RN","Nomb. del RN","NB´s Name","S","","","S"
"GB2","4","GB2_FILIAL+DTOS(GB2_DTNASC)","Data Nasc","Fch. Nacim.","Birthdate","S","","","S"
"GB3","1","GB3_FILIAL+GB3_NRPROT","Nro. Protoco","Nº Protocolo","Enrol.No.","S","","","S"
"GB3","2","GB3_FILIAL+GB3_NRSEQG","Nro.Seq.Guia","Nº.Sec.Form.","Guia Seq.No.","S","","","S"
"GB3","3","GB3_FILIAL+DtoS(GB3_DATPRO)","Data","Fecha","Date","S","","","S"
"GB4","1","GB4_FILIAL+GB4_SALA+DTOS(GB4_DATA)+GB4_HORINI","Codigo Sala + Data + Hora Inicio","Codigo Sala + Fecha + Hora Inicio","Room Code + Date + Init. Time","S","","","S"
"GB4","2","GB4_FILIAL+GB4_CODCRM","Cirurgiao","Cirujano","Surgery","S","","","S"
"GB4","3","GB4_FILIAL+GB4_REGATE","Reg.Internac","Reg.Internac","Confin.Reg.","S","","","S"
"GB4","4","GB4_FILIAL+GB4_NOME","Paciente","Paciente","Patient","S","","","S"
"GB4","5","GB4_FILIAL+GB4_CODAGD","Codigo Agend","","","S","","","S"
"GB4","6","GB4_FILIAL+GB4_GRPANE","Grupo Anest.","","","S","","","S"
"GB4","7","GB4_FILIAL+DTOS(GB4_DATA)","Data","Fecha","Date","S","","","S"
"GB5","1","GB5_FILIAL+GB5_REGATE+GB5_CODTXD","Reg.Internac + Cd Tx/Diaria","Reg.Internac + Cd Ts/Ts.Int","Conf.Reg. + D.Fee/R Cd.","S","","","S"
"GB5","2","GB5_FILIAL+DTOS(GB5_DATINI)+GB5_REGATE","Dta Inicial + Reg.Internac","Fch. Inicial + Reg.Internac","Initial Date + Conf.Reg.","S","","","S"
"GB6","1","GB6_FILIAL+DTOS(GB6_DATGER)+GB6_REGATE","Dta Geracao + Reg.Internac","Fch.Generac. + Reg.Internac","Gen. Date + Conf.Reg.","S","","","S"
"GB7","1","GB7_FILIAL+GB7_REGATE","Reg.Internac","Reg.Internac","Conf.Reg.","S","","","S"
"GB8","1","GB8_FILIAL+GB8_CODKIT+GB8_ALMORI+GB8_MONDES","Codigo Kit + Almox.Origem + Montag/Desmo","Codigo Kit + Depos.Origen + Montaj/Desmo","Kit Code + Sour. War. + Assem/Disass","S","","","S"
"GB9","1","GB9_FILIAL+GB9_CODCON+DTOS(GB9_DTIFAT)+GB9_CODGDE","Cod Convenio + Dt Inicio FT + Grp Despesas","Cod Convenio + Fch.Inic.FAC + Grp. Gastos","H.Care Code + Inv.In.Dt. + Exp. Group","S","","","S"
"GB9","2","GB9_FILIAL+GB9_CODGDE+DTOS(GB9_DTIFAT)","Grp Despesas + Dt Inicio FT","Grp. Gastos + Fch.Inic.FAC","Exp. Group + Inv.In.Dt.","S","","","S"
"GB9","3","GB9_FILIAL+GB9_CODPRE+DTOS(GB9_DTIFAT)","Cd Prestador + Dt Inicio FT","Cd Prestador + Fch.Inic.FAC","Renderer Cd. + Inv.In.Dt.","S","","","S"
"GB9","4","GB9_FILIAL+GB9_NUMFAT","Nro Fatura","Num. Factura","Invoice Nr.","S","","","S"
"GBA","1","GBA_FILIAL+GBA_ANOMES+GBA_CODAIH","Ano/Mes Apre + Codigo AIH","Ano/Mes Pres + Codigo AIH","Pre.Yr/Mht + AIH Code","S","","","S"
"GBA","2","GBA_FILIAL+GBA_CODAIH","Codigo AIH","Codigo AIH","AIH Code","S","","","S"
"GBB","1","GBB_FILIAL","Filial","Sucursal","Branch","S","","","S"
"GBC","1","GBC_FILIAL+GBC_ANOMES+GBC_CODAIH","Ano/Mes Apre + Codigo AIH","Ano/Mes Pres + Codigo AIH","Pre.Yer/Mht + AIH Code","S","","","S"
"GBF","1","GBF_FILIAL+GBF_CODKIT+GBF_ALMORI","Codigo Kit + Almoxarifado","Codigo Kit + Deposito","Kit Code + Warehouse","S","","","S"
"GBG","1","GBG_FILIAL+GBG_REGATE+GBG_ORIDES+GBG_CODDES+GBG_SEQDES+DTOS(GBG_DATGLO)","Reg.Internac + Origem Desp. + Codigo Desp. + Sequen Desp. + Dt da Glos","Reg.Internac + Origen Gasto + Codigo Gasto + Secuen Gasto + Fch.de Glo","Conf.Reg. + Exp.Source + Exp.Code + Exp.Seq. + Glosa Dt.","S","","","S"
"GBH","1","GBH_FILIAL+GBH_CODPAC","Cod Paciente","Cod Paciente","Pat.Code","S","","","S"
"GBH","2","GBH_FILIAL+GBH_SEXO+DTOS(GBH_DTNASC)","Sexo + Data Nascto","Sexo + Fch. Nacimi.","Gender + Birth Date","S","","","S"
"GBH","3","GBH_FILIAL+GBH_NOME","Paciente","Paciente","Patient","S","","","S"
"GBI","1","GBI_FILIAL+GBI_PRODUT","Cod Produto","Cod Producto","Prod. Code","S","","","S"
"GBI","2","GBI_FILIAL+GBI_GRUFAR","Grp Farmaco","Grp. Farmaco","Med. Group","S","","","S"
"GBI","3","GBI_FILIAL+GBI_FARMAC","Farmaco","Farmaco","Medicine","S","","","S"
"GBI","4","GBI_FILIAL+GBI_CHVBRA","Chv Brasindi","Clv Brasindi","Brasind.Key","S","","","S"
"GBI","5","GBI_FILIAL+GBI_FARMAC+GBI_APRES","Farmaco + Apresentacao","Farmaco + Presentacion","Medicine + Presentation","S","","","S"
"GBJ","1","GBJ_FILIAL+GBJ_CRM","CRM","CRM","CRM","S","","","S"
"GBK","1","GBK_FILIAL+GBK_REGATE+GBK_FLGDCI+DTOS(GBK_DATMAT)","Reg.Internac + Dsp Cirurgic + Dt Lancamto","Reg.Internac + Gst Quirugic + Fch. Asto","Conf.Regist. + Surg.Exp. + Entry Date","S","","","S"
"GBK","2","GBK_FILIAL+DTOS(GBK_DATMAT)","Dt Lancamto","Fch. Asto","Entry Date","S","","","S"
"GBK","3","GBK_FILIAL+GBK_CODMAT","Mat/Med","Mat/Med","Mat./Med.","S","","","S"
"GBK","4","GBK_FILIAL+GBK_CODPRE+DTOS(GBK_DATMAT)","Cd Prestador + Dt Lancamto","Cd Prestador + Fch. Asto","Render´s Cd. + Entry Date","S","","","S"
"GBK","5","GBK_FILIAL+GBK_SOLICI+GBK_CODMAT","Nro Solicit + Mat/Med","Num. Solicit + Mat/Med","Req. No. + Mat./Med.","S","","","S"
"GBK","6","GBK_FILIAL+GBK_SEQDES+GBK_REGATE+GBK_CODMAT","Seq.Despesa + Reg.Internac + Mat/Med","Sec. Gasto + Reg.Internac + Mat/Med","Exp. Seq. + Conf.Regist. + Mat./Med.","S","","","S"
"GBK","7","GBK_FILIAL+GBK_REGATE+DTOS(GBK_DATMAT)","Reg.Internac + Dt Lancamto","Reg.Internac + Fch. Asto","Conf.Regist. + Entry Date","S","","","S"
"GBL","1","GBL_FILIAL+GBL_REGATE+GBL_FLGDCI+DTOS(GBL_DATTAX)","Reg.Internac + Dsp Cirurgic + Dt Lancamto","Reg.Internac + Gst Quirurg + Fch. Asto","Conf.Regist. + Surg.Exp. + Entry Date","S","","","S"
"GBL","2","GBL_FILIAL+DTOS(GBL_DATTAX)","Dt Lancamto","Fch. Asto","Entry Date","S","","","S"
"GBL","3","GBL_FILIAL+GBL_CODTAX","Codigo Taxa","Codigo Tasa","Rate Code","S","","","S"
"GBL","4","GBL_FILIAL+GBL_CODPRE+DTOS(GBL_DATTAX)","Cd Prestador + Dt Lancamto","Cd Prestador + Fch. Asto","Rend´s Cd. + Entry Date","S","","","S"
"GBL","5","GBL_FILIAL+GBL_SEQDES+GBL_REGATE+GBL_CODTAX","Seq.Despesa + Reg.Internac + Codigo Taxa","Sec. Gasto + Reg.Internac + Codigo Tasa","Exp. Seq. + Conf.Regist. + Rate Code","S","","","S"
"GBL","6","GBL_FILIAL+GBL_REGATE+DTOS(GBL_DATTAX)","Reg.Internac + Dt Lancamto","Reg.Internac + Fch. Asto","Conf.Regist. + Entry Date","S","","","S"
"GBL","7","GBL_FILIAL+GBL_REGATE+GBL_CODTAX+DTOS(GBL_DATTAX)+GBL_GLOTAX","Reg.Internac + Codigo Taxa + Dt Lancamto + Ind de Glosa","Reg.Internac + Codigo Tasa + Fch. Asto + Ind de Glosa","Conf.Regist. + Rate Code + Entry Date + Canc.Ind.","S","","","S"
"GBM","1","GBM_FILIAL+GBM_ALMORI","Almox.Origem","Dep.Origen","Sour. Wareh.","S","","","S"
"GBM","2","GBM_FILIAL+GBM_ALMORI+GBM_FARMAC","Almox.Origem + Farmaco","Dep.Origen + Farmaco","Sour. Wareh. + Medicine","S","","","S"
"GBM","3","GBM_FILIAL+GBM_ALMORI+GBM_COD","Almox.Origem + Codigo","Dep.Origen + Codigo","Sour. Wareh. + Code","S","","","S"
"GBN","1","GBN_FILIAL+GBN_NRORES","Nro Res. At.","Nro Res. At.","Srv.Sum.No.","S","","","S"
"GBN","2","GBN_FILIAL+DTOS(GBN_DATRES)","Data","Fecha","Date","S","","","S"
"GBN","3","GBN_FILIAL+GBN_ATENDE","Atendente","Operador","Assistant","S","","","S"
"GBO","1","GBO_FILIAL+GBO_REGATE+GBO_FLGDCI+DTOS(GBO_DATDES)","Reg.Internac + Dsp Cirurgic + Dt Lancamto","Reg.Internac + Gst Quirurg + Fch. Asto","Conf.Regist. + Surg.Exp. + Entry Date","S","","","S"
"GBO","2","GBO_FILIAL+DTOS(GBO_DATDES)","Dt Lancamto","Fch. Asto","Entry Date","S","","","S"
"GBO","3","GBO_FILIAL+GBO_CODPRO","Procedimento","Procedimient","Procedure","S","","","S"
"GBO","4","GBO_FILIAL+GBO_CODPRE+DTOS(GBO_DATDES)","Cd Prestador + Dt Lancamto","Cd Prestador + Fch. Asto","Rend´s Cd. + Entry Date","S","","","S"
"GBO","5","GBO_FILIAL+GBO_SEQDES+GBO_REGATE+GBO_CODPRO","Seq.Despesa + Reg.Internac + Procedimento","Sec. Gasto + Reg.Internac + Procedimient","Exp. Seq. + Conf.Regist. + Procedure","S","","","S"
"GBO","6","GBO_FILIAL+GBO_REGATE+DTOS(GBO_DATDES)","Reg.Internac + Dt Lancamto","Reg.Internac + Fch. Asto","Conf.Regist. + Entry Date","S","","","S"
"GBO","7","GBO_FILIAL+GBO_CODCRM+DTOS(GBO_DATDES)+GBO_CODPRO","CRM Medico + Dt Lancamto + Procedimento","CRM Medico + Fch. Asto + Procedimient","Doc´s CRM + Entry Date + Procedure","S","","","S"
"GBO","8","GBO_FILIAL+GBO_REGATE+GBO_CODPRO+DTOS(GBO_DATDES)+GBO_HORDES+GBO_CODCCU+GBO_TIPATM","Reg.Internac + Procedimento + Dt Lancamto + Hora Despesa + C Custo Pac","Reg.Internac + Procedimient + Fch. Asto + Hora Gasto + C Costo Pac + T","Conf.Regist. + Procedure + Entry Date + Expense time + Pat. C.Cent. +","S","","","S"
"GBP","1","GBP_FILIAL+GBP_NUMSEQ","Nro Sequenc.","Num Secuenc.","Seq. No.","S","","","S"
"GBP","2","GBP_FILIAL+GBP_REGATE","Nro Registro","Num Registro","Regist.No.","S","","","S"
"GBQ","1","GBQ_FILIAL+GBQ_REGATE+DTOS(GBQ_DATPRE)+GBQ_ORIMMP+GBQ_CODMMP","Reg.Internac + Data Prescri + Mat/Med/Proc + Componente","Reg.Internac + Fch. Prescri + Mat/Med/Proc + Componente","Conf.Regist. + Presc.Date + Med/Mat/Proc + Component","S","","","S"
"GBQ","2","GBQ_FILIAL+GBQ_REGATE+GBQ_ORIMMP+GBQ_CODMMP+DTOS(GBQ_DATPRE)","Reg.Internac + Mat/Med/Proc + Componente + Data Prescri","Reg.Internac + Mat/Med/Proc + Componente + Fch. Prescri","Conf.Regist. + Med/Mat/Proc + Component + Presc.Date","S","","","S"
"GBR","1","GBR_FILIAL+GBR_REGATE+GBR_CODGDE+GBR_CODCRM+GBR_CODCCU","Reg.Internac + Cod Grp Desp + CRM Medico + C Custo Pac","Reg.Internac + Cod Grp Gsto + CRM Medico + C Costo Pac","Conf.Regist. + Exp.Grp.Cd. + Doc´s CRM + Pat.C.Cen.","S","","","S"
"GBS","1","GBS_FILIAL+GBS_NUMFAT","Nro Fatura","Num. Factura","Invoice Nr.","S","","","S"
"GBT","1","GBT_FILIAL+GBT_REGATE+GBT_CODLOC+GBT_CODSET+DTOS(GBT_DATLOC)","Nro Registro + Cod.Local + Setor + Data","Nro.Registro + Cod. Local + Sector + Fecha","Record No. + Local Code + Sector + Date","S","","","S"
"GBU","1","GBU_FILIAL+GBU_REGATE+GBU_CODPRO+GBU_CODCCU+DTOS(GBU_DATPRO)+GBU_TIPINF","Nro Registro + Cod.Procedto + Centro Custo + Data + Tp.Infeccao","Nro. Regist. + Cod.Proced. + C. Costos + Fecha + Tp. Infecc.","Record No. + Proced. Code + Cost Center + Date + Tp.Infection","S","","","S"
"GBV","1","GBV_FILIAL+GBV_REGATE+GBV_CODANT+GBV_CODCCU+DTOS(GBV_DATANT)+GBV_TIPINF","Nro Registr + Cod.Antibiot + Centro Custo + Data + Tp.Infeccao","Nro.Registro + Cod. Antibio + C. Costos + Fecha + Tp. Infecc.","Record No. + Antib. Code + Cost Center + Date + Infec.Type","S","","","S"
"GBW","1","GBW_FILIAL+GBW_REGATE+GBW_CODBAC","Nro Registro + Cod.Bacteria","Nro. Registr + Cod.Bacteria","Record No. + Bacterium Cd","S","","","S"
"GBW","2","GBW_FILIAL+GBW_NUMSEQ+GBW_CODBAC","Nro Cultura + Cod.Bacteria","Nro.Cultura + Cod.Bacteria","Culture No. + Bacterium Cd","S","","","S"
"GBX","1","GBX_FILIAL+GBX_SOLICI","Nro Solicit","Nro.Solicit.","Req. No.","S","","","S"
"GBX","2","GBX_FILIAL+GBX_REGATE+DTOS(GBX_DATSOL)","Reg.Atendi. + Dt Solicitac","Reg.Atencion + Fch.Solicit.","Serv. Rec. + Requis. Dt.","S","","","S"
"GBX","3","GBX_FILIAL+GBX_CODCCU+DTOS(GBX_DATSOL)","Centro Custo + Dt Solicitac","C. Costos + Fch.Solicit.","Cost Center + Requis. Dt.","S","","","S"
"GBX","4","GBX_FILIAL+DTOS(GBX_DATSOL)","Dt Solicitac","Fch.Solicit.","Requis. Dt.","S","","","S"
"GBX","5","GBX_FILIAL+GBX_NOMPAC","Nome Pacient","Nom.Paciente","Pat. Name","S","","","S"
"GBY","1","GBY_FILIAL+GBY_SOLICI+GBY_PROSOL","Nro Solicit + Cod.Exame","Nro. Solicit + Cod. Examen","Req. No. + Exam. Code","S","","","S"
"GBY","2","GBY_FILIAL+GBY_SEQDES","Seq.Despesa","Sec. Gastos","Expense Seq.","S","","","S"
"GBY","3","GBY_FILIAL+GBY_PROSOL","Cod.Exame","Cod. Examen","Exam. Code","S","","","S"
"GBZ","1","GBZ_FILIAL+GBZ_REGATE","Nro Registro","Nro. Registr","Record No.","S","","","S"
"GBZ","2","GBZ_FILIAL+GBZ_NUMSEQ","Nro Cultura","Nro. Cultura","Culture No.","S","","","S"
"GBZ","3","GBZ_FILIAL+GBZ_NUMSEQ+GBZ_CODFAR","Nro Cultura + Cod.Farmaco","Nro. Cultura + Cod. Farmac.","Culture No. + Medic. Code","S","","","S"
"GC0","1","GC0_FILIAL+GC0_NROREC","Nro. Recibo","Nro. Recibo","Receipt Nbr.","S","","","S"
"GC0","2","GC0_FILIAL+GC0_REGATE+DTOS(GC0_DATREC)","Nro Registr + Data Recebim","Nro. Registr + Fecha Cobro","Record No. + Receiv.Date","S","","","S"
"GC1","1","GC1_FILIAL+GC1_CODIDE","ID Maquina","ID Comput.","Machine ID","S","","","S"
"GC2","1","GC2_FILIAL+GC2_CODCRM+DTOS(GC2_AGDDAT)+GC2_HORINI+GC2_STATUS+GC2_AGENDA","CRM medico + Data agendam + Hora inicial + Status Agend + Agenda","+  +  +  +","+  +  +  +","S","","","S"
"GC2","2","GC2_FILIAL+GC2_PACREG+DTOS(GC2_AGDDAT)+GC2_HORINI+GC2_AGENDA","R.G.Paciente + Data agendam + Hora inicial + Agenda","+  +  +","+  +  +","S","","","S"
"GC2","3","GC2_FILIAL+GC2_CODAGD+GC2_AGENDA","Codigo Agend + Agenda","+","+","S","","","S"
"GC2","4","GC2_FILIAL+GC2_TIPAGD+GC2_AGENDA","Tipo Agend. + Agenda","+","+","S","","","S"
"GC2","5","GC2_FILIAL+GC2_CODCON+GC2_TIPAGD+GC2_AGENDA","Cod convenio + Tipo Agend. + Agenda","+  +","+  +","S","","","S"
"GC2","6","GC2_FILIAL+DTOS(GC2_AGDDAT)+GC2_STATUS+GC2_AGENDA","Data agendam + Status Agend + Agenda","+  +","+  +","S","","","S"
"GC2","7","GC2_FILIAL+GC2_CODCRM+DTOS(GC2_AGDDAT)+GC2_STATUS+GC2_AGENDA","CRM medico + Data agendam + Status Agend + Agenda","+  +  +","+  +  +","S","","","S"
"GC2","8","GC2_FILIAL+GC2_CODCRM+DTOS(GC2_AGDDAT)+GC2_STATUS+GC2_HORCHE","CRM medico + Data agendam + Status Agend + Hora chegada","+  +  +","+  +  +","S","","","S"
"GC3","1","GC3_FILIAL+GC3_CODCON+GC3_TIPAGD","Cod convenio + Tipo Agend.","+","+","S","","","S"
"GC3","2","GC3_FILIAL+GC3_TIPAGD+GC3_CODCON","Tipo Agend. + Cod convenio","+","+","S","","","S"
"GC4","1","GC4_FILIAL+GC4_CODCRM+GC4_DIASEM+GC4_HORINI","CRM Medico + Dia semana + Hora Inicial","+  +","+  +","S","","","S"
"GC4","2","GC4_FILIAL+GC4_CODCRM+GC4_DIASEM+GC4_TIPO","CRM Medico + Dia semana + Tipo","+  +","+  +","S","","","S"
"GC5","1","GC5_FILIAL+GC5_PACREG+DTOS(GC5_ATEDAT)+GC5_DESCR","Reg paciente + Data atend. + Descricao","+  +","+  +","S","","","S"
"GC5","2","GC5_FILIAL+GC5_PACREG+DTOS(GC5_ATEDAT)+GC5_HORCHE","Reg paciente + Data atend. + Hora chegada","+  +","+  +","S","","","S"
"GC6","1","GC6_FILIAL+GC6_CODCON+GC6_CODPLA+GC6_TABPRO+GC6_PRIORI","Cod. Conv. + Plano + Tab. Proc. + Prioridade","+ Plan +  + Prioridad","+ Health plan +  + Priority","S","","","S"
"GC7","1","GC7_FILIAL+GC7_CODETI","Cod Etiqueta","","","S","","","S"
"GC8","1","GC8_FILIAL+GC8_CODETI+GC8_CAMPO","Etiqueta + Campo","+","+","S","","","S"
"GC9","1","GC9_FILIAL+GC9_NRGUIA","Nro. Guia","","","S","","","S"
"GC9","2","GC9_FILIAL+GC9_CODPAC","Cod.Paciente","","","S","","","S"
"GC9","3","GC9_FILIAL+GC9_CODCON","Cod.Convenio","","","S","","","S"
"GC9","4","GC9_FILIAL+GC9_REGATE+GC9_STATUS","Reg. Atendim + Status","+","+","S","","","S"
"GC9","5","GC9_FILIAL+GC9_CODTPG","Cod Tp. Guia","Cod Tp. Form","Cod Tp. Guia","S","","","S"
"GCA","1","GCA_FILIAL+GCA_CODTAB","Cod. Tabela","","","S","","","S"
"GCB","1","GCB_FILIAL+GCB_CODTAB+GCB_PRODUT","Cod. tabela + Cod. Produto","+","+","S","","","S"
"GCC","1","GCC_FILIAL+GCC_CHAVE","Chave","Clave","Key","S","","","S"
"GCD","1","GCD_FILIAL+GCD_SALA+GCD_PONTAT+GCD_ITEM","Sala + Ponto atendi + Item da sala","Sala + Punto atenc. + Item de sala","Room + Pt. servc. + Room Item","S","","","S"
"GCE","1","GCE_FILIAL+GCE_PONTO","Ponto Atend","Punto Atenc.","Serv. Pt.","S","","","S"
"GCE","2","GCE_FILIAL+GCE_DESC","Descricao","Descripcion","Description","S","","","S"
"GCF","1","GCF_FILIAL+GCF_SALA+GCF_PONTAT+GCF_ITEM+GCF_SEMANA","Sala Atend + Ponto Atendi + Item + Dia semana","+  +  +","+  +  +","S","","","S"
"GCG","1","GCG_FILIAL+GCG_GRPPER+GCG_ITEM","Cod Grp Perg + Item","Cod Grp Perg + Item","Ques Grp Cod + Item","S","","","S"
"GCH","1","GCH_FILIAL+GCH_CODPER","Codigo perg","","","S","","","S"
"GCI","1","GCI_FILIAL+GCI_GRPPRE+GCI_ITEM","Cod Grp Prec + Item","Cod Grp Prec + Item","Prec Grp Cod + Item","S","","","S"
"GCJ","1","GCJ_FILIAL+GCJ_GRPPRE","Cod Grp Prec","Cod Grp Prec","Prec.Gr.Code","S","","","S"
"GCK","1","GCK_FILIAL+GCK_CODPRE","Precaucao","Precaucao","Precaucao","S","","","S"
"GCL","1","GCL_FILIAL+GCL_SOLICI","Nro Solicit","Num Solicit","Nro Solicit","S","","","S"
"GCL","2","GCL_FILIAL+GCL_REGATE","Reg.Atendi.","Reg.Atencion","Reg.Atendi.","S","","","S"
"GCL","3","GCL_FILIAL+GCL_CODCCU","Centro Custo","Centro Costo","Centro Custo","S","","","S"
"GCL","4","GCL_FILIAL+DTOS(GCL_DATSOL)","Dt Solicitac","Fch.Solicit.","Dt Solicitac","S","","","S"
"GCL","5","GCL_FILIAL+GCL_NOMPAC","Nome Pacient","Nomb.Pacient","Nome Pacient","S","","","S"
"GCM","1","GCM_FILIAL+GCM_CODCON+GCM_CODPLA+DTOS(GCM_DATVIG)","Cod Convenio + Plano + Dt Vigencia","Cod Convenio +  + Fch Vigencia","Cod Convenio +  + Valid.Date","S","","","S"
"GCM","2","GCM_FILIAL+GCM_CODPLA","Plano","","","S","","","S"
"GCM","3","GCM_FILIAL+GCM_DESPLA","Descricao","","","S","","","S"
"GCN","1","GCN_FILIAL+GCN_TABPRO+GCN_DIASEM+GCN_HINURG+GCN_HFIURG","Tab Procedim + Dia semana + Hora Inicial + Hora Final","Tab Procedim + Dia semana + Hora Inicial + Hora Final","Proced.Table + Day of Week + Initial time + Final time","S","","","S"
"GCO","1","GCO_FILIAL+GCO_GRPPER","Cod.Grp.Perg","Cod.Grp.Perg","Cod.Grp.Ques","S","","","S"
"GCP","1","GCP_FILIAL+GCP_SOLICI+GCP_PROSOL+GCP_GRPPER+GCP_CODPER","Nr.Solicitac + Cod.Proced. + Cod.Grp.Perg + Cod.Pergunta","Nr.Solicitud + Cod.Proced. + Cod.Grp.Preg + Cod.Pregunta","Requis.No. + Proced. Cod. + Cod.Grp.Ques + Question Cod","S","","","S"
"GCQ","1","GCQ_FILIAL+GCQ_CODIGO","Cod.Mneumon.","Cod.Pneumon.","Mnemonic Cod","S","","","S"
"GCR","1","GCR_FILIAL+GCR_CODCON+GCR_ITEM","Cod Conv + Item","+","+","S","","","S"
"GCR","2","GCR_FILIAL+GCR_CODCON+GCR_CODPRO+GCR_CODPLA+GCR_CODESP+GCR_CODCCU+GCR_HORPRO","Cod Conv + Cod Proced. + Cod Pl Conv + Cod Espec. + Cod C. Custo + Hor","+  +  +  +  +","+  +  +  +  +","S","","","S"
"GCR","3","GCR_FILIAL+GCR_CODCON+GCR_CODPLA+GCR_CODESP+GCR_CODCCU+GCR_HORPRO","Cod Conv + Cod Pl Conv + Cod Espec. + Cod C. Custo + Hor. Proced.","+  +  +  +","+  +  +  +","S","","","S"
"GCS","1","GCS_FILIAL+GCS_CODLOC","Codigo","Codigo","Cod Loc Atdm","S","","","S"
"GCS","2","GCS_FILIAL+GCS_CODUNC","Cod.Un.Cons.","Cod.Un.Cons.","Cons.Un.Code","S","","","S"
"GCT","1","GCT_FILIAL+GCT_CODUNC","Cod Un Cons.","Cod Un Cons.","Cons.Un.Code","S","","","S"
"GCU","1","GCU_FILIAL+GCU_CODTPG","Cod Tp. Guia","Cod Tp. Guia","Cod Tp. Guia","S","","","S"
"GCV","1","GCV_FILIAL+GCV_CODTPG+GCV_CODPLA","Tipo de Guia + Codigo Plano","Tipo de Guia + Codigo Plano","Tipo de Guia + Codigo Plano","S","","","S"
"GCW","1","GCW_FILIAL+GCW_CODCLI","Codigo","Codigo","Code","S","","","S"
"GCW","2","GCW_FILIAL+GCW_DESCLI","Descricao","Descripcion","Description","S","","","S"
"GCX","1","GCX_FILIAL+GCX_CODTPG+GCX_CODPRO","Tipo de Guia + Procedimento","Tipo de Guia + Procedimento","Tipo de Guia + Procedimento","S","","","S"
"GCX","2","GCX_FILIAL+GCX_CODPRO","Procedimento","Procedimento","Procedimento","S","","","S"
"GCX","3","GCX_FILIAL+GCX_DESPRO","Desc Proced.","Desc Proced.","Desc Proced.","S","","","S"
"GCY","1","GCY_FILIAL+GCY_REGATE","Atendimento","Atencion","Servicing","S","","","S"
"GCY","2","GCY_FILIAL+GCY_REGGER+GCY_TPALTA","Prontuario + Tipo da Alta","Prontuario + Tipo de Alta","R.G.Paciente + Tipo da Alta","S","","","S"
"GCY","3","GCY_FILIAL+GCY_REGGER+DTOS(GCY_DATALT)","Prontuario + Data da Alta","Prontuario + Fch. de Alta","R.G.Paciente + Disch. Date","S","","","S"
"GCY","4","GCY_FILIAL+GCY_CODCLI","Clinica","Clinica","Clinic","S","","","S"
"GCY","5","GCY_FILIAL+GCY_ORIPAC","Origem","Origen","Origin","S","","","S"
"GCY","6","GCY_FILIAL+GCY_CARATE","Carater","Caracter","Serv. Nature","S","","","S"
"GCY","7","GCY_FILIAL+GCY_NOME","Nome Pacient","Nomb.Pacient","Patient Name","S","","","S"
"GCY","8","GCY_FILIAL+GCY_CODLOC","Setor","Sector","Sector","S","","","S"
"GCZ","1","GCZ_FILIAL+GCZ_NRSEQG","Nro.Seq.Guia","Nro.Sec.Form","Form.Seq.No.","S","","","S"
"GCZ","2","GCZ_FILIAL+GCZ_REGATE+GCZ_NRSEQG","Reg. Atendim + Nro.Seq.Guia","Reg. Atenc. + Nro.Sec.Form","Serv.Regist. + Form.Seq.No.","S","","","S"
"GCZ","3","GCZ_FILIAL+GCZ_STATUS+GCZ_NRLOTE+GCZ_REGGER","Status + Numero Lote + Prontuario","Estatus + Numero Lote + Prontuario","Status + Lot No. + Patient","S","","","S"
"GCZ","4","GCZ_FILIAL+GCZ_STATUS+GCZ_REGGER","Status + Prontuario","Estatus + Prontuario","Status + Patient","S","","","S"
"GCZ","6","GCZ_FILIAL+GCZ_STATUS +GCZ_NRSEQG","Status + Nro.Seq.Guia","Estatus + Nro.Sec.Form","Status + Form.Seq.No.","S","","","S"
"GCZ","7","GCZ_FILIAL+GCZ_NRPROT","Nro. Protoco","Nº Protoco","Enroll.No.","S","","","S"
"GCZ","8","GCZ_FILIAL+GCZ_NRLOTE+GCZ_NRGUIA","Numero Lote + Nro. Guia","Numero Lote + Nro.Form.","Lot No. + Guide Nbr.","S","","","S"
"GCZ","9","GCZ_FILIAL+GCZ_REGATE+GCZ_CODCON+GCZ_CODPLA","Reg. Atendim + Cod Convenio + Plano","Reg. Atenc. + Cod.Convenio + Plan","Serv.Regist. + Cod Convenio + Health plan","S","","","S"
"GCZ","A","GCZ_FILIAL+GCZ_STATUS+GCZ_CODCON+DTOS(GCZ_DATFAT)","Status + Cod Convenio + Data","Estatus + Cod.Convenio + Fecha","Status + Cod Convenio + Date","S","","","S"
"GCZ","B","GCZ_FILIAL+GCZ_REGGER","Prontuario","Prontuario","Patient","S","","","S"
"GD0","1","GD0_FILIAL+GD0_ORIPAC","Codigo","Codigo","Code","S","","","S"
"GD0","2","GD0_FILIAL+GD0_DORIPA","Descricao","Descripcion","Description","S","","","S"
"GD1","1","GD1_FILIAL+GD1_CARATE","Codigo","Codigo","Code","S","","","S"
"GD1","2","GD1_FILIAL+GD1_DCARAT","Descricao","Descripcion","Description","S","","","S"
"GD2","1","GD2_FILIAL+GD2_CODTAB","Cod. Tabela","Cod. Lista","Table Code","S","","","S"
"GD2","2","GD2_FILIAL+GD2_DESCRI","Descricao","Descripcion","Description","S","","","S"
"GD3","1","GD3_FILIAL+GD3_CODTAB+GD3_CODTXD","Cod. tabela + Codigo","+ Codigo","+ Code","S","","","S"
"GD4","1","GD4_FILIAL+GD4_REGGER+GD4_CODPLA","Paciente + Plano","Paciente + Plan","Patient + Health plan","S","","","S"
"GD4","2","GD4_FILIAL+GD4_REGGER+GD4_IDPADR","Paciente + Padrao","Paciente + Estandar","Patient + Standard","S","","","S"
"GD5","1","GD5_FILIAL+GD5_SEQDES","Seq.Despesa","Sec. Gasto","Expense Seq","S","","","S"
"GD5","2","GD5_FILIAL+GD5_NRSEQG","Nro.Seq.Guia","Nro.Sec.Form","Form Seq.Nbr","S","","","S"
"GD6","1","GD6_FILIAL+GD6_SEQDES","Seq.Despesa","Sec. Gasto","Expense Seq.","S","","","S"
"GD6","2","GD6_FILIAL+GD6_NRSEQG","Nro.Seq.Guia","Nro.Sec.Form","Form Seq.Nbr","S","","","S"
"GD7","1","GD7_FILIAL+GD7_SEQDES","Seq.Despesa","Sec. Gasto","Expense Seq.","S","","","S"
"GD7","2","GD7_FILIAL+GD7_NRSEQG","Nro.Seq.Guia","Nro.Sec.form","Form Seq.Nbr","S","","","S"
"GD8","1","GD8_FILIAL+GD8_CODCON+GD8_CODPLA+GD8_CODTXD+GD8_PRIORI","Cod. Conv. + Plano + Cod. Tax/Dia + Prioridade","Cod. Conv. + Plan + Cod. Tas/Dia + Prioridad","H.Care Code + Health plan + Fee/Rate Cod + Priority","S","","","S"
"GD9","1","GD9_FILIAL+GD9_CODCON+GD9_CODPLA+GD9_CODMAT+GD9_PRIORI","Cod. Conv. + Plano + Cod.Material + Prioridade","Cod. Conv. + Plan + Cod.Material + Prioridad","H.Care Code + Health plan + Mater. Code + Priority","S","","","S"
"GDA","1","GDA_FILIAL+GDA_CODCON+GDA_CODPLA+GDA_CODMED+GDA_PRIORI","Cod. Conv. + Plano + Cod.Medicame + Prioridade","Cod. Conv. + Plan + Cod.Medicam. + Prioridad","H.Care Code + Health plan + Medicine Cod + Priority","S","","","S"
"GDB","1","GDB_FILIAL+GDB_CHAVE","Chave","Clave","Key","S","","","S"
"GDC","1","GDC_FILIAL+GDC_CODPLA+GDC_MODELO","Plano + Acomodacao","Plan + Acomodacion","Health plan + Accommodat.","S","","","S"
"GDD","1","GDD_FILIAL+GDD_CODPLA+GDD_MODELO+GDD_CODTXD","Plano + Acomodacao + Cd Tx/Diaria","Plan + Acomod. + Cd Ts/Diaria","Health plan + Accommodat. + Fee/Rate Cod","S","","","S"
"GDE","1","GDE_FILIAL+GDE_CODCON+GDE_CODMAT","Cod. Conv. + Cod. Mat/Med","Cod. Conv. + Cod. Mat/Med","H.Care Code + Mat/Med code","S","","","S"
"GDF","1","GDF_FILIAL+GDF_CODCON+GDF_CODPLA+GDF_CODRES+GDF_PRIORI","Cod. Conv. + Plano + Cod.Rest/Fri + Prioridade","Cod. Conv. + Plan + Cod.Rest/Fri + Prioridad","H.Care Code + Health plan + Rest/Free.Cd + Priority","S","","","S"
"GDG","1","GDG_FILIAL+GDG_CODCON+GDG_CODPLA+GDG_DIASEM+GDG_HINACR+GDG_HFIACR","Cod. Conv. + Plano + Dia semana + Hora Inicial + Hora Final","Cod. Conv. + Plan + Dia semana + Hora Inicial + Hora Final","H.Care Code + Health plan + Weekday + Initial Hour + Final Hour","S","","","S"
"GDH","1","GDH_FILIAL+GDH_CODVIR","Codigo","Codigo","Code","S","","","S"
"GDI","1","GDI_FILIAL+GDI_CODIGO","Codigo","Codigo","Code","S","","","S"
"GDJ","1","GDJ_FILIAL+GDJ_CODFUN","Codigo","Codigo","Code","S","","","S"
"GDK","1","GDK_FILIAL+GDK_CODEXA","Codigo","Codigo","Code","S","","","S"
"GDL","1","GDL_FILIAL+GDL_CODIGO","Codigo","Codigo","Code","S","","","S"
"GDM","1","GDM_FILIAL+GDM_CODIGO","Codigo","Codigo","Code","S","","","S"
"GDN","1","GDN_FILIAL+GDN_CODLOC+GDN_CODFIC","Cod.Setor + Codigo","Cod.Sector + Codigo","Sector Code + Code","S","","","S"
"GDO","1","GDO_FILIAL+GDO_REGATE+GDO_CODEXA","Atendimento + Codigo","Atencion + Codigo","Servicing + Code","S","","","S"
"GDP","1","GDP_FILIAL+GDP_REGATE+GDP_CODVIR","Atendimento + Codigo","Atencion + Codigo","Servicing + Code","S","","","S"
"GDQ","1","GDQ_FILIAL+GDQ_REGATE+GDQ_CODFUN","Atendimento + Codigo","Atencion + Codigo","Servicing + Code","S","","","S"
"GDR","1","GDR_FILIAL+GDR_REGATE+GDR_CODPRO","Atendimento + Codigo","Atencion + Codigo","Servicing + Code","S","","","S"
"GDS","1","GDS_FILIAL+GDS_CODLOC+GDS_QUARTO+GDS_LEITO+DTOS(GDS_DATA)+GDS_HORA+GDS_TIPO","Setor + Quarto +  + Data + Horario + Tipo","Sector + Habitacion +  + Fecha + Horario + Tipo","Sector + Room +  + Date + Time + Type","S","","","S"
"GDT","1","GDT_FILIAL+GDT_CODLOC+GDT_QUARTO+GDT_LEITO","Setor + Quarto + Leito","Sector + habitacion + Cama","Sector + Room + Bed","S","","","S"
"GDU","1","GDU_FILIAL+GDU_REGATE+GDU_CODPRO","Atendimento + Codigo","Atencion + Codigo","Servicing + Code","S","","","S"
"GDV","1","GDV_FILIAL+GDV_CDPREX+GDV_CDCRMX+GDV_PRIORI+GDV_CODATO+GDV_CODPRO+GDV_CODGPA+GDV_CODESP+GDV_CODLOC+GDV_CODCRM+GDV_CODPRE+GDV_CODPLA+GDV_CODCON","Prestador + CRM Medico + Prioridade + Ato Medico + Procedimento + Grup","Prestador + CRM Medico + Prioridad + Acto Medico + Procedimient + Grup","Renderer + Doc SMB + Priority + Medical Act + Procedure + AMB Group +","S","","","S"
"GDV","2","GDV_FILIAL+GDV_CDPREX+GDV_CDCRMX+GDV_CODATO+GDV_CODPRO+GDV_CODGPA+GDV_CODESP+GDV_CODLOC+GDV_CODCRM+GDV_CODPRE+GDV_CODPLA+GDV_CODCON","Prestador + CRM Medico + Ato Medico + Procedimento + Grupo AMB + Espec","Prestador + CRM Medico + Acto Medico + Procedimient + Grupo AMB + Espe","Renderer + Doc SMB + Medical Act + Procedure + AMB Group + Spec.Code +","S","","","S"
"GDX","2","GDX_FILIAL+GDX_CODCRM+DTOS(GDX_DATLAN)","Profissional + Data lcto","Profesional + Fch Registro","Professional + Entry Dt.","S","","","S"
"GDX","3","GDX_FILIAL+DTOS(GDX_DATLAN)+GDX_CODCRM","Data lcto + Profissional","Fch Registro + Profesional","Entry Dt. + Professional","S","","","S"
"GDY","1","GDY_FILIAL+GDY_REGATE+GDY_CODDIE","Atendimento + Dieta","Atencion + Dieta","Servicing + Diet","S","","","S"
"GDZ","1","GDZ_FILIAL+GDZ_REGATE+GDZ_CODCRM+GDZ_CODATO","Atendimento + C.R.M. + Ato Medico","Atencion + C.R.M. + Acto Medico","Appointment + CRM + Medical Act","S","","","S"
"GE0","1","GE0_FILIAL+GE0_CODCON+GE0_NUMEXT","Convenio + Codigo","Convenio + Codigo","H.Care + Code","S","","","S"
"GE1","1","GE1_FILIAL+GE1_NRPROT","Nro. Protoco","Nº Protocolo","Regist. Nbr.","S","","","S"
"GE1","2","GE1_FILIAL+GE1_NRSEQG","Nro.Seq.Guia","Nº Sec.Form.","Form Seq.Nbr","S","","","S"
"GE2","1","GE2_FILIAL+GE2_SEQDES","Seq.Autor.","Sec.Autor.","Author. Seq","S","","","S"
"GE2","2","GE2_FILIAL+GE2_NRSEQG","Nro. Sequenc","","","S","","","S"
"GE3","1","GE3_FILIAL+GE3_SEQDES","Seq.Autor.","Sec.Autor.","Author. Seq","S","","","S"
"GE3","2","GE3_FILIAL+GE3_NRSEQG","Nro.Sequenc.","","","S","","","S"
"GE8","1","GE8_FILIAL+GE8_SEQDES","Seq.Autor.","Sec.Autor.","Author. Seq","S","","","S"
"GE8","2","GE8_FILIAL+GE8_NRSEQG","Nro.Seq.Guia","","","S","","","S"
"GE9","1","GE9_FILIAL+GE9_CODAGE+GE9_ITEM+GE9_CODCRM","Codigo + Item + CRM Medico","Codigo + Item + CRM Medico","Codigo + Item + CRM Medico","S","","","S"
"GEA","1","GEA_FILIAL+GEA_CODAGE+GEA_ITEM+GEA_CODPRO","Codigo + Item + Procedimento","Codigo + Item +","Codigo + Item +","S","","","S"
"GEB","1","GEB_FILIAL+GEB_CODAGE+GEB_ITEM+GEB_CODMAT","Codigo + Item + Mat/Med","Codigo + Item +","Codigo + Item +","S","","","S"
"GEC","1","GEC_FILIAL+GEC_TIPO+GEC_LISTA","Tipo + Lista","Tipo + Lista","Type + List","S","","","S"
"GEC","2","GEC_FILIAL+GEC_LISTA+GEC_TIPO","Lista + Tipo","Lista + Tipo","List + Type","S","","","S"
"GED","1","GED_FILIAL+GED_CODIGO+GED_TIPO","Codigo + Tipo Livro","Codigo + Tipo Libro","Code + Book type","S","","","S"
"GED","2","GED_FILIAL+GED_TIPO+GED_CODIGO","Tipo Livro + Codigo","Tipo Libro + Codigo","Book type + Code","S","","","S"
"GF0","1","GF0_FILIAL + GF0_NUMREC + GF0_CODCON","Recurso + Convenio","+","+","S","","","S"
"GF0","2","GF0_FILIAL + GF0_STATUS + GF0_CODCON + GF0_NUMREC","Status + Convenio + Recurso","+  +","+  +","S","","","S"
"GF5","1","GF5_FILIAL + GF5_NREXTC + GF5_SEQDES + GF5_STATUS","Codigo + Seq.Despesa + Status","+  +","+  +","S","","","S"
"GF5","2","GF5_FILIAL + GF5_NUMREC + GF5_CODCON","Recurso + Convenio","+","+","S","","","S"
"GF5","4","GF5_FILIAL + GF5_NUMREC + GF5_STATUS","Recurso + Status","+","+","S","","","S"
"GF6","1","GF6_FILIAL + GF6_NREXTC + GF6_SEQDES + GF6_STATUS","Codigo + Seq.Despesa + Status","+  +","+  +","S","","","S"
"GF6","2","GF6_FILIAL + GF6_NUMREC + GF6_CODCON","Recurso + Convenio","+","+","S","","","S"
"GF6","4","GF6_FILIAL + GF6_NUMREC + GF6_STATUS","Recurso + Status","+","+","S","","","S"
"GF7","1","GF7_FILIAL + GF7_NREXTC + GF7_SEQDES + GF7_STATUS","Codigo + Seq.Despesa + Status","+  +","+  +","S","","","S"
"GF7","2","GF7_FILIAL + GF7_NUMREC + GF7_CODCON","Recurso + Convenio","+","+","S","","","S"
"GF7","4","GF7_FILIAL + GF7_NUMREC + GF7_STATUS","Recurso + Status","+","+","S","","","S"
"GM0","1","GM0_FILIAL+GM0_CODLOC+GM0_CODPLA","Cod. Local + Plano","Cod. Local + Cod.Plan","Locat. code + Health plan","S","","","S"
"GM1","1","GM1_FILIAL + GM1_CODLOC + GM1_CODUSU","Setor + Usuario","Cod. Local + Cod.Usuario","Sector + User","S","","","S"
"GM2","1","GM2_FILIAL + GM2_CODLOC + GM2_CODPRO","Setor + Procedimento","Cod. Local + Procedimient","Sector + Procedure","S","","","S"
"GM3","1","GM3_FILIAL+GM3_CODDIS+GM3_CODPRO","Disponib. + Procedimento","Cod Disp. + Cod. Proced.","Availability + Procedure","S","","","S"
"GM3","2","GM3_FILIAL+GM3_CODLOC+GM3_CODPRO+GM3_IDEATI","Setor + Procedimento + Ativa","Sector + Cod. Proced. + Activa","Sector + Procedure + Active","S","","","S"
"GM4","1","GM4_FILIAL+GM4_CODDIS+GM4_CODPLA","Disponib. + Plano","Disponib. + Plan","Cod Disp. + Health plan","S","","","S"
"GM4","2","GM4_FILIAL+GM4_CODLOC+GM4_CODPLA+GM4_IDEATI","Setor + Plano + Ativa","Sector + Plan + Activa","Sector + Health plan + Disp.Ativa","S","","","S"
"GM5","1","GM5_FILIAL+GM5_CODDIS+GM5_DIASEM","Disponib. + Dia Semana","Disponib. + Dia Semana","Cod. Disp. + Day of week","S","","","S"
"GM6","1","GM6_FILIAL + GM6_CODDIS","Codigo","Codigo","Code","S","","","S"
"GM6","2","GM6_FILIAL + GM6_CODLOC + GM6_CODCRM","Setor + CRM Medico","Sector + CRM Medico","Sector + Doctor's CRM","S","","","S"
"GM7","1","GM7_FILIAL+GM7_CODCAN","Codigo","Codigo","Cod. Cancel.","S","","","S"
"GM8","1","GM8_FILIAL+GM8_FILAGE+GM8_CODAGE","Filial Agend + Cod. Age.","Filial Agend + Cod. Age.","Filial Agend + Cod. Age.","S","","","S"
"GM8","2","GM8_FILIAL+GM8_FILAGE+DTOS(GM8_DATAGE)","Filial Agend + Data Agenda","Filial Agend + Data Agenda","Filial Agend + Data Agenda","S","","","S"
"GM8","3","GM8_FILIAL+GM8_FILAGE+GM8_CODPLA+GM8_CODCRM+GM8_CODPRO","Filial Agend + Cod. Plano + Profissional + Cod. Proced.","Filial Agend + Cod. Plano + CRM Medico + Cod. Proced.","Filial Agend + Cod. Plano + CRM Medico + Cod. Proced.","S","","","S"
"GM8","4","GM8_FILIAL+GM8_FILAGE+GM8_CODCRM+DTOS(GM8_DATAGE)+GM8_HORAGE+GM8_STATUS","Filial Agend + Profissional + Data Agenda + Hora Agenda + Situacao","Filial Agend + CRM Medico + Data Agenda + Hora Agenda + Status","Filial Agend + CRM Medico + Data Agenda + Hora Agenda + Status","S","","","S"
"GM8","5","GM8_FILIAL+GM8_FILAGE+GM8_CODDIS+DTOS(GM8_DATAGE)","Filial Agend + Cod. Disp. + Data Agenda","Filial Agend + Cod. Disp. + Data Agenda","Filial Agend + Cod. Disp. + Data Agenda","S","","","S"
"GM8","6","GM8_FILIAL+GM8_NOMPAC","Nome Pacien.","Nome Pacien.","Nome Pacien.","S","","","S"
"GM8","7","GM8_FILIAL+GM8_FILAGE+GM8_TIPAGE+GM8_STATUS+DTOS(GM8_DATAGE)+GM8_HORAGE","Filial Agend + Tipo + Situacao + Data Agenda + Hora Agenda","Filial Agend + Tipo + Status + Data Agenda + Hora Agenda","Filial Agend + Tipo + Status + Data Agenda + Hora Agenda","S","","","S"
"GM8","8","GM8_FILIAL+GM8_CODCRM+DTOS(GM8_DATAGE)+GM8_HORAGE","Profissional + Data Agenda + Hora Agenda","CRM Medico + Data Agenda + Hora Agenda","CRM Medico + Data Agenda + Hora Agenda","S","","","S"
"GM8","9","GM8_FILIAL+GM8_CODDIS+DTOS(GM8_DATAGE)","Cod. Disp. + Data Agenda","Cod. Disp. + Data Agenda","Cod. Disp. + Data Agenda","S","","","S"
"GM8","A","GM8_FILIAL+GM8_REGGER","Prontuario","Cod. Pacien.","Cod. Pacien.","S","","","S"
"GM9","1","GM9_FILIAL+GM9_CODAGE","Cod. Age.","Cod. Age.","Cod. Age.","S","","","S"
"GM9","2","GM9_FILIAL+GM9_CODCAN","Cod. Cancel.","Cod. Cancel.","Cod. Cancel.","S","","","S"
"GM9","3","GM9_FILIAL+GM9_REGGER","Prontuario","Prontuario","Patient","S","","","S"
"GMA","1","GMA_FILIAL+GMA_CODAGE","Cod. Age.","Cod. Age.","Cod. Age.","S","","","S"
"GMA","2","GMA_FILIAL+GMA_CODCAN","Cod. Cancel.","Cod. Cancel.","Cod. Cancel.","S","","","S"
"GMA","3","GMA_FILIAL+GMA_REGGER","Prontuario","Prontuario","Patient File","S","","","S"
"GMB","1","GMB_FILIAL+GMB_CODLOC+GMB_CODTXD","Cod. Local + Cod. Taxa","Cod. Local + Cod. Taxa","Cod. Local + Cod. Taxa","S","","","S"
"GMC","1","GMC_FILIAL+GMC_CODATO","Ato","Acto","Ato","S","","","S"
"GMD","1","GMD_FILIAL+GMD_CODDIS","Codigo","Codigo","Code","S","","","S"
"GMD","2","GMD_FILIAL+GMD_QUARTO+GMD_LEITO","Sala + Leito","Habit. + Cama","Classroom + Bed","S","","","S"
"GME","1","GME_FILIAL+GME_CODEQP","Codigo","Codigo","Code","S","","","S"
"GMF","1","GMF_FILIAL+GMF_CODEQP+GMF_CODATO+GMF_CODCRM","Codigo + Ato + CRM Medico","Codigo + Acto + CRM Medico","Code + Ato + Physici. SMB","S","","","S"
"GMF","2","GMF_FILIAL+GMF_CODATO+GMF_CODCRM","Ato + CRM Medico","Acto + CRM Medico","Ato + Physici. SMB","S","","","S"
"GMG","1","GMG_FILIAL+GMG_CODDIS+GMG_DIASEM","Cod. Disp. + Dia Semana","Cod. Disp. + Dia Semana","Avail. Code + Weekday","S","","","S"
"GMH","1","GMH_FILIAL+GMH_CODDIS+GMH_CODPLA","Disponib. + Plano","Disp. + Plan","Cod Disp. + Health plan","S","","","S"
"GMH","2","GMH_FILIAL+GMH_CODLOC+GMH_CODPLA+GMH_IDEATI","Setor + Plano + Ativa","Sector + Plan + Ativa","Sector + Health plan + Active","S","","","S"
"GMI","1","GMI_FILIAL+GMI_CODDIS+GMI_CODPRO","Cod Disp. + Procedimento","Cod Disp. + Procedim.","Avail. Code + Procedure","S","","","S"
"GMI","2","GMI_FILIAL+GMI_CODLOC+GMI_CODPRO+GMI_IDEATI","Setor + Procedimento + Ativa","Sector + Procedim. + Activa","Sector + Procedure + Active","S","","","S"
"GMJ","1","GMJ_FILIAL+GMJ_FILAGE+GMJ_CODAGE","Fillial Agen + Codigo","Suc. Agen + Codigo","+ Code","S","","","S"
"GMJ","2","GMJ_FILIAL+GMJ_FILAGE+DTOS(GMJ_DATAGE)","Fillial Agen + Data","Suc. Agen + Data","+ Date","S","","","S"
"GMJ","3","GMJ_FILIAL+GMJ_FILAGE+GMJ_CODDIS+DTOS(GMJ_DATAGE)","Fillial Agen + Diponibil. + Data","Suc. Agen + Diponibil. + Data","+  + Date","S","","","S"
"GMJ","4","GMJ_FILIAL+GMJ_FILAGE+GMJ_QUARTO+DTOS(GMJ_DATAGE)+GMJ_HORAGE+GMJ_STATUS","Fillial Agen + Quarto + Data + Hora + Bloqueado","Suc. Agen +  + Data + Hora + Bloqueado","+ Room + Date +  +","S","","","S"
"GML","1","GML_FILIAL+GML_CODAGE","Cod. Age.","Cod. Age.","Sch. Cod.","S","","","S"
"GML","2","GML_FILIAL+GML_CODCAN","Cod. Cancel.","Cod. anulac.","Cancel. Cod.","S","","","S"
"GML","3","GML_FILIAL+GML_REGGER","Prontuario","Prontuario","Dossier","S","","","S"
"GMM","1","GMM_FILIAL+GMM_CODAGE","Cod. Age.","Cod. Age.","Sch. Cod.","S","","","S"
"GMM","2","GMM_FILIAL+GMM_CODCAN","Cod. Cancel.","Cod. Cancel.","Cancel Cod","S","","","S"
"GMM","3","GMM_FILIAL+GMM_REGGER","Prontuario","Prontuario","Dossier","S","","","S"
"GO0","1","GO0_FILIAL+GO0_NUMORC","Num. Orcamen","","","S","","","S"
"GO0","2","GO0_FILIAL+GO0_REGATE","Reg Ate","","","S","","","S"
"GO1","1","GO1_FILIAL+GO1_NUMORC+GO1_ITEM","Num orcament + Item orcamen","+","+","S","","","S"
"GO1","2","GO1_FILIAL+GO1_NUMORC+GO1_STATUS","Num orcament + Status","+","+","S","","","S"
"GO1","3","GO1_FILIAL+GO1_SOLICI+GO1_ORIMMP+GO1_CODMMP","Nro Solicit + Tipo despesa + Cod componen","Num Solicit +  +","Req.Number +  +","S","","","S"
"GO1","4","GO1_FILIAL+GO1_NROREC","Nro. Recibo","Nº Recibo","Receipt Nbr.","S","","","S"
"GR0","1","GR0_FILIAL+GR0_REGATE+DTOS(GR0_DATSER)","Reg. Atend. + Data Servico","Reg. Atend. + Fecha Servic","Rec.Serv. + Service Date","S","","","S"
"GSA","1","GSA_FILIAL+GSA_OK+GSA_REGGER+DTOS(GSA_DATSOL)","OK + Prontuario + Data","OK + Prontuario + Fecha","OK + Med. report + Data","S","","","S"
"GSA","2","GSA_FILIAL+GSA_OK+DTOS(GSA_DATSOL)+GSA_HORSOL+GSA_NOMPAC","OK + Data + Hora + Paciente","OK + Fecha + Hora + Paciente","OK + Data + Time + Patient","S","","","S"
"GSA","3","GSA_FILIAL+GSA_OK+GSA_REGGER+GSA_CODEND","OK + Prontuario + Endereco","OK + Prontuario + Direccion","OK + Med. report + Endereco","S","","","S"
"GSA","4","GSA_FILIAL+GSA_CODSOL","Solicitacao","Solicitud","Requisition","S","","","S"
"GSA","5","GSA_FILIAL+GSA_CODMOT","Motivo","Motivo","Reason","S","","","S"
"GSB","1","GSB_FILIAL+GSB_REGGER+GSB_CODEND","Prontuario + Endereco","Prontuario + Direccion","Med. Report + Endereco","S","","","S"
"GSC","1","GSC_FILIAL+GSC_CODMOT","Codigo","Codigo","Motivo","S","","","S"
"GSD","1","GSD_FILIAL+GSD_CODEND+GSD_TIPEND+GSD_ESPMED","Codigo + Tipo + Esp. Medica","Codigo + Tipo + Esp.Medica","Endereco + Type + Esp.Medica","S","","","S"
"GSE","1","GSE_FILIAL+GSE_CODNAO","Codigo","Codigo","Code","S","","","S"
"GSE","2","GSE_FILIAL+GSE_REGGER+GSE_CODEND","Prontuario + Endereco","Prontuario + Direccion","Med. Report + Address","S","","","S"
"GSF","1","GSF_FILIAL+GSF_CODIGO","Codigo","Codigo","Code","S","","","S"
"IC1","1","IC1_FILIAL+IC1_COMITE","Comite","Comite","Committee","S","","","S"
"IC2","1","IC2_FILIAL+IC2_COMITE+IC2_MAT","Comite + Membro","Comite + Membro","Committee + Member","S","","","S"
"IC2","2","IC2_FILIAL+IC2_MAT","Membro","Membro","Member","S","","","S"
"IC3","1","IC3_FILIAL+IC3_FCS","Codigo FCS","Codigo FCS","FCS Code","S","","","S"
"IC4","1","IC4_FILIAL+IC4_CODQT+IC4_PROCES","Questionario + Processo","Cuestionario + Processo","Questionary + Process","S","","","S"
"IC4","2","IC4_FILIAL+IC4_PROCES","Processo","Processo","Process","S","","","S"
"IC5","1","IC5_FILIAL+IC5_CODPQ","Codigo","Codigo","Code","S","","","S"
"IC5","2","IC5_FILIAL+IC5_DESC","Pesquisa","Encuesta","Search","S","","","S"
"IC5","3","IC5_FILIAL+IC5_STATUS","Status","Estatus","Status","S","","","S"
"IC6","1","IC6_FILIAL+IC6_CODPQ+IC6_CODQT","Pesquisa + Questionario","Encuesta + Cuestionario","Search + Questionary","S","","","S"
"IC6","2","IC6_FILIAL+IC6_CODPQ+IC6_DESC","Pesquisa + Descricäo","Encuesta + Descripcion","Search + Description","S","","","S"
"IC6","3","IC6_FILIAL+IC6_CODQT","Questionario","Cuestionario","Questionary","S","","","S"
"IC6","4","IC6_FILIAL+IC6_DESC","Descricäo","Descripcion","Description","S","","","S"
"IC7","1","IC7_FILIAL+IC7_CODQT+IC7_CODGRP","Questionario + Grupo","Cuestionario + Grupo","Questionary + Group","S","","","S"
"IC7","2","IC7_FILIAL+IC7_CODQT+IC7_DESC","Questionario + Grupo","Cuestionario + Grupo","Questionary + Group","S","","","S"
"IC7","3","IC7_FILIAL+IC7_CODGRP","Grupo","Grupo","Group","S","","","S"
"IC7","4","IC7_FILIAL+IC7_DESC","Grupo","Grupo","Group","S","","","S"
"IC8","1","IC8_FILIAL+IC8_CODQT+IC8_CODGRP+IC8_CODSUB","Questionario + Grupo + Sub-Grupo","Cuestionario + Grupo + Subgrupo","Questionary + Group + SubGroup","S","","","S"
"IC8","2","IC8_FILIAL+IC8_CODQT+IC8_CODGRP+IC8_DESC","Questionario + Grupo + Descricäo","Cuestionario + Grupo + Descripcion","Questionary + Group + Description","S","","","S"
"IC8","3","IC8_FILIAL+IC8_CODSUB","Sub-Grupo","Subgrupo","SubGroup","S","","","S"
"IC8","4","IC8_FILIAL+IC8_DESC","Descricäo","Descripcion","Description","S","","","S"
"IC8","5","IC8_FILIAL+IC8_CODGRP+IC8_CODSUB","Grupo + Sub-Grupo","Grupo + Subgrupo","Group + SubGroup","S","","","S"
"IC9","1","IC9_FILIAL+IC9_CODQT+IC9_CODQST","Questionario + Questäo","Cuestionario + Pregunta","Questionary + Question","S","","","S"
"IC9","2","IC9_FILIAL+IC9_CODQT+IC9_DESC","Questionario + Resumo Qst.","Cuestionario + Resumen Preg","Questionary + Qst. Summ.","S","","","S"
"IC9","3","IC9_FILIAL+IC9_CODQST","Questäo","Pregunta","Question","S","","","S"
"IC9","4","IC9_FILIAL+IC9_DESC","Resumo Qst.","Resumen Preg","Qst. Summ.","S","","","S"
"IC9","5","IC9_FILIAL+IC9_TIPQST","Tipo","Tipo","Type","S","","","S"
"IC9","6","IC9_FILIAL+IC9_CODGRP","Grupo","Grupo","Group","S","","","S"
"IC9","7","IC9_FILIAL+IC9_CODSUB","Sub-Grupo","Subgrupo","Subgroup","S","","","S"
"IC9","8","IC9_FILIAL+IC9_MATQT+IC9_CODQST","Matriz + Questäo","Matriz + Pregunta","Matrix + Question","S","","","S"
"ICA","1","ICA_FILIAL+ICA_CODQT+ICA_CODQST+ICA_CODALT","Questionario + Questäo + Codigo","Cuestionario + Pregunta + Codigo","Questionary + Question + Code","S","","","S"
"ICA","2","ICA_FILIAL+ICA_CODQT+ICA_CODQST+ICA_DESC","Questionario + Questäo + Alternativa","Cuestionario + Pregunta + Alternativa","Questionary + Question + Alternative","S","","","S"
"ICA","3","ICA_FILIAL+ICA_CODQST+ICA_CODALT","Questäo + Codigo","Pregunta + Codigo","Question + Code","S","","","S"
"ICA","4","ICA_FILIAL+ICA_CODQST+ICA_DESC","Questäo + Alternativa","Pregunta + Alternativa","Question + Alternative","S","","","S"
"ICA","5","ICA_FILIAL+ICA_MATQT+ICA_CODQST","Matriz + Questäo","Matriz + Pregunta","Matrix + Question","S","","","S"
"ICB","1","ICB_FILIAL+ICB_CODQT+ICB_CODQST+ICB_CODCOL","Questionario + Questao + Codigo","Cuestionario + Pregunta + Codigo","Questionary + Question + Code","S","","","S"
"ICB","2","ICB_FILIAL+ICB_CODQT+ICB_CODQST+ICB_DESC","Questionario + Questao + Descricäo","Cuestionario + Pregunta + Descripcion","Questionary + Question + Description","S","","","S"
"ICB","3","ICB_FILIAL+ICB_CODQST+ICB_CODCOL","Questao + Codigo","Pregunta + Codigo","Question + Code","S","","","S"
"ICB","4","ICB_FILIAL+ICB_CODQST+ICB_DESC","Questao + Descricäo","Pregunta + Descripcion","Question + Description","S","","","S"
"ICB","5","ICB_FILIAL+ICB_MATQT+ICB_CODQST","Cod. Matriz + Questao","Cod. Matriz + Pregunta","Matrix Code + Question","S","","","S"
"ICC","1","ICC_FILIAL+ICC_RESPPQ","Resposta","Respuesta","Answer","S","","","S"
"ICC","2","ICC_FILIAL+ICC_CODPQ+ICC_MAT+ICC_RESPID","Pesquisa + Codigo Pesq. + Pesquisado","Encuesta + Codigo Encue + Pesquisado","Search + Searched Cod + Searched","S","","","S"
"ICD","1","ICD_FILIAL+ICD_RESPPQ+ICD_PROCES+ICD_CODQST+ICD_CODALT","Resposta + Processo + Questao + Codigo","Respuesta + Proceso + Pregunta + Codigo","Answer + Process + Question + Code","S","","","S"
"ICE","1","ICE_FILIAL+ICE_CODPQ+ICE_SEQFLD+ICE_ARQUIV+ICE_SEQUEN","Pesquisa + Seq. Pasta + Arquivo + Sequencia","Encuesta + Sec. Carpeta + Archivo + Secuencia","Pesquisa + Folder Seq. + File + Sequence","S","","","S"
"ICF","1","ICF_FILIAL+ICF_MATQT","Matriz","Matriz","Matrix","S","","","S"
"ICG","1","ICG_FILIAL+ICG_RISCO","Risco","Riesgo","Risk","S","","","S"
"ICH","1","ICH_FILIAL+ICH_EVENTO","Evento","Evento","Event","S","","","S"
"ICH","2","ICH_FILIAL+ICH_CODPQ+ICH_CODQT+ICH_PROCES+ICH_EVENTO","Pesquisa + Questionario + Processo + Evento","Pesquisa + Cuestionario + Proceso + Evento","Search + Questionary + Process + Event","S","","","S"
"ICI","1","ICI_FILIAL+ICI_EVENTO+ICI_RISCO","Evento + Risco","Evento + Riesgo","Event + Risk","S","","","S"
"ICI","2","ICI_FILIAL+ICI_FNC+ICI_REV","Codigo FNC + Revisao","Codigo FNC + Revision","FNC Code + Revision","S","","","S"
"ICI","3","ICI_FILIAL+ICI_CODACA+ICI_REVACA","Plano Acao + Revisao","Plano Accion + Revision","Action Plan + Revision","S","","","S"
"ICJ","1","ICJ_FILIAL+ICJ_EVENTO+ICJ_RISCO","Evento + Risco","Evento + Riesgo","Event + Risk","S","","","S"
"ICK","1","ICK_FILIAL+ICK_EVENTO+ICK_RISCO","Evento + Risco","Evento + Riesgo","Event + Risk","S","","","S"
"ICL","1","ICL_FILIAL+ICL_EVENTO+ICL_RISCO","Evento + Risco","Evento + Riesgo","Event + Risk","S","","","S"
"ICM","1","ICM_FILIAL+ICM_CODIGO+ICM_REV","Codigo Acao + Revisao","Cod. Accion + Revision","Action Code + Revision","S","","","S"
"ICN","1","ICN_FILIAL+ICN_CODIGO+ICN_REV","Codigo Acao + Revisao","Cod. Accion + Revision","Action Code + Revision","S","","","S"
"JA1","1","JA1_FILIAL+JA1_CODINS","Cod.Inscric.","Cod.Inscrip.","Regist. Code","S","","","S"
"JA1","2","JA1_FILIAL+JA1_CPF+JA1_PROSEL","CPF + Pr.Seletivo","CPF + Pr.Seleccion","CPF + S.A.T.","S","","","S"
"JA1","3","JA1_FILIAL+JA1_INDICA","Convenio","Convenio","Agreement","S","","","S"
"JA1","4","JA1_FILIAL+JA1_PROSEL+JA1_CODINS","Pr.Seletivo + Cod.Inscric.","Pr.Seleccion + Cod.Inscrip.","S.A.T. + Regist. Code","S","","","S"
"JA1","5","JA1_FILIAL+JA1_PROSEL+JA1_STATUS","Pr.Seletivo + Status","Pr.Seleccion + Estatus","S.A.T. + Status","S","","","S"
"JA1","6","JA1_FILIAL+JA1_CEP","CEP","CP","Zip Code","S","","","S"
"JA1","7","JA1_FILIAL+JA1_CEPPRF","CEP","CP","Zip code","S","","","S"
"JA1","8","JA1_FILIAL+JA1_PRFTIT+JA1_NUMTIT","Prefixo + Titulo P.S.","Prefijo + Titulo P.S.","Prefix + S.A.T. Bill","S","","","S"
"JA1","9","JA1_FILIAL+JA1_NOME","Nome","Nombre","Name","S","","","S"
"JA2","1","JA2_FILIAL+JA2_NUMRA","Numero do RA","Numero de RA","RA No.","S","","","S"
"JA2","2","JA2_FILIAL+JA2_CPF","CPF","CPF","CPF","S","","","S"
"JA2","3","JA2_FILIAL+JA2_NOME","Nome","Nombre","Name","S","","","S"
"JA2","4","JA2_FILIAL+JA2_CODINS","Inscricao","Inscripcion","Registration","S","","","S"
"JA2","5","JA2_FILIAL+JA2_CLIENT+JA2_LOJA","Cliente + Loja","Cliente + Tienda","Customer + Unit","S","","","S"
"JA2","6","JA2_FILIAL+JA2_CEP","CEP","CP","Zip code","S","","","S"
"JA2","7","JA2_FILIAL+JA2_CEPCOB","CEP Cobranca","CP Cobranca","Z.P. Collec.","S","","","S"
"JA2","8","JA2_FILIAL+JA2_CEPPRF","CEP","CP","Zip code","S","","","S"
"JA2","9","JA2_FILIAL+JA2_PROSEL","Proc.Selet.","Proc.Selec.","S.A.T.","S","","","S"
"JA3","1","JA3_FILIAL+JA3_CODLOC","Codigo Local","Codigo Local","Place Code","S","","","S"
"JA3","2","JA3_FILIAL+JA3_DESLOC","Desc. Local","Desc. Local","Place Desc.","S","","","S"
"JA3","3","JA3_FILIAL+JA3_CGC","C.N.P.J.","C.N.P.J.","C.N.P.J.","S","","","S"
"JA4","1","JA4_FILIAL+JA4_CODLOC+JA4_CODPRE","Cod. Local + Cod. Predio","Cod. Local + Cod. Edif.","Place Code + Build. Code","S","","","S"
"JA4","2","JA4_FILIAL+JA4_DESPRE","Desc. Predio","Desc. Edif.","Build. Desc.","S","","","S"
"JA4","3","JA4_FILIAL+JA4_CODLOC","Cod. Local","Cod. Local","Place Code","S","","","S"
"JA5","1","JA5_FILIAL+JA5_CODLOC+JA5_CODPRE+JA5_ANDAR+JA5_CODSAL","Cod. Local + Cod. Predio + Andar + Codigo Sala","Cod. Local + Cod. Edif. + Piso + Codigo Aula","Place Code + Build. Code + Floor + Room Code","S","","","S"
"JA5","2","JA5_FILIAL+JA5_DESCSA","Descr. Sala","Descr. Aula","Room Desc.","S","","","S"
"JA5","3","JA5_FILIAL+JA5_CODSAL","Codigo Sala","Codigo Aula","Room Code","S","","","S"
"JA5","4","JA5_FILIAL+JA5_CODLOC","Cod. Local","Cod. Local","Place Code","S","","","S"
"JA5","5","JA5_FILIAL+JA5_CODLOC+JA5_CODPRE+JA5_CODSAL","Cod. Local + Cod. Predio + Codigo Sala","Cod. Local + Cod. Edif. + Codigo Aula","Place Code + Build. Code + Room Code","S","","","S"
"JA6","1","JA6_FILIAL+JA6_CODIGO","Cod.Proc.Sel","Cod.Proc.Sel","S.A.T. Cd.","S","","","S"
"JA6","2","JA6_FILIAL+JA6_DESC","Desc.Pro Sel","Desc.Pro Sel","S.A.T. Desc.","S","","","S"
"JA6","3","JA6_FILIAL+JA6_GRPDOC","Grupo Docum.","Grupo Docum.","Docum. Group","S","","","S"
"JA6","4","JA6_FILIAL+JA6_FORCOM","Grupo Comun.","Grupo Comun.","Commun. Gr.","S","","","S"
"JA7","1","JA7_FILIAL+JA7_CODIGO+JA7_CODCUR","Codigo P.S. + Curso Vig.","Codigo P.S. + Curso Vig.","S.A.T. Code + Cur. Course","S","","","S"
"JA7","2","JA7_FILIAL+JA7_CODCUR","Curso Vig.","Curso Vig.","Cur. Course","S","","","S"
"JA7","3","JA7_FILIAL+JA7_CODIGO+JA7_ITEM","Codigo P.S. + Item","Codigo P.S. + Item","S.A.T. Code + Item","S","","","S"
"JA8","1","JA8_FILIAL+JA8_CODIGO+JA8_FASE+JA8_CODCUR+JA8_CODDIS","Processo Sel + Fase + Curso + Disciplina","Proceso Sel. + Etapa + Curso + Materia","S.A.T. + Stage + Course + Subject","S","","","S"
"JA8","2","JA8_FILIAL+JA8_CODDIS","Disciplina","Materia","Subject","S","","","S"
"JA8","3","JA8_FILIAL+JA8_CODIGO+JA8_FASE+JA8_CODCUR+JA8_ITEM","Processo Sel + Fase + Curso + Item","Proceso Sel. + Etapa + Curso + Item","S.A.T. + Stage + Course + Item","S","","","S"
"JA8","4","JA8_FILIAL+JA8_CODIGO+JA8_CODCUR","Processo Sel + Curso","Proceso Sel. + Curso","S.A.T. + Course","S","","","S"
"JA8","5","JA8_FILIAL+JA8_CODIGO+JA8_FASE+JA8_CODDIS","Processo Sel + Fase + Disciplina","Proceso Sel. + Etapa + Materia","S.A.T. + Stage + Subject","S","","","S"
"JA8","6","JA8_FILIAL+JA8_CODIGO+JA8_FASE+JA8_CODCUR+JA8_ORDDES","Processo Sel + Fase + Curso + Ordem Desemp","Proceso Sel. + Etapa + Curso + Orden Desem","S.A.T. + Stage + Course + Seq.br.tie","S","","","S"
"JA9","1","JA9_FILIAL+JA9_CODIGO+JA9_FASE+DTOS(JA9_DTNOR)+JA9_CODLOC+JA9_CODPRE+JA9_ANDAR+JA9_CODSAL","Codigo P.S. + Codigo Fase + Data Prova + Codigo Local + Cod. Predio +","Codigo P.S. + Codigo Etapa + Fecha Prueba + Codigo Local + Cod. Edif.","S.A.T. Code + Stage Code + Test Date + Place Cd. + Buil. Code + Floor","S","","","S"
"JA9","2","JA9_FILIAL+JA9_CODIGO+JA9_FASE+DTOS(JA9_DTNOR)+JA9_ITEM","Codigo P.S. + Codigo Fase + Data Prova + Item","Codigo P.S. + Codigo Etapa + Fecha Prueba + Item","S.A.T. Code + Stage Code + Test Date + Item","S","","","S"
"JA9","3","JA9_FILIAL+JA9_CODLOC+JA9_CODPRE+JA9_ANDAR+JA9_CODSAL","Codigo Local + Cod. Predio + Andar + Codigo Sala","Codigo Local + Cod. Edif. + Piso + Codigo Aula","Place Cd. + Buil. Code + Floor + Room Code","S","","","S"
"JA9","4","JA9_FILIAL+JA9_CODIGO+JA9_FASE+DTOS(JA9_DTNOR)+JA9_CODLOC+JA9_TPCAND","Codigo P.S. + Codigo Fase + Data Prova + Codigo Local + Tipo Candid.","Codigo P.S. + Codigo Etapa + Fecha Prueba + Codigo Local + Tipo Candid","S.A.T. Code + Stage Code + Test Date + Place Cd. + Cand. Type","S","","","S"
"JA9","5","JA9_FILIAL+JA9_CODIGO+JA9_CODLOC","Codigo P.S. + Codigo Local","Codigo P.S. + Codigo Local","S.A.T. Code + Place Cd.","S","","","S"
"JAA","1","JAA_FILIAL+JAA_CODIGO+JAA_FASE+JAA_CODCAN+JAA_CODDIS+JAA_CODQUE","Codigo P.S. + Codigo Fase + Cod. Candid. + Cod.Discipl. + Questao","Codigo P.S. + Codigo Etapa + Cod. Candid. + Cod.Materia + Pregunta","S.A.T Code + Stage Code + Cand. Code + Subj. Code + Question","S","","","S"
"JAA","2","JAA_FILIAL+JAA_CODDIS+JAA_CODQUE","Cod.Discipl. + Questao","Cod.Materia + Pregunta","Subj. Code + Question","S","","","S"
"JAB","1","JAB_FILIAL+JAB_CODIGO","Codigo","Codigo","Code","S","","","S"
"JAB","2","JAB_FILIAL+JAB_CGC","CGC/CNPJ","CGC/CNPJ","CGC/CNPJ","S","","","S"
"JAB","3","JAB_FILIAL+JAB_NOME","Nome Conveni","Nombre Conv.","Agreem.Name","S","","","S"
"JAC","1","JAC_FILIAL+JAC_CODIGO+JAC_CODCHA","Codigo P.S. + Cod.Chamada","Codigo P.S. + Cod. Convoc.","S.A.T. Code + Call Code","S","","","S"
"JAC","2","JAC_FILIAL+JAC_CODIGO+JAC_ITEM","Codigo P.S. + Item","Codigo P.S. + Item","S.A.T. Code + Item","S","","","S"
"JAD","1","JAD_FILIAL+JAD_CODIGO+JAD_CODIDI","Codigo P.S. + Cod.Idioma","Codigo P.S. + Cod. Idioma","S.A.T. Code + Lang.Code","S","","","S"
"JAD","2","JAD_FILIAL+JAD_CODIGO+JAD_ITEM","Codigo P.S. + Item","Codigo P.S. + Item","S.A.T. Code + Item","S","","","S"
"JAE","1","JAE_FILIAL+JAE_CODIGO","Cod.Discipl.","Cod. Materia","Subj. Code","S","","","S"
"JAE","2","JAE_FILIAL+JAE_DESC","Desc.Discip.","Desc.Mater.","Subj. Desc.","S","","","S"
"JAE","3","JAE_FILIAL+JAE_AREA","Area","Area","Area","S","","","S"
"JAE","4","JAE_FILIAL+JAE_COREQ","Co-requisito","Co-requisito","Co-requirmnt","S","","","S"
"JAE","5","JAE_FILIAL+JAE_APLICA+JAE_CODIGO","Aplicacao + Cod.Discipl.","Aplicacion + Cod. Materia","Application + Subj. Code","S","","","S"
"JAF","1","JAF_FILIAL+JAF_COD+JAF_VERSAO","Codigo Curso + Versao","Codigo Curso + Version","Course Code + Version","S","","","S"
"JAF","2","JAF_FILIAL+JAF_DESC","Descr. Curso","Descr. Curso","Cour.Desc.","S","","","S"
"JAF","3","JAF_FILIAL+JAF_AREA+JAF_COD+JAF_VERSAO","Codigo Area + Codigo Curso + Versao","Codigo Area + Codigo Curso + Version","Area Code + Course Code + Version","S","","","S"
"JAF","4","JAF_FILIAL+JAF_CLASFI","Class. ISCED","Clas. ISCED","ISCED Clas.","S","","","S"
"JAF","5","JAF_FILIAL+JAF_AREA","Codigo Area","Codigo Area","Area Code","S","","","S"
"JAF","6","JAF_FILIAL+JAF_ATIVO+JAF_COD","Ativo + Codigo Curso","Activo + Codigo Curso","Active + Course Code","S","","","S"
"JAF","7","JAF_FILIAL+JAF_CCUSTO","Centro Custo","Centro Costo","Cost Center","S","","","S"
"JAG","1","JAG_FILIAL+JAG_CODIGO","Codigo Area","Codigo Area","Area Code","S","","","S"
"JAG","2","JAG_FILIAL+JAG_DESC","Descr. Area","Descr. Area","Area Desc.","S","","","S"
"JAH","1","JAH_FILIAL+JAH_CODIGO","Curso Vigent","Curso Vigent","Cur.Course","S","","","S"
"JAH","2","JAH_FILIAL+JAH_DESC","Desc.Curric.","Desc.Curric.","Resum.Des.","S","","","S"
"JAH","3","JAH_FILIAL+JAH_GRPDOC","Cod.Grp.Doc.","Cod.Grp.Doc.","Doc.Gr.Code","S","","","S"
"JAH","4","JAH_FILIAL+JAH_CURSO+JAH_VERSAO","Curso + Versao Curso","Curso + Vers. Curso","Course + Course Vers.","S","","","S"
"JAI","1","JAI_FILIAL+JAI_CODIGO+JAI_FASE+DTOS(JAI_DTNOR)+JAI_CODGAB+JAI_HRNDE","Codigo P.S. + Codigo Fase + Data Prova + Cod.Gabarito + Hora De","Codigo P.S. + Codigo Etapa + Fecha Prueba + Cod. Soluc. + De Hora","S.A.T. Code + Stage Code + Test Date + Key Ans. Cd. + From Time","S","","","S"
"JAI","2","JAI_FILIAL+JAI_CODIGO+JAI_ITEM","Codigo P.S. + Item","Codigo P.S. + Item","S.A.T. Code + Item","S","","","S"
"JAI","3","JAI_FILIAL+JAI_CODIGO+JAI_CODGAB","Codigo P.S. + Cod.Gabarito","Codigo P.S. + Cod. Soluc.","S.A.T. Code + Key Ans. Cd.","S","","","S"
"JAJ","1","JAJ_FILIAL+JAJ_CODCUR+JAJ_ITEM","Cod. Curso + Item","Cod. Curso + Item","Course Code + Item","S","","","S"
"JAJ","2","JAJ_FILIAL+JAJ_CODCUR+JAJ_CODCOO","Cod. Curso + Cod. Coord.","Cod. Curso + Cod. Coord.","Course Code + Coord. Code","S","","","S"
"JAK","1","JAK_FILIAL+JAK_CODIGO+JAK_CODDOC","Codigo Grupo + Codigo Doc.","Codigo Grupo + Codigo Doc.","Group Code + Doc. Code","S","","","S"
"JAK","2","JAK_FILIAL+JAK_DESC","Desc. Grupo","Desc. Grupo","Group Desc.","S","","","S"
"JAK","3","JAK_FILIAL+JAK_CODDOC","Codigo Doc.","Codigo Doc.","Doc. Code","S","","","S"
"JAK","4","JAK_FILIAL+JAK_CODIGO+JAK_ITEM","Codigo Grupo + Item","Codigo Grupo + Item","Group Code + Item","S","","","S"
"JAL","1","JAL_FILIAL+JAL_CODIGO","Cod.Gabarito","Cod. Soluc.","Ans.Key Cd.","S","","","S"
"JAL","2","JAL_FILIAL+JAL_DESC","Desc. Gabar.","Desc. Soluc.","Ans. Key Ds.","S","","","S"
"JAM","1","JAM_FILIAL+JAM_CODGAB+JAM_CODQUE","Cod.Gabarito + Cod. Questao","Cod. Soluc. + Cod.Cuestion","Ans. Key Cd. + Quest. Code","S","","","S"
"JAM","2","JAM_FILIAL+JAM_CODGAB+JAM_CODDIS+JAM_CODQUE","Cod.Gabarito + Cod.Discipl. + Cod. Questao","Cod. Soluc. + Cod. Materia + Cod.Cuestion","Ans. Key Cd. + Subj. Code + Quest. Code","S","","","S"
"JAM","3","JAM_FILIAL+JAM_CODDIS","Cod.Discipl.","Cod. Materia","Subj. Code","S","","","S"
"JAM","4","JAM_FILIAL+JAM_CODGAB+JAM_CODDIS+JAM_TIPO+JAM_CODQUE","Cod.Gabarito + Cod.Discipl. + Tipo Questao + Cod. Questao","Cod. Soluc. + Cod. Materia + TipoCuestion + Cod.Cuestion","Ans. Key Cd. + Subj. Code + Ques. Type + Quest. Code","S","","","S"
"JAN","1","JAN_FILIAL+JAN_CODGAB+JAN_CODQUE+JAN_CODRES","Cod.Gabarito + Cod.Questao + Cod.Resposta","Cod. Soluc. + Cod. Cuest. + Cod. Respues","Ans. Key Cd. + Quest. Code + Answ. Cd.","S","","","S"
"JAN","2","JAN_FILIAL+JAN_CODGAB+JAN_CODDIS","Cod.Gabarito + Cod.Discipl.","Cod. Soluc. + Cod. Materia","Ans. Key Cd. + Subj. Code","S","","","S"
"JAO","1","JAO_FILIAL+JAO_CODIGO+JAO_FORMA","Codigo Grupo + Cod. Forma","Codigo Grupo + Cod. Forma","Group Code + Form Code","S","","","S"
"JAO","2","JAO_FILIAL+JAO_DESC","Desc. Grupo","Desc. Grupo","Group Des.","S","","","S"
"JAO","3","JAO_FILIAL+JAO_FORMA","Cod. Forma","Cod. Forma","Form Code","S","","","S"
"JAO","4","JAO_FILIAL+JAO_CODIGO+JAO_ITEM","Codigo Grupo + ITEM","Codigo Grupo + Item","Group Code + ITEM","S","","","S"
"JAP","1","JAP_FILIAL+JAP_CODCAN+JAP_CODGAB+JAP_CODDIS+JAP_CODQUE","Cod.Candid. + Cod.Gabarito + Cod.Discipl. + Cod.Questao","Cod. Candid. + Cod. Soluc. + Cod. Materia + Cod. Cuest.","Cand. Code + Ans. Key Cd. + Subj. code + Quest. Code","S","","","S"
"JAP","2","JAP_FILIAL+JAP_CODCAN+JAP_CODGAB+JAP_CODQUE","Cod.Candid. + Cod.Gabarito + Cod.Questao","Cod. Candid. + Cod. Soluc. + Cod. Cuest.","Cand. Code + Ans. Key Cd. + Quest. Code","S","","","S"
"JAP","3","JAP_FILIAL+JAP_CODDIS","Cod.Discipl.","Cod. Materia","Subj. code","S","","","S"
"JAP","4","JAP_FILIAL+JAP_CODGAB+JAP_CODQUE+JAP_CODRES","Cod.Gabarito + Cod.Questao + Cod.Resposta","Cod. Soluc. + Cod. Cuest. + Cod. Respues","Ans. Key Cd. + Quest. Code + Ans. Code","S","","","S"
"JAQ","1","JAQ_FILIAL+JAQ_CODCAN+JAQ_FORMA","Cod.Candid. + Cod.Forma","Cod. Candid. + Cod. Forma","Cand. Code + Comm. Code","S","","","S"
"JAQ","2","JAQ_FILIAL+JAQ_FORMA","Cod.Forma","Cod. Forma","Comm. Code","S","","","S"
"JAQ","3","JAQ_FILIAL+JAQ_CODCAN+JAQ_ITEM+JAQ_FORMA","Cod.Candid. + Item + Cod.Forma","Cod. Candid. + Item + Cod. Forma","Cand. Code + Item + Comm. Code","S","","","S"
"JAR","1","JAR_FILIAL+JAR_CODCUR+JAR_PERLET+JAR_HABILI","Cod. Curso + Per. Letivo + Habilitacao","Cod. Curso + Per. Lectivo + Habilitacion","Course Code + School Yr. + Qualificat.","S","","","S"
"JAR","2","JAR_FILIAL+JAR_ANOLET+JAR_PERIOD+JAR_CODCUR","Ano + Periodo + Cod. Curso","Ano + Periodo + Cod. Curso","Year + Period + Course Code","S","","","S"
"JAS","1","JAS_FILIAL+JAS_CODCUR+JAS_PERLET+JAS_HABILI+JAS_ITEM","Cod. Curso + Per. Letivo + Habilitacao + Item","Cod. Curso + Per. Lectivo + Habilitacion + Item","Course Code + School Yr. + Qualificat. + Item","S","","","S"
"JAS","2","JAS_FILIAL+JAS_CODCUR+JAS_PERLET+JAS_HABILI+JAS_CODDIS","Cod. Curso + Per. Letivo + Habilitacao + Disciplina","Cod. Curso + Per. Lectivo + Habilitacion + Materia","Course Code + School Yr. + Qualificat. + Subject","S","","","S"
"JAS","3","JAS_FILIAL+JAS_CODDIS","Disciplina","Materia","Subject","S","","","S"
"JAS","4","JAS_FILIAL+JAS_CODDIS+JAS_PERLET+JAS_HABILI","Disciplina + Per. Letivo + Habilitacao","Materia + Per. Lectivo + Habilitacion","Subject + School Yr. + Qualificat.","S","","","S"
"JAT","1","JAT_FILIAL+JAT_CODCUR+JAT_PERLET+JAT_HABILI+JAT_CODDIS+JAT_TURMA","Cod.Curso + Per. Letivo + Habilitacao + Cod. Discip + Turma","Cod.Curso + Per. Lectivo + Habilitacion + Cod. Materia + Grupo","Course Cd. + School Yr. + Qualificat. + Subj. Code + Class","S","","","S"
"JAT","2","JAT_FILIAL+JAT_CODCUR+JAT_PERLET+JAT_HABILI+JAT_TURMA","Cod.Curso + Per. Letivo + Habilitacao + Turma","Cod.Curso + Per. Lectivo + Habilitacion + Grupo","Course Cd. + School Yr. + Qualificat. + Class","S","","","S"
"JAU","1","JAU_FILIAL+JAU_CODCUR+JAU_PERLET+JAU_HABILI+JAU_CODDIS+JAU_TURMA+JAU_ITEM+DTOS(JAU_DATA)","Cod.Curso + Per. Letivo + Habilitacao + Cod. Discip + Turma + Aula + D","Cod.Curso + Per. Lectivo + Habilitacion + Cod. Materia + Grupo + Clase","Course Cd. + School Yr. + Qualificat. + Subj. Code + Class + Class + C","S","","","S"
"JAU","2","JAU_FILIAL+JAU_CODCUR+JAU_PERLET+JAU_HABILI+JAU_TURMA","Cod.Curso + Per. Letivo + Habilitacao + Turma","Cod.Curso + Per. Lectivo + Habilitacion + Grupo","Course Cd. + School Yr. + Qualificat. + Class","S","","","S"
"JAV","1","JAV_FILIAL+JAV_CODCAN+JAV_CODPRO+JAV_CODFAS+JAV_CODCUR","Cod.Candid. + Codigo P.S. + Codigo Fase + Cod.Curso","Cod. Candid. + Codigo P.S. + Codigo Etapa + Cod.Curso","Cand. Code + S.A.T. Cd. + Stage Code + Course Cd.","S","","","S"
"JAV","2","JAV_FILIAL+JAV_STATUS+JAV_CODPRO","Status + Codigo P.S.","Estatus + Codigo P.S.","Status + S.A.T. Cd.","S","","","S"
"JAW","1","JAW_FILIAL+JAW_CURSO+JAW_VERSAO+JAW_PERLET+JAW_HABILI","Cod. Curso + Versao + Per. Letivo + Habilitacao","Cod. Curso + Version + Per. Lectivo + Habilitacion","Course Code + Version + School Year + Qualificat.","S","","","S"
"JAW","2","JAW_FILIAL+JAW_CURSO+JAW_PERLET+JAW_HABILI","Cod. Curso + Per. Letivo + Habilitacao","Cod. Curso + Per. Lectivo + Habilitacion","Course Code + School Year + Qualificat.","S","","","S"
"JAW","3","JAW_FILIAL+JAW_CURSO+JAW_VERSAO+JAW_ITEM","Cod. Curso + Versao + Item","Cod. Curso + Version + Item","Course Code + Version + Item","S","","","S"
"JAX","1","JAX_FILIAL+JAX_CODCAN+JAX_ITEM+JAX_CODCUR","Cod.Candid. + Item + Codigo Curso","Cod. Candid. + Item + Codigo Curso","Cand. Code + Item + Course Cd.","S","","","S"
"JAX","2","JAX_FILIAL+JAX_ITEM+JAX_CODCUR+JAX_CODCAN","Item + Codigo Curso + Cod.Candid.","Item + Codigo Curso + Cod. Candid.","Item + Course Cd. + Cand. Code","S","","","S"
"JAX","3","JAX_FILIAL+JAX_CODCUR","Codigo Curso","Codigo Curso","Course Cd.","S","","","S"
"JAX","4","JAX_FILIAL+JAX_CODCAN+JAX_CODCUR","Cod.Candid. + Codigo Curso","Cod. Candid. + Codigo Curso","Cand. Code + Course Cd.","S","","","S"
"JAY","1","JAY_FILIAL+JAY_CURSO+JAY_VERSAO+JAY_PERLET+JAY_HABILI+JAY_CODDIS","Cod. Curso + Versao + Per. Letivo + Habilitacao + Disciplina","Cod. Curso + Version + Per. Lectivo + Habilitacion + Materia","Course Code + Version + School Year + Qualificat. + Subject","S","","","S"
"JAY","2","JAY_FILIAL+JAY_CURSO+JAY_VERSAO+JAY_PERLET+JAY_HABILI+JAY_ITEM+JAY_CODDIS","Cod. Curso + Versao + Per. Letivo + Habilitacao + Item + Disciplina","Cod. Curso + Version + Per. Lectivo + Habilitacion + Item + Materia","Course Code + Version + School Year + Qualificat. + Item + Subject","S","","","S"
"JAY","3","JAY_FILIAL+JAY_CODDIS+JAY_CURSO+JAY_VERSAO","Disciplina + Cod. Curso + Versao","Materia + Cod. Curso + Version","Subject + Course Code + Version","S","","","S"
"JAY","4","JAY_FILIAL+JAY_CURSO+JAY_VERSAO+JAY_ITEJAW","Cod. Curso + Versao + Item PerLet","Cod. Curso + Version + Item PerLect","Course Code + Version + Sch.Yr. Item","S","","","S"
"JAZ","1","JAZ_FILIAL+JAZ_CURSO+JAZ_VERSAO+JAZ_PERLET+JAZ_HABILI+JAZ_ANO+JAZ_PERIOD+JAZ_CODDIS+JAZ_ITEM","Curso + Versao + Per. Letivo + Habilitacao + Ano Letivo + Periodo Ano","Curso + Version + Per. Lectivo + Habilitacion + Ano Lectivo + Periodo","Course + Version + School Year + Qualificat. + School Year + Year Per.","S","","","S"
"JB1","1","JB1_FILIAL+JB1_CODCUR+JB1_ANOLET+JB1_PERLET+JB1_CODDIS+JB1_CODCOR","Cod. Curso + Ano Letivo + Per. Letivo + Cod.Discipl. + Cod.Co-Req.","Cod. Curso + Ano Lectivo + Per. Lectivo + Cod. Materia + Cod.Co-Req.","Course Code + School Year + School Year + Subj. Code + Co-Req.Code","S","","","S"
"JB1","2","JB1_FILIAL+JB1_CODCOR","Cod.Co-Req.","Cod.Co-Req.","Co-Req.Code","S","","","S"
"JB1","3","JB1_FILIAL+JB1_CODDIS","Cod.Discipl.","Cod. Materia","Subj. Code","S","","","S"
"JB2","1","JB2_FILIAL+JB2_COD","Codigo","Codigo","Code","S","","","S"
"JB2","2","JB2_FILIAL+JB2_DESC","Descricao","Descripcion","Description","S","","","S"
"JB3","1","JB3_FILIAL+JB3_CURSO+JB3_VERSAO+JB3_PERLET+JB3_HABILI+JB3_ANO+JB3_PERIOD+JB3_CODDIS","Curso + Versao + Per. Letivo + Habilitacao + Ano Letivo + Periodo Ano","Curso + Version + Per. Lectivo + Habilitacion + Ano Lectivo + Periodo","Course + Version + School Year + Qualificat. + School Year + Year Per.","S","","","S"
"JB3","2","JB3_FILIAL+JB3_ANO+JB3_PERIOD+JB3_CURSO+JB3_VERSAO+JB3_PERLET+JB3_HABILI+JB3_CODDIS","Ano Letivo + Periodo Ano + Curso + Versao + Per. Letivo + Habilitacao","Ano Lectivo + Periodo Ano + Curso + Version + Per. Lectivo + Habilitac","School Year + Year Per. + Course + Version + School Year + Qualificat.","S","","","S"
"JB4","1","JB4_FILIAL+JB4_PROCES+JB4_FASE+JB4_CODCAN+JB4_CODCUR+JB4_CODDIS","Codigo P.S. + Fase + Cod.Candid. + Curso + Cod.Discipl.","Codigo P.S. + Etapa + Cod. Candid. + Curso + Cod. Materia","S.A.T. Code + Stage + Cand. Code + Course + Subj. Code","S","","","S"
"JB5","1","JB5_FILIAL+JB5_CODCUR+JB5_PERLET+JB5_HABILI+JB5_PARCEL","Cod.Curso + Per. Letivo + Habilitacao + Parcela","Cod. Curso + Per. Lectivo + Habilitacion + Cuota","Course Cd. + School Year + Habilitation + Installment","S","","","S"
"JB5","2","JB5_FILIAL+JB5_CODFIN+JB5_CODCUR+JB5_PERLET+JB5_HABILI+JB5_PARCEL","Financeiro + Cod.Curso + Per. Letivo + Habilitacao + Parcela","Financiero + Cod. Curso + Per. Lectivo + Habilitacion + Cuota","Financ. + Course Cd. + School Year + Habilitation + Installment","S","","","S"
"JB6","1","JB6_FILIAL+JB6_COD+JB6_ITEM","Codigo + Item","Codigo + Item","Code + Item","S","","","S"
"JB7","1","JB7_FILIAL+JB7_PROSEL+JB7_FASE+JB7_CURSO+JB7_OPCAO+DTOS(JB7_DATA)","Processo Sel + Fase + Curso + Opcao + Data","Proceso Sel. + Etapa + Curso + Opcion + Fecha","S.A.T. + Stage + Course + Option + Date","S","","","S"
"JB7","2","JB7_FILIAL+JB7_STATUS","Status","Estatus","Status","S","","","S"
"JB7","3","JB7_FILIAL+JB7_CODPRO","Cod. Process","Cod. Proces","Proces. Code","S","","","S"
"JB8","1","JB8_FILIAL+JB8_COD","Codigo","Codigo","Code","S","","","S"
"JB8","2","JB8_FILIAL+JB8_DESC","Descricao","Descripcion","Description","S","","","S"
"JB9","1","JB9_FILIAL+JB9_COD+JB9_ITEM","Codigo + Item","Codigo + Item","Code + Item","S","","","S"
"JBA","1","JBA_FILIAL+JBA_COD+JBA_CODDIS","Controle + Disciplina","Control + Materia","Control + Subject","S","","","S"
"JBB","1","JBB_FILIAL+JBB_CODCUR+JBB_SEQUEN","Curso Vigent + Sequencia","Curso Vigent + Secuencia","Cur. Course + Sequence","S","","","S"
"JBB","2","JBB_FILIAL+JBB_CODCUR+JBB_NUMRA","Curso Vigent + Numero RA","Curso Vigent + Numero RA","Cur. Course + RA Number","S","","","S"
"JBB","3","JBB_FILIAL+JBB_NUMRA+JBB_CODCUR","Numero RA + Curso Vigent","Numero RA + Curso Vigent","RA Number + Cur. Course","S","","","S"
"JBC","1","JBC_FILIAL+JBC_CODIGO","Cod.Horario","Cod. Horario","Time Code","S","","","S"
"JBC","2","JBC_FILIAL+JBC_DESC","Descricao","Descripcion","Description","S","","","S"
"JBC","3","JBC_FILIAL+JBC_TURNO","Turno","Turno","Shift","S","","","S"
"JBD","1","JBD_FILIAL+JBD_CODIGO+JBD_ITEM","Cod. Horario + Aula","Cod. Horario + Clase","Time Code + Class","S","","","S"
"JBD","2","JBD_FILIAL+JBD_CODIGO+JBD_HORA1+JBD_HORA2","Cod. Horario + Hor. Inicial + Hor. Final","Cod. Horario + Hor. Inicial + Hor. Final","Time Code + Init. Time + Final Time","S","","","S"
"JBE","1","JBE_FILIAL+JBE_NUMRA+JBE_CODCUR+JBE_PERLET+JBE_HABILI+JBE_TURMA","Numero RA + Cod.Curso + Per. Letivo + Habilitacao + Turma","Numero RA + Cod.Curso + Per. Lectivo + Habilitacion + Grupo","RA Number + Course Cd. + School Year + Qualificat. + Class","S","","","S"
"JBE","2","JBE_FILIAL+JBE_CODCUR+JBE_PERLET+JBE_HABILI+JBE_TURMA","Cod.Curso + Per. Letivo + Habilitacao + Turma","Cod.Curso + Per. Lectivo + Habilitacion + Grupo","Course Cd. + School Year + Qualificat. + Class","S","","","S"
"JBE","3","JBE_FILIAL+JBE_ATIVO+JBE_NUMRA+JBE_CODCUR+JBE_PERLET+JBE_HABILI+JBE_TURMA","Ativo + Numero RA + Cod.Curso + Per. Letivo + Habilitacao + Turma","Activo + Numero RA + Cod.Curso + Per. Lectivo + Habilitacion + Grupo","Active + RA Number + Course Cd. + School Year + Qualificat. + Class","S","","","S"
"JBF","1","JBF_FILIAL+JBF_COD+JBF_VERSAO","Tipo + Versao","Tipo + Version","Type + Version","S","","","S"
"JBF","2","JBF_FILIAL+JBF_COD+JBF_VERATU","Tipo + Versao Atual","Tipo + Vers. Actual","Type + Current Vers","S","","","S"
"JBG","1","JBG_FILIAL+JBG_COD+JBG_VERSAO+JBG_ORDEM","Cod.Tipo + Versao + Ordem","Cod. Tipo + Version + Orden","Type Code + Version + Sequence","S","","","S"
"JBH","1","JBH_FILIAL+JBH_NUM","Num. Protoc.","Num. Protoc.","Protoc. No.","S","","","S"
"JBH","2","JBH_FILIAL+JBH_NUM+JBH_CODIDE","Num. Protoc. + Identif.","Num. Protoc. + Identif.","Protoc. No. + Identific.","S","","","S"
"JBH","3","JBH_FILIAL+JBH_STATUS","Status","Estatus","Status","S","","","S"
"JBH","4","JBH_FILIAL+JBH_TIPO+JBH_VERSAO","Codigo Tipo + Versao","Codigo Tipo + Version","Type Code + Version","S","","","S"
"JBH","5","JBH_FILIAL+JBH_CODIDE+JBH_TIPSOL","Identif. + Tipo Solicit","Identif. + Tipo Solic.","Identific. + Appl. Type","S","","","S"
"JBH","6","JBH_FILIAL+JBH_NOME","Nome","Nombre","Name","S","","","S"
"JBI","1","JBI_FILIAL+JBI_NUM+JBI_ORDEM","Num. Protoc. + Ordem","Num. Compr. + Orden","Protocol No. + Sequence","S","","","S"
"JBI","2","JBI_FILIAL+JBI_CODDEP","Departamento","Departamento","Departament","S","","","S"
"JBJ","1","JBJ_FILIAL+JBJ_COD","Cod.Depto.","Cod. Dpto.","Dept. Code","S","","","S"
"JBJ","2","JBJ_FILIAL+JBJ_DESC","Desc.Depto.","Desc.Depto.","Dept. Descr.","S","","","S"
"JBJ","3","JBJ_FILIAL+JBJ_DIRET","Depto Respon","Depto Respon","Resp. Dept.","S","","","S"
"JBJ","4","JBJ_FILIAL+JBJ_TIPO+JBJ_UNIDAD","Tipo + Unidade","Tipo + Unidad","Type + Unit","S","","","S"
"JBK","1","JBK_FILIAL+JBK_CODCUR+JBK_PERLET+JBK_HABILI+JBK_TURMA","Cod.Curso + Per. Letivo + Habilitacao + Turma","Cod.Curso + Per. Lectivo + Habilitacion + Grupo","Course Code + School Year + Habilitation + Class","S","","","S"
"JBK","2","JBK_FILIAL+JBK_CODCUR+JBK_TURMA","Cod.Curso + Turma","Cod.Curso + Grupo","Course Code + Class","S","","","S"
"JBK","3","JBK_FILIAL+JBK_ATIVO+JBK_CODCUR+JBK_TURMA","Ativo + Cod.Curso + Turma","Activo + Cod.Curso + Grupo","Active + Course Code + Class","S","","","S"
"JBL","1","JBL_FILIAL+JBL_CODCUR+JBL_PERLET+JBL_HABILI+JBL_TURMA+JBL_CODDIS+JBL_MATPRF","Cod.Curso + Per. Letivo + Habilitacao + Turma + Cod. Discip + Matr. Pr","Cod.Curso + Per. Lectivo + Habilitacion + Grupo + Cod. Materia + Matr.","Course Code + School Year + Qualificat. + Class + Subj. Code + Teachrs","S","","","S"
"JBL","2","JBL_FILIAL+JBL_MATPRF+JBL_DIASEM+JBL_CODHOR+JBL_HORA1+JBL_HORA2","Matr. Profes + Dia Semana + Cod.Horario + Hora De + Hora Ate","Matr. Prof. + Dia Semana + Cod. Horario + De Hora + A Hora","TeachrsReg.# + Weekday + Time Code + From Time + To Time","S","","","S"
"JBL","3","JBL_FILIAL+JBL_CODCUR+JBL_PERLET+JBL_HABILI+JBL_TURMA+JBL_DIASEM+JBL_ITEM","Cod.Curso + Per. Letivo + Habilitacao + Turma + Dia Semana + Aula","Cod.Curso + Per. Lectivo + Habilitacion + Grupo + Dia Semana + Clase","Course Code + School Year + Qualificat. + Class + Weekday + Class","S","","","S"
"JBL","4","JBL_FILIAL+JBL_CODDIS+JBL_CODCUR+JBL_PERLET+JBL_HABILI+JBL_TURMA","Cod. Discip + Cod.Curso + Per. Letivo + Habilitacao + Turma","Cod. Materia + Cod.Curso + Per. Lectivo + Habilitacion + Grupo","Subj. Code + Course Code + School Year + Qualificat. + Class","S","","","S"
"JBL","5","JBL_FILIAL+JBL_MATPR2+JBL_DIASEM+JBL_CODHOR+JBL_HORA1+JBL_HORA2","Professor 2 + Dia Semana + Cod.Horario + Hora De + Hora Ate","Profesor 2 + Dia Semana + Cod. Horario + De Hora + A Hora","Teacher 2 + Weekday + Time Code + From Time + To Time","S","","","S"
"JBL","6","JBL_FILIAL+JBL_MATPR3+JBL_DIASEM+JBL_CODHOR+JBL_HORA1+JBL_HORA2","Professor 3 + Dia Semana + Cod.Horario + Hora De + Hora Ate","Profesor 3 + Dia Semana + Cod. Horario + De Hora + A Hora","Teacher 3 + Weekday + Time Code + From Time + To Time","S","","","S"
"JBL","7","JBL_FILIAL+JBL_CODCUR+JBL_PERLET+JBL_HABILI+JBL_TURMA+JBL_CODDIS+JBL_CODLOC+JBL_CODPRE+JBL_ANDAR+JBL_CODSAL+JBL_DIASEM+JBL_CODHOR+JBL_HORA1+JBL_HORA2","Cod.Curso + Per. Letivo + Habilitacao + Turma + Cod. Discip + Cod. loc","Cod.Curso + Per. Lectivo + Habilitacion + Grupo + Cod. Materia + Cod.","Course Code + School Year + Qualificat. + Class + Subj. Code + Place C","S","","","S"
"JBL","8","JBL_FILIAL+JBL_CODHOR","Cod.Horario","Cod. Horario","Time Code","S","","","S"
"JBL","9","JBL_FILIAL+JBL_CODLOC+JBL_CODPRE+JBL_ANDAR+JBL_CODSAL+JBL_CODCUR+JBL_PERLET+JBL_HABILI+JBL_TURMA+JBL_CODDIS","Cod. local + Cod.predio + Andar + Cod.sala + Cod.Curso + Per. Letivo +","Cod. Local + Cod. Edif. + Piso + Cod.Aula + Cod.Curso + Per. Lectivo +","Place Code + Bldg Code + Floor + Room Code + Course Code + School Year","S","","","S"
"JBL","A","JBL_FILIAL+JBL_MATPR4+JBL_DIASEM+JBL_CODHOR+JBL_HORA1+JBL_HORA2","Professor 4 + Dia Semana + Cod.Horario + Hora De + Hora Ate","Profesor 4 + Dia Semana + Cod. Horario + De Hora + A Hora","Teacher 4 + Weekday + Time Code + From Time + To Time","S","","","S"
"JBL","B","JBL_FILIAL+JBL_MATPR5+JBL_DIASEM+JBL_CODHOR+JBL_HORA1+JBL_HORA2","Professor 5 + Dia Semana + Cod.Horario + Hora De + Hora Ate","Profesor 5 + Dia Semana + Cod. Horario + De Hora + A Hora","Teacher 5 + Weekday + Time Code + From Time + To Time","S","","","S"
"JBL","C","JBL_FILIAL+JBL_MATPR6+JBL_DIASEM+JBL_CODHOR+JBL_HORA1+JBL_HORA2","Professor 6 + Dia Semana + Cod.Horario + Hora De + Hora Ate","Profesor 6 + Dia Semana + Cod. Horario + De Hora + A Hora","Teacher 6 + Weekday + Time Code + From Time + To Time","S","","","S"
"JBL","D","JBL_FILIAL+JBL_MATPR7+JBL_DIASEM+JBL_CODHOR+JBL_HORA1+JBL_HORA2","Professor 7 + Dia Semana + Cod.Horario + Hora De + Hora Ate","Profesor 7 + Dia Semana + Cod. Horario + De Hora + A Hora","Teacher 7 + Weekday + Time Code + From Time + To Time","S","","","S"
"JBL","E","JBL_FILIAL+JBL_MATPR8+JBL_DIASEM+JBL_CODHOR+JBL_HORA1+JBL_HORA2","Professor 8 + Dia Semana + Cod.Horario + Hora De + Hora Ate","Profesor 8 + Dia Semana + Cod. Horario + De Hora + A Hora","Teacher 8 + Weekday + Time Code + From Time + To Time","S","","","S"
"JBL","F","JBL_FILIAL+JBL_CODCUR+JBL_PERLET+JBL_HABILI+JBL_TURMA+JBL_DIASEM+JBL_CODDIS","Cod.Curso + Per. Letivo + Habilitacao + Turma + Dia Semana + Cod. Disc","Cod.Curso + Per. Lectivo + Habilitacion + Grupo + Dia Semana + Cod. Ma","Course Code + School Year + Qualificat. + Class + Weekday + Subj. Code","S","","","S"
"JBM","1","JBM_FILIAL+JBM_NUM","Num. Reserva","Num. Reserva","Reserv. Nbr.","S","","","S"
"JBM","2","JBM_FILIAL+JBM_CODIDE+JBM_TIPO+JBM_CURSO+JBM_PERLET+JBM_HABILI+JBM_TURMA","Ident. Solic + Tipo + Curso + Per. Letivo + Habilitacao + Turma","Ident. Solic + Tipo + Curso + Per. Lectivo + Habilitacion + Grupo","Appl. Ident. + Type + Course + School Year + Qualificat. + Class","S","","","S"
"JBM","3","JBM_FILIAL+JBM_CURSO+JBM_PERLET+JBM_HABILI+JBM_TURMA","Curso + Per. Letivo + Habilitacao + Turma","Curso + Per. Lectivo + Habilitacion + Grupo","Course + School Year + Qualificat. + Class","S","","","S"
"JBM","4","JBM_FILIAL+JBM_NUMREQ","Requerimento","Requerimient","Request","S","","","S"
"JBN","1","JBN_FILIAL+JBN_CODCUR+JBN_PERLET+JBN_HABILI","Curso Vigent + Per. Letivo + Habilitacao","Curso Vigent + Per. Lectivo + Habilitacion","Course + School Year + Qualificat.","S","","","S"
"JBO","1","JBO_FILIAL+JBO_CODCUR+JBO_PERLET+JBO_HABILI+JBO_TURMA","Cod.Curso + Per. Letivo + Habilitacao + Turma","Cod.Curso + Per. Lectivo + Habilitacion + Grupo","Course Code + School Year + Qualificat. + Class","S","","","S"
"JBO","2","JBO_FILIAL+JBO_CODLOC+JBO_CODPRE+JBO_ANDAR+JBO_CODSAL+JBO_CODCUR+JBO_PERLET+JBO_HABILI+JBO_TURMA","Cod. local + Cod.predio + Andar + Cod.sala + Cod.Curso + Per. Letivo +","Cod. Local + Cod. Edif. + Piso + Cod.Aula + Cod.Curso + Per. Lectivo +","Place Code + Bldg Code + Floor + Room Code + Course Code + School Year","S","","","S"
"JBP","1","JBP_FILIAL+JBP_COD","Codigo","Codigo","Code","S","","","S"
"JBP","2","JBP_FILIAL+JBP_DESC","Descricao","Descripcion","Description","S","","","S"
"JBQ","1","JBQ_FILIAL+JBQ_CODCUR+JBQ_PERLET+JBQ_HABILI+JBQ_ITEM+DTOS(JBQ_DATA)","Cod. Curso + Per. Letivo + Habilitacao + Item + Data Inicial","Cod. Curso + Per. Lectivo + Habilitacion + Item + Fecha Inicia","Course Code + School Year + Qualificat. + Item + Initial Date","S","","","S"
"JBQ","2","JBQ_FILIAL+JBQ_DESC","Descricao","Descripcion","Description","S","","","S"
"JBQ","3","JBQ_FILIAL+JBQ_CODCUR+JBQ_PERLET+JBQ_HABILI+JBQ_CODAVA","Cod. Curso + Per. Letivo + Habilitacao + Avaliacao","Cod. Curso + Per. Lectivo + Habilitacion + Evaluacion","Course Code + School Year + Qualificat. + Evaluation","S","","","S"
"JBR","1","JBR_FILIAL+JBR_CODCUR+JBR_PERLET+JBR_HABILI+JBR_TURMA+JBR_CODDIS+JBR_CODAVA","Cod.Curso + Per. Letivo + Habilitacao + Turma + Disciplina + Avaliacao","Cod.Curso + Per. Lectivo + Habilitacion + Grupo + Materia + Evaluacion","Course Code + School Year + Qualificat. + Class + Subject + Evaluation","S","","","S"
"JBR","2","JBR_FILIAL+JBR_CODCUR+JBR_PERLET+JBR_HABILI+JBR_CODAVA+JBR_TURMA","Cod.Curso + Per. Letivo + Habilitacao + Avaliacao + Turma","Cod.Curso + Per. Lectivo + Habilitacion + Evaluacion + Grupo","Course Code + School Year + Qualificat. + Evaluation + Class","S","","","S"
"JBR","3","JBR_FILIAL+JBR_CODCUR+JBR_PERLET+JBR_HABILI+JBR_TURMA+JBR_CODAVA","Cod.Curso + Per. Letivo + Habilitacao + Turma + Avaliacao","Cod.Curso + Per. Lectivo + Habilitacion + Grupo + Evaluacion","Course Code + School Year + Qualificat. + Class + Evaluation","S","","","S"
"JBS","1","JBS_FILIAL+JBS_CODCUR+JBS_PERLET+JBS_HABILI+JBS_TURMA+JBS_CODDIS+JBS_CODAVA+JBS_NUMRA","Cod.Curso + Per. Letivo + Habilitacao + Turma + Cod.Discip. + Cod.Aval","Cod.Curso + Per. Lectivo + Habilitacion + Grupo + Cod. Materia + Cod.E","Course Code + School Year + Qualificat. + Class + Subj. Code + Eval. C","S","","","S"
"JBS","2","JBS_FILIAL+JBS_NUMRA+JBS_CODCUR+JBS_PERLET+JBS_HABILI+JBS_TURMA+JBS_CODDIS+JBS_CODAVA","Numero RA + Cod.Curso + Per. Letivo + Habilitacao + Turma + Cod.Discip","Numero RA + Cod.Curso + Per. Lectivo + Habilitacion + Grupo + Cod. Mat","RA Number + Course Code + School Year + Qualificat. + Class + Subj. Co","S","","","S"
"JBS","3","JBS_FILIAL+JBS_CODCUR+JBS_PERLET+JBS_HABILI+JBS_TURMA+JBS_CODDIS+JBS_NUMRA+JBS_CODAVA","Cod.Curso + Per. Letivo + Habilitacao + Turma + Cod.Discip. + Numero R","Cod.Curso + Per. Lectivo + Habilitacion + Grupo + Cod. Materia + Numer","Course Code + School Year + Qualificat. + Class + Subj. Code + RA Numb","S","","","S"
"JBT","1","JBT_FILIAL+JBT_CODCUR+JBT_ANOLET","Curso + Ano Letivo","Curso + Ano Lectivo","Course + School Year","S","","","S"
"JBT","2","JBT_FILIAL+JBT_CONCEI+JBT_CODCUR","Conceito + Curso","Concepto + Curso","Mark + Course","S","","","S"
"JBU","1","JBU_FILIAL+JBU_NUMRA+JBU_CODCUR+JBU_PERLET+JBU_HABILI+JBU_TURMA+JBU_OCORR","Numero do RA + Cod. Curso + Per. Letivo + Habilitacao + Turma + Ocorre","Numero de RA + Cod. Curso + Per. Lectivo + Habilitacion + Grupo + Ocur","RA Number + Course Code + School Year + Qualificat. + Class + Occurren","S","","","S"
"JBU","2","JBU_FILIAL+JBU_CODCUR+JBU_PERLET+JBU_HABILI+JBU_TURMA","Cod. Curso + Per. Letivo + Habilitacao + Turma","Cod. Curso + Per. Lectivo + Habilitacion + Grupo","Course Code + School Year + Qualificat. + Class","S","","","S"
"JBV","1","JBV_FILIAL+JBV_COD+JBV_ITEM","Codigo + Item","Codigo + Item","Code + Item","S","","","S"
"JBV","2","JBV_FILIAL+JBV_DESC","Descricao","Descripcion","Description","S","","","S"
"JBV","3","JBV_FILIAL+JBV_ANOLET+JBV_PERLET+JBV_ITEM","Ano Letivo + Per. Letivo + Item","Ano Lectivo + Per. Lectivo + Item","School Year + School Year + Item","S","","","S"
"JBW","1","JBW_FILIAL+JBW_MATPRF+DTOS(JBW_DATA)","Professor + Data","Profesor + Fecha","Teacher + Date","S","","","S"
"JBW","2","JBW_FILIAL+DTOS(JBW_DATA)+JBW_MATPRF","Data + Professor","Fecha + Profesor","Date + Teacher","S","","","S"
"JBX","1","JBX_FILIAL+JBX_COD","Codigo","Codigo","Code","S","","","S"
"JBY","1","JBY_FILIAL+JBY_MATPRF+DTOS(JBY_DATA)+JBY_DIASEM+JBY_CODHOR+JBY_HORA1+JBY_HORA2","Professor + Data + Dia Semana + Cod.Horario + Hora De + Hora Ate","Profesor + Fecha + Dia Semana + Cod. Horario + De Hora + A Hora","Teacher + Date + Weekday + Time Code + From Time + To Time","S","","","S"
"JBZ","1","JBZ_FILIAL+JBZ_CURSO+JBZ_VERSAO+JBZ_PERLET+JBZ_HABILI+JBZ_CODDIS+JBZ_PREREQ","Cod. Curso + Versao + Per. Letivo + Habilitacao + Disciplina + PreRequ","Cod. Curso + Version + Per. Lectivo + Habilitacion + Materia + Requisi","Course Code + Version + School Year + Qualificat. + Subject + Pre-requ","S","","","S"
"JBZ","2","JBZ_FILIAL+JBZ_PREREQ","PreRequisito","Requisito","Pre-requir.","S","","","S"
"JC1","1","JC1_FILIAL+JC1_NUMRA+JC1_ITEM","Numero RA + Item","Numero RA + Item","RA Number + Item","S","","","S"
"JC2","1","JC2_FILIAL+JC2_CEP","CEP","CP","Zip code","S","","","S"
"JC2","2","JC2_FILIAL+JC2_LOGRAD","Logradouro","Direccion","Area","S","","","S"
"JC3","1","JC3_FILIAL+JC3_COD+JC3_VERSAO+JC3_SEQ","Cod.Tipo + Versao + Sequencia","Cod. Tipo + Version + Secuencia","Cod.Type + Version + Sequence","S","","","S"
"JC4","1","JC4_FILIAL+JC4_COD","Codigo Bolsa","Codigo Beca","Schol. Code","S","","","S"
"JC4","2","JC4_FILIAL+JC4_DESC","Desc. Bolsa","Desc. Beca","SchlrshpDesc","S","","","S"
"JC5","1","JC5_FILIAL+JC5_NUMRA+JC5_TIPBOL","Numero do RA + Tipo Bolsa","Numero de RA + Tipo Beca","RA Number + Schol.Type","S","","","S"
"JC5","2","JC5_FILIAL+JC5_BOLSA","Numero Bolsa","Numero Beca","Schol. No.","S","","","S"
"JC5","3","JC5_FILIAL+JC5_NUMRA+JC5_ITEM","Numero do RA + Item","Numero de RA + Item","RA Number + Item","S","","","S"
"JC5","4","JC5_FILIAL+JC5_TIPBOL","Tipo Bolsa","Tipo Beca","Schol.Type","S","","","S"
"JC6","1","JC6_FILIAL+JC6_NUMRA+JC6_ITEM+JC6_CODCUR+JC6_DOC","Numero RA + Item + Cod.Curso + Cod.Document","Numero RA + Item + Cod.Curso + Codigo Doc.","RA Number + Item + Course Code + Doc. Code","S","","","S"
"JC6","2","JC6_FILIAL+JC6_CODCUR+JC6_NUMRA+JC6_DOC","Cod.Curso + Numero RA + Cod.Document","Cod.Curso + Numero RA + Codigo Doc.","Course Code + RA Number + Doc. Code","S","","","S"
"JC7","1","JC7_FILIAL+JC7_NUMRA+JC7_CODCUR+JC7_PERLET+JC7_HABILI+JC7_TURMA+JC7_DISCIP+JC7_CODLOC+JC7_CODPRE+JC7_ANDAR+JC7_CODSAL+JC7_DIASEM+JC7_HORA1","Numero RA + Cod.Curso + Per. Letivo + Habilitacao + Turma + Cod. Disci","Numero RA + Cod.Curso + Per. Lectivo + Habilitacion + Grupo + Cod. Mat","RA Number + Course Code + School Year + Qualificat. + Class + Subj. Co","S","","","S"
"JC7","2","JC7_FILIAL+JC7_CODCUR+JC7_PERLET+JC7_HABILI+JC7_TURMA+JC7_DISCIP+JC7_CODLOC+JC7_CODPRE+JC7_ANDAR+JC7_CODSAL","Cod.Curso + Per. Letivo + Habilitacao + Turma + Cod. Discip + Cod. loc","Cod.Curso + Per. Lectivo + Habilitacion + Grupo + Cod. Materia + Cod.","Course Code + School Year + Qualificat. + Class + Subj. Code + Place C","S","","","S"
"JC7","3","JC7_FILIAL+JC7_NUMRA+JC7_DISCIP+JC7_CODLOC+JC7_CODPRE+JC7_ANDAR+JC7_CODSAL","Numero RA + Cod. Discip + Cod. local + Cod.predio + Andar + Cod.sala","Numero RA + Cod. Materia + Cod. Local + Cod. Edif. + Piso + Cod.Aula","RA Number + Subj. Code + Place Code + Bldg Code + Floor + Room Code","S","","","S"
"JC7","4","JC7_FILIAL+JC7_NUMRA+JC7_CODCUR+JC7_DISCIP+JC7_PERLET+JC7_HABILI+JC7_TURMA","Numero RA + Cod.Curso + Cod. Discip + Per. Letivo + Habilitacao + Turm","Numero RA + Cod.Curso + Cod. Materia + Per. Lectivo + Habilitacion + G","RA Number + Course Code + Subj. Code + School Year + Qualificat. + Cla","S","","","S"
"JC7","5","JC7_FILIAL+JC7_DISCIP+JC7_PERLET+JC7_HABILI+JC7_TURMA","Cod. Discip + Per. Letivo + Habilitacao + Turma","Cod. Materia + Per. Lectivo + Habilitacion + Grupo","Subj. Code + School Year + Qualificat. + Class","S","","","S"
"JC7","6","JC7_FILIAL+JC7_OUTCUR+JC7_OUTPER+JC7_OUTHAB+JC7_OUTTUR+JC7_DISCIP+JC7_CODLOC+JC7_CODPRE+JC7_ANDAR+JC7_CODSAL","Curso Discip + Per.Let.Disc + Habilit.Disc + Turma Discip + Cod. Disci","Curs Materia + Per.Lect.Mat + Habilit.Mat. + Grupo Mater. + Cod. Mater","Sbjct Course + Subj. Sch Yr + Subj. Qualif + SubjectClass + Subj. Code","S","","","S"
"JC7","7","JC7_FILIAL+JC7_DISCIP+JC7_SITUAC+JC7_DPBAIX","Cod. Discip + Situacao + DP Baixada","Cod. Materia + Situacion + Pend. Baja","Subj. Code + Status + Post. DP","S","","","S"
"JC7","8","JC7_FILIAL+JC7_NUMRA+JC7_OUTCUR+JC7_OUTPER+JC7_OUTHAB+JC7_OUTTUR+JC7_DISCIP","Numero RA + Curso Discip + Per.Let.Disc + Habilit.Disc + Turma Discip","Numero RA + Curs Materia + Per.Lect.Mat + Habilit.Mat. + Grupo Mater.","RA Number + Sbjct Course + Subj. Sch Yr + Subj. Qualif + SubjectClass","S","","","S"
"JC7","9","JC7_FILIAL+JC7_NUMRA+JC7_CODCUR+JC7_TURMA+JC7_PERLET+JC7_HABILI+JC7_DISCIP","Numero RA + Cod.Curso + Turma + Per. Letivo + Habilitacao + Cod. Disci","Numero RA + Cod.Curso + Grupo + Per. Lectivo + Habilitacion + Cod. Mat","RA Number + Course Code + Class + School Year + Qualificat. + Subj. Co","S","","","S"
"JC7","A","JC7_FILIAL+JC7_CURDP+JC7_PERLET+JC7_HABILI+JC7_NUMRA","Curso DP + Per. Letivo + Habilitacao + Numero RA","Curso Pendie + Per. Lectivo + Habilitacion + Numero RA","FldSbjctCour + School Year + Qualificat. + RA Number","S","","","S"
"JC7","B","JC7_FILIAL+JC7_CODLOC+JC7_CODPRE+JC7_ANDAR+JC7_CODSAL+JC7_CODCUR+JC7_PERLET+JC7_HABILI+JC7_TURMA+JC7_DISCIP","Cod. local + Cod.predio + Andar + Cod.sala + Cod.Curso + Per. Letivo +","Cod. Local + Cod. Edif. + Piso + Cod.Aula + Cod.Curso + Per. Lectivo +","Place Code + Bldg Code + Floor + Room Code + Course Code + School Year","S","","","S"
"JC7","C","JC7_FILIAL+JC7_NUMRA+JC7_CODCUR+JC7_PERLET+JC7_HABILI+JC7_TURMA+JC7_DIASEM+JC7_HORA1+JC7_HORA2+JC7_CODLOC+JC7_CODPRE+JC7_ANDAR+JC7_CODSAL+JC7_DISCIP","Numero RA + Cod.Curso + Per. Letivo + Habilitacao + Turma + Dia Semana","Numero RA + Cod.Curso + Per. Lectivo + Habilitacion + Grupo + Dia Sema","RA Number + Course Code + School Year + Qualificat. + Class + Weekday","S","","","S"
"JC7","D","JC7_FILIAL+JC7_NUMRA+JC7_DIASEM","Numero RA + Dia Semana","Numero RA + Dia Semana","RA Number + Weekday","S","","","S"
"JC8","1","JC8_FILIAL+JC8_DISC1+JC8_DISC2+JC8_CURSO+JC8_VERSAO","Disciplina 1 + Disciplina 2 + Curso + Versao Curso","Materia 1 + Materia 2 + Curso + Vers. Curso","Subject 1 + Subject 2 + Course + Course Vers.","S","","","S"
"JC8","2","JC8_FILIAL+JC8_DISC2+JC8_DISC1+JC8_CURSO+JC8_VERSAO","Disciplina 2 + Disciplina 1 + Curso + Versao Curso","Materia 2 + Materia 1 + Curso + Vers. Curso","Subject 2 + Subject 1 + Course + Course Vers.","S","","","S"
"JC9","1","JC9_FILIAL+JC9_NUMRA+JC9_CODCUR+JC9_PERLET+JC9_HABILI+JC9_TURMA+JC9_OCORR+JC9_ITEM","Numero RA + Cod. Curso + Per. Letivo + Habilitacao + Turma + Ocorrenci","Numero RA + Cod. Curso + Per. Lectivo + Habilitacion + Grupo + Ocurren","RA Number + Course Code + School Year + Qualificat. + Class + Occurren","S","","","S"
"JC9","2","JC9_FILIAL+JC9_CODCUR+JC9_PERLET+JC9_HABILI+JC9_TURMA+JC9_NUMRA","Cod. Curso + Per. Letivo + Habilitacao + Turma + Numero RA","Cod. Curso + Per. Lectivo + Habilitacion + Grupo + Numero RA","Course Code + School Year + Qualificat. + Class + RA Number","S","","","S"
"JCA","1","JCA_FILIAL+JCA_UNIDAD+JCA_ANOLET+JCA_PERLET","Unidade + Ano Letivo + Per. Letivo","Unidad + Ano Lectivo + Per. Lectivo","Unit + School Year + School Year","S","","","S"
"JCB","1","JCB_FILIAL+JCB_ANOLET+JCB_PERLET+JCB_TIPO","Ano Letivo + Periodo Ano + Tipo","Ano Lectivo + Periodo Ano + Tipo","School Year + Year Period + Type","S","","","S"
"JCB","2","JCB_FILIAL+JCB_CODFIN","Codigo","Codigo","Code","S","","","S"
"JCB","3","JCB_FILIAL+JCB_DESC","Descricao","Descripcion","Description","S","","","S"
"JCC","1","JCC_FILIAL+JCC_ANOLET+JCC_PERLET+JCC_TIPO+JCC_ITEM","Ano Letivo + Periodo Ano + Tipo + Item","Ano Lectivo + Periodo Ano + Tipo + Item","School Year + Year Period + Type + Item","S","","","S"
"JCC","2","JCC_FILIAL+JCC_ANOLET+JCC_PERLET+JCC_TIPO+JCC_PARCEL","Ano Letivo + Periodo Ano + Tipo + Parcela","Ano Lectivo + Periodo Ano + Tipo + Cuota","School Year + Year Period + Type + Installment","S","","","S"
"JCC","3","JCC_FILIAL+JCC_ANOLET+JCC_PERLET+JCC_TIPO+DTOS(JCC_DATA)","Ano Letivo + Periodo Ano + Tipo + Vencimento","Ano Lectivo + Periodo Ano + Tipo + Vencimiento","School Year + Year Period + Type + Due Date","S","","","S"
"JCC","4","JCC_FILIAL+JCC_CODFIN+JCC_PARCEL","Codigo + Parcela","Codigo + Cuota","Code + Installment","S","","","S"
"JCC","5","JCC_FILIAL+JCC_CODFIN+JCC_ITEM","Codigo + Item","Codigo + Item","Code + Item","S","","","S"
"JCD","1","JCD_FILIAL+JCD_SEQUEN","Sequencia","Secuencia","Sequence","S","","","S"
"JCE","1","JCE_FILIAL+JCE_CODCUR+JCE_PERLET+JCE_HABILI+JCE_TURMA+JCE_DISCIP+JCE_CODLOC+JCE_CODPRE+JCE_ANDAR+JCE_CODSAL+JCE_DIASEM+JCE_HORA1+JCE_HORA2","Curso + Per. Letivo + Habilitacao + Turma + Disciplina + Cod. local +","Curso + Per. Lectivo + Habilitacion + Grupo + Materia + Cod. Local + C","Course + School Year + Habilitation + Class + Subject + Place Code + B","S","","","S"
"JCE","2","JCE_FILIAL+JCE_CODLOC+JCE_CODPRE+JCE_ANDAR+JCE_CODSAL+JCE_CODCUR+JCE_PERLET+JCE_HABILI+JCE_TURMA+JCE_DISCIP","Cod. local + Cod.predio + Andar + Cod.sala + Curso + Per. Letivo + Hab","Cod. Local + Cod. Edif. + Piso + Cod.Aula + Curso + Per. Lectivo + Hab","Place Code + Bldg Code + Floor + Room Code + Course + School Year + Ha","S","","","S"
"JCF","1","JCF_FILIAL+JCF_CURSO+JCF_UNIDAD+DTOS(JCF_DATA1)","Curso + Unidade + Data Reconhe","Curso + Unidad + Fecha Recon.","Course + Unit + Author. Date","S","","","S"
"JCG","1","JCG_FILIAL+JCG_CODCUR+JCG_PERLET+JCG_HABILI+JCG_TURMA+DTOS(JCG_DATA)+JCG_DISCIP+JCG_CODAVA","Curso Vigent + Per. Letivo + Habilitacao + Turma + Data + Cod. Discip","Curso Vigent + Per. Lectivo + Habilitacion + Grupo + Fecha + Cod. Mate","CurrentCours + School Year + Qualificat. + Class + Date + Subj. Code +","S","","","S"
"JCH","1","JCH_FILIAL+JCH_NUMRA+JCH_CODCUR+JCH_PERLET+JCH_HABILI+JCH_TURMA+DTOS(JCH_DATA)+JCH_DISCIP+JCH_CODAVA+JCH_HORA1","Numero RA + Cod.Curso + Per. Letivo + Habilitacao + Turma + Data + Cod","Numero RA + Cod. Curso + Per. Lectivo + Habilitacion + Grupo + Fecha +","RA Number + Course Code + School Year + Habilitation + Class + Date +","S","","","S"
"JCH","2","JCH_FILIAL+JCH_NUMRA+JCH_CODCUR+JCH_PERLET+JCH_HABILI+JCH_TURMA+JCH_DISCIP","Numero RA + Cod.Curso + Per. Letivo + Habilitacao + Turma + Cod. Disci","Numero RA + Cod. Curso + Per. Lectivo + Habilitacion + Grupo + Cod. Ma","RA Number + Course Code + School Year + Habilitation + Class + Subj. C","S","","","S"
"JCH","3","JCH_FILIAL+JCH_CODCUR+JCH_PERLET+JCH_HABILI+JCH_TURMA+JCH_DISCIP+JCH_CODAVA+JCH_NUMRA","Cod.Curso + Per. Letivo + Habilitacao + Turma + Cod. Discip + Avaliaca","Cod. Curso + Per. Lectivo + Habilitacion + Grupo + Cod. Materia + Eval","Course Code + School Year + Habilitation + Class + Subj. Code + Evalua","S","","","S"
"JCI","1","JCI_FILIAL+JCI_COD","Codigo","Codigo","Code","S","","","S"
"JCI","2","JCI_FILIAL+JCI_DESC","Descricao","Descripcion","Description","S","","","S"
"JCJ","1","JCJ_FILIAL+JCJ_COD+JCJ_MATPRF+DTOS(JCJ_DATAI)","Codigo + Matr. Profes + Data Inicial","Codigo + Matr. Prof. + TareaInicial","Code + TeachrsReg.# + Initial Task","S","","","S"
"JCJ","2","JCJ_FILIAL+DTOS(JCJ_DATAF)","Data Final","Tarea Final","Final Task","S","","","S"
"JCJ","3","JCJ_FILIAL+DTOS(JCJ_DATAI)","Data Inicial","TareaInicial","Initial Task","S","","","S"
"JCJ","4","JCJ_FILIAL+JCJ_MATPRF","Matr. Profes","Matr. Prof.","TeachrsReg.#","S","","","S"
"JCK","1","JCK_FILIAL+JCK_UNIDAD+JCK_CODCUR+JCK_PERLET+JCK_HABILI+JCK_TURMA","Unidade + Cod. Curso + Per. Letivo + Habilitacao + Turma","Unidad + Cod. Curso + Per. Lectivo + Habilitacion + Grupo","Unit + Course Code + School Year + Qualificat. + Class","S","","","S"
"JCL","1","JCL_FILIAL+JCL_CODIGO","Codigo","Codigo","Code","S","","","S"
"JCL","2","JCL_FILIAL+JCL_NOME","Nome","Nombre","Name","S","","","S"
"JCM","1","JCM_FILIAL+JCM_NUMRA+DTOS(JCM_DATA1)","Numero do RA + Data de","Numero de RA + De Fecha","RA Number + From Date","S","","","S"
"JCN","1","JCN_FILIAL+DTOS(JCN_DATA1)+JCN_MATPRF+JCN_CODCUR+JCN_PERLET+JCN_HABILI+JCN_TURMA+JCN_CODDIS+JCN_CODHOR+JCN_HORA1+JCN_HORA2","Data inicial + Matr. Profes + Cod.Curso + Per. Letivo + Habilitacao +","Fecha inicia + Matr. Profes + Cod.Curso + Per. Lectivo + Habilitacion","Initial Date + TeachrsReg.# + Course Code + School Year + Qualificat.","S","","","S"
"JCN","2","JCN_FILIAL+JCN_CODHOR","Cod.Horario","Cod. Horario","Time Code","S","","","S"
"JCN","3","JCN_FILIAL+JCN_CODCUR+JCN_PERLET+JCN_HABILI+JCN_TURMA","Cod.Curso + Per. Letivo + Habilitacao + Turma","Cod.Curso + Per. Lectivo + Habilitacion + Grupo","Course Code + School Year + Qualificat. + Class","S","","","S"
"JCO","1","JCO_FILIAL+JCO_NUMRA+JCO_CODCUR+JCO_PERLET+JCO_HABILI+JCO_DISCIP","Numero RA + Cod.Curso + Per. Letivo + Habilitacao + Cod. Discip","Numero RA + Cod.Curso + Per. Lectivo + Habilitacion + Cod. Materia","RA Number + Course Code + School Year + Qualificat. + Subj. code","S","","","S"
"JCP","1","JCP_FILIAL+JCP_CODARQ","Cod. Arquivo","Cod. Archivo","File Code","S","","","S"
"JCQ","1","JCQ_FILIAL+JCQ_CODARQ+JCQ_CODCUR+JCQ_PERLET+JCQ_HABILI+JCQ_TURMA+JCQ_CODDIS","Cod. Arquivo + Curso + Per. Letivo + Habilitacao + Turma + Disciplina","Cod. Archivo + Curso + Per. Lectivo + Habilitacion + Grupo + Materia","File Code + Course + School Year + Qualificat. + Class + Subject","S","","","S"
"JCR","1","JCR_FILIAL+JCR_RG","RG","RG","ID","S","","","S"
"JCR","2","JCR_FILIAL+JCR_CPF","CPF","CPF","CPF","S","","","S"
"JCR","3","JCR_FILIAL+JCR_NOME","Nome","Nombre","Name","S","","","S"
"JCS","1","JCS_FILIAL+JCS_NUMREQ","Requerimento","Requerimient","Request","S","","","S"
"JCS","2","JCS_FILIAL+JCS_CURSO+JCS_SERIE+JCS_HABILI+JCS_TURMA","Curso Vigent + Serie + Habilitacao + Turma","Curso Vigent + Grado + Habilitacion + Grupo","CurrentCours + Grade + Qualificat. + Class","S","","","S"
"JCS","3","JCS_FILIAL+JCS_CURPAD+JCS_VERSAO+JCS_CURSO+JCS_SERIE+JCS_HABILI+JCS_TURMA","Curso Padrao + Versao + Curso Vigent + Serie + Habilitacao + Turma","Curso Estand + Version + Curso Vigent + Grado + Habilitacion + Grupo","Course + Version + CurrentCours + Grade + Qualificat. + Class","S","","","S"
"JCT","1","JCT_FILIAL+JCT_NUMREQ+JCT_PERLET+JCT_HABILI+JCT_DISCIP","Requerimento + Per. Letivo + Habilitacao + Disciplina","Requerimient + Per. Lectivo + Habilitacion + Materia","Request + School Year + Qualificat. + Subject","S","","","S"
"JCT","2","JCT_FILIAL+JCT_PERLET+JCT_HABILI+JCT_DISCIP","Per. Letivo + Habilitacao + Disciplina","Per. Lectivo + Habilitacion + Materia","School Year + Qualificat. + Subject","S","","","S"
"JCT","3","JCT_FILIAL+JCT_DISCIP","Disciplina","Materia","Subject","S","","","S"
"JCU","1","JCU_FILIAL+JCU_COD+JCU_ITEM+JCU_USUA","Cod.Depto. + Item + Usuario","Cod. Dpto. + Item + Usuario","Dept. Code + Item + User","S","","","S"
"JCU","2","JCU_FILIAL+JCU_COD+JCU_USUA","Cod.Depto. + Usuario","Cod. Dpto. + Usuario","Dept. Code + User","S","","","S"
"JCV","1","JCV_FILIAL+JCV_LOTE+JCV_OK+DTOS(JCV_EMISS)","Num. do Lote + Confirmado ? + Data Emissao","Nro. de Lote + Confirmado + FechaEmision","Lot No. + Confirmed + Issue Date","S","","","S"
"JCV","2","JCV_FILIAL+JCV_CODCUR+JCV_PERLET+JCV_HABILI+JCV_DISCIP+JCV_CODLOC+JCV_OK","Curso + Periodo Let + Habilitacao + Disciplina + Local + Confirmado ?","Curso + PeriodoLect. + Habilitacion + Materia + Local + Confirmado","Course + School Year + Qualificat. + Subject + Place + Confirmed","S","","","S"
"JCV","3","JCV_FILIAL+JCV_OK+DTOS(JCV_EMISS)","Confirmado ? + Data Emissao","Confirmado + FechaEmision","Confirmed + Issue Date","S","","","S"
"JCV","4","JCV_FILIAL+JCV_CHECK+JCV_OK","Check Key + Confirmado ?","Check Key + Confirmado","Check Key + Confirmed","S","","","S"
"JCW","1","JCW_FILIAL+JCW_LOTE+JCW_NUMRA+DTOS(JCW_DATA)","Num. do Lote + Numero RA + Data Falta","Nro. de Lote + Numero RA + Fecha Falta","Lot No. + RA Number + Absen. Date","S","","","S"
"JCW","2","JCW_FILIAL+JCW_CODCUR+JCW_PERLET+JCW_TURMA","Curso + Periodo Let + Turma","Curso + PeriodoLect. + Grupo","Course + School Year + Class","S","","","S"
"JCX","1","JCX_FILIAL+JCX_MATPRF+JCX_LOTE+JCX_CODCUR+JCX_PERLET+JCX_HABILI+JCX_TURMA+JCX_CODDIS+JCX_CODAVA+JCX_NUMRA","Professor + Num. do Lote + Curso + Periodo Let + HABILITACAO + Turma +","Profesor + Num. de Lote + Curso + PeriodoLect. + Habilitacion + Grupo","Teacher + Lot No. + Course + School Year + QUALIFICAT. + Class + Subje","S","","","S"
"JCX","2","JCX_FILIAL+JCX_LOTE","Num. do Lote","Num. de Lote","Lot No.","S","","","S"
"JCX","3","JCX_FILIAL+JCX_CODCUR+JCX_PERLET+JCX_HABILI+JCX_TURMA","Curso + Periodo Let + HABILITACAO + Turma","Curso + PeriodoLect. + Habilitacion + Grupo","Course + School Year + QUALIFICAT. + Class","S","","","S"
"JCY","1","JCY_FILIAL+JCY_LOTE+JCY_CONF","Num. do Lote + Confirmado ?","Nro. de Lote + Confirmado","Lot No. + Confirmed","S","","","S"
"JCY","2","JCY_FILIAL+JCY_CODCUR+JCY_PERLET+JCY_HABILI+JCY_TURMA","Curso + Periodo Let + HABILITACAO + Turma","Curso + PeriodoLect. + Habilitacion + Grupo","Course + School Year + QUALIFICAT. + Class","S","","","S"
"JD1","1","JD1_FILIAL+JD1_NUMREQ+JD1_CODCUR+JD1_PERLET+JD1_HABILI+JD1_DISCIP","Requerimento + Curso Vigent + Periodo Let. + Habilitacao + Disciplina","Requerimient + Curso Vigent + Periodo Lect + Habilitacion + Materia","Request + Curr.Course + School Year + Qualificat. + Subject","S","","","S"
"JD2","1","JD2_FILIAL+JD2_CODCUR+JD2_PERLET+JD2_HABILI+JD2_TURMA+JD2_DIASEM+JD2_ITEM+DTOS(JD2_DATA)+JD2_AULA","Cod.Curso + Per. Letivo + Habilitacao + Turma + Dia Semana + Item + Da","Cod.Curso + Per. Lectivo + Habilitacion + Grupo + Dia Semana + Item +","Course Code + School Year + Qualificat. + Class + Week Day + Item + Cl","S","","","S"
"JD2","2","JD2_FILIAL+DTOS(JD2_DATA)","Data Aula","Fecha Clase","Class Date","S","","","S"
"JD2","3","JD2_FILIAL+JD2_CODCUR+JD2_PERLET+JD2_HABILI+JD2_TURMA+JD2_DIASEM+JD2_AULA","Cod.Curso + Per. Letivo + Habilitacao + Turma + Dia Semana + Num. Aula","Cod.Curso + Per. Lectivo + Habilitacion + Grupo + Dia Semana + Num. Cl","Course Code + School Year + Qualificat. + Class + Week Day + Class Nbr","S","","","S"
"JD2","4","JD2_FILIAL+JD2_CODLOC+JD2_CODPRE+JD2_ANDAR+JD2_CODSAL+JD2_CODCUR+JD2_PERLET+JD2_HABILI+JD2_TURMA","Cod. local + Cod.predio + Andar + Cod.sala + Cod.Curso + Per. Letivo +","Cod. Local + Cod. Edif. + Piso + Cod.Aula + Cod.Curso + Per. Lectivo +","Place Code + Bldg Code + Floor + Room Code + Course Code + School Year","S","","","S"
"JD3","1","JD3_FILIAL+JD3_REGIME+JD3_ANOLET+JD3_PERIOD+JD3_CURSO+JD3_PERLET+JD3_TURNO+JD3_CARGA","Regime + Ano + Periodo + Curso Padrao + Periodo Let. + Turno + Carga H","Regimen + Ano + Periodo + Curso Estand + PeriodoLect. + Turno + Carga","Basis + Year + Period + StndrdCourse + School Year + Shift + Sched.Cla","S","","","S"
"JD4","1","JD4_FILIAL+JD4_REGIME+JD4_ANOLET+JD4_PERIOD+JD4_CURSO+JD4_PERLET+JD4_TURNO+JD4_CARGA+JD4_SITUAC","Regime + Ano + Periodo + Curso Padrao + Periodo Let. + Turno + Carga H","Regimen + Ano + Periodo + Curso Estand + PeriodoLect. + Turno + Carga","Basis + Year + Period + StndrdCourse + School Year + Shift + Sched. Cl","S","","","S"
"JD4","2","JD4_FILIAL+JD4_REGIME+JD4_ANOLET+JD4_PERIOD+JD4_CURSO+JD4_PERLET+JD4_TURNO+JD4_CARGA+JD4_ITEM","Regime + Ano + Periodo + Curso Padrao + Periodo Let. + Turno + Carga H","Regimen + Ano + Periodo + Curso Estand + PeriodoLect. + Turno + Carga","Basis + Year + Period + StndrdCourse + School Year + Shift + Sched. Cl","S","","","S"
"JD5","1","JD5_FILIAL+JD5_COD+JD5_VERSAO+JD5_DOC","Cod.Tipo + Versao + Documento","Cod. Tipo + Version + Documento","Cod.Type + Version + Document","S","","","S"
"JD6","1","JD6_FILIAL+JD6_NUM+JD6_DOC","Num. Protoc. + Documento","Num. Comprob + Documento","Protoc. No. + Document","S","","","S"
"JD7","1","JD7_FILIAL+JD7_CODCUR+JD7_PERLET+JD7_HABILI+JD7_TURMA+JD7_CODDIS+JD7_MATPRF+JD7_NUMRA","Cod.Curso + Per. Letivo + Habilitacao + Turma + Cod.Discip. + Professo","Cod.Curso + Per. Lectivo + Habilitacion + Grupo + Cod. Materia + Profe","Course Code + School Year + Habilitation + Class + Subj. Code + Teache","S","","","S"
"JD8","1","JD8_FILIAL+JD8_NUMRA+JD8_CODCUR+JD8_PERLET+JD8_HABILI+JD8_TURMA+JD8_DISCIP+DTOS(JD8_DATA)+JD8_HORA1","Numero RA + Cod.Curso + Per. Letivo + Habilitacao + Turma + Cod. Disci","Numero RA + Cod.Curso + Per. Lectivo + Habilitacion + Grupo + Cod. Mat","RA Number + Course Code + School Year + Qualificat. + Class + Subj. Co","S","","","S"
"JD8","2","JD8_FILIAL+JD8_CODCUR+JD8_PERLET+JD8_HABILI+JD8_TURMA","Cod.Curso + Per. Letivo + Habilitacao + Turma","Cod.Curso + Per. Lectivo + Habilitacion + Grupo","Course Code + School Year + Qualificat. + Class","S","","","S"
"JD9","1","JD9_FILIAL+JD9_CODCUR+JD9_PERLET+JD9_HABILI+JD9_TURMA+JD9_CODDIS+JD9_CODAVA","Cod.Curso + Per. Letivo + Habilitacao + Turma + Disciplina + Avaliacao","Cod.Curso + Per. Lectivo + Habilitacion + Grupo + Materia + Evaluacion","Course Code + School Year + Qualificat. + Class + Subject + Evaluation","S","","","S"
"JDA","1","JDA_FILIAL+JDA_CODCUR+JDA_PERLET+JDA_HABILI+JDA_TURMA+JDA_CODDIS+JDA_CODAVA+JDA_ATIVID","Cod.Curso + Per. Letivo + Habilitacao + Turma + Disciplina + Avaliacao","Cod.Curso + Per. Lectivo + Habilitacion + Grupo + Materia + Evaluacion","Course Code + School Year + Qualificat. + Class + Subject + Evaluation","S","","","S"
"JDA","2","JDA_FILIAL+JDA_ATIVID","Atividade","Actividad","Activity","S","","","S"
"JDA","3","JDA_FILIAL+JDA_DESC+JDA_ATIVID","Descricao + Atividade","Descripcion + Actividad","Description + Activity","S","","","S"
"JDA","4","JDA_FILIAL+DTOS(JDA_DATA1)+DTOS(JDA_DATA2)+JDA_ATIVID","Data Inicial + Data Final + Atividade","FechaInicial + Fecha Final + Actividad","Initial Date + Final Date + Activity","S","","","S"
"JDA","5","JDA_FILIAL+JDA_CODCUR+JDA_PERLET+JDA_HABILI+JDA_TURMA+JDA_CODAVA+JDA_CODDIS+JDA_ATIVID","Cod.Curso + Per. Letivo + Habilitacao + Turma + Avaliacao + Disciplina","Cod.Curso + Per. Lectivo + Habilitacion + Grupo + Evaluacion + Materia","Course Code + School Year + Qualificat. + Class + Evaluation + Subject","S","","","S"
"JDB","1","JDB_FILIAL+JDB_CODCUR+JDB_PERLET+JDB_HABILI+JDB_TURMA+JDB_CODDIS+JDB_CODAVA+JDB_ATIVID","Cod.Curso + Per. Letivo + Habilitacao + Turma + Disciplina + Avaliacao","Cod.Curso + Per. Lecivo + Habilitacion + Grupo + Materia + Evaluacion","Course Code + School Year + Qualificat. + Class + Subject + Evaluation","S","","","S"
"JDC","1","JDC_FILIAL+JDC_CODCUR+JDC_PERLET+JDC_HABILI+JDC_TURMA+JDC_CODDIS+JDC_CODAVA+JDC_ATIVID+JDC_NUMRA","Cod.Curso + Per. Letivo + Habilitacao + Turma + Disciplina + Avaliacao","Cod.Curso + Per. Lectivo + Habilitacion + Grupo + Materia + Evaluacion","Course Code + School Year + Habilitarion + Class + Subject + Evaluatio","S","","","S"
"JDC","2","JDC_FILIAL+JDC_NUMRA+JDC_CODCUR+JDC_PERLET+JDC_HABILI+JDC_TURMA+JDC_CODDIS+JDC_CODAVA+JDC_ATIVID","Numero RA + Cod.Curso + Per. Letivo + Habilitacao + Turma + Disciplina","Numero RA + Cod.Curso + Per. Lectivo + Habilitacion + Grupo + Materia","RA Number + Course Code + School Year + Habilitarion + Class + Subject","S","","","S"
"JDD","1","JDD_FILIAL+JDD_COD+JDD_ITEM","Bolsa + Item","Beca + Item","Scholarship + Item","S","","","S"
"JDD","2","JDD_FILIAL+JDD_COD+JDD_CURSO+JDD_ITEM","Bolsa + Curso + Item","Beca + Curso + Item","Scholarship + Course + Item","S","","","S"
"JDE","1","JDE_FILIAL+JDE_CODIGO","Codigo","Codigo","Code","S","","","S"
"JDF","1","JDF_FILIAL+JDF_CODIGO+JDF_CONCEI","Codigo + Conceito","Codigo + Concepto","Code + Mark","S","","","S"
"JDG","1","JDG_FILIAL+JDG_CODREG+JDG_TIPREG","Codigo Regra + Tipo Regra","Codigo Regla + Tipo Regla","Rule Code + Rule Type","S","","","S"
"JDH","1","JDH_FILIAL+JDH_CODMEN+JDH_TIPO+JDH_ORDEM","Codigo Menu + Tipo de Menu + Ordem Exibic","Codigo Menu + Tipo de Menu + Orden Muestr","Menu Code + Menu Type + Disp. Seq.","S","","","S"
"JDI","1","JDI_FILIAL+JDI_CODLOC+JDI_ITEM","Codigo Local + Item","Codigo Local + Item","Place Code + Item","S","","","S"
"JDI","2","JDI_FILIAL+JDI_INSFIM","Insc. Final","Insc. Final","Fin.Regist.","S","","","S"
"JDI","3","JDI_FILIAL+JDI_BOLFIM","Bol. Final","Bol. Final","Final Dock.","S","","","S"
"JDJ","1","JDJ_FILIAL+JDJ_REG","Registro","Registro","Record","S","","","S"
"JDJ","2","JDJ_FILIAL+JDJ_REG+JDJ_DIASEM+JDJ_PERIOD","Registro + Dia Sem. + Periodo","Registro + Dia Sem. + Periodo","Record + Weekday + Shift","S","","","S"
"JDK","1","JDK_FILIAL+JDK_CODIGO","Codigo","Codigo","Code","S","","","S"
"JDK","2","JDK_FILIAL+JDK_DESC","Descricao","Descripcion","Description","S","","","S"
"JDL","1","JDL_FILIAL+JDL_CODPRO+JDL_CODINS+JDL_CODPGT","Cod.Proc.Sel + Cod. Inscr. + Pergunta","Cod.Proc.Sel + Cod. Inscr. + Pregunta","S.A.T. Code + Regis. Code + Question","S","","","S"
"JDN","1","JDN_FILIAL+JDN_MATPRF+DTOS(JDN_DATA)+JDN_CCUSTO+JDN_TIPO","Matr. Profes + Data + Centro Custo + Tipo Horas","Matr. Prof. + Fecha + Centro Costo + Tipo Horas","Teach. Reg. + Date + Cost Center + Time Type","S","","","S"
"JDN","2","JDN_FILIAL+JDN_MATPRF+JDN_CCUSTO+JDN_TIPO+DTOS(JDN_DATA)","Matr. Profes + Centro Custo + Tipo Horas + Data","Matr. Prof. + Centro Costo + Tipo Horas + Fecha","Teach. Reg. + Cost Center + Time Type + Date","S","","","S"
"JDO","1","JDO_FILIAL+JDO_MATPRF+DTOS(JDO_DATA)+JDO_CCUSTO+JDO_TIPO+JDO_CODCUR+JDO_PERLET+JDO_TURMA+JDO_DIASEM+JDO_CODDIS+JDO_HORA1","Matr. Profes + Data Aula + Centro Custo + Tipo Horas + Cod.Curso + Per","Matr. Prof. + Fecha Clase + Centro Costo + Tipo Horas + Cod.Curso + Pe","TeachrsReg.# + Class Date + Cost Center + Time Type + Course Code + Sc","S","","","S"
"JDO","2","JDO_FILIAL+JDO_MATPRF+JDO_CCUSTO+JDO_TIPO+JDO_COMPAR+DTOS(JDO_DATA)","Matr. Profes + Centro Custo + Tipo Horas + Compareceu? + Data Aula","Matr. Prof. + Centro Costo + Tipo Horas + Presente + Fecha Clase","TeachrsReg.# + Cost Center + Time Type + Present + Class Date","S","","","S"
"JDO","3","JDO_FILIAL+JDO_CODCUR+JDO_PERLET+JDO_TURMA+JDO_MATPRF+JDO_DIASEM+JDO_CODDIS+JDO_HORA1+JDO_HORA2+dtos(JDO_DATA1)+dtos(JDO_DATA2)+dtos(JDO_DATA)","Cod.Curso + Per. Letivo + Turma + Matr. Profes + Dia Semana + Discipli","Cod.Curso + Per. Lectivo + Grupo + Matr. Prof. + Dia Semana + Materia","Course Code + School Year + Class + TeachrsReg.# + Week Day + Subject","S","","","S"
"JDS","1","JDS_FILIAL+JDS_CODCUR+JDS_CODDIS+JDS_CODCOO","Cod.Curso + Cod.Discipl. + Cod.Coord.","Cod.Curso + Cod.Materia + Cod.Coord.","Course Code + Disci. Code + Code Coord","S","","","S"
"JEF","1","JEF_FILIAL+JEF_CURSO+JEF_VERSAO+JEF_PERLET+JEF_HABILI+JEF_CODDIS+JEF_AULA+JEF_ITEM","Cod. Curso + Versao + Per. Let + Habilitacäo + Disciplina + Num. Aula","Cod. Curso + Version + Per. Let + Habilicion + Diciplina + Num. Clases","Course Code + Versao + School Year + Habilitacäo + Disciplina + Num. A","S","","","S"
"JEG","1","JEG_FILIAL+JEG_CODCUR+JEG_PERLET+JEG_HABILI+JEG_TURMA+JEG_CODDIS+JEG_AULA+JEG_ITEM","Cod. Curso + Per. Letivo + Habilitacäo + Turma + Disciplina + Num. da","Cod. Curso + Per. Lectivo + Habilitacion + Clase + Materia + Num. Clas","Course Code + Sch.Year + Qualific. + Class + Discipline + Num.of class","S","","","S"
"JEG","2","JEG_FILIAL+JEG_CODCUR+JEG_PERLET+JEG_HABILI+JEG_TURMA+JEG_AULA+JEG_ITEM","Cod. Curso + Per. Letivo + Habilitacäo + Turma + Num. da Aula + Item","Cod. Curso + Per. Lectivo + Habilitacion + Clase + Num. Clase + Item","Course Code + Sch.Year + Qualific. + Class + Num.of class + Item","S","","","S"
"JGL","1","JGL_FILIAL+JGL_NUM","Numero","Numero","Number","S","Numero da Digitacäo","","S"
"JGM","1","JGM_FILIAL+JGM_NUM+JGM_ITEM+JGM_PERLET+JGM_HABILI","Numero + Item + Per. Letivo + Habilitacäo","Numero + Item + Per. Electiv + Autorizacion","Number + Item + School Year + Capability","S","Numero Digitacao + Item + Periodo Letivo + Habilitacäo","","S"
"JM0","1","JM0_FILIAL+JM0_PUBLIC","Cod.Public.","Cod. Public.","Publ. Code","S","","","S"
"JM0","2","JM0_FILIAL+JM0_TITULO","Titulo","Titulo","Title","S","","","S"
"JM1","1","JM1_FILIAL+JM1_EXEMPL","Cod.Exemplar","Cod.Ejemplar","Example Code","S","","","S"
"JM1","2","JM1_FILIAL+JM1_TOMBO","Tombo","Rotacion","Turnover","S","","","S"
"JM1","3","JM1_FILIAL+JM1_PUBLIC","Cod.Public.","Cod.Public.","Public. Code","S","","","S"
"JM1","4","JM1_FILIAL+JM1_CHAMAD","Nº Chamada","Nro. Llamada","Rollcall Num","S","","","S"
"JM2","1","JM2_FILIAL+JM2_ALIAS","Alias","Alias","Alias","S","","","S"
"JM2","2","JM2_FILIAL+JM2_DESCRI","Tipo Public.","Tipo Public.","Public. Type","S","","","S"
"JM3","1","JM3_FILIAL+JM3_LIVRO","Cod.Livro","Cod. Libro","Book Code","S","","","S"
"JM3","2","JM3_FILIAL+JM3_PUBLIC","Cod.Public.","Cod.Public.","Public. Code","S","","","S"
"JM4","1","JM4_FILIAL+JM4_CODPER","Cod.Period.","Cod. Period.","Period. Code","S","","","S"
"JM4","2","JM4_FILIAL+JM4_PUBLIC","Cod.Public.","Cod. Public.","Public. Code","S","","","S"
"JM5","1","JM5_FILIAL+JM5_DOCUM","Cod.Doc.","Cod. Doc.","Doc. Code","S","","","S"
"JM5","2","JM5_FILIAL+JM5_DEPOS","Nº Deposito","Nro.Deposito","Deposit No.","S","","","S"
"JM5","3","JM5_FILIAL+JM5_PUBLIC","Cod.Public.","Cod. Public.","Public. Code","S","","","S"
"JM6","1","JM6_FILIAL+JM6_GRUPO","Cod.Grupo","Cod. Grupo","Group Code","S","","","S"
"JM6","2","JM6_FILIAL+JM6_DESCRI","Descricäo","Descripcion","Description","S","","","S"
"JM8","1","JM8_FILIAL+JM8_COLEC","Cod.Colecäo","Cod. Colecc.","Collec. Code","S","","","S"
"JM8","2","JM8_FILIAL+JM8_DESCRI","Descricäo","Descripcion","Description","S","","","S"
"JM9","1","JM9_FILIAL+JM9_LOCAL","Cod.Local","Cod. Lugar","Place Code","S","","","S"
"JM9","2","JM9_FILIAL+JM9_DESCRI","Descricäo","Descripcion","Description","S","","","S"
"JMC","1","JMC_FILIAL+JMC_VOLUME","Cod.Volume","Cod. Volumen","Volume Code","S","","","S"
"JMD","1","JMD_FILIAL+JMD_PUBLIC+JMD_ANEXO","Cod.Public. + Cod.Anexo","Cod. Public. + Cod. Anexo","Publ. Code + Attch. Code","S","","","S"
"JMF","1","JMF_FILIAL+JMF_AUTOR","Cod.Autor","Cod. Autor","Author Code","S","","","S"
"JMF","2","JMF_FILIAL+JMF_NOME","Nome Autor","Nombre Autor","Author Name","S","","","S"
"JMF","3","JMF_FILIAL+JMF_CLASS","Cutter","Cutter","Cutter","S","","","S"
"JMF","4","JMF_FILIAL+JMF_AUTORI","Autoridade","Autoridad","Authority","S","","","S"
"JMH","1","JMH_FILIAL+JMH_ASSUNT","Cod.Assunto","Cod. Asunto","Subj. Code","S","","","S"
"JMH","2","JMH_FILIAL+JMH_DESCRI","Descriçao","Descripcion","Description","S","","","S"
"JMI","1","JMI_FILIAL+JMI_ASSUNT+JMI_ORDEM","Cod.Assunto + Ordem","Cod. Asunto + Orden","Subject Code + Order","S","","","S"
"JMI","2","JMI_FILIAL+JMI_DESCRI","Descricäo","Descripcion","Description","S","","","S"
"JMJ","1","JMJ_FILIAL+JMJ_TPUSR","Cod.Tipo","Cod.Tipo","Type Code","S","","","S"
"JMJ","2","JMJ_FILIAL+JMJ_DESCRI","Desc.Tipo","Desc.Tipo","Type Desc.","S","","","S"
"JMK","1","JMK_FILIAL+JMK_PERIOD","Cod.Period.","Cod. Period.","Period. Code","S","","","S"
"JMK","2","JMK_FILIAL+JMK_DESCRI","Desc.Period.","Descr.Period","Period.Desc.","S","","","S"
"JML","1","JML_FILIAL+JML_TPUSR+JML_TPPUBL","Tipo Usuário + Tipo Public.","Tipo Usuario + Tipo Public.","User Type + Issue Type","S","","","S"
"JMM","1","JMM_FILIAL+JMM_CODMOV+JMM_EXEMPL","Cod.Movim. + Cod.Exemplar","Cod.Movim. + Cod.Ejemplar","Trans. Code + Exemplar Cd.","S","","","S"
"JMM","2","JMM_FILIAL+JMM_EXEMPL+DTOS(JMM_DTENT)","Cod.Exemplar + Devolucäo","Cod.Ejemplar + Devolucion","Exemplar Cd. + Return","S","","","S"
"JMM","3","JMM_FILIAL+DTOS(JMM_DTSAI)+JMM_EXEMPL","Retirada + Cod.Exemplar","Retirada + Cod.Ejemplar","Withdraw + Exemplar Cd.","S","","","S"
"JMM","4","JMM_FILIAL+JMM_CLIENT+JMM_LOJA+DTOS(JMM_DTSAI)+JMM_EXEMPL","Usuário + Loja + Retirada + Cod.Exemplar","Usuario + Tienda + Retirada + Cod.Ejemplar","User + Unit + Withdraw + Exemplar Cd.","S","","","S"
"JMM","5","JMM_FILIAL+JMM_CLIENT+JMM_LOJA+DTOS(JMM_DTENT)","Usuário + Loja + Devolucäo","Usuario + Tienda + Devolucion","User + Unit + Return","S","","","S"
"JMM","6","JMM_FILIAL+DTOS(JMM_DTENT)","Devolucäo","Devolucion","Return","S","","","S"
"JMM","7","JMM_FILIAL+JMM_PUBLIC+DTOS(JMM_DTENT)","Cod.Public. + Devolucäo","Cod.Public. + Devolucion","Public. Code + Return","S","","","S"
"JMN","1","JMN_FILIAL+JMN_RESERV+JMN_EXEMPL+JMN_CLIENT+JMN_LOJA","Nº Reserva + Cod.Exemplar + Usuário + Loja","Nº Reserva + Cod.Ejemplar + Usuario + Tienda","Booking No. + Exemplar Cd. + User + Unit","S","","","S"
"JMN","2","JMN_FILIAL+JMN_EXEMPL+JMN_CLIENT+JMN_LOJA","Cod.Exemplar + Usuário + Loja","Cod.Ejemplar + Usuario + Tienda","Exemplar Cd. + User + Unit","S","","","S"
"JMN","3","JMN_FILIAL+JMN_CLIENT+JMN_LOJA+JMN_EXEMPL","Usuário + Loja + Cod.Exemplar","Usuario + Tienda + Cod.Ejemplar","User + Unit + Exemplar Cd.","S","","","S"
"JMN","4","JMN_FILIAL+JMN_EXEMPL+JMN_RESERV","Cod.Exemplar + Nº Reserva","Cod.Ejemplar + Nº Reserva","Exemplar Cd. + Booking No.","S","","","S"
"JMN","5","JMN_FILIAL+DTOS(JMN_DTLIM)+JMN_PUBLIC+JMN_EXEMPL","Dt.Lim.Res. + Cod.Public. + Cod.Exemplar","Fch.Lim.Res. + Cod.Public. + Cod.Ejemplar","Bk. Limt. Dt + Public. Code + Exemplar Cd.","S","","","S"
"JMN","6","JMN_FILIAL+JMN_PUBLIC+JMN_EXEMPL+JMN_CLIENT+JMN_LOJA","Cod.Public. + Cod.Exemplar + Usuário + Loja","Cod.Public. + Cod.Ejemplar + Usuario + Tienda","Public. Code + Exemplar Cd. + User + Unit","S","","","S"
"JMO","1","JMO_FILIAL+JMO_CLIENT+JMO_LOJA","Cod.Cliente + Loja","Cod.Cliente + Tienda","Customer Cd. + Unit","S","","","S"
"JMO","2","JMO_FILIAL+JMO_CODUSU","Cod.Usuario","Cod.Usuario","User Code","S","","","S"
"JMO","3","JMO_FILIAL+JMO_NUMRA","Numero RA","Numero RA","RA Number","S","","","S"
"JMO","4","JMO_FILIAL+JMO_MAT","Matricula","Matricula","Registration","S","","","S"
"JMP","1","JMP_FILIAL+JMP_EXEMPL","Cod.Exemplar","Cod.Ejemplar","ExemplarCode","S","","","S"
"JMP","2","JMP_FILIAL+DTOS(JMP_DTDESC)","Dt.Descarte","Fch.Descarte","Discard Date","S","","","S"
"JMQ","1","JMQ_FILIAL+JMQ_TPMOTI","Cod.Motivo","Cod.Motivo","Reason Code","S","","","S"
"JMQ","2","JMQ_FILIAL+JMQ_MOTIVO","Desc.Motivo","Desc.Motivo","Reas. Desc.","S","","","S"
"JMR","1","JMR_FILIAL+JMR_LIVRO+JMR_AUTOR","Cod.Livro + Cod.Autor","Cod.Libro + Cod.Autor","Book Code + Author Code","S","","","S"
"JMS","1","JMS_FILIAL+JMS_DOCUM+JMS_AUTOR","Cod.Docum. + Cod.Autor","Cod.Docum. + Cod.Autor","Doc. Code + Author Code","S","","","S"
"KA1","1","KA1_FILIAL","Filial","Sucursal","Branch","S","","","N"
"KB1","1","KB1_FILIAL","Filial","Sucursal","Branch","S","","","N"
"MA3","1","MA3_FILIAL+MA3_CODEST+DTOS(MA3_DATA)+MA3_HORACH","Cód.Estação + Data + Hora Chegada","Cod.Estacion + Fecha + Hora llegada","Station Cod + Date + Time Arrival","S","","","S"
"MA3","2","MA3_FILIAL+DTOS(MA3_DATA)+MA3_HORACH+MA3_CODEST","Data + Hora Chegada + Cód.Estação","Fecha + Hora llegada + Cod.Estacion","Date + Time Arrival + Station Cod","S","","","S"
"MA4","1","MA4_FILIAL+MA4_QUEST","Questionario","Cuestionario","Questionnair","S","","","S"
"MA5","1","MA5_FILIAL+MA5_PERG","Pergunta","Pregunta","Question","S","","","S"
"MA5","2","MA5_FILIAL+MA5_QUEST+MA5_PERG","Questionario + Pergunta","Cuestionario + Pregunta","Questionnair + Question","S","","","S"
"MA6","1","MA6_FILIAL+MA6_NUM","Num","Num","Num","S","","","S"
"MA6","2","MA6_FILIAL+MA6_CODCLI+MA6_LOJA+MA6_NUM","Cod. Cliente + Loja Cliente + Num","Cod. Cliente + Tienda Clien + Num","Client Cod + Client Store + Num","S","","","S"
"MA7","1","MA7_FILIAL+MA7_CODCLI+MA7_LOJA","Cliente + Loja","Cliente + Tienda","Client + Store","S","","","S"
"MA7","2","MA7_FILIAL+MA7_BLOQUE+MA7_FILCRE+DTOS(MA7_DATABL)+MA7_HORABL","Status Bloq. + Fil.Crediari + Data Bloq + Hr. Bloqueio","Status Bloq. + Fil.Crediari + Fecha Bloq + Hr. Bloqueo","Status Bloc. + Inst plan br + Block Date + Time Block","S","","","S"
"MA7","3","MA7_FILIAL+MA7_BLOQUE+MA7_FILCRE+MA7_DTHRDS","Status Bloq. + Fil.Crediari + Dt Hr Invert","Status Bloq. + Fil.Crediari + Dt Hr Invert","Status Bloc. + Inst plan br + Dt Tm Invert","S","","","S"
"MA7","4","MA7_FILIAL+MA7_BLOQUE+DTOS(MA7_DATABL)+MA7_HORABL","Status Bloq. + Data Bloq + Hr. Bloqueio","Status Bloq. + Fecha Bloq + Hr. Bloqueo","Status Bloc. + Block Date + Time Block","S","","","S"
"MA7","5","MA7_FILIAL+MA7_BLOQUE+MA7_DTHRDS","Status Bloq. + Dt Hr Invert","Status Bloq. + Dt Hr Invert","Status Bloc. + Dt Tm Invert","S","","","S"
"MA8","1","MA8_FILIAL+MA8_CODEND+MA8_CODCLI+MA8_LOJA","Cod. End. + Cliente + Loja Cliente","Cod. Direc. + Cliente + Tienda Clien","Add.Cod + Client + Client Store","S","","","S"
"MA8","2","MA8_FILIAL+MA8_CPFCON","CPF/Conjuge","CPF/Conyuge","Spouse CPF","S","","","S"
"MA9","1","MA9_FILIAL+MA9_CODIGO+MA9_CODCLI+MA9_LOJA","Codigo + Cód. Cliente + Loja","Codigo + Cod. Cliente + Tienda","Code + Client Cod. + Store","S","","","S"
"MAA","1","MAA_FILIAL+MAA_CODIGO+MAA_CODCLI+MAA_LOJA","Codigo + Cód. Cliente + Filial","Codigo + Cod. Cliente + Sucursal","Code + Client Cod + Branch","S","","","S"
"MAB","1","MAB_FILIAL+MAB_CODIGO+MAB_CODCLI+MAB_LOJA","Codigo + Cód. Cliente + Loja","Codigo + Cód. Cliente + Tienda","Code + Client Cod + Store","S","","","S"
"MAC","1","MAC_FILIAL+MAC_CODDEP+MAC_CODCLI+MAC_LOJA","Cod.Dependen + Cód. Cliente + Loja","Cod.Depend. + Cod. Cliente + Tienda","Depend. Cod. + Client Cod + Store","S","","","S"
"MAD","1","MAD_FILIAL+MAD_CODEND","Cod. End.","Cod. Direcc.","Address Code","S","","","S"
"MAE","1","MAE_FILIAL+MAE_CODIGO+MAE_CODCLI+MAE_LOJA","Codigo + Cód. Cliente + Loja","Codigo + Cod. Cliente + Tienda","Code + Client Cod + Store","S","","","S"
"MAF","1","MAF_FILIAL+MAF_CODREG","Cód.Regra","Cód.Regla","Rule code","S","","","S"
"MAG","1","MAG_FILIAL+MAG_CODCLI+MAG_LOJA","Cód. Cllient + Cód. Loja","Cód. Cllient + Cód. Tienda","Client Cod + Store Cod.","S","","","S"
"MAG","2","MAG_FILIAL+MAG_EMPRES+MAG_FILEMP+MAG_CRITIC","Empresa + Filial + Crítica","Empresa + Sucursal + Crítica","Company + Branch + Critique","S","","","S"
"MAH","1","MAH_FILIAL+MAH_CONTRA","Contrato","Contrato","Contract","S","","","S"
"MAH","2","MAH_FILIAL+MAH_CODCLI+MAH_LOJA+MAH_CONTRA","Cliente + Loja + Contrato","Cliente + Tienda + Contrato","Client + Store + Contract","S","","","S"
"MAH","3","MAH_FILIAL+MAH_CODCLI+MAH_LOJA+MAH_TRANS","Cliente + Loja + Transação","Cliente + Tienda + Transaccion","Client + Store + Transaction","S","","","S"
"MAH","4","MAH_FILIAL+DTOS(MAH_EMISSA)+MAH_CODCLI+MAH_LOJA+MAH_CONTRA","Dt.Emissão + Cliente + Loja + Contrato","Fc.Emision + Cliente + Tienda + Contrato","Issue Dt. + Client + Store + Contract","S","","","S"
"MAI","1","MAI_FILIAL+MAI_CODCLI+MAI_LOJA+MAI_QUEST","Cliente + Loja + Questionario","Cliente + Tienda + Cuestionario","Client + Store + Questionnair","S","","","S"
"MAI","2","MAI_FILIAL+MAI_QUEST","Questionario","Cuestionario","Questionnair","S","","","S"
"MAJ","1","MAJ_FILIAL+MAJ_QUEST+MAJ_PERG+MAJ_RESP","Cod. Quest. + Cod. Perg. + Resposta","Cod. Preg. + Cod. Preg. + Respuesta","Quest.Cod. + Quest. Cod + Response","S","","","S"
"MAJ","2","MAJ_FILIAL+MAJ_QUEST+MAJ_PERG","Cod. Quest. + Cod. Perg.","Cod. Preg. + Cod. Preg.","Quest.Cod. + Quest. Cod","S","","","S"
"MAK","1","MAK_FILIAL+MAK_CODCLI+MAK_LOJA","Cód. Cliente + Loja","Cod. Cliente + Tienda","Client cod + Store","S","","","S"
"MAK","2","MAK_FILIAL+MAK_CONTRA","Contrato","Contrato","Contrato","S","","","S"
"MAL","1","MAL_FILIAL+MAL_CONTRA+MAL_PARCEL","Contrato + Parcela","Contrato + Cuota","Contract + Installment","S","","","S"
"MAM","1","MAM_FILIAL+MAM_CODIGO","Codigo","Codigo","Code","S","","","S"
"MAM","2","MAM_FILIAL+MAM_DESC","Cartao","Tarjeta","Card","S","","","S"
"MAN","1","MAN_FILIAL+MAN_CODIGO","Codigo","Codigo","Code","S","","","S"
"MAN","2","MAN_FILIAL+MAN_DESC","Banco","Banco","Bank","S","","","S"
"MAO","1","MAO_FILIAL+MAO_CODIGO","Codigo","Codigo","Code","S","","","S"
"MAO","2","MAO_FILIAL+MAO_DESC","Grau/Parente","Grado/Par.","Relat. Stat.","S","","","S"
"MAP","1","MAP_FILIAL+MAP_CODIGO","Codigo","Codigo","Code","S","","","S"
"MAP","2","MAP_FILIAL+MAP_DESC","Tipo/Doc","Tipo/Doc","Type/Doc","S","","","S"
"MAQ","1","MAQ_FILIAL+MAQ_COD","Cod. Ocupac.","Cod. Ocupac.","Ocupac. Cod.","S","","","S"
"MAR","1","MAR_FILIAL+MAR_ROTINA+MAR_REGIST","Rotina + Registro","Rutina + Registro","Routine + Record","S","","","S"
"N01","1","N01_FILIAL+N01_DISTRI+N01_SETOR+N01_QUADRA+N01_LOTE+N01_SUBLOT+N01_SETORF","Distrito + Setor + Quadra + Lote + SubLote + Setor Fiscal","Distrito + Sector + Cuadra + Lote + Sublote + Sector Fisc.","Area + Sector + Block + Lot + Sublot + Fiscal Sec.","S","","","S"
"N01","2","N01_FILIAL+N01_SETOR","Setor","Sector","Sector","S","","","S"
"N01","3","N01_FILIAL+N01_QUADRA","Quadra","Cuadra","Block","S","","","S"
"N01","4","N01_FILIAL+N01_LOTE","Lote","Lote","Lot","S","","","S"
"N01","5","N01_FILIAL+N01_SUBLOT","SubLote","Sublote","Sublot","S","","","S"
"N01","6","N01_FILIAL+N01_SETORF","Setor Fiscal","Sector Fisc.","Fiscal Sec.","S","","","S"
"N01","7","N01_FILIAL+N01_LOGRAD","Logradouro","Direccion","Address","S","","","S"
"N01","8","N01_FILIAL+N01_PROPRI","Contribuinte","Contribuyent","Tax Payer","S","CLI","","S"
"N01","9","N01_FILIAL+N01_COD+N01_FILHA","Codigo + Constr.Filha","Codigo + Const.Supl.","Code + Supl. Build.","S","","","S"
"N01","A","N01_FILIAL+N01_CODPAI+N01_COD","Imovel Pai + Codigo","Inmueble Pri + Codigo","Main R.St. + Code","S","","","S"
"N02","1","N02_FILIAL+N02_COD","Codigo","Codigo","Code","S","","","S"
"N02","2","N02_FILIAL+N02_DESCRI","Descricao","Descripcion","Description","S","","","S"
"N02","3","N02_FILIAL+N02_COD+N02_DESCRI","Codigo + Descricao","Codigo + Descripcion","Code + Description","S","","","S"
"N03","1","N03_FILIAL+N03_COD","Codigo","Codigo","Code","S","","","S"
"N03","2","N03_FILIAL+N03_DESCSI","Desc Sintet","Desc Sintet","Summ.Desc.","S","","","S"
"N04","1","N04_FILIAL+N04_COD","Codigo","Codigo","Code","S","","","S"
"N04","2","N04_FILIAL+N04_CODPRO","Imovel","Inmueble","Real State","S","N01","","S"
"N04","3","N04_FILIAL+N04_CODCLI","Contribuinte","Contribuyent","Tax Payer","S","","","S"
"N05","1","N05_FILIAL+N05_COD","Codigo","Codigo","Code","S","","","S"
"N06","1","N06_FILIAL+N06_UTILIZ+N06_SEQ","Utilizacão + Sequencia","Utilizacion + Secuencia","Use + Sequence","S","","","S"
"N07","1","N07_FILIAL+N07_UTILIZ +N07_SEQ","Utilizacão + Sequencia","Utilizacion + Secuencia","Use + Sequence","S","","","S"
"N08","1","N08_FILIAL+N08_UTILIZ+N08_SEQ","Utilizacao + Sequencia","Utilizacion + Secuencia","Use + Sequence","S","","","S"
"N09","1","N09_FILIAL+N09_CTAATI","Conta Ativo","Cuent.Activo","Asset Acc.","S","","","S"
"N10","1","N10_FILIAL+N10_GRUPO+N10_DOC","Grupo Produt + Documento","Grupo Produc + Documento","Prod.Group + Document","S","","","S"
"N11","1","N11_FILIAL+N11_NUM+N11_FORNEC+N11_DOC","Num.Cotacao + Fornecedor + Documento","Num.Cotizac. + Proveedor + Documento","Quot.No. + Supplier + Document","S","","","S"
"N11","2","N11_FILIAL+N11_FORNEC+N11_DOC+DTOS(N11_DTENTR)","Fornecedor + Documento + Dt Entrega","Proveedor + Documento + Fch.Entrega","Supplier + Document + Del.Dt.","S","","","S"
"N12","1","N12_FILIAL+N12_CGC","CGC/CPF","CGC/CPF","CGC/CPF","S","","","S"
"N12","2","N12_FILIAL + N12_NOME","Nome","Nombre","Name","S","","","S"
"N13","1","N13_FILIAL+N13_CODIGO","Cod.Orcam.","Cod.Presup.","Bud.Code","S","","","S"
"N13","2","N13_FILIAL+N13_DESC","Descricao","Descripcion","Description","S","","","S"
"N14","1","N14_FILIAL+N14_NUMERO","N.Protocolo","N.Protocolo","Prot. No.","S","","","S"
"N14","2","N14_FILIAL+DTOS(N14_DATA )+N14_NUMERO","Data Protoc. + N.Protocolo","Fecha Protoc + N.Protocolo","Prot. Date + Prot. No.","S","","","S"
"N14","3","N14_FILIAL+N14_CGC","CGC/CPF","CGC/CPF","CGC/CPF","S","","","S"
"N14","4","N14_FILIAL+N14_NOME","Nome","Nombre","Name","S","","","S"
"N14","5","N14_FILIAL + N14_SITUA + DTOS(N14_DATA)","Situacao + Data Protoc.","Situacion + Fecha Protoc","Status + Prot. Date","S","","","S"
"N15","1","N15_FILIAL+N15_CODIGO+N15_SEQ","Codigo Prot. + Sequencia","Codigo Prot. + Secuencia","Prot. Code + Sequence","S","","","S"
"N16","1","N16_FILIAL+N16_CODIGO","Codigo","Codigo","Code","S","","","S"
"N17","1","N17_FILIAL + N17_NUMERO + N17_SEQ +N17_SUBSEQ+N17_DOC","Num.Protocol + Sequencia + Sub Sequenc. + Documento","Num.Protocol + Secuencia + Sub Secuenc. + Documento","Prot. No. + Sequence + Sub-sequence + Document","S","","","S"
"N17","2","N17_FILIAL +N17_DEPTO +N17_NUMERO + N17_SEQ +N17_SUBSEQ+ N17_DOC","Departamento + Num.Protocol + Sequencia + Sub Sequenc. + Documento","Departamento + Num.Protocol + Secuencia + Sub Secuenc. + Documento","Depart. + Prot. No. + Sequence + Sub-sequence + Document","S","","","S"
"N17","3","N17_FILIAL + N17_RESPON + N17_NUMERO + N17_SEQ +N17_SUBSEQ+ N17_DOC","Responsavel + Num.Protocol + Sequencia + Sub Sequenc. + Documento","Responsable + Num.Protocol + Secuencia + Sub Secuenc. + Documento","Resp. + Prot. No. + Sequence + Sub-sequence + Document","S","","","S"
"N18","1","N18_FILIAL+N18_MAPA+N18_REVISA","Cod.Orçament + Revisão","Cod.Presup. + Revision","Budg. Code + Revision","S","","","S"
"N19","1","N19_FILIAL+N19_CODIGO","Código","Código","Code","S","","","S"
"N19","2","N19_FILIAL+N19_NOME","Nome","Nombre","Name","S","","","S"
"N1A","1","N1A_FILIAL+N1A_CODORG+N1A_CODUNI","Cod.Orgao + Unid.Orcamen","Cod.Organism + Unid.Presup.","Body Code + Budg. Unit","S","","","S"
"N1A","2","N1A_FILIAL+N1A_NOME","Descricao","Descripcion","Description","S","","","S"
"N1B","1","N1B_FILIAL+N1B_CODIGO","Codigo","Codigo","Code","S","","","S"
"N1B","2","N1B_FILIAL+N1B_NOME","Descricao","Descripcion","Description","S","","","S"
"N1C","1","N1C_FILIAL+N1C_CODIGO","Codigo","Codigo","Code","S","","","S"
"N1C","2","N1C_FILIAL+N1C_NOME","Descricao","Descripcion","Description","S","","","S"
"N1D","1","N1D_FILIAL+N1D_CODIGO","Codigo","Codigo","Code","S","","","S"
"N1D","2","N1D_FILIAL+N1D_NOME","Descricao","Descripcion","Description","S","","","S"
"N1E","1","N1E_FILIAL+N1E_CODIGO","Codigo","Codigo","Code","S","","","S"
"N1E","2","N1E_FILIAL+N1E_NOME","Descricao","Descripcion","Description","S","","","S"
"N1F","1","N1F_FILIAL+N1F_CODIGO","Codigo","Codigo","Code","S","","","S"
"N1F","2","N1F_FILIAL+N1F_NOME","Descricao","Descripcion","Description","S","","","S"
"N1G","1","N1G_FILIAL+N1G_CODIGO","Codigo","Codigo","Code","S","","","S"
"N1G","2","N1G_FILIAL+N1G_NOME","Descricao","Descripcion","Description","S","","","S"
"N20","1","N20_FILIAL+N20_CODIGO","Código","Codigo","Code","S","","","S"
"N20","2","N20_FILIAL+N20_DESC","Descrição","Descripcion","Description","S","","","S"
"N21","1","N21_FILIAL+N21_CODIGO","Código","Codigo","Code","S","","","S"
"N21","2","N21_FILIAL+N21_DESC","Descrição","Descripcion","Description","S","","","S"
"N22","1","N22_FILIAL+N22_NUMERO+DTOS(N22_DATA)","Numero + Data Digitad","Numero + Fecha Digita","Number + Typing Dt.","S","","","S"
"N22","2","N22_FILIAL+DTOS(N22_DTSAID)+N22_NUMERO","Data Saída + Numero","Fecha Salida + Numero","Outflow Dt. + Number","S","","","S"
"N22","3","N22_FILIAL+N22_CODFUN+DTOS(N22_DATA)+N22_NUMERO","Funcionário + Data Digitad + Numero","Empleado + Fecha Digita + Numero","Employee + Typing Dt. + Number","S","","","S"
"N22","4","N22_FILIAL+N22_DESTIN+DTOS(N22_DATA)+N22_NUMERO","Destino + Data Digitad + Numero","Destino + Fecha Digita + Numero","Destination + Typing Dt. + Number","S","","","S"
"N22","5","N22_FILIAL+N22_RECURS+DTOS(N22_DTSAID)+N22_NUMERO","Recurso + Data Saída + Numero","Recurso + Fecha Salida + Numero","Resource + Outflow Dt. + Number","S","","","S"
"N30","1","N30_FILIAL+DTOS(N30_DATA)+N30_PRONTU+N30_VACINA+N30_DOSE+N30_IDADE","Data + Prontuario + Vacina + Dose + Idade","Fecha + Prontuario + Vacuna + Dosis + Edad","Date + Dossier + Vaccine + Portion + Age","S","","","S"
"N30","2","N30_FILIAL+DTOS(N30_DATA)+N30_VACINA+N30_DOSE+N30_IDADE","Data + Vacina + Dose + Idade","Fecha + Vacuna + Dosis + Edad","Date + Vaccine + Portion + Age","S","","","S"
"N30","3","N30_FILIAL+N30_PRONTU+N30_VACINA+N30_DOSE+N30_IDADE","Prontuario + Vacina + Dose + Idade","Prontuario + Vacuna + Dosis + Edad","Dossier + Vaccine + Portion + Age","S","","","S"
"N30","4","N30_FILIAL+N30_VACINA+N30_PRONTU+N30_DOSE+N30_IDADE","Vacina + Prontuario + Dose + Idade","Vacuna + Prontuario + Dosis + Edad","Vaccine + Dossier + Portion + Age","S","","","S"
"N31","1","N31_FILIAL+ N31_CDSUS","Codigo SUS","Codigo SUS","SUS Code","S","","","S"
"N31","2","N31_FILIAL + N31_DESC","Municipio","Municipio","City","S","","","S"
"N32","1","N32_FILIAL+N32_CODIGO","Codigo","Codigo","Code","S","","","S"
"N32","2","N32_FILIAL+N32_DESC","Descricao","Descripcion","Description","S","","","S"
"N33","1","N33_FILIAL + N33_CODIGO","R.Eletronico","Reg. Electr.","Elect.Record","S","","","S"
"N33","2","N33_FILIAL + N33_NOME + DTOS(N33_NASCID)","Nome + Data Nascim.","Nombre + Fecha Nac.","Name + Birthdate","S","","","S"
"N33","3","N33_FILIAL+N33_CNS","CNS","CNS","CNS","S","","","S"
"N33","4","N33_FILIAL+N33_CNSPRO","Cartao Provi","Tarjeta Prov","Tempor. Card","S","","","S"
"N33","5","N33_FILIAL+N33_IDSUS","Ident. SUS","Ident. SUS","SUS Identif.","S","","","S"
"N34","1","N34_filial + N34_reg + Dtos(N34_baixa) + N34_hora + N34_tipo + N34_codigo","Cod Atendim. + Data + Hora + Tipo + Procedimento","Cod Atencion + Fecha + Hora + Tipo + Procedimien.","Serv. Code + Date + Time + Type + Procedure","S","","","S"
"N35","1","N35_FILIAL + N35_CODIGO + DTOS(N35_BAIXA) + N35_HORA","Registro + Dt Atendim. + Hora Atend.","Registro + Fch Atencion + Hora Atenc.","Record + Serv.Date + Serv.Time","S","","","S"
"N35","2","N35_FILIAL + N35_NOME + DTOS(N35_BAIXA)+ N35_HORA","Nome + Dt Atendim. + Hora Atend.","Nombre + Fch Atencion + Hora Atenc.","Name + Serv.Date + Serv.Time","S","","","S"
"N35","3","N35_FILIAL+N35_SAME+N35_NOME+DTOS(N35_BAIXA)","Prontuario + Nome + Dt Atendim.","Prontuario + Nombre + Fch Atencion","Med. Report + Name + Serv.Date","S","","","S"
"N35","4","N35_FILIAL+DTOS(N35_BAIXA)+N35_HORA+N35_CODIGO","Dt Atendim. + Hora Atend. + Registro","Fch Atencion + Hora Atenc. + Registro","Serv.Date + Serv.Time + Record","S","","","S"
"N36","1","N36_FILIAL+ N36_CODIGO","Codigo","Codigo","Code","S","","","S"
"N37","1","N37_FILIAL +N37_TIPOCR + N37_CODIGO","Conselho + Codigo","Asociacion + Codigo","Council + Code","S","","","S"
"N37","2","N37_FILIAL + N37_NOME","Nome","Nombre","Name","S","","","S"
"N38","1","N38_FILIAL+N38_REG+N38_CODIGO","Cod. Atend. + Medicamento","Cod. Atenc. + Medicamento","Service Code + Medicine","S","","","S"
"N38","2","N38_FILIAL+N38_CODIGO+N38_REG","Medicamento + Cod. Atend.","Medicamento + Cod. Atenc.","Medicine + Service Code","S","","","S"
"N39","1","N39_FILIAL+N39_CODIGO","Codigo","Codigo","Code","S","","","S"
"N3A","1","N3A_FILIAL+N3A_CODIGO+N3A_DOSE+N3A_IDADE","Vacina + Dose + Idade","Vacuna + Dosis + Edad","Vaccine + Portion + Age","S","","","S"
"N3A","2","N3A_FILIAL+N3A_DESC+N3A_DOSE+N3A_IDADE","Descricao + Dose + Idade","Descripcion + Dosis + Edad","Description + Portion + Age","S","","","S"
"N3A","3","N3A_FILIAL+N3A_CODIGO+N3A_DESC+N3A_DOSE+N3A_IDADE","Vacina + Descricao + Dose + Idade","Vacuna + Descripcion + Dosis + Edad","Vaccine + Description + Portion + Age","S","","","S"
"N3B","1","N3B_FILIAL+N3B_CODIGO+N3B_DESC+N3B_ALMOX","Cod.Posto + Nome Posto + Almoxarifado","Cod.Puesto + Nombre Puest + Deposito","Stand Code + Stand Name + Warehouse","S","","","S"
"N3C","2","N3C_FILIAL+N3C_TIPOCR+N3C_PROFIS+N3C_ESPEC","Tipo CR + Profissional + Especialidad","Tipo CR + Profesional + Especialidad","Type CR + Professional + Specialty","S","","","S"
"N3C","3","N3C_FILIAL+N3C_ESPEC+N3C_TIPOCR+N3C_PROFIS","Especialidad + Tipo CR + Profissional","Especialidad + Tipo CR + Profesional","Specialty + Type CR + Professional","S","","","S"
"N3D","1","N3D_FILIAL+N3D_CODIGO+N3D_DESC","Codigo + Descricao","Codigo + Descripcion","Code + Description","S","","","S"
"N3D","2","N3D_FILIAL+N3D_DESC","Descricao","Descripcion","Description","S","","","S"
"N3E","1","N3E_FILIAL+N3E_REG+N3E_CODIGO","Cod. Atend. + Codigo","Cod. Atenc. + Codigo","Service Code + Code","S","","","S"
"N3F","1","N3F_FILIAL+DTOS(N3F_DATA)+N3F_HORA+DTOS(N3F_DTREG)+N3F_HRREG","Data Consult + Horario + Dt Marcacao + Hr Marcacao","Fecha Consul + Horario + Fch. Solicit + Hr Solicitud","Appoint.Date + Time + Appot.Date + Appot.Hour","S","","","S"
"N3F","2","N3F_FILIAL+N3F_POSTO+N3F_PRONTU+N3F_ESPEC","Posto Saúde + Prontuario + Especialidad","Puesto Salud + Prontuario + Especialidad","Health Cente + Patient + Specialty","S","","","S"
"N3F","3","N3F_FILIAL+N3F_ESPEC+N3F_PROFIS+DTOS(N3F_DATA)","Especialidad + Profissional + Data Consult","Especialidad + Profesional + Fecha Consul","Specialty + Professional + Appoint.Date","S","","","S"
"N3F","4","N3F_FILIAL+N3F_PROFIS+N3F_ESPEC+N3F_PRONTU","Profissional + Especialidad + Prontuario","Profesional + Especialidad + Prontuario","Professional + Specialty + Patient","S","","","S"
"N40","1","N40_FILIAL + N40_CODIGO","Codigo","Codigo","Code","S","","","S"
"N40","2","N40_FILIAL + N40_NOME","Nome","Nombre","Name","S","","","S"
"N40","3","N40_FILIAL + N40_CPF","CPF","CPF","CPF","S","","","S"
"N41","1","N41_FILIAL+N41_COD","Codigo","Codigo","Code","S","","","S"
"N41","2","N41_FILIAL + N41_NOME","Nome","Nombre","Name","S","","","S"
"N41","3","N41_FILIAL + N41_CPF","CPF","CPF","CPF","S","","","S"
"N42","1","N42_FILIAL+N42_CODJAZ + N42_CODFAL","Cod Jazigos + Cod Falecido","Cod. Sepult. + Cod. Difunto","Graves Code + Deceased Cod","S","","","S"
"N42","2","N42_FILIAL + N42_CODFAL + N42_CODJAZ","Cod Falecido + Cod Jazigos","Cod. Difunto + Cod. Sepult.","Deceased Cod + Graves Code","S","","","S"
"N43","1","N43_FILIAL+N43_COD","Codigo","Codigo","Code","S","","","S"
"N43","2","N43_FILIAL + N43_DESCRI","Descricao","Descripcion","Description","S","","","S"
"N43","3","N43_FILIAL +N43_QUADRA","Quadra","Cuadra","Block","S","","","S"
"N43","4","N43_FILIAL + N43_CODCON","Contribuinte","Contribuyent","Taxpayer","S","","","S"
"N45","1","N45_FILIAL+N45_COD+N45_SEQ","Codigo + Seq.Dep.","Codigo + Sec. Dep.","Code + Dep.Seq.","S","","","S"
"N45","2","N45_FILIAL +N45_NOME","Nome","Nombre","Name","S","","","S"
"N51","1","N51_FILIAL + N51_MAPA + N51_REVISA +N51_MESTRE","Num.Mapa + Revisao + Elenco","Num.Mapa + Revision + Elenco","Map No. + Review + Elenco","S","","","S"
"N51","2","N51_FILIAL + N51_MAPA + N51_REVISA + N51_CONTAS","Num.Mapa + Revisao + Contas Plano","Num.Mapa + Revision + Cuentas Plan","Map No. + Review + Pl.Accounts","S","","","S"
"N51","3","N51_FILIAL + N51_DESC","Descricoes","Descripcione","Descriptions","S","","","S"
"N51","4","N51_FILIAL + N51_MAPA + N51_REVISA + N51_CTAVIN","Num.Mapa + Revisao + Cta Vinculad","Num.Mapa + Revision + Cta.Vinculad","Map No. + Review + Link.Account","S","","","S"
"N52","1","N52_FILIAL  + N52_COD","Codigo","Codigo","Code","S","","","S"
"N53","1","N53_FILIAL+N53_CODIGO+N53_CCORI+N53_COORI","Codigo + C.Custo Orig + Conta Origem","Codigo + C.Costo Orig + CuentaOrigen","Code + Sour.Cos.Cen + Sour.Acc.","S","","","S"
"N54","1","N54_FILIAL+N54_NUMERO+N54_ITEM","Numero + Item Documen","Numero + Item Documen","Number + Docum.Item","S","","","S"
"N54","2","N54_FILIAL+DTOS(N54_DTDOC)+N54_NUMERO+N54_ITEM","Data Docum. + Numero + Item Documen","Fecha Docum. + Numero + Item Documen","Docum.Date + Number + Docum.Item","S","","","S"
"N54","3","N54_FILIAL+N54_MAPA+DTOS(N54_DTDOC)+N54_NUMERO","Cod.Orçament + Data Docum. + Numero","Cod. Presup. + Fecha Docum. + Numero","Budg. Code + Docum.Date + Number","S","","","S"
"N55","1","N55_FILIAL+N55_NUMERO+N55_ITEM","Numero + Item Contrat","Numero + Item Contrat","Number + Cont.Item","S","","","S"
"N55","2","N55_FILIAL+N55_PRODUT+N55_NUMERO+N55_ITEM","Produto + Numero + Item Contrat","Producto + Numero + Item Contrat","Product + Number + Cont.Item","S","","","S"
"N55","3","N55_FILIAL+N55_FORNEC+N55_LOJA+N55_NUMERO+N55_ITEM","Fornecedor + Filial Forne + Numero + Item Contrat","Proveedor + SucursalProv + Numero + Item Contrat","Supplier + Supp. Brch. + Number + Cont.Item","S","","","S"
"N60","1","N60_FILIAL+N60_CODIGO","Codigo","Codigo","Code","S","","","S"
"N60","2","N60_FILIAL+N60_NFANTA","Nom Fantasia","Nom Fantasia","Trade Name","S","","","S"
"N61","1","N61_FILIAL+N61_CODIGO","Codigo","Codigo","Code","S","","","S"
"N61","2","N61_FILIAL+N61_NOME+N61_DI+N61_ORGEMI+N61_DIUF","Nome + Doc Ident + Org Emissor + UF(Doc Iden)","Nombre + Doc Ident + Org Emisor + Provinc.(Doc","Name + Doc Ident + Org Issuer + State (D.I)I","S","","","S"
"N62","1","N62_FILIAL+N62_CODIGO","Cod Aluno","Cod Alumno","Std. Code","S","","","S"
"N66","1","N66_FILIAL+N66_MATR","Matricula","Matricula","Registration","S","","","S"
"N67","1","N67_FILIAL+N67_MATR+N67_DISCIP+N67_CURSO","Matricula + Disciplina + Cod Curso","Matricula + Diciplina + Cod Curso","Registration + Subject + Course Code","S","","","S"
"N67","2","N67_FILIAL+N67_DISCIP+N67_MATR","Disciplina + Matricula","Diciplina + Matricula","Subject + Registration","S","","","S"
"N68","1","N68_FILIAL+N68_CODIGO","Codigo","Codigo","Code","S","","","S"
"N68","2","N68_FILIAL+N68_NOME","Nome","Nombre","Name","S","","","S"
"N69","1","N69_FILIAL+N69_ESCOLA+N69_CODIGO","Cod. Escola + Codigo","Cod. Escuela + Codigo","School Cod. + Code","S","","","N"
"N69","2","N69_FILIAL+N69_CODIGO+N69_TURNO","Codigo + Turno","Codigo + Turno","Code + Shift","S","","","S"
"N6A","1","N6A_FILIAL+N6A_CODIGO","Cod Escola","Cod Escuela","School Cod","S","","","S"
"N6A","2","N6A_FILIAL+N6A_CODIGO+N6A_MATR","Cod Escola + Matr.Prof","Cod Escuela + Matr.Prof","School Cod + Teacher Reg.","S","","","S"
"N6B","1","N6B_FILIAL+N6B_ESCOLA+N6B_CODIGO+N6B_ANO+N6B_DISCIP","Cod. Escola + Codigo + Ano Letivo + Cod. Discipl","Cod. Escuela + Codigo + Ano Lectivo + Cod. Materia","School Cod. + Code + School Year + Discip. Cod.","S","","","S"
"N6B","2","N6B_FILIAL+N6B_ESCOLA+N6B_DISCIP+N6B_ANO","Cod. Escola + Cod. Discipl + Ano Letivo","Cod. Escuela + Cod. Materia + Ano Lectivo","School Cod. + Discip. Cod. + School Year","S","","","S"
"N6C","1","N6C_FILIAL+N6C_ESCOLA+N6C_CODIGO+N6C_ANO","Cod Escola + Codigo + Ano Letivo","Cod Escuela + Codigo + Ano Lectivo","School Cod. + Code + School Year","S","","","S"
"N6C","2","N6C_FILIAL+N6C_ESCOLA+N6C_ANO+N6C_TURNO+N6C_SALA","Cod Escola + Ano Letivo + Cod Turno + Sala","Cod Escuela + Ano Lectivo + Cod Turno + Sala","School Cod. + School Year + Shift Cod. + Classroom","S","","","S"
"N6D","1","N6D_FILIAL+N6D_CODESC+N6D_CODIGO","Cod Escola + Codigo","Cod Escuela + Codigo","School Cod + Code","S","","","S"
"N6D","2","N6D_FILIAL+N6D_CODIGO","Codigo","Codigo","Code","S","","","S"
"N6E","1","N6E_FILIAL+N6E_CODESC+N6E_CODSER+DTOC(N6E_DTINI)","Cod Escola + Cod Serie + Inicio","Cod Escuela + Cod Serie + Inicio","School Cod + Grade Code + Start","S","","","S"
"N6F","1","N6F_FILIAL+N6F_ESCOLA+N6F_ANO+N6F_ALUNO","Cod Escola + Ano Letivo + Aluno","Cod Escuela + Ano Lectivo + Alumno","School Cod + School Year + Student","S","","","S"
"N6F","2","N6F_FILIAL+N6F_ANO+N6F_ALUNO","Ano Letivo + Aluno","Ano Lectivo + Alumno","School Year + Student","S","","","S"
"N6F","3","N6F_FILIAL+N6F_ALUNO+N6F_ESCOLA","Aluno + Cod Escola","Alumno + Cod Escuela","Student + School Cod","S","","","S"
"N6F","4","N6F_FILIAL+N6F_ESCOLA+N6F_ANO+N6F_SERIE+N6F_TURMA+DTOS(N6F_DATA)+N6F_HORA","Cod Escola + Ano Letivo + Ser Pretend + Cod Turma + Dt. Pre-Matr + Hr.","Cod Escuela + Ano Lectivo + Ser Pretend + Cod Grupo + Fc. Pre-Matr + H","School Cod + School Year + Grade int. + Group Code + Pre-regn Dt + Pre","S","","","S"
"N6G","1","N6G_FILIAL+N6G_ESCOLA","Cod Escola","Cod Escuela","School Cod","S","","","S"
"N6G","2","N6G_FILIAL+N6G_ESCOLA+N6G_ANO+N6G_TURMA+N6G_ALUNO","Cod Escola + Ano Letivo + Cod. Turma + Cod Aluno","Cod Escuela + Ano Lectivo + Cod. Grupo + Cod Alumno","School Cod + School Year + Group Cod. + Student Cod","S","","","S"
"N6G","3","N6G_FILIAL+N6G_ESCOLA+N6G_ANO+N6G_SERIE","Cod Escola + Ano Letivo + Cod Serie","Cod Escuela + Ano Lectivo + Cod Serie","School Cod + School Year + Grade Cod","S","","","S"
"N6G","4","N6G_FILIAL+N6G_ESCOLA+N6G_ANO+N6G_SERIE+N6G_TURNO","Cod Escola + Ano Letivo + Cod Serie + Cod Turno","Cod Escuela + Ano Lectivo + Cod Serie + Cod Turno","School Cod + School Year + Grade Cod + Shift Cod","S","","","S"
"N6G","5","N6G_FILIAL+N6G_ALUNO+N6G_ESCOLA+N6G_ANO","Cod Aluno + Cod Escola + Ano Letivo","Cod Alumno + Cod Escuela + Ano Lectivo","Student Cod + School Cod + School Year","S","","","S"
"N6H","1","N6H_FILIAL+N6H_ESCOLA+N6H_ANO+N6H_TURMA+N6H_DISCIP+N6H_SEQAVA","Cod Escola + Ano Letivo + Cod Turma + Cod Discip + Seq. Avalia","Cod Escuela + Ano Lectivo + Cod Grupo + Cod Materia + Sec. Eval.","School Cod + School Year + Group Cod + Discip Cod + Eval. Seq.","S","","","S"
"N6H","2","N6H_FILIAL+N6H_ALUNO+N6H_ANO+N6H_DISCIP+N6H_SEQAVA","Cod Aluno + Ano Letivo + Cod Discip + Seq. Avalia","Cod Alumno + Ano Lectivo + Cod Materia + Sec. Eval.","Std. Code + School Year + Discip Cod + Eval. Seq.","S","","","S"
"N6I","1","N6I_FILIAL+N6I_ESCOL+N6I_LETIVO+N6I_TURMA","Escola + Ano Letivo + Turma","Escuela + Ano Lectivo + Grupo","School + School Year + Class","S","","","S"
"N6J","1","N6J_FILIAL+N6J_ESCOLA+N6J_TURMA+N6J_VERSAO+N6J_DIASEM","Cod Escola + Cod Turma + Versao + Periodo","Cod Escuela + Cod Grupo + Version + Periodo","School Cod + Group Cod + Version + Period","S","","","S"
"N6J","2","N6J_FILIAL+N6J_ESCOLA+N6J_PROFES+N6J_TURMA+N6J_DISCIP+N6J_VERSAO","Cod Escola + Professor + Cod Turma + Disciplina + Versao","Cod Escuela + Profesor + Cod Grupo + Diciplina + Version","School Cod + Professor + Group Cod + Subject + Version","S","","","S"
"N6J","3","N6J_FILIAL+N6J_ESCOLA+N6J_TURMA+N6J_DISCIP+N6J_VERSAO+N6J_PROFES","Cod Escola + Cod Turma + Disciplina + Versao + Professor","Cod Escuela + Cod Grupo + Diciplina + Version + Profesor","School Cod + Group Cod + Subject + Version + Professor","S","","","S"
"N6K","1","N6K_FILIAL+N6K_CODESC+N6K_CODIGO","Cod Escola + Codigo Sala","Cod Escuela + Codigo Sala","School Cod + Room Code","S","","","S"
"N6L","1","N6L_FILIAL+N6L_CODIGO","Codigo","Codigo","Code","S","","","S"
"NI1","1","NI1_FILIAL + NI1_ANO + NI1_CODIGO","Ano + Num Conta","Ano + Num Cuenta","Year + Account Num","S","","","S"
"NI1","2","NI1_FILIAL + NI1_ANO + NI1_DESC","Ano + Descricao","Ano + Descripcion","Year + Description","S","","","S"
"NI1","3","NI1_FILIAL + NI1_CODIGO","Num Conta","Num Cuenta","Account Num","S","","","S"
"NI1","4","NI1_FILIAL + NI1_DESC","Descricao","Descripcion","Description","S","","","S"
"NI2","1","NI2_FILIAL + NI2_NUM + NI2_LINHA","Num.Lote/Doc + Linha do Doc","Num.Lote/Doc + Linea do Doc","Lot/Doc. Nbr + Doc. Line","S","","","S"
"NI2","2","NI2_FILIAL + DTOS(NI2_DATA) + NI2_NUM + NI2_LINHA","Data do Lanc + Num.Lote/Doc + Linha do Doc","Fecha Asient + Num.Lote/Doc + Linea do Doc","Entry Date + Lot/Doc. Nbr + Doc. Line","S","","","S"
"NI2","3","NI2_FILIAL+NI2_MOEDA+DTOS(NI2_DATA)+NI2_NUM+NI2_LINHA","Tipo Lancam. + Data do Lanc + Num.Lote/Doc + Linha do Doc","Tipo Asiento + Fecha Asient + Num.Lote/Doc + Linea do Doc","Entry Type + Entry Date + Lot/Doc. Nbr + Doc. Line","S","","","S"
"NI3","1","NI3_FILIAL + NI3_ANO + NI3_CODIGO","Ano + Codigo","Ano + Codigo","Year + Code","S","","","S"
"NI3","2","NI3_FILIAL + NI3_ANO + NI3_DESC","Ano + Descricao","Ano + Descripcion","Year + Description","S","","","S"
"NI3","3","NI3_FILIAL + NI3_CODIGO","Codigo","Codigo","Code","S","","","S"
"NI3","4","NI3_FILIAL + NI3_DESC","Descricao","Descripcion","Description","S","","","S"
"NI5","1","NI5_FILIAL + NI5_CODIGO + NI5_SEQUEN","Codigo + Sequencia","Codigo + Secuencia","Code + Sequence","S","","","S"
"NI6","1","NI6_FILIAL + NI6_ANO + NI6_CODIGO + NI6_CONTA + NI6_MOEDA","Ano + Codigo + Cod Conta + Moeda","Ano + Codigo + Cod Cuenta + Moneda","Year + Code + Acc.Code + Currency","S","","","S"
"NI7","1","NI7_FILIAL+NI7_ANO+NI7_CODIGO+NI7_MOEDA","Ano + Num da Conta + Moeda","Ano + Num de Cta. + Moneda","Year + Acct. nbr. + Currency","S","","","S"
"NM1","1","NM1_FILIAL+NM1_COD","Codigo","Codigo","Code","S","","","S"
"NM2","1","NM2_FILIAL+NM2_ESCOLA+DTOS(NM2_DATA)","Escola + Data","Escuela + Fecha","School + Date","S","","","S"
"NM3","1","NM3_FILIAL+NM3_ESCOLA","Escola","Escuela","School","S","","","S"
"NM4","1","NM4_FILIAL+NM4_COD","Nutriente","Nutriente","Nutrient","S","","","S"
"NM5","1","NM5_FILIAL+NM5_PROD","Produto","Producto","Product","S","","","S"
"NM6","1","NM6_FILIAL+NM6_ESCOLA","Escola","Escuela","School","S","","","S"
"OZ1","1","OZ1_FILIAL+OZ1_ALIAS","Sigla Arq.","Sigla Arc.","File Abbrev.","S","","","S"
"OZ2","1","OZ2_FILIAL+OZ2_ALIAS+OZ2_CADAST","Sigla Arqv. + Arq.Cadastro","Sigla Arch. + Arch.Maestro","File Abbrev. + File","S","","","S"
"OZ3","1","OZ3_FILIAL+OZ3_ARQUIV","Arq.Import.","Arc.Import.","Import File","S","","","S"
"OZ4","1","OZ4_FILIAL+OZ4_CODIGO","Codigo CR","Codigo CR","RC Code","S","","","S"
"OZ5","1","OZ5_FILIAL+OZ5_CODTRA","Transacao","Transaccion","Transaction","S","","","S"
"OZ6","1","OZ6_FILIAL+OZ6_CODTRA+OZ6_ARQPAI+OZ6_ALIAS","Transacao + Arq. Pai + Sigla Arqv.","Transaccion + Arch. Princ. + Sigla Arch.","Transaction + Main File + File Abbrev.","S","","","S"
"QA1","1","QA1_FILIAL+QA1_PLANO+QA1_TAMAMO+QA1_QI_QS","Plano Amostr + Tam. Amostra + Valor QI/QS","Plan muestre + Tam.muestra + Valor QI/QS","Sam. Plan + Sam. Size + QI/QS Value","S","","","S"
"QA2","1","QA2_FILIAL+QA2_ESPEC+QA2_CHAVE","Especie + Chave","Especie + Clave","Class + Key","S","","","S"
"QA2","2","QA2_FILIAL+QA2_CHAVE","Chave","Clave","Key","S","","","S"
"QA3","1","QA3_FILIAL+QA3_ESPEC+QA3_CHAVE+QA3_DATINV","Especie + Chave + Dt.Just.Inv.","Especie + Clave + Fch Just.Inv","Class + Key + Just.Inv.Dt.","S","","","S"
"QA3","2","QA3_FILIAL+QA3_CHAVE","Chave","Clave","Key","S","","","S"
"QA4","1","QA4_FILIAL+QA4_CODTAB+QA4_CHAVE","Cod. Tabela + Chave","Tabla + Clave","Table Code + Key","S","","","S"
"QA5","1","QA5_FILIAL+QA5_CODTAB+QA5_NORMA+QA5_REVINV","Tipo Proced. + Procedimento + Rev.Proc.Inv","Tipo Proced. + Proced. + Rev.Proc.Inv","Proced.Type + Procedure + Inv.Pro.Rev.","S","","","S"
"QA5","2","QA5_FILIAL+QA5_CHAVE","Cod. Ligacao","Vinculo","Link Code","S","","","S"
"QA6","1","QA6_FILIAL+QA6_NIVEL+STR(QA6_LOTSUP,8)","Nivel + Tam.Lote Sup","Nivel + Tam.Lote Sup","Level + Size Sup.Lot","S","","","S"
"QA6","2","QA6_FILIAL+QA6_PLANO+QA6_NIVEL+STR(QA6_LOTSUP,8)","Plano Amostr + Nivel + Tam.Lote Sup","Plan Muestr + Nivel + Tam.Lote Sup","Sample Plan + Level + Size Sup.Lot","S","","","S"
"QA7","1","QA7_FILIAL+QA7_NQA+QA7_CODAMO+QA7_SEQUE","NQA + Cod. Amostra + Seq. Amostra","NCA + Muestra + Sec. Muestra","AQL + Sample Code + Sample Seq.","S","","","S"
"QA7","2","QA7_FILIAL+QA7_CODAMO+QA7_NQA","Cod. Amostra + NQA","Muestra + NCA","Sample Code + AQL","S","","","S"
"QA7","3","QA7_FILIAL+QA7_PLANO+QA7_NQA+QA7_CODAMO+QA7_SEQUE","Plano Amostr + NQA + Cod. Amostra + Seq. Amostra","Plan Muestr. + NCA + Muestra + Sec. Muestra","Sample Plan + AQL + Sample Code + Sample Seq.","S","","","S"
"QA7","4","QA7_FILIAL+QA7_PLANO+QA7_CODAMO+QA7_NQA","Plano Amostr + Cod. Amostra + NQA","Plan Muestr. + Muestra + NCA","Sample Plan + Sample Code + AQL","S","","","S"
"QA8","1","QA8_FILIAL+QA8_AVALIA","Cod. Aval.","Evaluacion","Evaluat.Code","S","","","S"
"QA8","2","QA8_FILIAL+STR(QA8_FATSUP,6,2)","Fator Super.","Factor Super","Up.Factor","S","","","S"
"QA9","1","QA9_FILIAL+QA9_CODTEX+QA9_CHAVE+QA9_REVINV","Cod. Texto + Cod. Chave + Revisao Inv.","Texto + Clave + Revision Inv","Text Code + Key Code + Inver.Revis.","S","","","S"
"QAA","1","QAA_FILIAL+QAA_MAT","Codigo","Codigo","Code","S","","","S"
"QAA","2","QAA_FILIAL+QAA_CC+QAA_MAT","Codigo Depto + Codigo","Codigo Depto + Codigo","Dept.Code + Code","S","QAD","","S"
"QAA","3","QAA_FILIAL+QAA_NOME+QAA_MAT","Nome + Codigo","Nombre + Codigo","Name + Code","S","","","S"
"QAA","4","QAA_FILIAL+QAA_CODFUN","Cod. Cargo","Cod. Cargo","Job Code","S","QAC","","S"
"QAA","5","QAA_FILIAL+QAA_CC+QAA_NOME","Codigo Depto + Nome","Codigo Depto + Nombre","Dept.Code + Name","S","QAD","","S"
"QAA","6","QAA_LOGIN","Login Usr.","Inci.Ses.Usr","User Login","S","","","S"
"QAB","1","QAB_FILD+QAB_MATD","Fil. Origem + Cod.  Origem","Sucursal + Cod.  Origen","Orig. Branch + Source cod.","S","","","S"
"QAB","2","QAB_FILP+QAB_MATP","Fil. Destino + Cod. Destino","Sucursal + Cod. Destino","Dest. Branch + Target Code","S","","","S"
"QAC","1","QAC_FILIAL+QAC_FUNCAO","Cargo","Cargo","Position","S","","","S"
"QAC","2","QAC_FILIAL+QAC_DESC","Descricao","Descripcion","Description","S","","","S"
"QAD","1","QAD_FILIAL+QAD_CUSTO","Codigo","Codigo","Code","S","","","S"
"QAD","2","QAD_FILMAT+QAD_MAT","Fil Usr Res + Cod Usr Res","Suc Usr Res + Cod Usr Res","Res.Us.Br. + Res.Us.Code","S","XXX+QAA","","S"
"QAE","1","QAE_FILIAL+QAE_ANO+QAE_NUMERO","Ano Ausen. + Cod Ausen.","Ano Ausen. + Cod Ausen.","Abs. Year + Abs.Code","S","","","S"
"QAE","2","QAE_FILMAT+QAE_MAT+QAE_STATUS+QAE_ANO+QAE_NUMERO","Fil. Orig. + Usr. Orig. + Status + Ano Ausen. + Cod Ausen.","Sucursal + Usr. Orig. + Estatus + Ano Ausen. + Cod Ausen.","Orig. Branch + Source usr. + Status + Abs. Year + Abs.Code","S","","","S"
"QAE","3","QAE_FILIAL+QAE_STATUS+DTOS(QAE_DTINIC)+QAE_ANO+QAE_NUMERO","Status + Dt Incial + Ano Ausen. + Cod Ausen.","Estatus + Fch. Incial + Ano Ausen. + Cod Ausen.","Status + Initial Date + Abs. Year + Abs.Code","S","","","S"
"QAE","4","QAE_FILIAL+QAE_STATUS+DTOS(QAE_DTPREV)+QAE_ANO+QAE_NUMERO","Status + Dt Prevista + Ano Ausen. + Cod Ausen.","Estatus + Fch.Prevista + Ano Ausen. + Cod Ausen.","Status + Est.Date + Abs. Year + Abs.Code","S","","","S"
"QAF","1","QAF_FILIAL+QAF_ANO+QAF_NUMERO+QAF_TPPEND+QAF_FILMAT+QAF_MAT","Ano Ausen. + Cod Ausen. + Tipo Pend + Fil. Dest. + Usr. Dest.","Ano Ausen. + Cod Ausen. + Tipo Pendien + Sucursal + Usr. Dest.","Absence Year + Abs.Code + Penden.Type + Dest. Branch + Target User","S","","","S"
"QAF","2","QAF_FILMAT+QAF_MAT+QAF_TPPEND+QAF_ANO+QAF_NUMERO","Fil. Dest. + Usr. Dest. + Tipo Pend + Ano Ausen. + Cod Ausen.","Sucursal + Usr. Dest. + Tipo Pendien + Ano Ausen. + Cod Ausen.","Dest. Branch + Target User + Penden.Type + Absence Year + Abs.Code","S","","","S"
"QAG","1","QAG_FILIAL+QAG_QUEST+QAG_RV","Cod Quest + Revisao","Cod. Cuest. + Num.Revis.","Quest. Code + Revision Nr.","S","","","S"
"QAG","2","QAG_FILIAL+QAG_DOCTO+QAG_RVDOC","Cod Docto + Rev. Docto","Cod Doc. + Rev. Doc.","Doc.Code + Doc.Rev.","S","","","S"
"QAH","1","QAH_FILIAL+QAH_QUEST+QAH_RV+QAH_SEQPER","Cod Quest + Revisao + Nr Pergunta","Cod. Cuest. + Num.Revision + Nro.Pregunta","Quest.Code + Revision Nr. + Question No.","S","","","S"
"QAI","1","QAI_FILIAL+QAI_QUEST+QAI_RV+QAI_SEQPER+QAI_SEQRES","Cod Quest + Revisao + Nr Pergunta + Nr Resposta","Cod. Cuest. + Num.Revision + Nro.Pregunta + Nro.Respuest","Ques.Code + Revision Nr. + Quest.No. + Answer No.","S","","","S"
"QAJ","1","QAJ_FILIAL+QAJ_EMPDE+QAJ_FILDE","Emp. Origem + Fil. Origem","Emp. Origen + Suc. Origen","Sour.Comp. + Sour.Bran.","S","","","S"
"QAJ","2","QAJ_FILIAL+QAJ_EMPPAR+QAJ_FILPAR","Emp. Destino + Fil. Destino","Emp. Destino + Suc. Destino","Target Co. + Dest. Branch","S","","","S"
"QAK","1","QAK_FILIAL+QAK_NORMA","Norma","Norma","Rule","S","","","S"
"QD0","1","QD0_FILIAL+QD0_DOCTO+QD0_RV+QD0_AUT+QD0_ORDEM+QD0_FILMAT+QD0_MAT","Cod Docto + Revisao + Responsabil. + Ordem + Filial + Cod Usuário","Documento + Num.Revision + Responsabil. + Orden Resp. + Sucursal + Usu","Docum.Code + Revision + Responsibil. + Sequence + Branch + User´s Code","S","XXX+XXX+XXX+XXX+XXX+QAA","","S"
"QD0","2","QD0_FILIAL+QD0_DOCTO+QD0_RV+QD0_AUT+QD0_FILMAT+QD0_DEPTO+QD0_MAT","Cod Docto + Revisao + Responsabil. + Filial + Depto Usr + Cod Usuário","Documento + Num.Revision + Responsabil. + Sucursal + Sector Usr. + Usu","Docum.Code + Revision + Responsibil. + Branch + User Dept. + User´s Co","S","XXX+XXX+XXX+XXX+XXX+QAA","","S"
"QD0","3","QD0_FILIAL+QD0_ANO+QD0_NUMERO","Ano Ausen. + Cod Ausen.","Ano Ausen. + Cod. Ausen.","Abs. Year + Abs.Code","S","","","S"
"QD1","1","QD1_FILIAL+QD1_DOCTO+QD1_RV+QD1_DEPTO+QD1_FILMAT+QD1_MAT+DTOS(QD1_DTGERA)+QD1_TPPEND","Cod Doc + Revisao + Depto Usr + Filial Usr + Cod Usuario + Data Geraca","Documento + Num.Revision + Depto Usr + Suc. Usuario + Usuario + Fch Ge","Document Cod + Revision + Us.Departm. + User Branch + User´s Code + Ge","S","XXX+XXX+XXX+XXX+QA1","","S"
"QD1","2","QD1_FILIAL+QD1_DOCTO+QD1_RV+QD1_TPPEND","Cod Doc + Revisao + Tipo Pend","Documento + Num.Revision + Tipo Pendien","Document Cod + Revision + Penden.Type","S","","","S"
"QD1","3","QD1_FILMAT+QD1_MAT+QD1_PENDEN+QD1_TPPEND+QD1_ANO+QD1_NUMERO","Filial Usr + Cod Usuario + Status + Tipo Pend + Ano Ausen. + Cod Ausen","Suc. Usuario + Usuario + Estatus + Tipo Pendien + Ano Ausen. + Cod. Au","User Branch + User´s Code + Status + Penden.Type + Abs.Year + Abs.Code","S","QA1","","S"
"QD1","4","QD1_FILIAL+QD1_DOCTO+QD1_RV+DTOS(QD1_DTGERA)+QD1_HRGERA","Cod Doc + Revisao + Data Geracao + Hora Geracao","Documento + Num.Revision + Fch Generac. + Hora Generac","Document Cod + Revision + Generat.Date + Generat.Time","S","","","S"
"QD1","5","QD1_FILIAL+QD1_CHAVE","Chave Texto","Clave Texto","Text Key","S","","","S"
"QD1","6","QD1_FILMAT+QD1_MAT+QD1_DOCTO+QD1_TPPEND+QD1_DEPTO","Filial Usr + Cod Usuario + Cod Doc + Tipo Pend + Depto Usr","Suc. Usuario + Usuario + Documento + Tipo Pendien + Depto Usr","User Branch + User´s Code + Document Cod + Penden.Type + Us.Departm.","S","QA1","","S"
"QD1","7","QD1_FILIAL+QD1_DOCTO+QD1_RV+QD1_DEPTO+QD1_FILMAT+QD1_MAT+QD1_TPPEND+QD1_PENDEN","Cod Doc + Revisao + Depto Usr + Filial Usr + Cod Usuario + Tipo Pend +","Documento + Num.Revision + Depto Usr + Suc. Usuario + Usuario + Tipo P","Document Cod + Revision + Us.Departm. + User Branch + User´s Code + Pe","S","","","S"
"QD1","8","QD1_FILIAL+QD1_DOCTO+QD1_RV+QD1_TPPEND+QD1_PENDEN+QD1_ORDEM","Cod Doc + Revisao + Tipo Pend + Status + Grupo","Documento + Num.Revision + Tipo Pendien + Estatus + Grupo","Document Cod + Revision + Penden.Type + Status + Group","S","","","S"
"QD2","1","QD2_FILIAL+QD2_CODTP","Cod Tipo Doc","Tipo Docto.","Cd.Doc. Type","S","","","S"
"QD3","1","QD3_FILIAL+QD3_CODASS","Cod Assunto","Asunto","Subject Code","S","","","S"
"QD4","1","QD4_FILIAL+QD4_DOCTO+QD4_RV+QD4_SEQ","Cod Doc + Revisao + Nr Critica","Documento + Num.Revision + Nro.Sec.Crit","Document Cod + Revision Nr. + Crit. No.","S","","","S"
"QD4","2","QD4_FILIAL+QD4_CHAVE","Chave Texto","Clave Texto","Text Key","S","","","S"
"QD4","3","QD4_FILIAL+QD4_DOCTO+QD4_RV+QD4_PENDEN","Cod Doc + Revisao + Status","Documento + Num.Revision + Estatus","Document Cod + Revision Nr. + Status","S","","","S"
"QD5","1","QD5_FILIAL+QD5_CODTP+QD5_AUT","Cod Tipo Doc + Nível","Tipo Docto. + Nivel","Cd.Doc. Type + Level","S","","","S"
"QD6","1","QD6_FILIAL+QD6_DOCTO+QD6_RV+QD6_CHAVE","Cod Doc + Revisao + PalavraChave","Documento + Num.Revision + Palab.Clave","Document Cod + Revision + Key Word","S","XXX+XXX+QDK","","S"
"QD7","1","QD7_FILIAL+QD7_DOCTO+QD7_RV+QD7_SEQ","Cod Doc + Revisao + Nr Justifica","Documento + Num.Revision + Nro.Justific","Document Cd. + Revision + Justif.Numb.","S","","","S"
"QD8","1","QD8_FILIAL+QD8_ANO+QD8_NUMERO+QD8_FILMAT+QD8_DEPTO+QD8_CARGO+QD8_MAT","Ano Treina + Cod Treina + Fil Usuario + Cod Dep + Cargo + Cod Usuario","Ano Cap + Capacit + Suc. Usuario + Cod. Depto. + Cargo + Usuario","Training Yr. + Training Cd. + User Branch + Depto.Code + Position + Us","S","XXX+XXX+XXX+QAD+QAC+QA1","","S"
"QD9","1","QD9_FILIAL+QD9_DOCTO+QD9_RV+QD9_SEQ","Cod Doc + Revisao + Sequencia","Documento + Num.Revision + Secuencia","Document Cd. + Revision + Sequence","S","","","S"
"QDA","1","QDA_FILIAL+QDA_ANO+QDA_NUMERO","Ano Treina + Cod Treina","Ano de Capac + Capacit","Training Yr. + Training Cd.","S","","","S"
"QDA","2","QDA_FILIAL+QDA_DOCTO+QDA_RV+QDA_ANO+QDA_NUMERO","Cod Doc + Revisao + Ano Treina + Cod Treina","Documento + Num.Revision + Ano de Capac + Capacit","Document Cd. + Revision + Training Yr. + Training Cd.","S","QDH","","S"
"QDB","1","QDB_FILIAL+QDB_DOCTO+QDB_RV+QDB_SEQ","Cod Doc + Revisao + Núm Ref","Documento + Num.Revision + Nro. Refer.","Document Cd. + Revision + Refer. No.","S","","","S"
"QDC","1","QDC_FILIAL+QDC_CODMAN","Cod Pasta","Carpeta","Folder Code","S","","","S"
"QDD","1","QDD_FILIAL+QDD_CODTP+QDD_AUT+QDD_FILA+QDD_DEPTOA+QDD_CARGOA","Cod Tipo Doc + Responsabil. + Filial + Cod Dep + Cargo","Tipo Docto. + Responsabil. + Sucursal + Cod. Depto. + Cargo","Cd.Doc. Type + Responsib. + Branch + Depart.Code + Position","S","QD2","","S"
"QDE","1","QDE_FILIAL+QDE_DOCTO+QDE_RV+QDE_SEQ","Cod Doc + Revisao + Sequencia","Documento + Nro.Revision + Secuencia","Document Cd. + Revision + Sequence","S","","","S"
"QDF","1","QDF_FILIAL+QDF_DOCTO+QDF_RV+QDF_FILANT+QDF_MATANT","Cod Doc + Revisao + Fil Usr Ant + Cod Usr Ant","Documento + Num.Revision + Suc.Usr.Anti + Usr.Antiguo","Document Cd. + Revision + Old User Br. + Old User Cd.","S","XXX+XXX+XXX+QAA","","S"
"QDF","2","QDF_FILIAL+QDF_DOCTO+QDF_RV+QDF_FILNOV+QDF_MATNOV","Cod Doc + Revisao + Fil Usr Nov + Cod Usr Nov","Documento + Num.Revision + Suc.Usr.Nuev + Usr.Nuevo","Document Cd. + Revision + New User Br. + New User Cd.","S","XXX+XXX+XXX+QAA","","S"
"QDG","1","QDG_FILIAL+QDG_DOCTO+QDG_RV+QDG_TIPO+QDG_FILMAT+QDG_DEPTO+QDG_MAT+QDG_CODMAN","Cod Doc + Revisao + Tipo Destino + Fil Usuario + Cod Dep + Cod Usuario","Documento + Num.Revision + Tipo Destino + Suc. Usuario + Cod. Depto +","Document Cd. + Revision + Destin.Type + User Branch + Depart.Code + Us","S","XXX+XXX+XXX+XXX+QAD+QAA","","S"
"QDG","2","QDG_FILIAL+QDG_DOCTO+QDG_RV+QDG_TIPO+QDG_FILMAT+QDG_DEPTO+QDG_CODMAN","Cod Doc + Revisao + Tipo Destino + Fil Usuario + Cod Dep + Pasta","Documento + Num.Revision + Tipo Destino + Suc. Usuario + Cod. Depto +","Document Cd. + Revision + Destin.Type + User Branch + Depart.Code + Fo","S","XXX+XXX+XXX+XXX+QAD","","S"
"QDG","3","QDG_FILIAL+QDG_DOCTO+QDG_RV+QDG_FILMAT+QDG_DEPTO+QDG_MAT+QDG_CODMAN","Cod Doc + Revisao + Fil Usuario + Cod Dep + Cod Usuario + Pasta","Documento + Num.Revision + Suc. Usuario + Cod. Depto + Usuario + Carpe","Document Cd. + Revision + User Branch + Depart.Code + User´s Code + Fo","S","XXX+XXX+XXX+QAD+QAA","","S"
"QDG","4","QDG_FILIAL+QDG_DEPTO+QDG_DOCTO+QDG_RV","Cod Dep + Cod Doc + Revisao","Cod. Depto + Documento + Num.Revision","Depart.Code + Document Cd. + Revision","S","QAD","","S"
"QDG","5","QDG_FILIAL+QDG_CODMAN+QDG_DOCTO+QDG_RV+QDG_FILMAT+QDG_DEPTO","Pasta + Cod Doc + Revisao + Fil Usuario + Cod Dep","Carpeta + Documento + Num.Revision + Suc. Usuario + Cod. Depto","Folder + Document Cd. + Revision + User Branch + Depart.Code","S","","","S"
"QDG","6","QDG_FILIAL+QDG_DOCTO+QDG_RV","Cod Doc + Revisao","Documento + Num.Revision","Document Cd. + Revision","S","","","S"
"QDG","7","QDG_FILIAL+QDG_DOCTO+QDG_RV+QDG_RECEB","Cod Doc + Revisao + Recebimento","Documento + Num.Revision + Recepcion","Document Cd. + Revision + Receiving","S","","","S"
"QDG","8","QDG_FILMAT+QDG_MAT","Fil Usuario + Cod Usuario","Suc. Usuario + Usuario","User Branch + User´s Code","S","","","S"
"QDH","1","QDH_FILIAL+QDH_DOCTO+QDH_RV","Cod Doc + Revisao","Documento + Num.Revision","Document Cd. + Revision","S","QDH","","S"
"QDH","2","QDH_FILIAL+QDH_CHAVE","Chave Texto","Clave Texto","Text key","S","","","S"
"QDH","3","QDH_FILIAL+QDH_STATUS+QDH_DOCTO+QDH_RV","Status + Cod Doc + Revisao","Estatus + Documento + Num.Revision","Status + Document Cd. + Revision","S","XXX+QDH","","S"
"QDH","4","QDH_FILIAL+QDH_CODTP+QDH_DOCTO+QDH_RV","Tipo Doc + Cod Doc + Revisao","Tipo Docto. + Documento + Num.Revision","Document Tp. + Document Cd. + Revision","S","XXX+QDH","","S"
"QDH","5","QDH_FILIAL+QDH_CODASS+QDH_DOCTO+QDH_RV","As Geral + Cod Doc + Revisao","Asunto Gral. + Documento + Num.Revision","Gen.Subject + Document Cd. + Revision","S","XXX+QDH","","S"
"QDH","6","QDH_FILIAL+QDH_DOCTO+QDH_REVINV","Cod Doc + Rev.Invert.","Documento + Rev.Invert.","Document Cd. + Inv. Revisio","S","","","S"
"QDJ","1","QDJ_FILIAL+QDJ_DOCTO+QDJ_RV+QDJ_TIPO+QDJ_FILMAT+QDJ_DEPTO","Cod Doc + Revisao + Tipo Destino + Fil Dep + Cod Dep","Documento + Num.Revision + Tipo Destino + Suc. Depto. + Cod. Depto.","Document Cd. + Revision + Dest. Type + Dept.Branch + Depart.Code","S","XXX+XXX+XXX+XXX+QAD","","S"
"QDK","1","QDK_FILIAL+QDK_CHAVE","PalavraChave","Palab.Clave","Key Word","S","","","S"
"QDL","1","QDL_FILIAL+QDL_ANO+QDL_NUMERO+QDL_FILMAT+QDL_DEPTO","Ano Treina + Cod Treina + Fil Dep Res + Dep Usr Res","Ano Capacit. + Entrenamient + Suc. Dep Res + Dep Usr Res","Year Train. + Train. Code + Res.Dep.Br. + Res.Us.Dep.","S","XXX+XXX+XXX+QAD","","S"
"QDM","1","QDM_FILIAL+QDM_ANO+QDM_NUMERO+QDM_FILMAT+QDM_DEPTO+QDM_CARGO","Ano Treina + Cod Treina + Fil Dep Res + Dep Usr Res + Cargo","Ano Capacit + Entrenamient + Suc. Dep Res + Dep Usr Res + Cargo","Training Yr. + Training Cd. + Res.Dep.Br. + Res.Us.Dep. + Position","S","XXX+XXX+XXX+QAD+QAC","","S"
"QDN","1","QDN_FILIAL+QDN_DOCTO+QDN_RV+QDN_TPPEND","Cod Doc + Revisao + Tipo Pende","Documento + Revision + Tp.Pendiente","Document Cd. + Revision + Pend.It.Type","S","","","S"
"QDP","1","QDP_FILIAL+QDP_DTOORI+QDP_RV+QDP_NUMSEQ","Doc Origem + Revisao + Solicitacao","Doc Origen + Revision + Solicitud","Source Doc. + Revision + Requisition","S","","","S"
"QDP","2","QDP_FILIAL+QDP_CHAVE","Chave Texto","Clave Texto","Key Text","S","","","S"
"QDP","3","QDP_FILIAL+QDP_NUMSEQ+QDP_DTOORI+QDP_RV","Solicitacao + Doc Origem + Revisao","Solicitud + Doc Origen + Revision","Requisition + Source Doc. + Revision","S","","","S"
"QDQ","1","QDQ_FILIAL+QDQ_CODFM","Cod Formato","Cod. Formato","Format Code","S","","","S"
"QDR","1","QDR_FILIAL+QDR_DOCTO+QDR_RV+DTOS(QDR_DTTRAN)","Cod Doc + Revisao + Data Transf.","Documento + Num.Revision + Fecha Transf","Document Cd. + Revision + Transf. Date","S","","","S"
"QDR","2","QDR_FILIAL+QDR_DOCTO+QDR_RV+QDR_FILDE+QDR_MATDE+QDR_DEPDE","Cod Doc + Revisao + Filial De + Usuario de + Depto Usr De","Documento + Num.Revision + De Sucursal + De Usuario + De Sect Usr","Document Cd. + Revision + From Branch + From User + From Usr Dep","S","","","S"
"QDR","3","QDR_FILIAL+QDR_DOCTO+QDR_RV+QDR_FILPAR+QDR_MATPAR+QDR_DEPPAR","Cod Doc + Revisao + Filial Para + Usuario Para + Depto Para","Documento + Num.Revision + Para Sucurs. + Para Usuario + Para Sect","Document Cd. + Revision + To Branch + To User + To Depto.","S","","","S"
"QDS","1","QDS_FILMAT+QDS_MAT+QDS_PENDEN+QDS_TPPEND+QDS_DOCTO+QDS_RV+QDS_CHAVE","Filial Usr + Cod Usuario + Status + Tipo Pend + Cod Doc + Revisao + Ch","Suc. Usuario + Usuario + Estatus + Tipo Pendien + Documento + Num.Revi","User Branch + User´s Code + Status + Penden.Type + Document Cod + Revi","S","","","S"
"QDS","2","QDS_FILIAL+QDS_DOCTO+QDS_RV+QDS_TPPEND+QDS_CHAVE+QDS_PENDEN","Cod Doc + Revisao + Tipo Pend + Chave + Status","Documento + Num.Revision + Tipo Pendien + Clave + Estatus","Document Cod + Revision + Penden.Type + Key + Status","S","","","S"
"QDT","1","QDT_FILDEP+QDT_DEPTO+QDT_FILCOD+QDT_CODMAN","Filial Depto + Depto Usr + Filial Pasta + Cod Pasta","Sucur. Depto + Depto Usr + Suc. Carpeta + Cod. Carpeta","Dep. Branch + User Dep. + Folder Bran. + Folder Code","S","","","S"
"QDT","2","QDT_FILCOD+QDT_CODMAN+QDT_FILDEP+QDT_DEPTO","Filial Pasta + Cod Pasta + Filial Depto + Depto Usr","Suc. Carpeta + Cod. Carpeta + Sucur. Depto + Depto Usr","Folder Bran. + Folder Code + Dep. Branch + User Dep.","S","","","S"
"QDU","1","QDU_FILIAL+QDU_DOCTO+QDU_RV+QDU_FILMAT+QDU_MAT","Cod Doc + Revisao + Filial Usr + Cod Usuario","Documento + Num.Revision + Suc. Usuario + Usuario","Document Cod + Revision + User Branch + User´s Code","S","","","S"
"QDZ","1","QDZ_FILIAL+QDZ_DOCTO+QDZ_RV+QDZ_DEPTO+QDZ_MAT+QDZ_FILMAT","Cod Doc + Revisao + Depto Dst + Cod Usuario + Filial","Cod. Doc. + Revision + Depto. Dist. + Cod. Usuario + Sucursal","Doc. Code + Revision + Dist.Dept. + User Code + Branch","S","","","S"
"QE0","1","QE0_FILIAL+QE0_ANO+QE0_MES+QE0_FORNEC+QE0_PRODUT+QE0_INDICE","Ano + Mes + Fornecedor + Produto + Indice","Ano Refer. + Mes + Proveedor + Producto + Indice","Year + Month + Supplier + Product + Index","S","XXX+XXX+SA2+QE6+QFI","","S"
"QE0","2","QE0_FILIAL+QE0_INDICE","Indice","Indice","Index","S","QFI","","S"
"QE0","3","QE0_FILIAL+QE0_PRODUT","Produto","Producto","Product","S","QE6","","S"
"QE1","1","QE1_FILIAL+QE1_ENSAIO","Ensaio","Ensayo","Test","S","","","S"
"QE1","2","QE1_FILIAL+QE1_CHAVE","Cod. Ligacao","Vinculo","Link Code","S","","","S"
"QE2","1","QE2_FILIAL+QE2_ENSAIO+QE2_NAOCON","Ensaio + Nao Conform.","Ensayo + No Conform.","Test + Nonconform.","S","XXX+SAG","","S"
"QE2","2","QE2_FILIAL+QE2_NAOCON","Nao Conform.","No Conform.","Nonconform.","S","SAG","","S"
"QE3","1","QE3_FILIAL+QE3_GRUPO","Grupo Prod.","Grupo Produc","Prod. Group","S","","","S"
"QE3","2","QE3_FILIAL+QE3_EQUIPE+QE3_GRUPO","Cod. Equipe + Grupo Prod.","Equipo + Grupo Produc","Team Code + Prod. Group","S","QE4","","S"
"QE4","1","QE4_FILIAL+QE4_EQUIPE","Cod. Equipe","Equipo","Team Code","S","","","S"
"QE5","1","QE5_FILIAL+QE5_EQUIPE+QE5_RESPON","Cod. Equipe + Responsavel","Equipo + Responsable","Team Code + Responsible","S","XXX+XXX+SRA","","S"
"QE5","2","QE5_FILIAL+QE5_RESPON","Responsavel","Responsable","Responsible","S","SRA","","S"
"QE5","3","QE5_FILIAL+QE5_FILRES+QE5_RESPON","Filial Resp + Responsavel","Sucurs.Resp + Responsable","Res. Branch + Responsible","S","","","S"
"QE5","4","QE5_FILIAL+QE5_EQUIPE+QE5_FILRES+QE5_RESPON","Cod. Equipe + Filial Resp + Responsavel","Equipo + Sucurs.Resp + Responsable","Team Code + Res. Branch + Responsible","S","","","S"
"QE6","1","QE6_FILIAL+QE6_PRODUT+QE6_REVINV","Produto + Revisao Inv.","Producto + Revis. Inv.","Product + Inver.Revis.","S","QB1","","S"
"QE6","2","QE6_FILIAL+QE6_CHAVE","Cod. Ligacao","Vinculo","Link Code","S","","","S"
"QE6","3","QE6_FILIAL+QE6_PRODUT+QE6_REVI","Produto + QE6_RE","Producto + QE6_RE","Product + QE6_RE","S","","","S"
"QE7","1","QE7_FILIAL+QE7_PRODUT+QE7_REVI+QE7_ENSAIO","Produto + Revisao + Ensaio","Producto + Revision + Ensayo","Product + Revision + Test","S","QE6+QE6+QE1","","S"
"QE7","2","QE7_FILIAL+QE7_PRODUT+QE7_REVI+QE7_NIVEL","Produto + Revisao + Caracterist.","Producto + Revision + Caracterist.","Product + Revision + Feature","S","QE6+QE6+Q6","","S"
"QE7","3","QE7_FILIAL+QE7_ENSAIO+QE7_PRODUT+QE7_REVI","Ensaio + Produto + Revisao","Ensayo + Producto + Revision","Test + Product + Revision","S","QE1+QE6+QE6","","S"
"QE7","4","QE7_FILIAL+QE7_PRODUT+QE7_REVI+QE7_LABOR+QE7_SEQLAB","Produto + Revisao + Laboratorio + Seq. Labor.","Producto + Revision + Laboratorio + Secue. Labor","Product + Revision + Laboratory + Lab. Seq.","S","QE6+QE6+Q2","","S"
"QE8","1","QE8_FILIAL+QE8_PRODUT+QE8_REVI+QE8_ENSAIO","Produto + Revisao + Ensaio","Producto + Revision + Ensayo","Product + Revision + Test","S","QE6+QE6+QE1","","S"
"QE8","2","QE8_FILIAL+QE8_PRODUT+QE8_REVI+QE8_NIVEL","Produto + Revisao + Caracterist.","Producto + Revision + Caracterist.","Product + Revision + Feature","S","QE6+QE6+Q6","","S"
"QE8","3","QE8_FILIAL+QE8_ENSAIO+QE8_PRODUT+QE8_REVI","Ensaio + Produto + Revisao","Ensayo + Producto + Revision","Test + Product + Revision","S","QE1+QE6+QE6","","S"
"QE8","4","QE8_FILIAL+QE8_PRODUT+QE8_REVI+QE8_LABOR+QE8_SEQLAB","Produto + Revisao + Laboratorio + Seq. Labor.","Producto + Revision + Laboratorio + Sec. Labor.","Product + Revision + Laboratory + Lab. Seq.","S","QE6+QE6+Q2","","S"
"QE9","1","QE9_FILIAL+QE9_PRODUT+QE9_REVI+QE9_ENSAIO+QE9_NAOCON","Produto + Revisao + Ensaio + Nao Conform.","Producto + Revision + Ensayo + No Conform.","Product + Revision + Test + Nonconform.","S","QE6+QE6+QE1+QN1","","S"
"QE9","2","QE9_FILIAL+QE9_NAOCON","Nao Conform.","No Conform.","Nonconform.","S","QN1","","S"
"QEA","1","QEA_FILIAL+QEA_GRUPO+QEA_PRODUT","Grupo Prod. + Produto","Grupo Produc + Producto","Prod. Group + Product","S","QE3+QE6","","S"
"QEA","2","QEA_FILIAL+QEA_PRODUT+QEA_GRUPO","Produto + Grupo Prod.","Producto + Grupo Produc","Product + Prod. Group","S","QE6+QE3","","S"
"QEB","1","QEB_FILIAL+QEB_PRODUT","Produto","Producto","Product","S","QE6","","S"
"QEC","1","QEC_FILIAL+QEC_PRODUT+QEC_TOPICO","Produto + Topico","Producto + Topico","Product + Subject","S","XXX+Q3","","S"
"QEC","2","QEC_FILIAL+QEC_CHAVE","Cod. Ligacao","Vinculo","Link Code","S","","","S"
"QED","1","QED_FILIAL+QED_CODFAT","Cod. Fator","Factor","Factor Code","S","","","S"
"QEE","1","QEE_FILIAL+QEE_CLASSE","Classe N.C.","Clase de NC","NC Type","S","","","S"
"QEF","1","QEF_FILIAL+QEF_SKPLOT","Skip-Lote","Skip-Lote","Skip-Lot","S","","","S"
"QEF","2","QEF_FILIAL+QEF_UNSKLT+STR(QEF_QTDE,4)","Unid.Sk.Lote + Frequencia","Unid.Sk.Lote + Frecuencia","Skip-Lot Un. + Attendance","S","","","S"
"QEF","3","QEF_FILIAL+QEF_UNSKLT+QEF_QTDINV","Unid.Sk.Lote + Qtde. Invert","Unid.Sk.Lote + Ctd. Invert.","Skip-Lot Un. + Invert. Qtty","S","","","S"
"QEG","1","QEG_FILIAL+QEG_SITU","Situacao","Situacion","Status","S","","","S"
"QEG","2","QEG_FILIAL+STR(QEG_IQI_S,6,2)","IQF Superior","ICPv Superi","Upper SQI","S","","","S"
"QEH","1","QEH_FILIAL+QEH_FORNEC+QEH_LOJFOR+QEH_PRODUT+QEH_ENSAIO","Fornecedor + Loja Fornec. + Produto + Ensaio","Proveedor + Tda. Proveed + Producto + Ensayo","Supplier + Suppl. Unit + Product + Test","S","","","S"
"QEH","2","QEH_FILIAL+QEH_PRODUT","Produto","Producto","Product","S","","","S"
"QEI","1","QEI_FILIAL+QEI_FORNEC+QEI_LOJFOR+QEI_GRUPO+QEI_ENSAIO","Fornecedor + Loja Fornec. + Grupo Prod. + Ensaio","Proveedor + Tda. Proveed + Grupo Produc + Ensayo","Supplier + Suppl. Unit + Product Gr. + Test","S","","","S"
"QEJ","1","QEJ_FILIAL+QEJ_CODTAB+str(QEJ_VLSUP,6,2)","Cod. Tabela + Vl. Superior","Tabla + Vlr.Superior","Table Code + High Value","S","","","S"
"QEK","1","QEK_FILIAL+QEK_FORNEC+QEK_LOJFOR+QEK_PRODUT+QEK_ENTINV+QEK_LOTINV","Fornecedor + Loja Fornec. + Produto + Dt Entr.Inv. + Lote Invert.","Proveedor + Tda. Proveed + Producto + Fch Entr.Inv + Lote Invert.","Supplier + Suppl. Unit + Product + Inv.Del.Date + Inverted Lot","S","QFO+XXX+QE6","","S"
"QEK","2","QEK_FILIAL+QEK_FORNEC+QEK_LOJFOR+QEK_PRODUT+QEK_IDEINV","Fornecedor + Loja Fornec. + Produto + Ident. inv.","Proveedor + Tda. Proveed + Producto + Ident.Inv.","Supplier + Suppl. Unit + Product + Invert.Ident","S","QFO+XXX+QE6","","S"
"QEK","3","QEK_FILIAL+QEK_PRODUT+QEK_ENTINV+QEK_LOTINV","Produto + Dt Entr.Inv. + Lote Invert.","Producto + Fch Entr.Inv + Lote Invert.","Product + Inv.Del.Date + Inverted Lot","S","QE6","","S"
"QEK","4","QEK_FILIAL+QEK_DOCENT+QEK_FORNEC+QEK_LOJFOR+QEK_PRODUT+QEK_IDEINV","Doc. Entrada + Fornecedor + Loja Fornec. + Produto + Ident. inv.","Doc. Entrada + Proveedor + Tda. Proveed + Producto + Ident.Inv.","Infl. Docum. + Supplier + Suppl. Unit + Product + Invert.Ident","S","XXX+QFO+XXX+QE6","","S"
"QEK","5","QEK_FILIAL+QEK_NNCINV","NNC Invertid","NNC Invertid","Revers. NNC","S","","","S"
"QEK","6","QEK_FILIAL+QEK_LOTE","Lote","Lote","Lot","S","","","S"
"QEK","7","QEK_FILIAL+QEK_CHAVE","Cod. Ligacao","Vinculo","Link Code","S","","","S"
"QEK","8","QEK_FILIAL+QEK_FORNEC+QEK_PRODUT+QEK_ENTINV+QEK_LOTINV","Fornecedor + Produto + Dt Entr.Inv. + Lote Invert.","Proveedor + Producto + Fch Entr.Inv + Lote Invert.","Supplier + Product + Inv.Del.Date + Inverted Lot","S","QFO+QE6","","S"
"QEK","9","QEK_FILIAL+QEK_CHAVE1","Cod. Ligacao","Vinculo","Link Code","S","","","S"
"QEK","A","QEK_FILIAL+QEK_FORNEC+QEK_LOJFOR+QEK_NTFISC+QEK_SERINF+QEK_ITEMNF+QEK_TIPONF+QEK_NUMSEQ","Fornecedor + Loja Fornec. + Nota Fiscal + Serie N.F. + Item da NF + Ti","Proveedor + Tda. Proveed + Factura + Serie Fact. + Item Factura + Tipo","Supplier + Suppl. Unit + Invoice + Inv.Series + Invoice Item + Invoice","S","","","S"
"QEK","B","QEK_FILIAL+QEK_FORNEC+QEK_LOJFOR+QEK_NTFISC+QEK_SERINF+QEK_ITEMNF+QEK_TIPONF+QEK_LOTE+QEK_NUMSEQ","Fornecedor + Loja Fornec. + Nota Fiscal + Serie N.F. + Item da NF + Ti","Proveedor + Tda. Proveed + Factura + Serie Fact. + Item Factura + Tipo","Supplier + Suppl. Unit + Invoice + Inv.Series + Invoice Item + Invoice","S","","","S"
"QEK","C","QEK_FILIAL+QEK_SITENT+QEK_LOTE","Sit. Entrada + Lote","Sit. Entrada + Lote","Inflow Stat. + Lot","S","","","S"
"QEK","D","QEK_FILIAL+QEK_FORNEC+QEK_LOJFOR+QEK_PRODUT+QEK_REVI+QEK_ENTINV","Fornecedor + Loja Fornec. + Produto + Revisao + Dt Entr.Inv.","Proveedor + Tda. Proveed + Producto + Revision + Fch Entr.Inv","Supplier + Suppl. Unit + Product + Revision + Inv.Del.Date","S","QFO+XXX+QE6","","S"
"QEL","1","QEL_FILIAL+QEL_FORNEC+QEL_LOJFOR+QEL_PRODUT+DTOS(QEL_DTENTR)+QEL_LOTE+QEL_LABOR","Fornecedor + Loja Fornec. + Produto + Data Entrega + Lote + Laboratori","Proveedor + Tda. Proveed + Producto + Fch Entrega + Lote + Laboratorio","Supplier + Suppl. Unit + Product + Delivery Dt. + Lot + Laboratory","S","XXX+XXX+XXX+XXX+XXX+Q2","","S"
"QEL","2","QEL_FILIAL+QEL_PRODUT+QEL_REVI+QEL_LABOR+QEL_LOTE","Produto + Revisao + Laboratorio + Lote","Producto + Revision + Laboratorio + Lote","Product + Revision + Laboratory + Lot","S","","","S"
"QEM","1","QEM_FILIAL+QEM_NNC","Not.N.Conf.","Notf.No Conf","NC Notific.","S","","","S"
"QEM","2","QEM_FILIAL+QEM_CHAVE","Cod. Ligacao","Vinculo","Link Code","S","","","S"
"QEN","1","QEN_FILIAL+QEN_FORNEC+QEN_LOJFOR+QEN_PRODUT+QEN_ENSAIO","Fornecedor + Loja Fornec. + Produto + Ensaio","Proveedor + Tda. Proveed + Producto + Ensayo","Supplier + Suppl. Unit + Product + Test","S","","","S"
"QEN","2","QEN_FILIAL+QEN_PRODUT","Produto","Producto","Product","S","","","S"
"QEO","1","QEO_FILIAL+QEO_FORNEC+QEO_LOJFOR+QEO_GRUPO+QEO_ENSAIO","Fornecedor + Loja Fornec. + Grupo Prod. + Ensaio","Proveedor + Tda. Proveed + Grupo Produc + Ensayo","Supplier + Suppl. Unit + Product Gr. + Test","S","","","S"
"QEP","1","QEP_FILIAL+QEP_CODTAB+QEP_FORNEC+QEP_LOJFOR+QEP_PRODUT+DTOS(QEP_DTENTR)+QEP_LOTE","Status + Fornecedor + Loja Fornec. + Produto + Data Entrega + Lote","Estatus + Proveedor + Tda. Provee + Producto + Fch Entrega + Lote","Status + Supplier + Suppl. Unit + Product + Delivery Dt. + Lot","S","","","S"
"QEQ","1","QEQ_FILIAL+QEQ_CODMED","Cod. Medicao","Medicion","Measurem.Cod","S","","","S"
"QER","1","QER_FILIAL+QER_PRODUT+QER_REVI+QER_FORNEC+QER_LOJFOR+DTOS(QER_DTENTR)+QER_LOTE+QER_LABOR+QER_ENSAIO+DTOS(QER_DTMEDI)+QER_HRMEDI+STR(QER_AMOSTR,1)","Produto + Revisao + Fornecedor + Loja Fornec. + Data Entrega + Lote +","Producto + Revision + Proveedor + Tda. Proveed + Fch Entrega + Lote +","Product + Revision + Supplier + Suppl. Unit + Delivery Dt. + Lot + Lab","S","QE6+QE6+QFO+XXX+XXX+XXX+Q2","","S"
"QER","2","QER_FILIAL+QER_ENSAIO","Ensaio","Ensayo","Test","S","","","S"
"QER","3","QER_FILIAL+QER_MBROWS+QER_PRODUT+QER_REVI+QER_FORNEC+QER_LOJFOR+DTOS(QER_DTENTR)+QER_LOTE","MBrowse + Produto + Revisao + Fornecedor + Loja Fornec. + Data Entrega","MBrowse + Producto + Revision + Proveedor + Tda. Proveed + Fch Entrega","MBrowse + Product + Revision + Supplier + Suppl. Unit + Delivery Dt. +","S","XXX+QE6+QE6+QEO","","S"
"QER","4","QER_FILIAL+QER_CHAVE","Cod. Ligacao","Vinculo","Link Code","S","","","S"
"QES","1","QES_FILIAL+QES_CODMED","Cod. Medicao","Medicion","Measurem.Cod","S","","","S"
"QET","1","QET_FILIAL+QET_CODMED+QET_INSTR","Cod. Instrum + Instrumento","Instrumento + Instrumento","Instrum.Code + Instrument","S","XXX+QIN","","S"
"QEU","1","QEU_FILIAL+QEU_CODMED+QEU_NAOCON","Cod. Medicao + Nao Conform.","Medicion + No Conform.","Meas.Code + Nonconform.","S","XXX+QNC","","S"
"QEU","2","QEU_FILIAL+QEU_NAOCON","Nao Conform.","No Conform.","Nonconform.","S","QNC","","S"
"QEU","3","QEU_FILIAL+QEU_CHAVE","Cod. Ligacao","Vinculo","Link Code","S","","","S"
"QEV","1","QEV_FILIAL+QEV_ANO+QEV_MES+QEV_FORNEC+QEV_PRODUT","Ano Refer. + Mes Refer. + Fornecedor + Produto","Ano Refer. + Mes Refer. + Proveedor + Producto","Ref. Year + Ref.Month + Supplier + Product","S","QEV+QEV+SA5","","S"
"QEV","2","QEV_FILIAL+QEV_FORNEC+QEV_PRODUT+QEV_ANO+QEV_MES","Fornecedor + Produto + Ano Refer. + Mes Refer.","Proveedor + Producto + Ano Refer. + Mes Refer.","Supplier + Product + Ref. Year + Ref.Month","S","SA5+XXX+QEV+QEV","","S"
"QEV","3","QEV_FILIAL+QEV_ANO+QEV_MES+QEV_PRODUT+QEV_FORNEC","Ano Refer. + Mes Refer. + Produto + Fornecedor","Ano Refer. + Mes Refer. + Producto + Proveedor","Ref. Year + Ref.Month + Product + Supplier","S","QEV+QEV+XXX+SA5","","S"
"QEV","4","QEV_FILIAL+QEV_PRODUT+QEV_FORNEC+QEV_ANO+QEV_MES","Produto + Fornecedor + Ano Refer. + Mes Refer.","Producto + Proveedor + Ano Refer. + Mes Refer.","Product + Supplier + Ref. Year + Ref.Month","S","XXX+SA5+QEV+QEV","","S"
"QEW","1","QEW_FILIAL+QEW_FORNEC+QEW_PRODUT+QEW_ANO+QEW_MES+QEW_LAUDO","Fornecedor + Produto + Ano Refer. + Mes Refer. + Laudo","Proveedor + Producto + Ano Refer. + Mes Refer. + Informe","Supplier + Product + Ref. Year + Ref. Month + Report","S","","","S"
"QEW","2","QEW_FILIAL+QEW_ANO+QEW_MES+QEW_FORNEC+QEW_PRODUT","Ano Refer. + Mes Refer. + Fornecedor + Produto","Ano Refer. + Mes Refer. + Proveedor + Producto","Ref. Year + Ref. Month + Supplier + Product","S","","","S"
"QEW","3","QEW_FILIAL+QEW_PRODUT+QEW_FORNEC+QEW_ANO+QEW_MES+QEW_LAUDO","Produto + Fornecedor + Ano Refer. + Mes Refer. + Laudo","Producto + Proveedor + Ano Refer. + Mes Refer. + Informe","Product + Supplier + Ref. Year + Ref. Month + Report","S","","","S"
"QEX","1","QEX_FILIAL+STR(QEX_VLSUP,6,2)","Vl. Superior","Vlr.Superior","Higher Value","S","","","S"
"QEX","2","QEX_FILIAL+QEX_SKPLOT","Skip-Lote","Skip-Lote","Skip-Lot","S","QEF","","S"
"QEY","1","QEY_FILIAL+QEY_FORNEC+QEY_LOJFOR+QEY_PRODUT+dtos(QEY_DTENTR)+QEY_LOTE+QEY_ENSAIO","Fornecedor + Loja Fornec. + Produto + Data Entrega + Lote + Ensaio","Proveedor + Tda. Proveed + Producto + Fch Entrega + Lote + Ensayo","Supplier + Suppl. Unit + Product + Delivery Dt. + Lot + Test","S","","","S"
"QEY","2","QEY_FILIAL+QEY_FORNEC+QEY_LOJFOR+QEY_PRODUT+QEY_ENSAIO","Fornecedor + Loja Fornec. + Produto + Ensaio","Proveedor + Tda. Proveed + Producto + Ensayo","Supplier + Suppl. Unit + Product + Test","S","","","S"
"QEY","3","QEY_FILIAL+QEY_PRODUT","Produto","Producto","Product","S","","","S"
"QEZ","1","QEZ_FILIAL+QEZ_FORNEC+QEZ_LOJFOR+QEZ_GRUPO+dtos(QEZ_DTENTR)+QEZ_LOTE+QEZ_ENSAIO","Fornecedor + Loja Fornec. + Grupo + Data Entrega + Lote + Ensaio","Proveedor + Tda. Proveed + Grupo + Fch Entrega + Lote + Ensayo","Supplier + Suppl. Unit + Group + Delivery Dt. + Lot + Test","S","","","S"
"QEZ","2","QEZ_FILIAL+QEZ_FORNEC+QEZ_LOJFOR+QEZ_GRUPO+QEZ_ENSAIO","Fornecedor + Loja Fornec. + Grupo + Ensaio","Proveedor + Tda. Proveed + Grupo + Ensayo","Supplier + Suppl. Unit + Group + Test","S","","","S"
"QF1","1","QF1_FILIAL+QF1_INDICE","Indice","Indice","Index","S","","","S"
"QF2","1","QF2_FILIAL+QF2_FORNEC+QF2_LOJFOR+QF2_PRODUT+DTOS(QF2_DTENTR)+QF2_LOTE+QF2_NUMERO","Fornecedor + Loja Fornec. + Produto + Data Entrega + Lote + Numero Per","Proveedor + Tda. Proveed + Producto + Fch Entrega + Lote + Numero Auto","Supplier + Suppl. Unit + Product + Delivery Dt. + Lot + Perm. No.","S","","","S"
"QF2","2","QF2_FILIAL+QF2_CHAVE","Chave Texto","Clave Texto","Text Key","S","","","S"
"QF2","3","QF2_FILMAT+QF2_MAT","Fil. Emissao + Usr. Emissao","Suc. Emision + Usu.Emision","Issue Branch + User Issue","S","","","S"
"QF2","4","QF2_FILQLD+QF2_MATQLD","Fil. Us. Qua + Usuario Qual","Suc.Usr.Cal. + Usuario Cal.","Qual User Br + User - Qual.","S","SRA","","S"
"QF3","1","QF3_FILIAL+QF3_FORNEC+QF3_LOJFOR+QF3_PRODUT+DTOS(QF3_DTENTR)+QF3_LOTE+QF3_NUMERO","Fornecedor + Loja Fornec. + Produto + Data Entrega + Lote + Numero Per","Proveedor + Tda. Proveed + Producto + Fch Entrega + Lote + Nro. Permis","Supplier + Suppl. Unit + Product + Deliv.Date + Lot + Perm.No.","S","","","S"
"QF3","2","QF3_FILIAL+QF3_FORNEC+QF3_LOJFOR+QF3_PRODUT+DTOS(QF3_DTENTR)+QF3_LOTE+QF3_NUMERO+QF3_MAT+QF3_PENDEN","Fornecedor + Loja Fornec. + Produto + Data Entrega + Lote + Numero Per","Proveedor + Tda. Proveed + Producto + Fch Entrega + Lote + Nro. Permis","Supplier + Suppl. Unit + Product + Deliv.Date + Lot + Perm.No. + User´","S","","","S"
"QF3","3","QF3_FILIAL+QF3_CHAVE","Chave Texto","Clave Texto","Text Key","S","","","S"
"QF3","4","QF3_FILMAT+QF3_MAT","Fil. Usuario + Cod. Usuario","Suc.Usuario + Usuario","User Branch + User´s Code","S","SRA","","S"
"QF4","1","QF4_FILIAL+QF4_FORNEC+QF4_LOJFOR+QF4_PRODUT+QF4_REVI+QF4_ENSAIO","Fornecedor + Loja + Produto + Revisao + Ensaio","Proveedor + Tienda + Producto + Revision + Ensayo","Supplier + Unit + Product + Revision + Test","S","","","S"
"QF4","2","QF4_FILIAL+QF4_ENSAIO+QF4_PRODUT+QF4_REVI","Ensaio + Produto + Revisao","Ensayo + Producto + Revision","Test + Product + Revision","S","","","S"
"QF4","3","QF4_FILIAL+QF4_PRODUT+QF4_REVI+QF4_ENSAIO+QF4_FORNEC+QF4_LOJFOR","Produto + Revisao + Ensaio + Fornecedor + Loja","Producto + Revision + Ensayo + Proveedor + Tienda","Product + Revision + Test + Supplier + Unit","S","","","S"
"QF5","1","QF5_FILIAL+QF5_CHAVE","Chave","Clave","Key","S","","","S"
"QF5","2","QF5_FILIAL+QF5_ENSAIO+QF5_CHAVE","Ensaio + Chave","Ensayo + Clave","Test + Key","S","","","S"
"QF5","3","QF5_FILIAL+QF5_FORNEC+QF5_LOJFOR+QF5_PRODUT+QF5_REVI+QF5_ENSAIO+QF5_TIPO","Fornecedor + Loja + Produto + Revisao + Ensaio + Tipo Entrada","Proveedor + Tienda + Producto + Revision + Ensayo + Tipo Entrada","Supplier + Unit + Product + Revision + Test + Inflow Type","S","","","S"
"QF5","4","QF5_FILIAL+QF5_PRODUT+QF5_REVI+QF5_ENSAIO+QF5_FORNEC+QF5_LOJFOR+QF5_TIPO","Produto + Revisao + Ensaio + Fornecedor + Loja + Tipo Entrada","Producto + Revision + Ensayo + Proveedor + Tienda + Tipo Entrada","Product + Revision + Test + Supplier + Unit + Inflow Type","S","","","S"
"QF5","5","QF5_FILIAL+QF5_PRODUT+QF5_REVI+QF5_TIPO","Produto + Revisao + Tipo Entrada","Producto + Revision + Tipo Entrada","Product + Revision + Inflow Type","S","","","N"
"QF6","1","QF6_FILIAL+QF6_CLIENT+QF6_LOJCLI+QF6_PRODUT+QF6_REVI+QF6_ENSAIO","Cliente + Loja + Produto + Revisão + Ensaio","Cliente + Tienda + Producto + Revision + Ensayo","Customer + Unit + Product + Review + Test","S","","","S"
"QF6","2","QF6_FILIAL+QF6_ENSAIO+QF6_PRODUT+QF6_REVI","Ensaio + Produto + Revisão","Ensayo + Producto + Revision","Test + Product + Review","S","","","S"
"QF6","3","QF6_FILIAL+QF6_PRODUT+QF6_REVI+QF6_ENSAIO+QF6_CLIENT+QF6_LOJCLI","Produto + Revisão + Ensaio + Cliente + Loja","Producto + Revision + Ensayo + Cliente + Tienda","Product + Review + Test + Customer + Unit","S","","","S"
"QF7","1","QF7_FILIAL+QF7_LABOR+QF7_ENSAIO+QF7_LOTE+QF7_ANEXO","Laboratorio + Ensaio + Lote + Anexo","Laboratorio + Ensayo + Lote + Anexo","Lab. + Test + Lot + Attachm.","S","","","S"
"QI0","1","QI0_FILIAL+QI0_TIPO+QI0_CODIGO","Tipo Tabela + Codigo","Tipo Tabla + Codigo","Table Type + Code","S","","","S"
"QI0","2","QI0_FILIAL+QI0_CODIGO","Codigo","Codigo","Code","S","","","N"
"QI1","1","QI1_FILIAL+QI1_CODIGO","Codigo","Codigo","Code","S","","","S"
"QI2","1","QI2_FILIAL+QI2_ANO+QI2_FNC+QI2_REV","Ano FNC + Codigo FNC + Revisao FNC","A±o FNC + Codigo FNC + Revision FNC","FNC Year + FNC Code + NFC Revision","S","","","S"
"QI2","2","QI2_FILIAL+QI2_FNC+QI2_REV","Codigo FNC + Revisao FNC","Codigo FNC + Revision FNC","FNC Code + NFC Revision","S","","","S"
"QI2","3","QI2_FILIAL+QI2_STATUS+QI2_ANO+QI2_FNC+QI2_REV","Situacao + Ano FNC + Codigo FNC + Revisao FNC","Situacion + A±o FNC + Codigo FNC + Revision FNC","Status + FNC Year + FNC Code + NFC Revision","S","","","S"
"QI2","4","QI2_FILRES+QI2_MATRES+QI2_STATUS","Fil Usr Resp + Cod Usr Resp + Situacao","Suc.Usr.Resp + Cod.Usr.Resp + Situacion","Resp.User Br + Resp.User Cd + Status","S","","","S"
"QI2","5","QI2_FILIAL+QI2_CODACA+QI2_REVACA","Cod.Acao Cor + Rev.A.Corret","Cod.Acci.Co. + Rev.Acc.Corr","Cor.Ac.Code + Cor.Act.Rev.","S","","","S"
"QI2","6","QI2_FILMAT+QI2_MAT","Fil Usr Dig + QI2_M","Suc.Usr.Dig. + QI2_M","Typ.User Br. + QI2_M","S","","","S"
"QI2","7","QI2_FILIAL+QI2_CODPRO+QI2_ANO+QI2_FNC+QI2_REV","Produto + Ano FNC + Codigo FNC + Revisao FNC","Producto + A±o FNC + Codigo FNC + Revision FNC","Product + FNC Year + FNC Code + NFC Revision","S","","","S"
"QI3","1","QI3_FILIAL+QI3_ANO+QI3_CODIGO+QI3_REV","Ano Acao + Codigo Acao + Revisao","Ano Accion + Cod. Accion + Revision","Action Year + Action Code + Revision","S","","","S"
"QI3","2","QI3_FILIAL+QI3_CODIGO+QI3_REV","Codigo Acao + Revisao","Cod. Accion + Revision","Action Code + Revision","S","","","S"
"QI3","3","QI3_FILMAT+QI3_MAT","Fil Usr.Resp + Mat Usr Resp","Suc.Usr.Resp + Mat Usr Resp","User Branch + Respon. User","S","","","S"
"QI4","1","QI4_FILIAL+QI4_CODIGO+QI4_REV+QI4_FILMAT+QI4_MAT","Codigo Acao + Revisao + Fil Usr + Mat Usr Resp","Cod. Accion + Revision + Sucursal Usr + Mat Usr Resp","Action Code + Revision + User Branch + Respon. User","S","","","S"
"QI4","2","QI4_FILMAT+QI4_MAT","Fil Usr + Mat Usr Resp","Sucursal Usr + Mat Usr Resp","User Branch + Respon. User","S","","","S"
"QI5","1","QI5_FILIAL+QI5_CODIGO+QI5_REV+QI5_SEQ","Codigo Acao + Revisao + Sequencia","Cod. Accion + Revision + Secuencia","Action Code + Revision + Sequence","S","","","S"
"QI5","2","QI5_FILMAT+QI5_MAT+QI5_PEND","Fil Usr.Resp + Mat Usr Resp + Pendente","Suc.Usr.Resp + Mat.Usr.Resp + Pendiente","User Branch + Respon. User + Pending","S","","","S"
"QI5","3","QI5_FILIAL+QI5_CODIGO+QI5_REV+QI5_PEND","Codigo Acao + Revisao + Pendente","Cod. Accion + Revision + Pendiente","Action Code + Revision + Pending","S","","","S"
"QI6","1","QI6_FILIAL+QI6_CODIGO+QI6_REV+QI6_SEQ","Codigo Acao + Revisao + Sequencia","Cod. Accion + Revision + Secuencia","Action Code + Revision + Sequence","S","","","S"
"QI6","2","QI6_FILIAL+QI6_CODIGO+QI6_REV+QI6_TIPO+QI6_SEQ","Codigo Acao + Revisao + Tipo Causa + Sequencia","Cod. Accion + Revision + Tipo Causa + Secuencia","Action Code + Revision + Cause Type + Sequence","S","","","S"
"QI7","1","QI7_FILIAL+QI7_CODIGO+QI7_REV+QI7_SEQ","Codigo Acao + Revisao + Sequencia","Cod. Accion + Revision + Secuencia","Action Code + Revision + Sequence","S","","","S"
"QI8","1","QI8_FILIAL+QI8_CODIGO+QI8_REV+QI8_SEQ","Codigo Acao + Revisao + Sequencia","Cod. Accion + Revision + Secuencia","Action Code + Revision + Sequence","S","","","S"
"QI9","1","QI9_FILIAL+QI9_CODIGO+QI9_REV+QI9_FNC+QI9_REVFNC","Codigo Acao + Revisao + Codigo FNC + Revisao FNC","Cod. Accion + Revision + Codigo FNC + Revision FNC","Action Code + Revision + FNC Code + FNC Revision","S","","","S"
"QI9","2","QI9_FILIAL+QI9_FNC+QI9_REVFNC+QI9_CODIGO+QI9_REV","Codigo FNC + Revisao FNC + Codigo Acao + Revisao","Codigo FNC + Revision FNC + Cod. Accion + Revision","FNC Code + FNC Revision + Action Code + Revision","S","","","S"
"QIA","1","QIA_FILIAL+QIA_ALIAS+QIA_ANO+QIA_CODIGO","Alias + Ano + Codigo","Alias + Ano + Codigo","Alias + Year + Code","S","","","S"
"QIB","1","QIB_FILIAL+QIB_CODIGO","Cod Modelo","Cod. Modelo","Templ. Code","S","","","S"
"QIB","2","QIB_FILIAL+QIB_DESC","Descr.Modelo","Descr.Modelo","Templ. Desc.","S","","","S"
"QIC","1","QIC_FILIAL+QIC_CODIGO+QIC_SEQ","Cod. Modelo + Sequencia","Cod. Accion + Secuencia","Action Code + Sequence","S","","","S"
"QIC","2","QIC_FILIAL+QIC_CODIGO+QIC_TPACAO","Cod. Modelo + Tipo AC/Etap","Cod. Accion + Tipo Ac/Etap","Action Code + Act/St. Type","S","","","S"
"QID","1","QID_FILIAL+QID_TPACAO","Codigo","Codigo","Code","S","","","S"
"QIE","1","QIE_FILIAL+QIE_CODIGO+QIE_REV+QIE_SEQ","Codigo Acao + Revisao + Sequencia","Codigo Acci. + Revision + Secuencia","Action Code + Review + Sequence","S","","","S"
"QIE","2","QIE_FILMAT+QIE_MAT","Fil Usr.Resp + Cod Usr Resp","Suc Usr.Resp + Cod Usr Resp","Res.Us.Br. + Res.Us.Code","S","","","S"
"QIF","1","QIF_FILIAL+QIF_FNC+QIF_REV+QIF_SEQ","Ficha N.C. + Revisao + Sequencia","Ficha N.C. + Revision + Secuencia","Noncon. Form + Review + Sequence","S","","","S"
"QIF","2","QIF_FILMAT+QIF_MAT","Fil Usr Resp + Cod Usr Resp","Suc Usr Resp + Cod Usr Resp","Res.Us. Br. + Res.Us.Code","S","","","S"
"QIG","1","QIG_FILIAL+QIG_FILDE+QIG_MATDE","Filial De + Usuario De","De Sucursal + De Usuario","From Branch + From User","S","","","S"
"QIG","2","QIG_FILIAL+QIG_FILPAR+QIG_MATPAR","Filial Para + Usuario Para","Para Sucurs. + Para Usuario","To Branch + To User","S","","","S"
"QIG","3","QIG_FILIAL+DTOS(QIG_DTTRAN)+QIG_SEQTRF","Data Transf. + Sequencia","Fecha Transf + Secuencia","Transf. Date + Sequence","S","","","S"
"QK1","1","QK1_FILIAL+QK1_PECA+QK1_REV","No. da Peca + Revisao","Num. Pieza + Revision","Part Number + Revision","S","","","S"
"QK1","2","QK1_FILIAL+QK1_PECA+QK1_REVINV","No. da Peca + Rev Invertid","Num. Pieza + Rev Invertid","Part Number + Invert.Rev.","S","","","S"
"QK1","3","QK1_FILIAL+QK1_CODCLI+QK1_LOJCLI+QK1_PECA+QK1_REV","Cod.Cliente + Loja + No. da Peca + Revisao","Cod. Cliente + Tienda + Num. Pieza + Revision","Custom.Code + Unit + Part Number + Revision","S","","","S"
"QK2","1","QK2_FILIAL+QK2_PECA+QK2_REV+QK2_ITEM","No. da Peca + Revisao + Item","Num. Pieza + Revision + Item","Part Number + Revision + Item","S","","","S"
"QK2","2","QK2_FILIAL+QK2_PECA+QK2_REV+QK2_CODCAR","No. da Peca + Revisao + Cod Caracter","Num. Pieza + Revision + Cod. Caracte","Part Number + Revision + Charac.Code","S","","","S"
"QK2","3","QK2_FILIAL+QK2_PECA+QK2_REVINV+QK2_ITEM","No. da Peca + Rev Invertid + Item","Num. Pieza + Rev Invertid + Item","Part Number + Inver.Rev. + Item","S","","","S"
"QK3","1","QK3_FILIAL+QK3_PECA+QK3_REV","No. da Peca + Revisao","Nro.Repuesto + Revision","Part No. + Revision","S","","","S"
"QK3","2","QK3_FILIAL+QK3_PECA+QK3_REVINV","No. da Peca + Rev Invertid","Nro.Repuesto + Rev Invertid","Part No. + Inver.Rev.","S","","","S"
"QK3","3","QK3_FILIAL+QK3_CHAVE","Cod.Lig.Apar","Cod.Lig.Apar","Asp.Lin.Code","S","","","S"
"QK4","1","QK4_FILIAL+QK4_PECA+QK4_REV+QK4_ITEM","No. da Peca + Revisao + Item","Num. Pieza + Revision + Item","Part Number + Revision + Item","S","","","S"
"QK4","2","QK4_FILIAL+QK4_PECA+QK4_REVINV+QK4_ITEM","No. da Peca + Rev Invertid + Item","Num. Pieza + Rev Invertid + Item","Part Number + Inv.Review + Item","S","","","S"
"QK5","1","QK5_FILIAL+QK5_PECA+QK5_REV","No. da Peca + Revisao","Num. Pieza + Revision","Part Number + Revision","S","","","S"
"QK5","2","QK5_FILIAL+QK5_PECA+QK5_REVINV","No. da Peca + Rev Invertid","Num. Pieza + Rev Invertid","Part Number + Invert.Rev.","S","","","S"
"QK6","1","QK6_FILIAL+QK6_PECA+QK6_REV+QK6_ITEM","No. da Peca + Revisao + Item","Num. Pieza + Revision + Item","Part Number + Revision + Item","S","","","S"
"QK6","2","QK6_FILIAL+QK6_PECA+QK6_REVINV+QK6_ITEM","No. da Peca + Rev Invertid + Item","Num. Pieza + Rev Invertid + Item","Part Number + Inverse Rev. + Item","S","","","S"
"QK6","3","QK6_FILIAL+QK6_CHAVE1","Cod.Lig.IFun","Cod.Vin.IEmp","Fun.I.L.Code","S","","","S"
"QK6","4","QK6_FILIAL+QK6_PECA+QK6_REV+QK6_SEQ","No. da Peca + Revisao + Sequencia","Num. Pieza + Revision + Secuencia","Part Number + Revision + Sequence","S","","","S"
"QK7","1","QK7_FILIAL+QK7_PECA+QK7_REV","No. da Peca + Revisao","Num. Pieza + Revision","Part Number + Revision","S","","","S"
"QK7","2","QK7_FILIAL+QK7_PECA+QK7_REVINV","No. da Peca + Rev Invertid","Num. Pieza + Rev.Invertid","Part Number + Invert.Rev.","S","","","S"
"QK8","1","QK8_FILIAL+QK8_PECA+QK8_REV+QK8_ITEM","No. da Peca + Revisao + Item","Num. Pieza + Revision + Item","Part Number + Revision + Item","S","","","S"
"QK8","2","QK8_FILIAL+QK8_PECA+QK8_REVINV+QK8_ITEM","No. da Peca + Rev Invertid + Item","Num. Pieza + Rev Invertid + Item","Part Number + Inverse Rev. + Item","S","","","S"
"QK8","3","QK8_FILIAL+QK8_CHAVE1","Cod.Lig.IFun","Cod.Vin.IEmp","I.Fun.Lk.Cd.","S","","","S"
"QK8","4","QK8_FILIAL+QK8_PECA+QK8_REV+QK8_SEQ","No. da Peca + Revisao + Sequencial","Num. Pieza + Revision + Secuencial","Part Number + Revision + Sequence","S","","","S"
"QK9","1","QK9_FILIAL+QK9_PECA+QK9_REV+QK9_CARAC+QK9_SEQ","No. da Peca + Revisao + Caracterist. + Sequencia","Num. Pieza + Revision + Caracterist. + Secuencia","Part Number + Revision + Feature + Sequence","S","","","S"
"QK9","2","QK9_FILIAL+QK9_PECA+QK9_REVINV+QK9_CARAC+QK9_SEQ","No. da Peca + Rev Invertid + Caracterist. + Sequencia","Num. Pieza + Rev Invertid + Caracterist. + Secuencia","Part Number + Inver.Rev. + Feature + Sequence","S","","","S"
"QK9","3","QK9_FILIAL+QK9_CHAVE","Cod. Ligacao","Cod. Vinculo","Link Code","S","","","S"
"QKA","1","QKA_FILIAL+QKA_PECA+QKA_REV+QKA_CARAC+QKA_SEQ+QKA_ITEM","No. da Peca + Revisao + Caracterist. + Sequencia + Item","Num. Pieza + Revision + Caracterist. + Secuencia + Item","Part Number + Revision + Feature + Sequence + Item","S","","","S"
"QKA","2","QKA_FILIAL+QKA_PECA+QKA_REVINV+QKA_CARAC+QKA_SEQ+QKA_ITEM","No. da Peca + Rev Invertid + Caracterist. + Sequencia + Item","Num. Pieza + Rev Invertid + Caracterist. + Secuencia + Item","Part Number + Inver.Rev. + Feature + Sequence + Item","S","","","S"
"QKB","1","QKB_FILIAL+QKB_PECA+QKB_REV+QKB_SEQ+QKB_ITEM","No. da Peca + Revisao + Sequencia + Item","Num. Pieza + Revision + Secuencia + Item","Part Number + Revision + Sequence + Item","S","","","S"
"QKB","2","QKB_FILIAL+QKB_PECA+QKB_REVINV+QKB_SEQ+QKB_ITEM","No. da Peca + Rev Invertid + Sequencia + Item","Num. Pieza + Rev Invertid + Secuencia + Item","Part Number + Inver.Rev. + Sequence + Item","S","","","S"
"QKB","3","QKB_FILIAL+QKB_CHAVE","Cod. Ligacao","Cod.Vinculo","Link Code","S","","","S"
"QKC","1","QKC_FILIAL+QKC_PECA+QKC_REV+QKC_SEQ+QKC_ITEM","No. da Peca + Revisao + Sequencia + Item","Num. Pieza + Revision + Secuencia + Item","Part Number + Revision + Sequence + Item","S","","","S"
"QKC","2","QKC_FILIAL+QKC_PECA+QKC_REVINV+QKC_SEQ+QKC_ITEM","No. da Peca + Rev Invertid + Sequencia + Item","Num. Pieza + Rev Invertid + Secuencia + Item","Part Number + Inver. Rev. + Sequence + Item","S","","","S"
"QKC","3","QKC_FILIAL+QKC_CHAVE","Cod. Ligacao","Cod.Vinculo","Link Code","S","","","S"
"QKD","1","QKD_FILIAL+QKD_PECA+QKD_REV+QKD_SEQ+QKD_ITEM","No. da Peca + Revisao + Sequencia + Item","Num. Pieza + Revision + Secuencia + Item","Part Number + Revision + Sequence + Item","S","","","S"
"QKD","2","QKD_FILIAL+QKD_PECA+QKD_REVINV+QKD_SEQ+QKD_ITEM","No. da Peca + Rev Invertid + Sequencia + Item","Num. Pieza + Rev Invertid + Secuencia + Item","Part Number + Invert. Rev. + Sequence + Item","S","","","S"
"QKD","3","QKD_FILIAL+QKD_CHAVE","Cod. Ligacao","Cod.Vinculo","Link Code","S","","","S"
"QKE","1","QKE_FILIAL+QKE_COD+QKE_ITEM","Codigo + Item","Codigo + Item","Code + Item","S","","","S"
"QKE","2","QKE_FILIAL+QKE_DESC","Descricäo","Descripcion","Description","S","","","S"
"QKF","1","QKF_FILIAL+QKF_PECA+QKF_REV","No. da Peca + Revisao","Num. Pieza + Revision","Part Number + Revision","S","","","S"
"QKF","2","QKF_FILIAL+QKF_PECA+QKF_REVINV","No. da Peca + Rev Invertid","Num. Pieza + Rev Invertid","Part Number + Invert. Rev.","S","","","S"
"QKF","3","QKF_FILIAL+QKF_CHAVE","Cod. Ligacao","Cod.Vinculo","Link Code","S","","","S"
"QKG","1","QKG_FILIAL+QKG_PECA+QKG_REV+DTOS(QKG_DATA)","No. da Peca + Revisao + Data","Num. Pieza + Revision + Fecha","Part Number + Revision + Date","S","","","S"
"QKG","2","QKG_FILIAL+QKG_PECA+QKG_REVINV+DTOS(QKG_DATA)","No. da Peca + Rev Invertid + Data","Num. Pieza + Rev Invertid + Fecha","Part Number + Invert. Rev. + Date","S","","","S"
"QKG","3","QKG_FILIAL+QKG_CHAVE","Cod. Ligacao","Cod.Vinculo","Link Code","S","","","S"
"QKH","1","QKH_FILIAL+QKH_PECA+QKH_REV","No. da Peca + Revisao","Num. Pieza + Revision","Part Number + Revision","S","","","S"
"QKH","2","QKH_FILIAL+QKH_PECA+QKH_REVINV","No. da Peca + Rev Invertid","Num. Pieza + Rev Invertid","Part Number + Invert. Rev.","S","","","S"
"QKH","3","QKH_FILIAL+QKH_CHAV01","Cod. Ligacao","Cod.Vinculo","Link Code","S","","","S"
"QKI","1","QKI_FILIAL+QKI_PECA+QKI_REV","No. da Peca + Revisao","Num. Pieza + Revision","Part Number + Revision","S","","","S"
"QKI","2","QKI_FILIAL+QKI_PECA+QKI_REVINV","No. da Peca + Rev Invertid","Num. Pieza + Rev. Inverti","Part Number + Invert. Rev.","S","","","S"
"QKI","3","QKI_FILIAL+QKI_CHAVE","CHAVE DE LIG","CLAVE DE VIN","CONM. KEY","S","","","S"
"QKJ","1","QKJ_FILIAL+QKJ_PECA+QKJ_REV","No. da Peca + Revisao","Num. Pieza + Revision","Part Number + Revision","S","","","S"
"QKJ","2","QKJ_FILIAL+QKJ_PECA+QKJ_REVINV","No. da Peca + Rev Invertid","Num. Pieza + Rev Invertid","Part Number + Invert. Rev.","S","","","S"
"QKJ","3","QKJ_FILIAL+QKJ_CHAVE","Cod. Ligacao","Cod. Vinculo","Ac.Pl.Lk.Cd.","S","","","S"
"QKK","1","QKK_FILIAL+QKK_PECA+QKK_REV+QKK_ITEM","No. da Peca + Revisao + Item","Num. Pieza + Revision + Item","Part Number + Revision + Item","S","","","S"
"QKK","2","QKK_FILIAL+QKK_PECA+QKK_REV+QKK_NOPE","No. da Peca + Revisao + No. Operacao","Num. Pieza + Revision + Nr.Operacion","Part Number + Revision + Operation No","S","","","S"
"QKK","3","QKK_FILIAL+QKK_PECA+QKK_REVINV+QKK_ITEM","No. da Peca + Rev Invertid + Item","Num. Pieza + Rev Invertid + Item","Part Number + Invert. Rev. + Item","S","","","S"
"QKK","4","QKK_FILIAL+QKK_CHAVE","Cod. Ligacao","Cod. Vinculo","Obs.Link Cd.","S","","","S"
"QKL","1","QKL_FILIAL+QKL_PECA+QKL_REV","No. da Peca + Revisao","Num. Pieza + Revision","Part Number + Revision","S","","","S"
"QKL","2","QKL_FILIAL+QKL_PECA+QKL_REVINV","No. da Peca + Rev Invertid","Num. Pieza + Rev Invertid","Part Number + Invert. Rev.","S","","","S"
"QKM","1","QKM_FILIAL+QKM_PECA+QKM_REV+QKM_ITEM","No. da Peca + Revisao + Item","Num.Repuesto + Revision + Item","Part Number + Revision + Item","S","","","S"
"QKM","2","QKM_FILIAL+QKM_PECA+QKM_REVINV+QKM_ITEM","No. da Peca + Rev Invertid + Item","Num.Repuesto + Rev Invertid + Item","Part Number + Invert. Rev. + Item","S","","","S"
"QKN","1","QKN_FILIAL+QKN_PECA+QKN_REV+QKN_ITEM","No. da Peca + Revisao + Item","Nº Repuesto + Revision + Item","Part Number + Revision + Item","S","","","S"
"QKN","2","QKN_FILIAL+QKN_PECA+QKN_REVINV+QKN_ITEM","No. da Peca + Rev Invertid + Item","Nº Repuesto + Rev Invertid + Item","Part Number + Invert. Rev. + Item","S","","","S"
"QKN","3","QKN_FILIAL+QKN_CHAVE","Cod. Ligacao","Cod. Vinculo","Obs.Link Cd.","S","","","S"
"QKN","4","QKN_FILIAL+QKN_PECA+QKN_REV+QKN_SEQ","No. da Peca + Revisao + Sequencia","Nº Repuesto + Revision + Secuencia","Part Number + Revision + Sequence","S","","","S"
"QKO","1","QKO_FILIAL+QKO_ESPEC+QKO_CHAVE+QKO_SEQ","Especie + Chave + Sequencia","Especie + Clave + Secuencia","Class + Access Code + Sequence","S","","","S"
"QKP","1","QKP_FILIAL+QKP_PECA+QKP_REV","No. da Peca + Revisao","Nro. Pieza + Revision","Part No. + Revision","S","","","S"
"QKP","2","QKP_FILIAL+QKP_PECA+QKP_REV+QKP_SEQ","No. da Peca + Revisao + Item","Nro. Pieza + Revision + Item","Part No. + Revision + Item","S","","","S"
"QKP","3","QKP_FILIAL+QKP_PECA+QKP_REV+QKP_CODATI","No. da Peca + Revisao + Cod. Ativ.","Nro. Pieza + Revision + Cod. Activ.","Part No. + Revision + Activ.Code","S","","","S"
"QKP","4","QKP_FILIAL+QKP_PECA+QKP_REVINV","No. da Peca + Rev Invertid","Nro. Pieza + Rev Invertid","Part No. + Invert. Rev.","S","","","S"
"QKP","5","QKP_FILIAL+QKP_CHAVE","Cod. Ligacao","Cod. Vinculo","Link Code","S","","","S"
"QKP","6","QKP_FILIAL+QKP_MAT+QKP_PCOMP+DTOS(QKP_DTPRA)","Matricula + % Completo + Data Prazo","Matricula + % Completo + Fecha Plazo","Regist.No. + % Complete + Term Date","S","","","S"
"QKP","7","QKP_FILIAL+QKP_PCOMP+DTOS(QKP_DTPRA)","% Completo + Data Prazo","% Completo + Fecha Plazo","% Complete + Term Date","S","","","S"
"QKQ","1","QKQ_FILIAL+QKQ_PECA+QKQ_REV+QKQ_NPERG","No. da Peca + Revisao + No. Pergunta","Num.Repuesto + Revision + Nro.Pregunta","Part Number + Revision + Question No","S","","","S"
"QKQ","2","QKQ_FILIAL+QKQ_PECA+QKQ_REVINV+QKQ_NPERG","No. da Peca + Rev Invertid + No. Pergunta","Num.Repuesto + Rev Invertid + Nro.Pregunta","Part Number + Invert. Rev. + Question No","S","","","S"
"QKQ","3","QKQ_FILIAL+QKQ_CHAVE","Cod. Ligacao","Cod.Vinculo","Link Code","S","","","S"
"QKR","1","QKR_FILIAL+QKR_PECA+QKR_REV+QKR_NPERG","No. da Peca + Revisao + No. Pergunta","Nro. Pieza + Revision + Nro.Pregunta","Part No + Revision + Question No","S","","","S"
"QKR","2","QKR_FILIAL+QKR_PECA+QKR_REVINV+QKR_NPERG","No. da Peca + Rev Invertid + No. Pergunta","Nro. Pieza + Rev Invertid + Nro.Pregunta","Part No + Inv. rev. + Question No","S","","","S"
"QKR","3","QKR_FILIAL+QKR_CHAVE","Cod. Ligacao","Cod. Vinculo","Link Code","S","","","S"
"QKS","1","QKS_FILIAL+QKS_PECA+QKS_REV+QKS_NPERG","No. da  Peca + Revisao + No. Pergunta","Nro. Pieza + Revision + Nro.Pregunta","Part Number + Revision + Question No.","S","","","S"
"QKS","2","QKS_FILIAL+QKS_PECA+QKS_REVINV+QKS_NPERG","No. da  Peca + Rev Invertid + No. Pergunta","Nro. Pieza + Rev Invertid + Nro.Pregunta","Part Number + Inv. rev. + Question No.","S","","","S"
"QKS","3","QKS_FILIAL+QKS_CHAVE","Cod. Ligacao","Cod. Vinculo","Link Code","S","","","S"
"QKT","1","QKT_FILIAL+QKT_PECA+QKT_REV+QKT_NPERG","No. da Peca + Revisao + No. Pergunta","Nro. Pieza + Revision + Nro.Pregunta","Part No. + Revision + Question No","S","","","S"
"QKT","2","QKT_FILIAL+QKT_PECA+QKT_REVINV+QKT_NPERG","No. da Peca + Rev Invertid + No. Pergunta","Nro. Pieza + Rev Invertid + Nro.Pregunta","Part No. + Inv. review + Question No","S","","","S"
"QKT","3","QKT_FILIAL+QKT_CHAVE","Cod. Ligacao","Cod. Vinculo","Link Code","S","","","S"
"QKU","1","QKU_FILIAL+QKU_PECA+QKU_REV+QKU_NPERG","No. da Peca + Revisao + No. Pergunta","Nro. Pieza + Revision + Nro.Pregunta","Part No. + Revision + Question No.","S","","","S"
"QKU","2","QKU_FILIAL+QKU_PECA+QKU_REVINV+QKU_NPERG","No. da Peca + Rev Invertid + No. Pergunta","Nro. Pieza + Rev Invertid + Nro.Pregunta","Part No. + Inv.Revision + Question No.","S","","","S"
"QKU","3","QKU_FILIAL+QKU_CHAVE","Cod. Ligacao","Cod. Vinculo","Link Code","S","","","S"
"QKV","1","QKV_FILIAL+QKV_PECA+QKV_REV+QKV_NPERG","No. da Peca + Revisao + No. Pergunta","Nro. Pieza + Revision + Nro.Pregunta","Part No. + Revision + Question No.","S","","","S"
"QKV","2","QKV_FILIAL+QKV_PECA+QKV_REVINV+QKV_NPERG","No. da Peca + Rev Invertid + No. Pergunta","Nro. Pieza + Rev Invertid + Nro.Pregunta","Part No. + Inv. rev. + Question No.","S","","","S"
"QKV","3","QKV_FILIAL+QKV_CHAVE","Cod. Ligacao","Cod. Vinculo","Link Code","S","","","S"
"QKW","1","QKW_FILIAL+QKW_PECA+QKW_REV+QKW_NPERG","No. da Peca + Revisao + No. Pergunta","Nro. Pieza + Revision + Nro.Pregunta","Part No. + Revision + Question No.","S","","","S"
"QKW","2","QKW_FILIAL+QKW_PECA+QKW_REVINV+QKW_NPERG","No. da Peca + Rev Invertid + No. Pergunta","Nro. Pieza + Rev Invertid + Nro.Pregunta","Part No. + Inv. rev. + Question No.","S","","","S"
"QKW","3","QKW_FILIAL+QKW_CHAVE","Cod. Ligacao","Cod. Vinculo","Link Code","S","","","S"
"QKX","1","QKX_FILIAL+QKX_PECA+QKX_REV+QKX_NPERG","No. da Peca + Revisao + No. Pergunta","Nro. Pieza + Revision + Nro. pregunt","Part No. + Revision + Question No","S","","","S"
"QKX","2","QKX_FILIAL+QKX_PECA+QKX_REVINV+QKX_NPERG","No. da Peca + Rev Invertid + No. Pergunta","Nro. Pieza + Rev. invert. + Nro. pregunt","Part No. + Inv. rev. + Question No","S","","","S"
"QKX","3","QKX_FILIAL+QKX_CHAVE","Cod. Ligacao","Cod. Vinculo","Link Code","S","","","S"
"QKY","1","QKY_FILIAL+QKY_PECA+QKY_REV+QKY_NQST","No. da Peca + Revisao + Item","Nro. Pieza + Revision + Item","Part No + Revision + Item","S","","","S"
"QKY","2","QKY_FILIAL+QKY_PECA+QKY_REVINV+QKY_NQST","No. da Peca + Rev Invertid + Item","Nro. Pieza + Rev Invertid + Item","Part No + Inv. rev. + Item","S","","","S"
"QKZ","1","QKZ_FILIAL+QKZ_COD","Código","Código","Code","S","","","S"
"QKZ","2","QKZ_FILIAL+QKZ_DESC","Descrição","Descripcion","Description","S","","","S"
"QKZ","3","QKZ_FILIAL+QKZ_ID","ID","ID","ID","S","","","N"
"QL0","1","QL0_FILIAL+QL0_PECA+QL0_REV","No. da Peca + Revisao","Nro. Repuest + Revision","Part No. + Revision","S","","","S"
"QL0","2","QL0_FILIAL+QL0_PECA+QL0_REVINV","No. da Peca + Rev Invertid","Nro. Repuest + Rev Invertid","Part No. + Inv.Revision","S","","","N"
"QL1","1","QL1_FILIAL+QL1_PECA+QL1_REV","No. da Peca + Revisao","No. de Pieza + Revision","Part Nr. + Revision","S","","","S"
"QL1","2","QL1_FILIAL+QL1_PECA+QL1_REVINV","No. da Peca + Rev Invertid","No. de Pieza + Rev Invertid","Part Nr. + Invert. Rev.","S","","","N"
"QL2","1","QL2_FILIAL+QL2_PECA+QL2_REV","No. da Peca + Revisao","Nro. Pieza + Revision","Part Number + Revision","S","","","S"
"QL2","2","QL2_FILIAL+QL2_PECA+QL2_REVINV","No. da Peca + Rev Invertid","Nro. Pieza + Rev Invertid","Part Number + Invert. Rev.","S","","","N"
"QL3","1","QL3_FILIAL+QL3_PECA+QL3_REV+QL3_ITEM","No. da Peca + Revisao + Item","Nro. Pieza + Revision + Item","Part Number + Revision + Item","S","","","S"
"QL3","2","QL3_FILIAL+QL3_PECA+QL3_REVINV+QL3_ITEM","No. da Peca + Rev Invertid + Item","Nro. Pieza + Rev Invertid + Item","Part Number + Invert. Rev. + Item","S","","","N"
"QL4","1","QL4_FILIAL+QL4_PECA+QL4_REV+QL4_PRODUT+QL4_REVI+DTOS(QL4_DATA)","No. Peca + Revisao + No. Produto + Revisäo + Data","No. Pieza + Revision + No. Producto + Revision + Fecha","Part Number + Revision + Prod. Number + Revision + Date","S","","","S"
"QL4","2","QL4_FILIAL+QL4_PRODUT+QL4_REVI+QL4_PECA+QL4_REV+DTOS(QL4_DATA)","No. Produto + Revisäo + No. Peca + Revisao + Data","No. Producto + Revision + No. Pieza + Revision + Fecha","Prod. Number + Revision + Part Number + Revision + Date","S","","","S"
"QL4","3","QL4_FILIAL+QL4_PECA+QL4_PRODUT+DTOS(QL4_DATA)","No. Peca + No. Produto + Data","No. Pieza + No. Producto + Fecha","Part Number + Prod. Number + Date","S","","","S"
"QL4","4","QL4_FILIAL+QL4_PRODUT+QL4_PECA+DTOS(QL4_DATA)","No. Produto + No. Peca + Data","No. Producto + No. Pieza + Fecha","Prod. Number + Part Number + Date","S","","","S"
"QL4","5","QL4_FILIAL+DTOS(QL4_DATA)","Data","Fecha","Date","S","","","S"
"QM1","1","QM1_FILIAL+QM1_TIPO+QM1_REVINV","Familia + Rev. Invert.","Familia + Rev. Invert.","Family + Inv.Revision","S","","","S"
"QM1","2","QM1_FILIAL+QM1_PROCAL","Proc.Medicao","Proced Calib","Calibr.Proc.","S","CAL","","S"
"QM1","3","QM1_FILIAL+QM1_PROUTI","Proc.Utiliz.","Proced. Uso","Usage Proced","S","UTI","","S"
"QM2","1","QM2_FILIAL+QM2_INSTR+QM2_REVINV","Instrumento + Rev.Instr.","Instrumento + Rev. Instr.","Instrument + Instrum.Rev.","S","","","S"
"QM2","2","QM2_FILIAL+QM2_TIPO+QM2_INSTR+QM2_REVINV","Familia + Instrumento + Rev.Instr.","Fam. Instr. + Instrumento + Rev. Instr.","Family + Instrument + Instrum.Rev.","S","TPI","","S"
"QM2","3","QM2_FILIAL+QM2_TIPO+QM2_INSTR+QM2_DEPTO","Familia + Instrumento + Departamento","Fam. Instr. + Instrumento + Departamento","Family + Instrument + Department","S","TPI+XXX+SI3","","S"
"QM2","4","QM2_FILIAL+QM2_TIPO+QM2_DEPTO+QM2_INSTR","Familia + Departamento + Instrumento","Fam. Instr. + Departamento + Instrumento","Family + Department + Instrument","S","TPI+SI3","","S"
"QM2","5","QM2_FILIAL+QM2_DEPTO+QM2_INSTR+QM2_REVINV","Departamento + Instrumento + Rev.Instr.","Departamento + Instrumento + Rev. Instr.","Department + Instrument + Instrum.Rev.","S","SI3","","S"
"QM2","6","QM2_FILIAL+QM2_CHAVE","Cod. Ligacao","Vinculo","Link Code","S","","","S"
"QM2","7","QM2_FILIAL+QM2_STATUS+QM2_LOCAL+QM2_ESCMAL","Status + Localizacao + Escala Malha","Estatus + Ubicacion + Escala Malla","Status + Location + Mail Scale","S","","","S"
"QM3","1","QM3_FILIAL+QM3_PADRAO+QM3_INVRPD","Padrao + Inv.Rev.Pad.","Estandar + Inv.Rev.Patr","Standard + Stan.Rev.Inv","S","","","S"
"QM4","1","QM4_FILIAL+QM4_INSTR+QM4_REVINS+DTOS(QM4_DATA)+QM4_HORA","Instrumento + Rev.Instr. + Data + Hora R&R","Instrumento + Rev. Instr. + Fecha + Hora R&R","Instrument + Instrum.Rev. + Date + Hour R&R","S","INS","","S"
"QM4","2","QM4_FILIAL+DtoS(QM4_DATA)+QM4_INSTR+QM4_REVINS","Data + Instrumento + Rev.Instr.","Fecha + Instrumento + Rev. Instr.","Date + Instrument + Instrum.Rev.","S","XXX+INS","","S"
"QM4","3","QM4_FILIAL+QM4_PECA1+QM4_REV+QM4_CARAC+DTOS(QM4_DATA)+QM4_HORA","No. da Peca + QM4_REV+Caracterist. + Data + Hora R&R","Nro. Pieza + QM4_REV+Caracterist. + Fecha + Hora R&R","Part No. + QM4_REV+Character. + Date + Hour R&R","S","","","S"
"QM4","4","QM4_FILIAL+QM4_PECA1+QM4_REVINV+QM4_CARAC+DTOS(QM4_DATA)+QM4_HORA","No. da Peca + Rev Invertid + Caracterist. + Data + Hora R&R","Nro. Pieza + Rev Invertid + Caracterist. + Fecha + Hora R&R","Part No. + Invert. Rev. + Character. + Date + Hour R&R","S","","","S"
"QM5","1","QM5_FILIAL+QM5_INSTR+QM5_REVINS+DTOS(QM5_DATA)+QM5_ENSR+STR(QM5_CICLO,2)+STR(QM5_PECA,2)+QM5_HORA","Cod.Instr. + Rev.Instr. + Data + Ensaiador + Num.do Ciclo + Num.da Pec","Instrumento + Rev. Instr. + Fecha + Ensayador + Nr.del Ciclo + Nr. de","Instrum.Code + Instrum.Rev. + Date + Tester + Cycle Number + Part Numb","S","","","S"
"QM5","2","QM5_FILIAL+QM5_PECA1+QM5_REV+QM5_CARAC+DTOS(QM5_DATA)+QM5_ENSR+STR(QM5_CICLO,2)+STR(QM5_PECA,2)+QM5_HORA","No. da Peca + QM5_REV+Caracterist. + Data + Ensaiador + Num.do Ciclo +","Nro. Pieza + QM5_REV+Caracterist. + Fecha + Ensayador + Nr.del Ciclo +","Part No. + QM5_REV+Feature + Date + Tester + Cycle Number + Part Numbe","S","","","S"
"QM5","3","QM5_FILIAL+QM5_PECA1+QM5_REVINV+QM5_CARAC+DTOS(QM5_DATA)+QM5_ENSR+STR(QM5_CICLO,2)+STR(QM5_PECA,2)+QM5_HORA","No. da Peca + Rev Invertid + Caracterist. + Data + Ensaiador + Num.do","Nro. Pieza + Rev Invertid + Caracterist. + Fecha + Ensayador + Nr.del","Part No. + Invert. Rev. + Feature + Date + Tester + Cycle Number + Par","S","","","S"
"QM6","1","QM6_FILIAL+QM6_INSTR+QM6_REVINS+dtos(QM6_DATA)+QM6_CSEQ","Instrumento + Rev.Instr. + Data + Sequencia","Instrumento + Rev. Instr. + Fecha + Secuencia","Instrument + Instrum.Rev. + Date + Sequence","S","INS","","S"
"QM6","2","QM6_FILIAL+QM6_INSTR+QM6_REVINS+QM6_DATINV+QM6_INVSEQ","Instrumento + Rev.Instr. + Data Invert. + Rev. Invert.","Instrumento + Rev. Instr. + Fch  Invert + Rev. Invert.","Instrument + Instrum.Rev. + Invert. Date + Inv.Revision","S","INS","","S"
"QM6","3","QM6_FILIAL+QM6_CHAVE","Cod. Ligacao","Vinculo","Link Code","S","","","S"
"QM6","4","QM6_FILIAL+QM6_INSTR+QM6_REVINV+QM6_DATINV+QM6_INVSEQ","Instrumento + Rev.Invert. + Data Invert. + Rev. Invert.","Instrumento + Rev. Invert. + Fch  Invert + Rev. Invert.","Instrument + Inv. rev. + Invert. Date + Inv.Revision","S","","","S"
"QM7","1","QM7_FILIAL+QM7_INSTR+QM7_REVINS+DtoS(QM7_DATA)+QM7_CSEQ+QM7_ESCALA+QM7_REVESC+QM7_PONTO+QM7_REVPAD","Instrumento + Rev.Instr. + Data + Sequencia + Faixa + Rev.Faixa + Pont","Instrumento + Rev. Instr. + Fecha + Secuencia + Escala + Rev. Escala +","Instrument + Instrum.Rev. + Date + Sequence + Range + Range Revis. + P","S","","","S"
"QM7","2","QM7_FILIAL+QM7_ESCALA+QM7_REVESC+QM7_PONTO+QM7_REVPAD","Faixa + Rev.Faixa + Ponto/Faixa + Rev.Padrao","Escala + Rev. Escala + Punto/Banda + Rev. Estand.","Range + Range Revis. + Point/Range + Stand. Rev.","S","","","S"
"QM7","3","QM7_FILIAL+QM7_INSTR+QM7_REVINS+QM7_PONTO+QM7_REVPAD","Instrumento + Rev.Instr. + Ponto/Faixa + Rev.Padrao","Instrumento + Rev. Instr. + Punto/Banda + Rev. Estand.","Instrument + Instrum.Rev. + Point/Range + Stand. Rev.","S","","","S"
"QM7","4","QM7_FILIAL+QM7_CHAVE","Cod. Ligacao","Vinculo","Link Code","S","","","S"
"QM7","5","QM7_FILIAL+QM7_INSTR+QM7_ESCALA","Instrumento + Faixa","Instrumento + Escala","Instrument + Range","S","","","S"
"QM8","1","QM8_FILIAL+QM8_INSTR+QM8_REVINS+DtoS(QM8_DATA)+QM8_CSEQ+QM8_ESCALA+QM8_REVESC+QM8_PADRAO+QM8_REVPAD+QM8_NUMMED","Instrumento + Rev.Instr. + Data + Sequencia + Faixa + Rev.Faixa + Pont","Instrumento + Rev. Instr. + Fecha + Secuencia + Intervalo + Rev. Escal","Instrument + Instrum.Rev. + Date + Sequence + Range + Range Revis. + P","S","","","S"
"QM8","2","QM8_FILIAL+QM8_INSTR+QM8_REVINS+QM8_ESCALA+QM8_PADRAO+DTOS(QM8_DATA)+QM8_CSEQ","Instrumento + Rev.Instr. + Faixa + Ponto/Padrao + Data + Sequencia","Instrumento + Rev. Instr. + Intervalo + Punto/Estand + Fecha + Secuenc","Instrument + Instrum.Rev. + Range + Point/Stand. + Date + Sequence","S","","","S"
"QM9","1","QM9_FILIAL+QM9_ESCALA+QM9_REVINV","Faixa + Rev. Invert.","Intervalo + Rev. Invert.","Range + Inv.Revision","S","","","S"
"QMA","1","QMA_FILIAL+QMA_ESCALA+QMA_REVESC+QMA_FAIXA+QMA_PADRAO","Faixa + Rev.Escala + Faixa/Ponto + Padrao","Intervalo + Rev. Escala + Intervalo + Estandar","Range + Scale Revis. + Range + Standard","S","XXX+XXX+XXX+QM3","","S"
"QMA","2","QMA_FILIAL+QMA_PADRAO+QMA_ESCALA","Padrao + Faixa","Estandar + Intervalo","Standard + Range","S","QM3","","S"
"QMB","1","QMB_FILIAL+QMB_COD+QMB_ITEM","Cod.Ord.Serv + Item","Cod.Ord.Serv + Item","Ser.Or.Cd. + Item","S","","","S"
"QMC","1","QMC_FILIAL+QMC_ESCALA+QMC_REVINV+QMC_PADRAO","Faixa + Rev.Invert. + Ponto","Escala + Rev. Invert. + Punto","Range + Invert. Rev. + Point","S","XXX+XXX+QM3","","S"
"QMC","2","QMC_FILIAL+QMC_PADRAO+QMC_ESCALA","Ponto + Faixa","Punto + Escala","Point + Range","S","QM3","","S"
"QMD","1","QMD_FILIAL+QMD_INSTR+QMD_REVINS+DTOS(QMD_VALDAF)","Instrumento + Rev.Instr. + Val.Calib.","Instrumento + Rev. Instr. + Valdz Calib.","Instrument + Instrum.Rev. + Calibr.Valid","S","","","S"
"QME","1","QME_FILIAL+QME_INSTR+QME_REVINS+dtos(QME_DATA)","Instrumento + Rev.Instr. + Data","Instrumento + Rev. Instr. + Fecha","Instrument + Instrum.Rev. + Date","S","INS","","S"
"QME","2","QME_FILIAL+QME_CHAVE","Cod. Ligacao","Vinculo","Link Code","S","","","S"
"QMF","1","QMF_FILIAL+QMF_DIAS","Dias","Dias","Days","S","","","S"
"QMG","1","QMG_FILIAL+QMG_INSTR+QMG_REVINS+QMG_PONTO","Instrumento + Rev.Instr. + Ponto","Instrumento + Rev. Instr. + Punto","Instrument + Instrum.Rev. + Point","S","","","S"
"QMH","1","QMH_FILIAL+QMH_ESCALA+QMH_PADSEC","Faixa + Pad.Secund.","Intervalo + Estand.Sec.","Range + Second. Type","S","XXX+TIP","","S"
"QMI","1","QMI_FILIAL+QMI_INSTR+QMI_REVINS+DtoS(QMI_DATA)+QMI_CSEQ+QMI_ESCALA+QMI_PONTO+QMI_INSUT","Instrumento + Rev.Instr. + Data + Sequencia + Faixa + Padrao/Ponto + I","Instrumento + Rev. Instr. + Fecha + Secuencia + Intervalo + Punto + In","Instrument + Instrum.Rev. + Date + Sequence + Range + Point + Instr.Us","S","QM2+XXX+XXX+XXX+XXX+INS","","S"
"QMI","2","QMI_FILIAL+QMI_INSUT+QMI_INSTR+QMI_REVINS+DTOS(QMI_DATA)","Instrum.Util + Instrumento + Rev.Instr. + Data","Instr. Usado + Instrumento + Rev. Instr. + Fecha","Instr.Used + Instrument + Instrum.Rev. + Date","S","","","S"
"QMI","3","QMI_FILIAL+QMI_INSTR+QMI_REVINV","Instrumento + Rev.Invert.","Instrumento + Rev.Invert.","Instrument + Inv. Rev.","S","","","S"
"QMJ","1","QMJ_FILIAL+QMJ_INSTR+QMJ_REVINS+dtos(QMJ_DATA)+QMJ_CSEQ+QMJ_ESCALA+QMJ_PONTO+QMJ_NAOCON","Instrumento + Rev.Instr. + Data da N.C. + Sequencia + Faixa + Padrao/P","Instrumento + Rev. Instr. + Fecha N. C. + Secuencia + Intervalo + Punt","Instrument + Instrum.Rev. + Date of NC + Sequence + Range + Point + NC","S","XXX+XXX+XXX+XXX+XXX+SAG","","S"
"QMK","1","QMK_FILIAL+QMK_TIPO+QMK_REVINV+QMK_ESCALA","Família + Rev.Invert. + Faixa","Família + Rev. Invert. + Escala","Family + Invert. Rev. + Range","S","XXX+XXX+QM9","","S"
"QMK","2","QMK_FILIAL+QMK_ESCALA","Faixa","Escala","Range","S","QM9","","S"
"QML","1","QML_FILIAL+QML_INSTR+QML_REVINS+QML_FLAGB","Instrumento + Rev.Instr. + Flag Baixa","Instrumento + Rev. Instr. + Flag Cancel.","Instrument + Instrum.Rev. + W. Off Flag","S","","","S"
"QML","2","QML_FILIAL+QML_INSTR+QML_REVINS+DTOS(QML_DTRET)","Instrumento + Rev.Instr. + Data Saida","Instrumento + Rev. Instr. + Fch Salida","Instrument + Instrum.Rev. + Exit Date","S","","","S"
"QMM","1","QMM_FILIAL+QMM_INSTR+QMM_REVINS+DtoS(QMM_DATA)","Instrumento + Rev.Instr. + Data","Instrumento + Rev. Instr. + Fecha","Instrument + Instrum.Rev. + Date","S","","","S"
"QMN","1","QMN_FILIAL+QMN_ATE","Ate","Hasta","To","S","","","S"
"QMO","1","QMO_FILIAL+QMO_COD","Codigo Lab.","Laboratorio","Lab.Code","S","","","S"
"QMO","2","QMO_FILIAL+QMO_EMPR","Empresa","Empresa","Company","S","","","S"
"QMP","1","QMP_FILIAL+QMP_STATUS","Status","Estatus","Status","S","","","S"
"QMQ","1","QMQ_FILIAL+QMQ_ESCALA+QMQ_REVESC","Faixa + Rev.Faixa","Escala + Rev. Escala","Range + Range Rev.","S","","","S"
"QMR","1","QMR_FILIAL+QMR_INSTR+QMR_REVINS+QMR_ESCALA","Instrumento + Rev.Instr. + Faixa","Instrumento + Rev. Instr. + Escala","Instrument + Instrum.Rev. + Range","S","","","S"
"QMS","1","QMS_FILIAL+QMS_INSTR+QMS_REVINS+DTOS(QMS_DATA)+QMS_ESCALA+QMS_PONTO+QMS_PADSEC+QMS_ESCPAD+QMS_CSEQ","Instrumento + Rev.Instr. + Data + Faixa + Padrao/Ponto + Pad.Secund. +","Instrumento + Rev. Instr. + Fecha + Escala + Punto + Estand.Sec. + Int","Instrument + Instrum.Rev. + Date + Range + Point + Second. Type + Rang","S","XXX+XXX+XXX+XXX+XXX+PSE","","S"
"QMS","2","QMS_FILIAL+QMS_PADSEC+QMS_INSTR+QMS_REVINS+DTOS(QMS_DATA)","Pad.Secund. + Instrumento + Rev.Instr. + Data","Estand.Sec. + Instrumento + Rev. Instr. + Fecha","Second. Type + Instrument + Instrum.Rev. + Date","S","PSE","","S"
"QMS","3","QMS_FILIAL+QMS_INSTR+QMS_REVINV","Instrumento + Rev.Invertid","Instrumento + Rev.Invertid","Instrument + Inverted Rev","S","","","N"
"QMT","1","QMT_FILIAL+QMT_INSTR+QMT_REVINS+DTOS(QMT_DATA)+QMT_CSEQ+QMT_ESCALA+QMT_REVESC+QMT_PONTO","Instrumento + Rev.Instr. + Data + Sequencia + Faixa + Rev.Faixa + Pont","Instrumento + Rev. Instr. + Fecha + Secuencia + Escala + Rev. Escala +","Instrument + Instrum.Rev. + Date + Sequence + Range + Range Revis. + P","S","","","S"
"QMU","1","QMU_FILIAL+QMU_INSTR+QMU_REVINS+DTOS(QMU_DATA)+QMU_REFER+QMU_ITEM","Instrumento + Revisao + Dt.Ensaio + Vl.Refer. + Item","Instrumento + Revision + Fch Ensayo + Vlr.Referen. + Item","Instrument + Revision + Test Date + Ref. Value + Item","S","XXX+QM2","","S"
"QMV","1","QMV_FILIAL+QMV_CODINC","Cod.Incertez","Cod. Incert.","Uncertainty","S","","","S"
"QMW","1","QMW_FILIAL+QMW_TIPO+QMW_REVINV+QMW_CODINC","Família + Rev.Inv.Fam. + Cod.Incertez","Grupo + Rev. Inv.Fam + Incertidumb.","Family + Rev.Inv.Fam. + Uncertainty","S","XXX+XXX+QMV","","S"
"QMX","1","QMX_FILIAL+QMX_INSTR+QMX_REVINS+DTOS(QMX_DATA)+QMX_CSEQ+QMX_ESCALA+QMX_PONTO+QMX_CODINC","Instrumento + Rev.Instr. + Data + Sequencia + Faixa + Padrao/Ponto + C","Instrumento + Rev. Instr. + Fecha + Secuencia + Escala + Punto + Incer","Instrument + Instr. Rev. + Date + Sequence + Range + Stan./Point + Unc","S","","","S"
"QMY","1","QMY_FILIAL+QMY_INSTR+QMY_REVINS+QMY_ESCALA+QMY_PONTO+QMY_ESCPAD+QMY_PADSEC","Instrumento + Rev.Instr. + Faixa + Padrao/Ponto + Faixa + Pad.Secund.","Instrumento + Rev. Instr. + Escala + Punto + Escala + Estand.Sec.","Instrument + Instrum.Rev. + Range + Stan./Point + Range + Second. Type","S","","","S"
"QMY","2","QMY_FILIAL+QMY_INSTR+QMY_REVINS+DTOS(QMY_DATA)+QMY_ESCALA+QMY_PONTO+QMY_ESCPAD+QMY_PADSEC","Instrumento + Rev.Instr. + Data + Faixa + Padrao/Ponto + Faixa + Pad.S","Instrumento + Rev. Instr. + Fecha + Escala + Punto + Escala + Estand.S","Instrument + Instrum.Rev. + Date + Range + Stan./Point + Range + Secon","S","","","S"
"QMZ","1","QMZ_FILIAL+QMZ_COD","Cod.Ord.Serv","Cod.Ord.Serv","S.O. Code","S","","","S"
"QMZ","2","QMZ_FILIAL+QMZ_ANO+QMZ_COD","Ano + Cod.Ord.Serv","Ano + Cod.Ord.Serv","Year + S.O. Code","S","","","N"
"QP1","1","QP1_FILIAL+QP1_ENSAIO","Ensaio","Ensayo","Test","S","","","S"
"QP1","2","QP1_FILIAL+QP1_CHAVE","Cod. Ligacao","Vinculo","Link Code","S","","","S"
"QP2","1","QP2_FILIAL+QP2_ENSAIO+QP2_NAOCON","Ensaio + Nao-Conform.","Ensayo + No Conform.","Test + Non-Conform.","S","XXX+SAG","","S"
"QP2","2","QP2_FILIAL+QP2_NAOCON","Nao-Conform.","No Conform.","Non-Conform.","S","SAG","","S"
"QP3","1","QP3_FILIAL+QP3_GRUPO","Grupo Prod.","Grupo Prod.","Product Gr.","S","","","S"
"QP3","2","QP3_FILIAL+QP3_EQUIPE+QP3_GRUPO","Cod. Equipe + Grupo Prod.","Equipo + Grupo Prod.","Team Code + Product Gr.","S","QP4","","S"
"QP4","1","QP4_FILIAL+QP4_EQUIPE","Cod. Equipe","Equipo","Team Code","S","","","S"
"QP5","1","QP5_FILIAL+QP5_EQUIPE+QP5_RESPON","Cod. Equipe + Responsavel","Equipo + Responsable","Team Code + Responsible","S","XXX+SRA","","S"
"QP5","2","QP5_FILIAL+QP5_RESPON","Responsavel","Responsable","Responsible","S","SRA","","S"
"QP6","1","QP6_FILIAL+QP6_PRODUT+QP6_REVINV","Produto + Revisao Inv.","Producto + Rev. Invert.","Product + Inver.Revis.","S","SB1","","S"
"QP6","2","QP6_FILIAL+QP6_PRODUT+QP6_REVI+QP6_CODREC","Produto + QP6_REVI+Roteiro","Producto + QP6_REVI+Recurso","Product + QP6_REVI+Route","S","SB1","","S"
"QP6","3","QP6_FILIAL+QP6_PRODUT+QP6_REVI+QP6_CODREC+QP6_GRUPO+QP6_REVIGR","Produto + QP6_REVI+Roteiro + Grupo Produt + Rev Grupo","Producto + QP6_REVI+Recurso + Grupo Produc + Rev. Grupo","Product + QP6_REVI+Route + Prod.Group + Grp.Revision","S","","","N"
"QP6","4","QP6_FILIAL+QP6_GRUPO+QP6_REVIGR+QP6_PRODUT+QP6_REVI+QP6_CODREC","Grupo Produt + Rev Grupo + Produto + QP6_REVI+Roteiro","Grupo Produc + Rev. Grupo + Producto + QP6_REVI+Recurso","Prod.Group + Grp.Revision + Product + QP6_REVI+Route","S","","","N"
"QP7","1","QP7_FILIAL+QP7_PRODUT+QP7_REVI+QP7_CODREC+QP7_OPERAC+QP7_ENSAIO","Produto + Revisao + Codigo + Operacao + Ensaio","Producto + Revision + Codigo + Operacion + Ensayo","Product + Revision + Code + Operation + Test","S","QP6+QP6+XXX+XXX+QP1","","S"
"QP7","2","QP7_FILIAL+QP7_PRODUT+QP7_REVI+QP7_NIVEL","Produto + Revisao + Caracterist.","Producto + Revision + Caracterist.","Product + Revision + Feature","S","QP6+QP6+Q6","","S"
"QP7","3","QP7_FILIAL+QP7_ENSAIO+QP7_PRODUT+QP7_REVI","Ensaio + Produto + Revisao","Ensayo + Producto + Revision","Test + Product + Revision","S","QP1+QP6+QP6","","S"
"QP7","4","QP7_FILIAL+QP7_PRODUT+QP7_REVI+QP7_LABOR+QP7_SEQLAB","Produto + Revisao + Laboratorio + Seq. Labor.","Producto + Revision + Laboratorio + Sec. Labor.","Product + Revision + Laboratory + Lab Seq.","S","QP6+QP6+Q2","","S"
"QP7","5","QP7_FILIAL+QP7_PRODUT+QP7_REVI+QP7_OPERAC+QP7_LABOR+QP7_SEQLAB","Produto + Revisao + Operacao + Laboratorio + Seq. Labor.","Producto + Revision + Operacion + Laboratorio + Sec. Labor.","Product + Revision + Operation + Laboratory + Lab Seq.","S","","","S"
"QP7","6","QP7_FILIAL+QP7_PRODUT+QP7_REVI+QP7_CODREC+QP7_OPERAC+QP7_ENSAIO+QP7_GRUPO+QP7_REVIGR","Produto + Revisao + Codigo + Operacao + Ensaio + Grupo Produt + Revisa","Producto + Revision + Codigo + Operacion + Ensayo + Grupo Produc + Rev","Product + Revision + Code + Operation + Test + Prod.Group + Grp.Revisi","S","","","N"
"QP7","7","QP7_FILIAL+QP7_GRUPO+QP7_REVIGR+QP7_PRODUT+QP7_REVI+QP7_CODREC+QP7_OPERAC+QP7_ENSAIO","Grupo Produt + Revisao Grup + Produto + Revisao + Codigo + Operacao +","Grupo Produc + Revis. Grupo + Producto + Revision + Codigo + Operacion","Prod.Group + Grp.Revision + Product + Revision + Code + Operation + Te","S","","","N"
"QP8","1","QP8_FILIAL+QP8_PRODUT+QP8_REVI+QP8_CODREC+QP8_OPERAC+QP8_ENSAIO","Produto + Revisao + Codigo + Operacao + Ensaio","Producto + Revision + Codigo + Operacion + Ensayo","Product + Revision + Code + Operation + Test","S","QP6+QP6+XXX+XXX+QP1","","S"
"QP8","2","QP8_FILIAL+QP8_PRODUT+QP8_REVI+QP8_NIVEL","Produto + Revisao + Caracterist.","Producto + Revision + Caracterist.","Product + Revision + Feature","S","QP6+QP6+Q6","","S"
"QP8","3","QP8_FILIAL+QP8_ENSAIO+QP8_PRODUT+QP8_REVI","Ensaio + Produto + Revisao","Ensayo + Producto + Revision","Test + Product + Revision","S","QP1+QP6+QP6","","S"
"QP8","4","QP8_FILIAL+QP8_PRODUT+QP8_REVI+QP8_LABOR+QP8_SEQLAB","Produto + Revisao + Laboratorio + Seq. Labor.","Producto + Revision + Laboratorio + Sec. Labor.","Product + Revision + Laboratory + Lab Seq.","S","QP6+QP6+Q2","","S"
"QP8","5","QP8_FILIAL+QP8_PRODUT+QP8_REVI+QP8_OPERAC+QP8_LABOR+QP8_SEQLAB","Produto + Revisao + Operacao + Laboratorio + Seq. Labor.","Producto + Revision + Operacion + Laboratorio + Sec. Labor.","Product + Revision + Operation + Laboratory + Lab Seq.","S","","","S"
"QP8","6","QP8_FILIAL+QP8_PRODUT+QP8_REVI+QP8_CODREC+QP8_OPERAC+QP8_ENSAIO+QP8_GRUPO+QP8_REVIGR","Produto + Revisao + Codigo + Operacao + Ensaio + Grupo Produt + Revisa","Producto + Revision + Codigo + Operacion + Ensayo + Grupo Produc + Rev","Product + Revision + Code + Operation + Test + Prod.Group + Grp.Revisi","S","","","N"
"QP8","7","QP8_FILIAL+QP8_GRUPO+QP8_REVIGR+QP8_PRODUT+QP8_REVI+QP8_CODREC+QP8_OPERAC+QP8_ENSAIO","Grupo Produt + Revisao Grup + Produto + Revisao + Codigo + Operacao +","Grupo Produc + Revis. Grupo + Producto + Revision + Codigo + Operacion","Prod.Group + Grp.Revision + Product + Revision + Code + Operation + Te","S","","","N"
"QP9","1","QP9_FILIAL+QP9_PRODUT+QP9_REVI+QP9_ENSAIO+QP9_NAOCON","Produto + Revisao + Ensaio + Nao-Conform.","Producto + Revision + Ensayo + No Conform.","Product + Revision + Test + Non-Conform.","S","QP6+QP6+QP1+SAG","","S"
"QP9","2","QP9_FILIAL+QP9_NAOCON","Nao-Conform.","No Conform.","Non-Conform.","S","SAG","","S"
"QP9","3","QP9_FILIAL+QP9_PRODUT+QP9_REVI+QP9_ROTEIR+QP9_OPERAC+QP9_ENSAIO+QP9_NAOCON","Produto + Revisao + Cod.Roteiro + Operacao + Ensaio + Nao-Conform.","Producto + Revision + Cod.Proced. + Operacion + Ensayo + No Conform.","Product + Revision + Circ.Code + Operation + Test + Non-Conform.","S","","","S"
"QP9","4","QP9_FILIAL+QP9_PRODUT+QP9_REVI+QP9_ROTEIR+QP9_OPERAC+QP9_ENSAIO+QP9_NAOCON+QP9_GRUPO+QP9_REVIGR","Produto + Revisao + Cod.Roteiro + Operacao + Ensaio + Nao-Conform. + G","Producto + Revision + Cod.Proced. + Operacion + Ensayo + No Conform. +","Product + Revision + Circ.Code + Operation + Test + Non-Conform. + Pro","S","","","N"
"QP9","5","QP9_FILIAL+QP9_GRUPO+QP9_REVIGR+QP9_PRODUT+QP9_REVI+QP9_ROTEIR+QP9_OPERAC+QP9_ENSAIO+QP9_NAOCON","Grupo Produt + Revisao Grup + Produto + Revisao + Cod.Roteiro + Operac","Grupo Produc + Revis. Grupo + Producto + Revision + Cod.Proced. + Oper","Prod.Group + Grp.Revision + Product + Revision + Circ.Code + Operation","S","","","N"
"QPA","1","QPA_FILIAL+QPA_GRUPO+QPA_PRODUT","Grupo Prod. + Produto","Grupo Prod. + Producto","Prod. Group + Product","S","QP3+QP6","","S"
"QPA","2","QPA_FILIAL+QPA_PRODUT+QPA_GRUPO","Produto + Grupo Prod.","Producto + Grupo Prod.","Product + Prod. Group","S","QP6+QP3","","S"
"QPB","1","QPB_FILIAL+QPB_PRODUT","Produto","Producto","Product","S","QP6","","S"
"QPC","1","QPC_FILIAL+QPC_PRODUT+QPC_TOPICO","Produto + Topico","Producto + Topico","Product + Topic","S","QP6+Q3","","S"
"QPC","2","QPC_FILIAL+QPC_CHAVE","Cod. Ligacao","Vinculo","Link Code","S","","","S"
"QPD","1","QPD_FILIAL+QPD_CODFAT","Cod. Fator","Factor","Factor Code","S","","","S"
"QPE","1","QPE_FILIAL+QPE_CLASSE","Classe N.C.","Clase de NC","NC Type","S","","","S"
"QPF","1","QPF_FILIAL+QPF_SKPLOT","Skip-Lote","Skip-Lote","Skip-Lot","S","","","S"
"QPF","2","QPF_FILIAL+QPF_UNSKLT+STR(QPF_QTDE,4)","Unid.Sk.Lote + Frequencia","Unid.Sk.Lote + Frecuencia","Skip-Lot Un. + Frequency","S","","","S"
"QPF","3","QPF_FILIAL+QPF_UNSKLT+QPF_QTDINV","Unid.Sk.Lote + Qtde. Invert","Unid.Sk.Lote + Cant.Invert.","Skip-Lot Un. + Inverted Qty","S","","","S"
"QPG","1","QPG_FILIAL+QPG_SITU","Situacao","Situacion","Status","S","","","S"
"QPG","2","QPG_FILIAL+STR(QPG_IQP_S,6,2)","IQP Superior","ICP Superior","Superior PQI","S","","","S"
"QPH","1","QPH_FILIAL+QPH_PRODUT+QPH_CODREC+QPH_OPERAC+QPH_ENSAIO","Produto + Cod.Recurso + Seq.Operacao + Ensaio","Producto + Recurso + Sec.Operac. + Ensayo","Product + Resource Cod + Operat.Seq. + Test","S","","","S"
"QPH","2","QPH_FILIAL+QPH_PRODUT+QPH_ENSAIO","Produto + Ensaio","Producto + Ensayo","Product + Test","S","","","S"
"QPH","3","QPH_FILIAL+QPH_CHAVE","Cod. Ligacao","Cod. Vinculo","Link Code","S","","","S"
"QPI","1","QPI_FILIAL+QPI_GRUPO+QPI_CODREC+QPI_OPERAC+QPI_ENSAIO","Grupo Prod. + Cod.Recurso + Seq.Operacao + Ensaio","Grupo Prod. + Cod. Recurso + Sec.Operac. + Ensayo","Product Gr. + Resource Cod + Operat.Seq. + Test","S","","","S"
"QPI","2","QPI_FILIAL+QPI_GRUPO+QPI_ENSAIO","Grupo Prod. + Ensaio","Grupo Prod. + Ensayo","Product Gr. + Test","S","","","S"
"QPI","3","QPI_FILIAL+QPI_CHAVE","Cod. Ligacao","Cod. Vinculo","Link Code","S","","","S"
"QPK","1","QPK_FILIAL+QPK_OP+QPK_LOTE+QPK_NUMSER+QPK_PRODUT+QPK_REVI","Ordem Produc + Lote + Num de Serie + Produto + Revisao","Orden Produc + Lote + Num de Serie + Producto + Revision","Prod. Order + Lot Number + Series Num. + Prod. Code + Prod. Rev.","S","","","S"
"QPK","2","QPK_FILIAL+QPK_PRODUT+DTOS(QPK_EMISSA)","Produto + Dta Emissao","Producto + Fecha","Prod. Code + Issue Date","S","","","S"
"QPL","1","QPL_FILIAL+QPL_OP+QPL_OPERAC+QPL_LABOR","Ordem Produc + Operacao + Laboratorio","Orden Prod. + Operacion + Laboratorio","Prod. Order + Operation + Laboratory","S","XXX+XXX+Q2","","S"
"QPL","2","QPL_FILIAL+QPL_OP+QPL_LOTE+QPL_OPERAC+QPL_LABOR","Ordem Produc + Lote + Operacao + Laboratorio","Orden Prod. + Lote + Operacion + Laboratorio","Prod. Order + Lot + Operation + Laboratory","S","","","S"
"QPL","3","QPL_FILIAL+QPL_OP+QPL_LOTE+QPL_NUMSER+QPL_ROTEIR+QPL_OPERAC+QPL_LABOR","Ordem Produc + Lote + Num.Serie + Roteiro + Operacao + Laboratorio","Orden Prod. + Lote + Num.Serie + Procedim. + Operacion + Laboratorio","Prod. Order + Lot + Series Nr. + Routine + Operation + Laboratory","S","","","N"
"QPM","1","QPM_FILIAL+QPM_OP+QPM_OPERAC+QPM_LABOR","Ordem Produc + Operacao + Laboratorio","Orden Prod. + Operacion + Laboratorio","Order Prod. + Operation + Laboratory","S","XXX+XXX+Q2","","S"
"QPM","2","QPM_FILIAL+QPM_OP+QPM_LOTE+QPM_OPERAC+QPM_LABOR","Ordem Produc + Lote + Operacao + Laboratorio","Orden Prod. + Lote + Operacion + Laboratorio","Order Prod. + Lot + Operation + Laboratory","S","","","S"
"QPM","3","QPM_FILIAL+QPM_OP+QPM_LOTE+QPM_NUMSER+QPM_ROTEIR+QPM_OPERAC+QPM_LABOR","Ordem Produc + Lote + Num. Serie + Roteiro + Operacao + Laboratorio","Orden Prod. + Lote + Num. Serie + Proced. Prod + Operacion + Laborator","Order Prod. + Lot + Series Nr. + Routine + Operation + Laboratory","S","","","S"
"QPN","1","QPN_FILIAL+QPN_PRODUT+QPN_CODREC+QPN_OPERAC+QPN_ENSAIO","Produto + Cod.Recurso + Seq.Operacao + Ensaio","Producto + Recurso + Sec.Operac. + Ensayo","Product + Resource Cod + Operat.Seq. + Test","S","","","S"
"QPN","2","QPN_FILIAL+QPN_PRODUT+QPN_ENSAIO","Produto + Ensaio","Producto + Ensayo","Product + Test","S","","","S"
"QPO","1","QPO_FILIAL+QPO_GRUPO+QPO_CODREC+QPO_OPERAC+QPO_ENSAIO","Grupo Prod. + Cod. Recurso + Seq.Operacao + Ensaio","Grupo Prod. + Recurso + Sec.Operac. + Ensayo","Product Gr. + Resource Cd. + Operat.Seq. + Test","S","","","S"
"QPO","2","QPO_FILIAL+QPO_GRUPO+QPO_ENSAIO","Grupo Prod. + Ensaio","Grupo Prod. + Ensayo","Product Gr. + Test","S","","","S"
"QPQ","1","QPQ_FILIAL+QPQ_CODMED","Cod. Medicao","Cod.Medicion","Measurem.Cod","S","","","S"
"QPR","1","QPR_FILIAL+QPR_OP+QPR_OPERAC+QPR_LABOR+QPR_ENSAIO+DTOS(QPR_DTMEDI)+QPR_HRMEDI+STR(QPR_AMOSTR,1)","Ordem Produc + Operacao + Laboratorio + Ensaio + Data Medicao + Hora M","Orden Prod. + Operacion + Laboratorio + Ensayo + Fch  Medida + Hora Me","Prod. Order + Operation + Laboratory + Test + Measurem.Dt. + Measur. H","S","XXX+XXX+Q2","","S"
"QPR","2","QPR_FILIAL+QPR_ENSAIO","Ensaio","Ensayo","Test","S","","","S"
"QPR","3","QPR_FILIAL+QPR_MBROWS+QPR_OP+QPR_OPERAC","MBrowse + Ordem Produc + Operacao","MBrowse + Orden Prod. + Operacion","MBrowse + Prod. Order + Operation","S","","","S"
"QPR","4","QPR_FILIAL+QPR_CHAVE","Chave Lig.","Clave Vinc.","Linking Key","S","","","S"
"QPR","5","QPR_FILIAL+QPR_PRODUT+QPR_REVI+QPR_OP+QPR_OPERAC+QPR_LABOR+QPR_ENSAIO+DTOS(QPR_DTMEDI)+QPR_HRMEDI+STR(QPR_AMOSTR,1)","Produto + Revisao + Ordem Produc + Operacao + Laboratorio + Ensaio + D","Producto + Revision + Orden Prod. + Operacion + Laboratorio + Ensayo +","Product + Revision + Prod. Order + Operation + Laboratory + Test + Mea","S","QP6+QP6+XXX+XXX+Q2","","S"
"QPR","6","QPR_FILIAL+QPR_PRODUT+QPR_REVI+DTOS(QPR_DTENTR)+QPR_LOTE+QPR_OPERAC+QPR_LABOR","Produto + Revisao + Data Produc. + Lote + Operacao + Laboratorio","Producto + Revision + Fch.Producc. + Lote + Operacion + Laboratorio","Product + Revision + Produc.Date + Lot + Operation + Laboratory","S","QP6+QP6+XXX+QPK+XXX+Q2","","S"
"QPR","7","QPR_FILIAL+QPR_LOTE","Lote","Lote","Lot","S","QPK","","S"
"QPR","8","QPR_FILIAL+QPR_OP+QPR_LOTE+QPR_OPERAC+QPR_LABOR+QPR_ENSAIO+DTOS(QPR_DTMEDI)+QPR_HRMEDI+STR(QPR_AMOSTR,1)","Ordem Produc + Lote + Operacao + Laboratorio + Ensaio + Data Medicao +","Orden Prod. + Lote + Operacion + Laboratorio + Ensayo + Fch  Medida +","Prod. Order + Lot + Operation + Laboratory + Test + Measurem.Dt. + Mea","S","","","S"
"QPR","9","QPR_FILIAL+QPR_OP+QPR_LOTE+QPR_NUMSER+QPR_ROTEIR+QPR_OPERAC+QPR_LABOR+QPR_ENSAIO+DTOS(QPR_DTMEDI)+QPR_HRMEDI+STR(QPR_AMOSTR,1)","Ordem Produc + Lote + Num. Serie + Roteiro + Operacao + Laboratorio +","Orden Prod. + Lote + Num. Serie + Proced. Oper + Operacion + Laborator","Prod. Order + Lot + Series Nr. + Routine + Operation + Laboratory + Te","S","","","S"
"QPS","1","QPS_FILIAL+QPS_CODMED","Cod. Medicao","Cod.Medicion","Measure Code","S","","","S"
"QPT","1","QPT_FILIAL+QPT_CODMED+QPT_INSTR","Cod. Instrum + Instrumento","Instrumento + Instrumento","Instrum.Code + Instrument","S","XXX+QIN","","S"
"QPU","1","QPU_FILIAL+QPU_CODMED+QPU_NAOCON","Cod. Medicao + Nao-Conform.","Medicion + No Conform.","Measurem.Cod + Non-Conform.","S","XXX+QN2","","S"
"QPU","2","QPU_FILIAL+QPU_NAOCON","Nao-Conform.","No Conform.","Non-Conform.","S","QN2","","S"
"QPU","3","QPU_FILIAL+QPU_CHAVE","Chave de Lig","Clave Vinc.","Linking Key","S","","","S"
"QPX","1","QPX_FILIAL+STR(QPX_VLSUP,6,2)","Vl. Superior","Vl. Superior","Higher Vl.","S","","","S"
"QPY","1","QPY_FILIAL+QPY_CODREC+QPY_OPERAC+QPY_PRODUT+dtos(QPY_DTENTR)+QPY_LOTE+QPY_ENSAIO","Cod.Recurso + Seq.Operacao + Produto + Data Produc. + Lote + Ensaio","Recurso + Sec.Operac. + Producto + Fch.Producc. + Lote + Ensayo","Resource Cd. + Operat.Seq. + Product + Produc.Date + Lot + Test","S","","","S"
"QPY","2","QPY_FILIAL+QPY_PRODUT+QPY_CODREC+QPY_OPERAC+QPY_ENSAIO","Produto + Cod.Recurso + Seq.Operacao + Ensaio","Producto + Recurso + Sec.Operac. + Ensayo","Product + Resource Cd. + Operat.Seq. + Test","S","","","S"
"QPY","3","QPY_FILIAL+QPY_PRODUT","Produto","Producto","Product","S","","","S"
"QPZ","1","QPZ_FILIAL+QPZ_GRUPO+dtos(QPZ_DTENTR)+QPZ_LOTE+QPZ_ENSAIO","Grupo + Data Produc. + Lote + Ensaio","Grupo + Fch.Producc. + Lote + Ensayo","Group + Produc.Date + Lot + Test","S","","","S"
"QPZ","2","QPZ_FILIAL+QPZ_GRUPO+QPZ_CODREC+QPZ_OPERAC+QPZ_ENSAIO","Grupo + Cod. Recurso + Seq.Operacao + Ensaio","Grupo + Recurso + Sec.Operac. + Ensayo","Group + Resource Cd. + Operat.Seq. + Test","S","","","S"
"QQ1","1","QQ1_FILIAL+QQ1_PRODUT+QQ1_REVI+QQ1_OPERAC+QQ1_ENSAIO+QQ1_INSTR","Produto + Revisao + Operacao + Ensaio + Fam. Instr.","Producto + Revision + Operacion + Ensayo + Fam. Instr.","Product + Revision + Operation + Test + Inst.Family","S","XXX+XXX+XXX+XXX+TIP","","S"
"QQ1","2","QQ1_FILIAL+QQ1_GRUPO+QQ1_REVGRP+QQ1_OPERAC+QQ1_ENSAIO+QQ1_INSTR","Grupo Prd. + Revi. Grupo + Operacao + Ensaio + Fam. Instr.","Grupo Prd. + Revi. Grupo + Operacion + Ensayo + Fam. Instr.","Product Gr. + Group Revis. + Operation + Test + Inst.Family","S","XXX+XXX+XXX+XXX+TIP","","S"
"QQ1","3","QQ1_FILIAL+QQ1_PRODUT+QQ1_REVI+QQ1_ROTEIR+QQ1_OPERAC+QQ1_ENSAIO+QQ1_INSTR","Produto + Revisao + Cod.Roteiro + Operacao + Ensaio + Fam. Instr.","Producto + Revision + Cod.Proced. + Operacion + Ensayo + Fam. Instr.","Product + Revision + Plan Code + Operation + Test + Inst.Family","S","","","S"
"QQ1","4","QQ1_FILIAL+QQ1_PRODUT+QQ1_REVI+QQ1_ROTEIR+QQ1_OPERAC+QQ1_ENSAIO+QQ1_INSTR+QQ1_GRUPO+QQ1_REVGRP","Produto + Revisao + Cod.Roteiro + Operacao + Ensaio + Fam. Instr. + Gr","Producto + Revision + Cod.Proced. + Operacion + Ensayo + Fam. Instr. +","Product + Revision + Plan Code + Operation + Test + Inst.Family + Prod","S","","","N"
"QQ1","5","QQ1_FILIAL+QQ1_GRUPO+QQ1_REVGRP+QQ1_PRODUT+QQ1_REVI+QQ1_ROTEIR+QQ1_OPERAC+QQ1_ENSAIO+QQ1_INSTR","Grupo Prd. + Revi. Grupo + Produto + Revisao + Cod.Roteiro + Operacao","Grupo Prd. + Revi. Grupo + Producto + Revision + Cod.Proced. + Operaci","Product Gr. + Group Revis. + Product + Revision + Plan Code + Operatio","S","","","N"
"QQ2","1","QQ2_FILIAL+QQ2_CODIGO+QQ2_REVI+QQ2_ROTEIR+QQ2_OPERAC+QQ2_PRODUT","Cod. Produto + Revisao + Roteiro + Operacao + Produto","Producto + Revision + Procedimient + Operacion + Producto","Product Code + Revision + Seq. + Operation + Product","S","XXX+XXX+XXX+SB1","","S"
"QQ2","2","QQ2_FILIAL+QQ2_CODIGO+QQ2_REVI+QQ2_ROTEIR+QQ2_OPERAC+QQ2_PRODUT+QQ2_GRUPO+QQ2_REVIGR","Cod. Produto + Revisao + Roteiro + Operacao + Produto + Grupo Produt +","Producto + Revision + Procedimient + Operacion + Producto + Grupo Prod","Product Code + Revision + Seq. + Operation + Product + Prod.Group + Gr","S","","","N"
"QQ2","3","QQ2_FILIAL+QQ2_GRUPO+QQ2_REVIGR+QQ2_CODIGO+QQ2_REVI+QQ2_ROTEIR+QQ2_OPERAC+QQ2_PRODUT","Grupo Produt + Revisao Grup + Cod. Produto + Revisao + Roteiro + Opera","Grupo Produc + Revis. Grupo + Producto + Revision + Procedimient + Ope","Prod.Group + Grp.Revision + Product Code + Revision + Seq. + Operation","S","","","N"
"QQ3","1","QQ3_FILIAL+QQ3_CODIGO","Cod. Fluxo","Cod. Flujo","Flow Code","S","","","S"
"QQ4","1","QQ4_FILIAL+QQ4_PRODUT+QQ4_CLIENT+QQ4_LOJA","Produto + Cliente + Loja","Producto + Cliente + Tienda","Product + Customer + Unit","S","","","S"
"QQ4","2","QQ4_FILIAL+QQ4_CLIENT+QQ4_LOJA+QQ4_PRODUT","Cliente + Loja + Produto","Cliente + Tienda + Producto","Customer + Unit + Product","S","","","S"
"QQ5","1","QQ5_FILIAL+QQ5_LINHA","Linha","Linea","Line","S","","","S"
"QQ5","2","QQ5_FILIAL+QQ5_EQUIPE+QQ5_LINHA","Cod. Equipe + Linha","Equipo + Linea","Team Code + Line","S","QP4","","S"
"QQ6","1","QQ6_FILIAL+QQ6_LINHA+QQ6_PRODUT","Linha Prod. + Produto","Linea Prod. + Producto","Prod. Line + Product","S","QQ5+QP6","","S"
"QQ6","2","QQ6_FILIAL+QQ6_PRODUT+QQ6_LINHA","Produto + Linha Prod.","Producto + Linea Prod.","Product + Prod. Line","S","QP6+QQ5","","S"
"QQ7","1","QQ7_FILIAL+QQ7_PRODUT+QQ7_CLIENT+QQ7_LOJA+QQ7_LABOR+QQ7_ENSAIO+QQ7_CODREC+QQ7_OPERAC","Produto + Cliente + Loja + Laboratorio + Ensaio + Cod.Roteiro + Operac","Producto + Cliente + Tienda + Laboratorio + Ensayo + Procedimient + Op","Product + Customer + Unit + Laboratory + Test + Plan Code + Operation","S","","","S"
"QQ7","2","QQ7_FILIAL+QQ7_GRUPO+QQ7_CLIENT+QQ7_LOJA+QQ7_LABOR+QQ7_ENSAIO","Grupo + Cliente + Loja + Laboratorio + Ensaio","Grupo + Cliente + Tienda + Laboratorio + Ensayo","Group + Customer + Unit + Laboratory + Test","S","","","S"
"QQ7","3","QQ7_FILIAL+QQ7_CHAVE","Cod.Ligacao","Vinculo","Link Code","S","","","S"
"QQ7","4","QQ7_FILIAL+QQ7_MBROWS+QQ7_PRODUT+QQ7_CLIENT","Mbrowse + Produto + Cliente","Mbrowse + Producto + Cliente","Mbrowse + Product + Customer","S","","","S"
"QQA","1","QQA_FILIAL+QQA_CODIGO","Codigo","Codigo","Code","S","","","S"
"QQB","1","QQB_FILIAL+QQB_CODIGO","Codigo Plano","Codigo Plan","Plan Code","S","","","S"
"QQB","2","QQB_FILIAL+QQB_PLANO+QQB_CODIGO","Cod. Plano + Codigo Plano","Cod. Plan + Codigo Plan","Plan Code + Plan Code","S","","","S"
"QQC","1","QQC_FILIAL+QQC_GRUPO+QQC_REVINV","Grupo Prod. + Revisao Inv.","Grupo Prod. + Rev. Invert.","Product Gr. + Inver.Revis.","S","QP3","","S"
"QQG","1","QQG_FILIAL+QQG_OP+QQG_OPERAC+QQG_PRODUT+QQG_LOTE","Ord.Producao + Operacao + Produto + Lote","Orden Prod. + Operacion + Producto + Lote","Prod. Order + Operation + Product + Lot","S","XXX+XXX+XXX+XXX+QQG","","S"
"QQG","2","QQG_FILIAL+QQG_OP+QQG_OPERAC+QQG_RASTRO","Ord.Producao + Operacao + Cod.Prd.Rast","Orden Prod. + Operacion + Prod.Trazab.","Prod. Order + Operation + Track.Pr.Cd.","S","","","S"
"QQH","1","QQH_FILIAL+QQH_PRODUT+QQH_REVI+QQH_CODREC+QQH_OPERAC+QQH_ENSAIO+QQH_NQA","Produto + Revisao + Cod.Operacao + Operacao + Ensaio + NQA","Producto + Revision + Operacion + Operacion + Ensayo + NCA","Product + Revision + Operation Cd + Operation + Test + AQL","S","XXX+XXX+XXX+XXX+XXX+Q1","","S"
"QQH","2","QQH_FILIAL+QQH_PRODUT+QQH_REVI+QQH_CODREC+QQH_OPERAC+QQH_ENSAIO+QQH_NQA+QQH_GRUPO+QQH_REVIGR","Produto + Revisao + Cod.Operacao + Operacao + Ensaio + NQA + Grupo Pro","Producto + Revision + Operacion + Operacion + Ensayo + NCA + Grupo Pro","Product + Revision + Operation Cd + Operation + Test + AQL + Prod.Grou","S","","","N"
"QQH","3","QQH_FILIAL+QQH_GRUPO+QQH_REVIGR+QQH_PRODUT+QQH_REVI+QQH_CODREC+QQH_OPERAC+QQH_ENSAIO+QQH_NQA","Grupo Produt + Revisao Grup + Produto + Revisao + Cod.Operacao + Opera","Grupo Produc + Revis. Grupo + Producto + Revision + Operacion + Operac","Prod.Group + Grp.Revision + Product + Revision + Operation Cd + Operat","S","","","N"
"QQJ","1","QQJ_FILIAL+QQJ_OPERAC+QQJ_LABOR+QQJ_ENSAIO+QQJ_OP+QQJ_ANEXO","Operacao + Laboratorio + Ensaio + QQJ_OP+Anexo","Operacion + Laboratorio + Ensayo + QQJ_OP+Anexo","Operation + Lab. + Test + QQJ_OP+Attachm.","S","","","S"
"QQJ","2","QQJ_FILIAL+QQJ_OP","QQJ_","QQJ_","QQJ_","S","","","S"
"QQK","1","QQK_FILIAL+QQK_PRODUT+QQK_REVIPR+QQK_CODIGO+QQK_OPERAC","Produto + Revisao Prod + Codigo + Operacao","Producto + RevisionProd + Codigo + Operacion","Product + Prod. Revis. + Code + Operation","S","","","N"
"QQK","2","QQK_FILIAL+QQK_CHAVE","Cod. Ligacao","Cod. LLamada","Call Code","S","","","N"
"QQK","3","QQK_FILIAL+QQK_PRODUT+QQK_OPERAC","Produto + Operacao","Producto + Operacion","Product + Operation","S","","","S"
"QQK","4","QQK_FILIAL+QQK_RECURS","Recurso","Recurso","Resource","S","","","S"
"QQK","5","QQK_FILIAL+QQK_CTRAB","Centro Trab.","Centro Trab.","Wk. Center","S","","","S"
"QQK","6","QQK_FILIAL+QQK_FERRAM","Ferramenta","Herramienta","Tool","S","","","S"
"QQK","7","QQK_FILIAL+QQK_PRODUT+QQK_REVIPR+QQK_CODIGO+QQK_OPERAC+QQK_GRUPO+QQK_REVIGR","Produto + Revisao Prod + Codigo + Operacao + Grupo Produt + Revisao Gr","Producto + RevisionProd + Codigo + Operacion + Grupo Produc + Revis. G","Product + Prod. Revis. + Code + Operation + Prod.Group + Grp.Revision","S","","","S"
"QQK","8","QQK_FILIAL+QQK_GRUPO+QQK_REVIGR+QQK_PRODUT+QQK_REVIPR+QQK_CODIGO+QQK_OPERAC","Grupo Produt + Revisao Grup + Produto + Revisao Prod + Codigo + Operac","Grupo Produc + Revis. Grupo + Producto + RevisionProd + Codigo + Opera","Prod.Group + Grp.Revision + Product + Prod. Revis. + Code + Operation","S","","","S"
"QQK","9","QQK_FILIAL+QQK_OPERAC+QQK_PRODUT","Operacao + Produto","Operacion + Producto","Operation + Product","S","","","S"
"QU1","1","QU1_FILIAL+QU1_CODAUD","Cod Auditor","Cod Auditor","Auditor Code","S","","","S"
"QU1","2","QU1_FILIAL+QU1_NOME","Nome","Nombre","Name","S","","","S"
"QU1","3","QU1_FILIAL+QU1_NREDUZ","Nome Reduzid","Nomb Reducid","Abbreviation","S","","","S"
"QU1","4","QU1_FILIAL+QU1_APELID","Apelido","Apodo","Alias","S","","","S"
"QU2","1","QU2_FILIAL+QU2_CHKLST+QU2_REVIS","Check List + Revisao","Check List + Revision","Checklist + Revision","S","","","S"
"QU3","1","QU3_FILIAL+QU3_CHKLST+QU3_REVIS+QU3_CHKITE","Check List + Revisao + Topico","Check List + Revision + Topico","Checklist + Revision + Topic","S","","","S"
"QU4","1","QU4_FILIAL+QU4_CHKLST+QU4_REVIS+QU4_CHKITE+QU4_QSTITE","Check List + Revisao + Topico + Num. Questao","Check List + Revision + Topico + Nro.Pregunta","Checklist + Revision + Topic + Question No.","S","","","S"
"QU5","1","QU5_FILIAL+QU5_USERNA+QU5_SOBREN","Usuario + Sobrenome","Usuario + Apellido","User + Surname","S","","","S"
"QU5","2","QU5_FILIAL+QU5_SOBREN+QU5_USERNA","Sobrenome + Usuario","Apellido + Usuario","Surname + User","S","","","S"
"QU5","3","QU5_FILIAL+QU5_NOME+QU5_USERNA","Nome + Usuario","Nombre + Usuario","Name + User","S","","","S"
"QU5","4","QU5_FILIAL+QU5_NICKNA+QU5_USERNA","Apelido + Usuario","Apodo + Usuario","Alias + User","S","","","S"
"QUA","1","QUA_FILIAL+DTOS(QUA_ALOC)+QUA_MAT+QUA_NUMAUD","Alocacao + Cod Auditor + Auditoria","Asignacion + Cod Auditor + Auditoria","Allocation + Auditor Code + Audit","S","","","S"
"QUA","2","QUA_FILIAL+QUA_MAT+QUA_NUMAUD","Cod Auditor + Auditoria","Cod Auditor + Auditoria","Auditor Code + Audit","S","","","S"
"QUA","3","QUA_FILIAL+QUA_NUMAUD","Auditoria","Auditoria","Audit","S","","","S"
"QUB","1","QUB_FILIAL+QUB_NUMAUD","Auditoria","Auditoria","Audit","S","","","S"
"QUB","2","QUB_FILIAL+QUB_AUDLID+QUB_NUMAUD","AuditorLider + Auditoria","Audit. Lider + Auditoria","Princ.Audit. + Audit","S","","","S"
"QUC","1","QUC_FILIAL+QUC_NUMAUD","Auditoria","Auditoria","Audit","S","","","S"
"QUC","2","QUC_FILIAL+QUC_NUMAUD+QUC_ITEM","Auditoria + Item","Auditoria + Item","Audit + Item","S","","","S"
"QUC","3","QUC_FILIAL+QUC_NUMAUD+QUC_CODAUD","Auditoria + Cod Auditor","Auditoria + Cod Auditor","Audit + Audit. Code","S","","","S"
"QUC","4","QUC_FILIAL+QUC_CODAUD+QUC_NUMAUD","Cod Auditor + Auditoria","Cod Auditor + Auditoria","Audit. Code + Audit","S","","","S"
"QUD","1","QUD_FILIAL+QUD_NUMAUD+QUD_SEQ+QUD_CHKLST+QUD_REVIS+QUD_CHKITE+QUD_QSTITE","Auditoria + Sequencia + Check List + Revisao + Topico + Num Questao","Auditoria + Secuencia + Check List + Revision + Topico + Num Pregunta","Audit + Sequence + Checklist + Revision + Topic + Quest. Numb.","S","","","S"
"QUD","2","QUD_FILIAL+QUD_NUMAUD+QUD_CHKLST+QUD_REVIS","Auditoria + Check List + Revisao","Auditoria + Check List + Revision","Audit + Checklist + Revision","S","","","S"
"QUD","3","QUD_FILIAL+QUD_NUMAUD+QUD_SEQ+QUD_CHKLST+QUD_REVIS+QUD_CODAUD","Auditoria + Sequencia + Check List + Revisao + Auditor","Auditoria + Secuencia + Check List + Revision + Auditor","Audit + Sequence + Checklist + Revision + Auditor","S","","","S"
"QUE","1","QUE_FILIAL+QUE_NUMAUD+QUE_CHKLST+QUE_REVIS+QUE_CHKITE+QUE_QSTITE","Auditoria + Check List + Revisao + Topico + Num Questao","Auditoria + Check List + Revision + Topico + Num Pregunta","Audit + Checklist + Revision + Topic + Quest. Numb.","S","","","S"
"QUF","1","QUF_FILIAL+QUF_NUMAUD+QUF_CHKLST+QUF_REVIS","Auditoria + Check List + Revisao","Auditoria + Check List + Revision","Audit + Checklist + Revision","S","","","S"
"QUF","2","QUF_FILIAL+QUF_CHKLST+QUF_REVIS+QUF_NUMAUD","Check List + Revisao + Auditoria","Check List + Revision + Auditoria","Checklist + Revision + Audit","S","","","S"
"QUG","1","QUG_FILIAL+QUG_NUMAUD+QUG_SEQ+QUG_CHKLST+QUG_REVIS+QUG_CODNC","Auditoria + Sequencia + Check List + Revisao + Codigo da NC","Auditoria + Secuencia + Check List + Revision + Codigo de NC","Audit + Sequence + Checklist + Revision + NC Code","S","","","S"
"QUG","2","QUG_FILIAL+QUG_NUMAUD+QUG_SEQ+QUG_CHKLST+QUG_REVIS+QUG_CHKITE+QUG_QSTITE+QUG_ITESEQ","Auditoria + Sequencia + Check List + Revisao + Topico + Num Questao +","Auditoria + Secuencia + Check List + Revision + Topico + Num Pregunta","Audit + Sequence + Checklist + Revision + Topic + Question No. + NC Se","S","","","S"
"QUG","3","QUG_FILIAL+QUG_NUMAUD+QUG_SEQ+QUG_CHKLST+QUG_REVIS+QUG_CHKITE+QUG_QSTITE+QUG_ITESEQ+QUG_CODNC","Auditoria + Sequencia + Check List + Revisao + Topico + Num Questao +","Auditoria + Secuencia + Check List + Revision + Topico + Num Pregunta","Audit + Sequence + Checklist + Revision + Topic + Question No. + NC Se","S","","","S"
"QUH","1","QUH_FILIAL+QUH_NUMAUD+QUH_SEQ","Auditoria + Sequencia","Auditoria + Secuencia","Audit + Sequence","S","","","S"
"QUH","2","QUH_FILIAL+QUH_NUMAUD+QUH_SEQ+QUH_CODAUD","Auditoria + Sequencia + Cod Auditor","Auditoria + Secuencia + Cod Auditor","Audit + Sequence + Auditor Code","S","","","S"
"QUI","1","QUI_FILIAL+QUI_NUMAUD+QUI_ITEM+QUI_USERNA","Auditoria + Item + Usuario","Auditoria + Item + Usuario","Audit + Item + User","S","","","S"
"QUI","2","QUI_FILIAL+QUI_USERNA+QUI_NUMAUD+QUI_ITEM","Usuario + Auditoria + Item","Usuario + Auditoria + Item","User + Audit + Item","S","","","S"
"QUJ","1","QUJ_FILIAL+QUJ_NUMAUD+QUJ_SEQ+QUJ_CHKLST+QUJ_REVIS+QUJ_CHKITE","Auditoria + Sequencia + Checklist + Revisao + Topico","Auditoria + Secuencia + Checklist + Revision + Topico","Audit + Sequence + Checklist + Review + Topic","S","","","S"
"QUJ","2","QUJ_FILIAL+QUJ_CHKLST+QUJ_REVIS+QUJ_CHKITE+QUJ_NUMAUD","Checklist + Revisao + Topico + Auditoria","Checklist + Revision + Topico + Auditoria","Checklist + Review + Topic + Audit","S","","","S"
"QUK","1","QUK_FILIAL+QUK_NUMAUD+QUK_ORIGEM+QUK_CODREU","Auditoria + Origem + Reuniao","Auditoria + Origen + Reunion","Audit + Source + Meeting","S","","","S"
"QUM","1","QUM_FILIAL+QUM_NUMAUD+QUM_SEQ","Auditoria + Sequencia","Auditoria + Secuencia","Audit + Sequence","S","","","S"
"QUN","1","QUN_FILIAL+QUN_FILDE+QUN_MATDE","Filial De + Usuario De","De Sucursal + De Usuario","From Branch + From User","S","","","S"
"QUN","2","QUN_FILIAL+QUN_FILPAR+QUN_MATPAR","Filial Par + Usuario Para","Para Sucurs. + Para Usuario","To Branch + To User","S","","","S"
"QUN","3","QUN_FILIAL+DTOS(QUN_DTTRAN)+QUN_SEQTRF","Data Transf. + Sequencia TR","Fecha Transf + Secuencia TR","Transf. Date + Transf. Seq.","S","","","S"
"RA0","1","RA0_FILIAL+RA0_ENTIDA","Cod.Entidade","Entidad","Entity Code","S","","","S"
"RA0","2","RA0_FILIAL+RA0_DESC","Descricao","Descripcion","Description","S","","","S"
"RA0","3","RA0_FILIAL+RA0_FORNEC","Fornecedor","Proveedor","Supplier","S","","","S"
"RA1","1","RA1_FILIAL+RA1_CURSO","Cod.Curso","Curso","Course Code","S","","","S"
"RA1","2","RA1_FILIAL+RA1_DESC","Descricao","Descripcion","Description","S","","","S"
"RA1","3","RA1_FILIAL+RA1_PROD","Produto","Producto","Product","S","","","S"
"RA2","1","RA2_FILIAL+RA2_CALEND+RA2_CURSO+RA2_TURMA","Cod.Calend. + Cod.Curso + Turma","Calendario + Curso + Grupo","Calendar Cd. + Course Code + Class","S","","","S"
"RA2","2","RA2_FILIAL+RA2_CURSO+RA2_TURMA","Cod.Curso + Turma","Curso + Grupo","Course Code + Class","S","RA1","","S"
"RA3","1","RA3_FILIAL+RA3_MAT+RA3_CURSO","Matricula + Cod.Curso","Matricula + Curso","Registration + Course Code","S","SRA+RA1","","S"
"RA3","2","RA3_FILIAL+RA3_CALEND+RA3_MAT","Cod.Calend. + Matricula","Calendario + Matricula","Calendar Cd. + Registration","S","RA2+SRA","","S"
"RA4","1","RA4_FILIAL+RA4_MAT+RA4_CURSO","Matricula + Cod.Curso","Matricula + Curso","Registration + Course Code","S","SRA+RA1","","S"
"RA4","2","RA4_FILIAL+RA4_CURSO","Cod.Curso","Curso","Course Code","S","","","S"
"RA4","3","RA4_FILIAL+RA4_CALEND+RA4_CURSO+RA4_TURMA+RA4_MAT","Calendario + Cod.Curso + Turma + Matricula","Calendario + Curso + Grupo + Matricula","Schedule + Course Code + Group + Registration","S","","","S"
"RA5","1","RA5_FILIAL+RA5_CARGO+RA5_CURSO","Cod.Cargo + Cod.Curso","Funcion + Curso","Job Code + Course Code","S","SQ3+RA1","","S"
"RA5","2","RA5_FILIAL+RA5_CARGO+RA5_CC+RA5_CURSO","Cod.Cargo + Centro Custo + Cod.Curso","Funcion + Centro Costo + Curso","Job Code + Cost Center + Course Code","S","","","S"
"RA6","1","RA6_FILIAL+RA6_ENTIDA+RA6_CURSO","Cod.Entidade + Cod.Curso","Entidad + Curso","Entity Code + Course Code","S","RA0","","S"
"RA6","2","RA6_FILIAL+RA6_CURSO+RA6_ENTIDA","Cod.Curso + Cod.Entidade","Curso + Entidad","Course Code + Entity Code","S","RA1","","S"
"RA7","1","RA7_FILIAL+RA7_INSTRU","Cod. Instrut","Instructor","Instrum.Code","S","","","S"
"RA7","2","RA7_FILIAL+RA7_NOME","Nome Instr.","Nomb Instr.","Instr. Name","S","","","S"
"RA8","1","RA8_FILIAL+RA8_PLANEJ+RA8_SEQ","Cod.Planej. + Sequencia","Planificac. + Secuencia","Planning Cd. + Sequence","S","","","S"
"RA8","2","RA8_FILIAL+RA8_CURSO","Cod.Curso","Curso","Course Code","S","RA1","","S"
"RA9","1","RA9_FILIAL+RA9_SINONI","Cod.Sinonimo","Sinonimo","Synonym Code","S","","","S"
"RA9","2","RA9_FILIAL+RA9_CURSO","Cod.Curso","Codigo Curso","Course Code","S","RA1","","S"
"RAA","1","RAA_FILIAL+RAA_CALEND+RAA_CURSO+RAA_TURMA+RAA_MAT+RAA_DESPES+DTOS(RAA_DATA)","Cod.Calend + Cod.Curso + Turma + Matricula + Cod.Despesa + Dt.Despesa","Calendario + Cod. Curso + Grupo + Matricula + Gasto + Fch.Gasto","Calendar + Course Code + Group + Registration + Expens. Code + Expense","S","RA2+RA1+XXX+SRA+R8","","S"
"RAB","1","RAB_FILIAL+RAB_AVAL+RAB_ITEM","Cod.Avaliac + Item","Evaluacion + Item","Appr. Code + Item","S","","","S"
"RAC","1","RAC_FILIAL+RAC_CALEND+RAC_CURSO+RAC_TURMA+RAC_MAT+RAC_AVAL+RAC_ITEM","Cod.Calend + Cod.Curso + Turma + Matricula + Cod.Avaliac. + Item","Calendario + Cod. Curso + Grupo + Matricula + Evaluacion + Item","Calendar + Course Code + Team + Registration + Appr. Code + Item","S","RA2+RA1+XXX+SRA+RAB+YAB","","S"
"RAD","1","RAD_FILIAL+RAD_ITEM","Item","Item","Item","S","","","S"
"RAF","1","RAF_FILIAL+RAF_MAT+RAF_FATOR+DTOS(RAF_DTINI)","Matricula + Fator + Dt.Inicial","Matricula + Factor + De Fecha","Registration + Factor + Date Initial","S","","","S"
"RAG","1","RAG_FILIAL+RAG_MATER","Material","Material","Goods","S","","","S"
"RAH","1","RAH_FILIAL+RAH_CURSO+RAH_MATER","Curso + Material","Curso + Material","Course + Goods","S","","","S"
"RAH","2","RAH_FILIAL+RAH_MATER+RAH_CURSO","Material + Curso","Material + Curso","Goods + Course","S","","","S"
"RAI","1","RAI_FILIAL+RAI_CALEND+RAI_CURSO+RAI_TURMA+RAI_MAT+RAI_TESTE+RAI_QUESTA+RAI_ALTERN","Calendario + Curso + Turma + Matricula + Avaliacao + Questao + Alt.Sel","Calendario + Curso + Grupo + Matricula + Evaluacion + Pregunta + Alt.S","Schedule + Course + Group + Registration + Evaluation + Question + Sel","S","RA2+SRA+SQQ","","S"
"RAI","2","RAI_FILIAL+RAI_MAT","Matricula","Matricula","Registration","S","","","S"
"RAJ","1","RAJ_FILIAL+RAJ_CALEND+RAJ_CURSO+RAJ_TURMA+RAJ_MAT+DTOS(RAJ_DATA)","Calendario + Curso + Turma + Matricula + Data","Calendario + Curso + Grupo + Matricula + Fecha","Calendar + Course + Group + Registration + Date","S","RA2+RA1+SRA","","S"
"RAJ","2","RAJ_FILIAL+DTOS(RAJ_DATA)+RAJ_CALEND+RAJ_CURSO+RAJ_TURMA+RAJ_MAT","Data + Calendario + Curso + Turma + Matricula","Fecha + Calendario + Curso + Grupo + Matricula","Date + Calendar + Course + Group + Registration","S","","","S"
"RAK","1","RAK_FILIAL+RAK_CALEND+RAK_CURSO+RAK_TURMA+RAK_MAT","Cod.Calend. + Cod.Curso + Turma + Matricula","Cod.Calend. + Cod. Curso + Grupo + Matricula","Calendar + Course Code + Group + Registration","S","RA2+RA1+XXX+SRA","","S"
"RAL","1","RAL_FILIAL+RAL_FUNCAO+RAL_CURSO","Cod.Funcao + Cod.Curso","Cod.Funcion + Codigo Curso","Pos.Code + Course Cod.","S","SRJ+RA1","","S"
"RAM","1","RAM_FILIAL+RAM_CURSO+RAM_DISCIP","Cod. Curso + Cod. Discipl","Cod. Curso + Cod. Materia","Course Code + Subject Code","S","","","S"
"RAM","2","RAM_FILIAL+RAM_DISCIP+RAM_CURSO","Cod. Discipl + Cod. Curso","Cod. Materia + Cod. Curso","Subject Code + Course Code","S","","","S"
"RAN","1","RAN_FILIAL+RAN_CURSO+RAN_DOCTO","Cod.Curso + Cod Doc","Cod.Curso + Cod Doc","Course Code + Doc.Code","S","","","S"
"RAO","1","RAO_FILIAL+RAO_CALEND+RAO_CURSO+RAO_TURMA+RAO_MAT+DTOS(RAO_DATAIN)+RAO_DOCTO+RAO_RV","Calendario + Cod.Curso + Turma + Matricula + Data Inicio + Cod Doc + R","Calendario + Cod.Curso + Grupo + Matricula + Fecha Inicio + Cod Doc +","Calendar + Course Code + Class + Registration + Initial Date + Doc. Co","S","","","S"
"RAO","2","RAO_FILIAL+RAO_CURSO+RAO_DOCTO+RAO_RV","Cod.Curso + Cod Doc + Revisao","Cod.Curso + Cod Doc + Revision","Course Code + Doc. Code + Revision","S","","","S"
"RB0","1","RB0_FILIAL+RB0_EMPRES","Cod.Particip","Cod.Particip","Company Code","S","","","S"
"RB0","2","RB0_FILIAL+RB0_NOME","Razao Social","Razon Social","Trade Name","S","","","S"
"RB1","1","RB1_FILIAL+RB1_PESQ","Cod.Pesquisa","Cod. Encues","Survey Code","S","","","S"
"RB1","2","RB1_FILIAL+RB1_DESCRI","Nome Pesq.","Nombre Encue","Survey Name","S","","","S"
"RB2","1","RB2_FILIAL+RB2_EMPRES+RB2_FUNCAO","Cod.Partic. + Cod.Funcao","Cod.Partic. + Cod.Funcion","Company Code + Pos.Code","S","","","S"
"RB3","1","RB3_FILIAL+RB3_INDICE+RB3_DATA","Cod.Indice + Mes/Ano","Cod.Indice + Mes/Ano","Index Code + Month/Year","S","","","S"
"RB4","1","RB4_FILIAL+RB4_PESQ","Cod.Pesquisa","Cod. Encuest","Survey Code","S","","","S"
"RB5","1","RB5_FILIAL+RB5_PESQ+RB5_FUNCAO+RB5_REGIAO+RB5_PORTE","Cod.Pesquisa + Cod.Funcao + Cod Regiao + Porte","Cod. Encuest + Cod.Funcion + Cod. Region + Porte","Survey Code + Job Code + Area Code + Size","S","","","S"
"RB6","1","RB6_FILIAL+RB6_TABELA+RB6_NIVEL+RB6_FAIXA","Cod.Tabela + Nivel Tabela + Faixa Nivel","Cod. Tabla + Nivel Tabla + Banda Nivel","Table Code + Table Level + Level Range","S","","","S"
"RB6","2","RB6_FILIAL+RB6_CLASSE+RB6_TABELA+RB6_NIVEL+RB6_FAIXA","Classe + Cod.Tabela + Nivel Tabela + Faixa Nivel","Clase + Cod. Tabla + Nivel Tabla + Banda Nivel","Salary Categ + Table Code + Table Level + Level Range","S","","","S"
"RB7","1","RB7_FILIAL+RB7_MAT+DTOS(RB7_DATALT)","Matricula + Dt. Alterac.","Matricula + Fc. Modific.","Registration + Salary Incr.","S","","","S"
"RB8","1","RB8_FILIAL+RB8_CC+RB8_ANOMES","Centro Custo + Ano/Mes","Centro Costo + A±o/Mes","Cost Center + Year/Month","S","","","S"
"RB9","1","RB9_FILIAL+RB9_NIVEL","Nivel","Nivel","Level","S","","","S"
"RB9","2","RB9_FILIAL+RB9_DESCRI","Descricao","Descripcion","Description","S","","","S"
"RBA","1","RBA_FILIAL+RBA_CODRES","Cod Respons.","Cod Respons.","Respons.Code","S","","","S"
"RBA","2","RBA_FILIAL+RBA_NOME","Nome","Nombre","Name","S","","","S"
"RBA","3","RBA_FILIAL+RBA_CODSUP","Cod Superior","Cod Superior","Superior Cd.","S","","","S"
"RBB","1","RBB_FILIAL+RBB_CODRES+RBB_SEQ","Cod Respons. + Sequencia","Cod Respons. + Secuencia","Resp.Code + Sequence","S","","","S"
"RBB","2","RBB_FILIAL+RBB_NIVEL+RBB_CODRES+RBB_SEQ","Nivel + Cod Respons. + Sequencia","Nivel + Cod Respons. + Secuencia","Level + Resp.Code + Sequence","S","","","S"
"RBC","1","RBC_FILIAL+RBC_CODMNU + RBC_SEQ","Cod Menus + Sequencia","Cod Menus + Secuencia","Menus Code + Sequence","S","","","S"
"RBC","2","RBC_FILIAL+RBC_DESCRI","Descricao","Descripcion","Description","S","","","S"
"RBC","3","RBC_FILIAL+RBC_NIVEL+RBC_CODMNU+RBC_SEQ","Nivel + Cod Menus + Sequencia","Nivel + Cod Menus + Secuencia","Level + Menus Code + Sequence","S","","","S"
"RBD","1","RBD_FILIAL+RBD_CC+RBD_ANOMES+RBD_FUNCAO","Centro Custo + Ano/Mes + Funcao","Centro Costo + Ano/Mes + Funcion","Cost Center + Year/Month + Position","S","","","S"
"RBE","1","RBE_FILIAL+RBE_CC+RBE_ANOMES+RBE_FUNCAO+DTOS(RBE_DTAPRO)","Centro Custo + Ano/Mes + Funcao + Dt.Aprovacao","Centro Costo + Ano/Mes + Funcion + Fch.Aprobac.","Cost Center + Year/Month + Position + Appr. date","S","","","S"
"RBF","1","RBF_FILIAL+RBF_CLASSE","Classe","Clase","Category","S","","","S"
"RBG","1","RBG_FILIAL+RBG_HABIL","Habilidade","Habilidad","Ability","S","","","S"
"RBH","1","RBH_FILIAL+RBH_GRUPO+RBH_CARGO+RBH_CODCOM+RBH_ITECOM","Grupo + Cargo + Competencia + Item Compet.","Grupo + Cargo + Competencia + Item Compet.","Group + Position + Competence + Compet. Item","S","","","S"
"RBH","2","RBH_FILIAL+RBH_GRUPO+RBH_CARGO+RBH_CC+RBH_CODCOM+RBH_ITECOM","Grupo + Cargo + Centro Custo + Competencia + Item Compet.","Grupo + Cargo + Centro Costo + Competencia + Item Compet.","Group + Position + Cost Center + Competence + Compet. Item","S","","","S"
"RBH","3","RBH_FILIAL+RBH_CODCOM+RBH_ITECOM+RBH_HABIL","Competencia + Item Compet. + Habilidade","Competencia + Item Compet. + Habilidad","Competence + Compet. Item + Ability","S","","","S"
"RBI","1","RBI_FILIAL+RBI_MAT+RBI_HABIL","Matricula + Habilidade","Matricula + Habilidad","Registration + Ability","S","","","S"
"RBI","2","RBI_FILIAL+RBI_HABIL+RBI_MAT","Habilidade + Matricula","Habilidad + Matricula","Ability + Registration","S","","","S"
"RBJ","1","RBJ_FILIAL+RBJ_CODCOM+RBJ_ITECOM+RBJ_HABIL","Competencia + Item Compet. + Habilidade","Competencia + Item Compet. + Habilidad","Competence + Compet. Item + Ability","S","","","S"
"RBJ","2","RBJ_FILIAL+RBJ_HABIL+RBJ_CODCOM+RBJ_ITECOM","Habilidade + Competencia + Item Compet.","Habilidad + Competencia + Item Compet.","Ability + Competence + Compet. Item","S","","","S"
"RBK","1","RBK_FILIAL+RBK_ESCALA","Cod. Escala","","","S","","","S"
"RBK","2","RBK_FILIAL+RBK_DESCRI+RBK_ESCALA","Descr.Escala + Cod. Escala","+","+","S","","","S"
"RBL","1","RBL_FILIAL+RBL_ESCALA+RBL_ITEM","Cod. Escala + Item Escala","+","+","S","","","S"
"RBL","2","RBL_FILIAL+RBL_DESCRI+RBL_ESCALA+RBL_ITEM","Descr.Item + Cod. Escala + Item Escala","+  +","+  +","S","","","S"
"RBL","3","RBL_FILIAL+RBL_ESCALA+RBL_DESCRI+RBL_ITEM","Cod. Escala + Descr.Item + Item Escala","+  +","+  +","S","","","S"
"RBM","1","RBM_FILIAL+RBM_GRUPO+RBM_CODCOM","Grupo + Comptencia","Grupo + Comptencia","Group + Competence","S","","","S"
"RBM","2","RBM_FILIAL+RBM_CODCOM+RBM_GRUPO","Comptencia + Grupo","Comptencia + Grupo","Competence + Group","S","","","S"
"RBN","1","RBN_FILIAL+RBN_MAT+DTOS(RBN_DTINI)","Matricula + Dt.Inicio","Matricula + Fch.Inicial","Reg.Number + Ini.Date","S","","","S"
"RBY","1","RBY_FILIAL+RBY_CHAVE+RBY_SEQ","Chave + Sequencia","Clave + Secuencia","Key + Sequence","S","","","S"
"RC0","1","RC0_FILIAL+RC0_CODTIT+RC0_SEQUEN","Cod. Titulo + Seq. Titulo","Codigo + Sec. Titulo","Bill Code + Bill Seq.","S","","","S"
"RC1","1","RC1_FILIAL+RC1_FILTIT+RC1_CODTIT+RC1_PREFIX+RC1_NUMTIT","Filial + Cod. Titulo + Prefixo Tit. + Num. Titulo","Sucursal + Cod. Titulo + Prefijo Tit. + Num. Titulo","Branch + Bill Code + Bill Prefix + Bill No.","S","","","S"
"RC1","2","RC1_FILIAL+RC1_FILTIT+RC1_PREFIX+RC1_NUMTIT+RC1_TIPO+RC1_FORNEC","Filial + Prefixo Tit. + Num. Titulo + Tipo Titulo + Cod. Fornec.","Sucursal + Prefijo Tit. + Num. Titulo + Tipo Titulo + Cod. Proveed","Branch + Bill Prefix + Bill No. + Bill Type + Sup.Code","S","","","S"
"RC1","3","RC1_FILIAL+RC1_PRONUM+RC1_PREFIX+RC1_NUMTIT+RC1_PARC","Num.Processo + Prefixo Tit. + Num. Titulo + Parcela","Num.Proceso + Prefijo Tit. + Num. Titulo + Cuota","Proc.No. + Bill Prefix + Bill No. + Installment","S","","","S"
"RC2","1","RC2_FILIAL+RC2_ORIGEM+RC2_CODIGO","Origem + Cod. Formula","Origen + Cod. Formula","Source + Formula Code","S","","","S"
"RC2","2","RC2_FILIAL+RC2_CODIGO+RC2_ORIGEM","Cod. Formula + Origem","Cod. Formula + Origen","Formula Code + Source","S","","","S"
"RC2","3","RC2_FILIAL+RC2_DESC","Desc.Formula","Desc.Formula","Form. desc.","S","","","S"
"RC3","1","RC3_FILIAL+RC3_ORIGEM+RC3_CODIGO","Origem + Cod. Formula","Origen + Cod. Formula","Source + Form.Code","S","","","S"
"RC3","2","RC3_FILIAL+RC3_ORIGEM+RC3_CODIGO+RC3_SEQFOR","Origem + Cod. Formula + Seq.","Origen + Cod. Formula + Sec.","Source + Form.Code + Sequence","S","","","S"
"RC4","1","RC4_FILIAL+RC4_NOMFUN","Nome Funcao","Nom. Funcion","Func. name","S","","","S"
"RC5","1","RC5_FILIAL+RC5_NOMFUN+RC5_SEQ","Nome Funcão + Seq.Parametr","Nom. funcion + Sec. paramet","Func.Name + Par. seq.","S","","","S"
"RC6","1","RC6_FILIAL+RC6_MAT+DTOS(RC6_DATAIN)","Matricula + Dt. Inicio","Matricula + Fch.Inicial","Reg.Number + Initial Date","S","","","S"
"RC7","1","RC7_FILIAL+RC7_MAT+DTOS(RC7_DATAIN)+RC7_AGENTE","Matricula + Data Inicio + Agente","Matricula + Fecha Inicio + Agente","Registration + Initial Date + Agent","S","","","S"
"RC8","1","RC8_FILIAL+RC8_MAT+DTOS(RC8_DATA)+RC8_TIPOEX","Matricula + Dt. Exame + Tp. Exame","Matricula + Fch.Examen + Tp.Examen","Registration + Examin. Dt. + Exam Type","S","","","S"
"RC9","1","RC9_FILIAL+RC9_MAT+DTOS(RC9_DATA)","Matricula + Emissao","Matricula + Emision","Registration + Issue","S","","","S"
"RCA","1","RCA_FILIAL+RCA_MNEMON","Cod. Mnmemo.","Cod. Mnemon.","Mnemon.Code","S","","","S"
"RCA","2","RCA_FILIAL+RCA_DESC","Descr.Mnemon","Descr.Mnemot","Mnemo.Desc.","S","","","S"
"RCA","3","RCA_FILIAL+RCA_TIPO+RCA_MNEMON","Tipo Mnemon. + Cod. Mnmemo.","Tipo Mnemon. + Cod. Mnemon.","Mnemon.Type + Mnemon.Code","S","","","S"
"RCB","1","RCB_FILIAL+RCB_CODIGO","Codigo","Codigo","Code","S","","","S"
"RCB","2","RCB_FILIAL+RCB_DESC","Descricao","Descripcion","Description","S","","","S"
"RCB","3","RCB_FILIAL+RCB_CAMPOS+RCB_CODIGO","Campos + Codigo","Campos + Codigo","Fields + Code","S","","","S"
"RCC","1","RCC_FILIAL + RCC_CODIGO + RCC_FIL + RCC_CHAVE  + RCC_SEQUEN","Codigo + Filial + Mes / Ano + Sequencia","Codigo + Sucursal + Mes / Ano + Secuencia","Code + Branch + Month/Year + Sequence","S","","","S"
"RCC","2","RCC_FILIAL  + RCC_FIL","Filial","Sucursal","Branch","S","","","S"
"RCC","3","RCC_FILIAL+RCC_CHAVE","Mes / Ano","Mes / Ano","Month/Year","S","","","S"
"RCE","1","RCE_FILIAL + RCE_CODIGO","Codigo","Codigo","Code","S","","","S"
"RCE","2","RCE_FILIAL + RCE_DESCRI","Descricao","Descripcion","Description","S","","","S"
"RCF","1","RCF_FILIAL+RCF_ANO+RCF_MES+RCF_TNOTRA+RCF_SEMANA","Ano Compet. + Mes Compet. + Turno Trab. + Semana","Ano Vigenc. + Mes Compet. + Turno Trab. + Semana","Fiscal Yer. + Accrual Mth. + Work Shift + Week","S","","","S"
"RCG","1","RCG_FILIAL+RCG_ANO+RCG_MES+RCG_TNOTRA+RCG_SEMANA","Ano Compet. + Mes Compet. + Turno Trab. + Semana","Ano Vigenc. + Mes Compet. + Turno Trab. + Semana","Fiscal Yer. + Accrual Mth. + Work Shift + Week","S","","","S"
"RD0","1","RD0_FILIAL+RD0_CODIGO","Codigo","Codigo","Code","S","","","S"
"RD0","2","RD0_FILIAL+RD0_NOME+RD0_CODIGO","Nome  Partic + Codigo","Nombre Part. + Codigo","Partic. Name + Code","S","","","S"
"RD0","3","RD0_FILIAL+RD0_CC+RD0_CODIGO","Centro Custo + Codigo","Centro Costo + Codigo","Cost Center + Code","S","","","S"
"RD0","4","RD0_FILIAL+RD0_CC+RD0_NOME+RD0_CODIGO","Centro Custo + Nome  Partic + Codigo","Centro Costo + Nombre Part. + Codigo","Cost Center + Partic. Name + Code","S","","","S"
"RD0","5","RD0_FILIAL+RD0_CODMEN+RD0_CODIGO","Cod. Mentor + Codigo","Cod. Mentor + Codigo","Mentor Code + Code","S","","","S"
"RD0","6","RD0_FILIAL+ RD0_CIC + RD0_CODIGO","C.P.F. + Codigo","C.P.F. + Codigo","C.P.F. + Code","S","","","S"
"RD1","1","RD1_FILIAL+RD1_CODIGO","Codigo","Codigo","Code","S","","","S"
"RD1","2","RD1_FILIAL+RD1_DESC+RD1_CODIGO","Descricao + Codigo","Descripcion + Codigo","Descript. + Code","S","","","S"
"RD2","1","RD2_FILIAL+RD2_CODIGO+RD2_ITEM+RD2_TREE+DTOS(RD2_DATA)","Grupo + Item + Grp.Superior + Data Alterac","Grupo + Item + Grp.Superior + Fecha Modif","Group + Item + Superior Grp + Edit Date","S","","","S"
"RD2","2","RD2_FILIAL+RD2_CODIGO+RD2_TREE+RD2_ITEM+DTOS(RD2_DATA)","Grupo + Grp.Superior + Item + Data Alterac","Grupo + Grp.Superior + Item + Fecha Modif","Group + Superior Grp + Item + Edit Date","S","","","S"
"RD2","3","RD2_FILIAL+RD2_DESC+RD2_CODIGO+RD2_ITEM+RD2_TREE+DTOS(RD2_DATA)","Descricao + Grupo + Item + Grp.Superior + Data Alterac","Descricion + Grupo + Item + Grp.Superior + Fecha Modif","Description + Group + Item + Superior Grp + Edit Date","S","","","S"
"RD2","4","RD2_FILIAL+RD2_CODMEM+RD2_CODIGO","Desc.Detalhe + Grupo","Desc.Detalle + Grupo","Detail. Desc + Group","S","","","N"
"RD3","1","RD3_FILIAL+RD3_CODIGO","Cod.Modelo","Cod. Modelo","Model Code","S","","","S"
"RD3","2","RD3_FILIAL+RD3_DESC+RD3_CODIGO","Desc.Modelo + Cod.Modelo","Desc. Modelo + Cod. Modelo","Model Descr. + Model Code","S","","","S"
"RD3","3","RD3_FILIAL+RD3_CODMEM+RD3_CODIGO","Cod.Def.Mod. + Cod.Modelo","Cod.Def.Mod + Cod. Modelo","Mod.Def.Code + Model Code","S","","","N"
"RD3","4","RD3_FILIAL+RD3_ESCALA","Importancia","Importancia","Importance","S","","","N"
"RD4","1","RD4_FILIAL+RD4_CODIGO+RD4_ITEM+RD4_TREE+DTOS(RD4_DATA)","Codigo + Item + Grp.Superior + Data Alterac","Codigo + Item + Grp.Superior + Fecha Modif.","Code + Item + Superior Grp + Chag.Date","S","","","S"
"RD4","2","RD4_FILIAL+RD4_CODIGO+RD4_TREE+RD4_ITEM+DTOS(RD4_DATA)","Codigo + Grp.Superior + Item + Data Alterac","Codigo + Grp.Superior + Item + Fecha Modif.","Code + Superior Grp + Item + Chag.Date","S","","","S"
"RD4","3","RD4_FILIAL+RD4_DESC+RD4_CODIGO+RD4_ITEM+RD4_TREE+DTOS(RD4_DATA)","Desc.Grupo + Codigo + Item + Grp.Superior + Data Alterac","Desc.Grupo + Codigo + Item + Grp.Superior + Fecha Modif.","Grp.Desc. + Code + Item + Superior Grp + Chag.Date","S","","","S"
"RD5","1","RD5_FILIAL+RD5_CODTIP","Codigo","Codigo","Code","S","","","S"
"RD5","2","RD5_FILIAL+RD5_DESC+RD5_CODTIP","Descricao + Codigo","Descripcion + Codigo","Description + Code","S","","","S"
"RD6","1","RD6_FILIAL+RD6_CODIGO+RD6_CODTIP+RD6_CODMOD+RD6_CODCOM","Codigo Aval. + Tipo Aval. + Modelo Aval. + Competencia","Codigo Eval. + Tipo Eval. + Modelo Eval. + Atribucion","Evaluat.Code + Evaluat.Type + Eval. Model + Competence","S","","","S"
"RD6","2","RD6_FILIAL+RD6_DESC+RD6_CODIGO+RD6_CODTIP+RD6_CODVIS+RD6_CODMOD+RD6_CODCOM","Descricao + Codigo Aval. + Tipo Aval. + Visao Padrao + Modelo Aval. +","Descripcion + Codigo Eval. + Tipo Eval. + Vision Estan + Modelo Eval.","Description + Evaluat.Code + Evaluat.Type + Stand. View + Eval. Model","S","","","S"
"RD6","3","RD6_FILIAL+RD6_CODIGO+RD6_CODMOD","Codigo Aval. + Modelo Aval.","Codigo Eval. + Modelo Eval.","Evaluat.Code + Eval. Model","S","","","S"
"RD6","4","RD6_FILIAL+RD6_CODMOD+RD6_CODIGO","Modelo Aval. + Codigo Aval.","Modelo Eval. + Codigo Eval.","Eval. Model + Evaluat.Code","S","","","S"
"RD6","5","RD6_FILIAL+RD6_CODVIS","Visao Padrao","Vision Estan","Stand. View","S","","","S"
"RD6","6","RD6_FILIAL+RD6_CODTIP","Tipo Aval.","Tipo Eval.","Evaluat.Type","S","","","S"
"RD6","7","RD6_FILIAL+RD6_CODCOM","Competencia","Atribucion","Competence","S","","","S"
"RD7","1","RD7_FILIAL+RD7_CODAVA+RD7_CODADO+RD7_CODCOM+RD7_ITECOM","Avaliacao + Avaliado + Competencia + Item Compet.","Evaluacion + Evaluado + Competencia + Item Compet.","Evaluation + Evaluated P. + Competence + Compet. Item","S","","","S"
"RD7","2","RD7_FILIAL+RD7_CODADO+RD7_CODAVA+RD7_CODCOM+RD7_ITECOM+RD7_ESCALA+RD7_ITEESC","Avaliado + Avaliacao + Competencia + Item Compet. + Cod.Relevanc + Ite","Evaluado + Evaluacion + Competencia + Item Compet. + Cod.Relevanc + It","Evaluated P. + Evaluation + Competence + Compet. Item + Relev.Code + R","S","","","S"
"RD7","3","RD7_FILIAL+RD7_CODCOM+RD7_ITECOM+RD7_CODAVA+RD7_CODADO+RD7_ESCALA+RD7_ITEESC","Competencia + Item Compet. + Avaliacao + Avaliado + Cod.Relevanc + Ite","Competencia + Item Compet. + Evaluacion + Evaluado + Cod.Relevanc + It","Competence + Compet. Item + Evaluation + Evaluated P. + Relev.Code + R","S","","","S"
"RD7","4","RD7_FILIAL+RD7_ESCALA+RD7_ITEESC+RD7_CODAVA+RD7_CODADO+RD7_CODCOM+RD7_ITECOM","Cod.Relevanc + Item Relevan + Avaliacao + Avaliado + Competencia + Ite","Cod.Relevanc + Item Relevan + Evaluacion + Evaluado + Competencia + It","Relev.Code + Relev.Item + Evaluation + Evaluated P. + Competence + Com","S","","","S"
"RD8","1","RD8_FILIAL+RD8_CODMOD+RD8_CODCOM+RD8_ITECOM+RD8_CODQUE","Cod.Modelo + Competencia + Item Compet. + Questao","Cod. Modelo + Competencia + Item Compet. + Cuestion","Model Code + Competence + Compet. Item + Question","S","","","S"
"RD8","2","RD8_FILIAL+RD8_CODMOD+RD8_CODCOM+RD8_ITECOM+RD8_ORDEM+RD8_CODQUE","Cod.Modelo + Competencia + Item Compet. + Ordem Impres + Questao","Cod. Modelo + Competencia + Item Compet. + Orden Impres + Cuestion","Model Code + Competence + Compet. Item + Print. Order + Question","S","","","S"
"RD8","3","RD8_FILIAL+RD8_CODCOM+RD8_ITECOM","Competencia + Item Compet.","Competencia + Item Compet.","Competence + Compet. Item","S","","","S"
"RD8","4","RD8_FILIAL+RD8_ESCALA+RD8_ITEESC","Cod.Relevanc + Item.Relevan","Cod.Relevanc + Item.Relevan","Relev.Code + Relev.Item","S","","","S"
"RD9","1","RD9_FILIAL+RD9_CODAVA+RD9_CODADO+RD9_CODPRO+DTOS(RD9_DTIAVA)","Avaliacao + Avaliado + Cod.Projeto + Peri.Inicial","Evaluacion + Evaluado + Cod.Proyecto + Per. Inicial","Evaluation + Evaluated P. + Proj.Code + Ini.Period","S","","","S"
"RD9","2","RD9_FILIAL+RD9_CODADO+RD9_CODAVA+RD9_CODPRO+DTOS(RD9_DTIAVA)","Avaliado + Avaliacao + Cod.Projeto + Peri.Inicial","Evaluado + Evaluacion + Cod.Proyecto + Per. Inicial","Evaluated P. + Evaluation + Proj.Code + Ini.Period","S","","","S"
"RD9","3","RD9_FILIAL+RD9_CODAVA+RD9_CODADO+DTOS(RD9_DTIAVA)+RD9_CODPRO","Avaliacao + Avaliado + Peri.Inicial + Cod.Projeto","Evaluacion + Evaluado + Per. Inicial + Cod.Proyecto","Evaluation + Evaluated P. + Ini.Period + Proj.Code","S","","","S"
"RD9","4","RD9_FILIAL+RD9_CODADO+RD9_CODAVA+DTOS(RD9_DTIAVA)+RD9_CODPRO","Avaliado + Avaliacao + Peri.Inicial + Cod.Projeto","Evaluado + Evaluacion + Per. Inicial + Cod.Proyecto","Evaluated P. + Evaluation + Ini.Period + Proj.Code","S","","","S"
"RD9","5","RD9_FILIAL+RD9_CODAVA+DTOS(RD9_DTIAVA)","Avaliacao + Peri.Inicial","Evaluacion + Per. Inicial","Evaluation + Ini.Period","S","","","S"
"RDA","1","RDA_FILIAL+RDA_CODAVA+RDA_CODADO+RDA_CODPRO+RDA_CODDOR+DTOS(RDA_DTIAVA)+RDA_CODNET+RDA_NIVEL+RDA_TIPOAV","Avaliacao + Avaliado + Cod.Projeto + Avaliador + Peri.Inicial + Rede +","Evaluacion + Evaluado + Cod.Proyecto + Evaluador + Per. Inicial + Red","Evaluation + Evaluated P. + Project Code + Appraiser + Init. Period +","S","","","S"
"RDA","2","RDA_FILIAL+RDA_CODADO+RDA_CODAVA+RDA_CODPRO+RDA_CODDOR+DTOS(RDA_DTIAVA)","Avaliado + Avaliacao + Cod.Projeto + Avaliador + Peri.Inicial","Evaluado + Evaluacion + Cod.Proyecto + Evaluador + Per. Inicial","Evaluated P. + Evaluation + Project Code + Appraiser + Init. Period","S","","","S"
"RDA","3","RDA_FILIAL+RDA_CODDOR+DTOS(RDA_DTIAVA)+RDA_CODADO+RDA_CODAVA+RDA_CODPRO","Avaliador + Peri.Inicial + Avaliado + Avaliacao + Cod.Projeto","Evaluador + Per. Inicial + Evaluado + Evaluacion + Cod.Proyecto","Appraiser + Init. Period + Evaluated P. + Evaluation + Project Code","S","","","S"
"RDA","4","RDA_FILIAL+RDA_CODTIP+RDA_CODNET+RDA_CODAVA+RDA_CODADO+RDA_CODPRO+RDA_CODDOR+DTOS(RDA_DTIAVA)","Cod.Tip.Ava. + Rede + Avaliacao + Avaliado + Cod.Projeto + Avaliador +","Cod.Tip.Eval + Red + Evaluacion + Evaluado + Cod.Proyecto + Evaluador","Eval.Tp.Code + Network + Evaluation + Evaluated P. + Project Code + Ap","S","","","S"
"RDA","5","RDA_FILIAL+RDA_CODPRO+RDA_CODDOR+DTOS(RDA_DTIAVA)+RDA_CODADO+RDA_CODAVA","Cod.Projeto + Avaliador + Peri.Inicial + Avaliado + Avaliacao","Cod.Proyecto + Evaluador + Per. Inicial + Evaluado + Evaluacion","Project Code + Appraiser + Init. Period + Evaluated P. + Evaluation","S","","","S"
"RDA","6","RDA_FILIAL+RDA_CODAVA+RDA_CODDOR+RDA_CODADO","Avaliacao + Avaliador + Avaliado","Evaluacion + Evaluador + Evaluado","Evaluation + Appraiser + Evaluated P.","S","","","S"
"RDA","7","RDA_FILIAL+RDA_CODDOR+RDA_CODADO+RDA_CODAVA+DTOS(RDA_DTIAVA)","Avaliador + Avaliado + Avaliacao + Peri.Inicial","Evaluador + Evaluado + Evaluacion + Per. Inicial","Appraiser + Evaluated P. + Evaluation + Init. Period","S","","","S"
"RDA","8","RDA_FILIAL+RDA_CODDOR+RDA_CODADO+RDA_CODAVA+RDA_CODPRO+DTOS(RDA_DTIAVA)","Avaliador + Avaliado + Avaliacao + Cod.Projeto + Peri.Inicial","Evaluador + Evaluado + Evaluacion + Cod.Proyecto + Per. Inicial","Appraiser + Evaluated P. + Evaluation + Project Code + Init. Period","S","","","S"
"RDA","9","RDA_FILIAL+RDA_CODDOR+RDA_CODAVA+RDA_CODPRO","Avaliador + Avaliacao + Cod.Projeto","Evaluador + Evaluacion + Cod.Proyecto","Appraiser + Evaluation + Project Code","S","","","S"
"RDA","A","RDA_FILIAL+RDA_CODAVA+DTOS(RDA_DTIAVA)","Avaliacao + Peri.Inicial","Evaluacion + Per. Inicial","Evaluation + Init. Period","S","","","S"
"RDA","B","RDA_FILIAL+RDA_CODAVA+RDA_CODADO+RDA_CODPRO+DTOS(RDA_DTIAVA)","Avaliacao + Avaliado + Cod.Projeto + Peri.Inicial","Evaluacion + Evaluado + Cod.Proyecto + Per. Inicial","Evaluation + Evaluated P. + Project Code + Init. Period","S","","","S"
"RDB","1","RDB_FILIAL+RDB_CODAVA+RDB_CODADO+RDB_CODPRO+RDB_CODDOR+DTOS(RDB_DTIAVA)+RDB_CODCOM+RDB_ITECOM+RDB_CODNET+RDB_CODQUE+RDB_TIPOAV+RDB_ID","Avaliacao + Avaliado + Cod. Projeto + Avaliador + Per.Iniicial + Compe","Evaluacion + Evaluado +  + Evaluador +  + Competencia + Item Compet. +","Evaluation + Evaluated P. +  + Appraiser +  + Competence + Compet. Ite","S","","","S"
"RDB","2","RDB_FILIAL+RDB_CODADO+RDB_CODAVA+RDB_CODPRO+RDB_CODDOR+DTOS(RDB_DTIAVA)+RDB_ITECOM+RDB_CODNET+RDB_CODQUE+RDB_TIPOAV","Avaliado + Avaliacao + Cod. Projeto + Avaliador + Per.Iniicial + Item","Evaluado + Evaluacion +  + Evaluador +  + Item Compet. + Codigo + Cod.","Evaluated P. + Evaluation +  + Appraiser +  + Compet. Item + Code + Qu","S","","","S"
"RDB","3","RDB_FILIAL+RDB_CODDOR+DTOS(RDB_DTIAVA)+RDB_CODADO+RDB_CODAVA+RDB_CODPRO+RDB_CODCOM+RDB_ITECOM+RDB_CODNET","Avaliador + Per.Iniicial + Avaliado + Avaliacao + Cod. Projeto + Compe","Evaluador +  + Evaluado + Evaluacion +  + Competencia + Item Compet. +","Appraiser +  + Evaluated P. + Evaluation +  + Competence + Compet. Ite","S","","","S"
"RDB","4","RDB_FILIAL+RDB_CODTIP+RDB_CODNET+RDB_CODDOR+DTOS(RDB_DTIAVA)+RDB_CODAVA+RDB_CODADO+RDB_CODPRO","Cod.Tp.Ava. + Codigo + Avaliador + Per.Iniicial + Avaliacao + Avaliado","Cod.Tip.Eval + Codigo + Evaluador +  + Evaluacion + Evaluado +","Eval.Tp.Code + Code + Appraiser +  + Evaluation + Evaluated P. +","S","","","S"
"RDB","5","RDB_FILIAL+RDB_CODCOM+RDB_ITECOM+RDB_CODAVA+RDB_CODADO","Competencia + Item Compet. + Avaliacao + Avaliado","Competencia + Item Compet. + Evaluacion + Evaluado","Competence + Compet. Item + Evaluation + Evaluated P.","S","","","S"
"RDB","6","RDB_FILIAL+RDB_CODPRO+RDB_CODAVA+RDB_CODADO+RDB_CODDOR+DTOS(RDB_DTIAVA)+RDB_TIPOAV","Cod. Projeto + Avaliacao + Avaliado + Avaliador + Per.Iniicial + Tp.Av","+ Evaluacion + Evaluado + Evaluador +  + Tp.Evaluador","+ Evaluation + Evaluated P. + Appraiser +  + Evaluator Tp","S","","","S"
"RDB","7","RDB_FILIAL+RDB_CODMOD+RDB_CODCOM+RDB_ITECOM+RDB_CODQUE","Cod.Modelo + Competencia + Item Compet. + Cod. Questao","+ Competencia + Item Compet. + Cod.Cuestion","+ Competence + Compet. Item + Question Cd.","S","","","S"
"RDB","8","RDB_FILIAL+RDB_CODQUE+RDB_CODALT+RDB_CODAVA","Cod. Questao + Cod. Altern. + Avaliacao","Cod.Cuestion + Cod.Altern. + Evaluacion","Question Cd. + Altern. Code + Evaluation","S","","","S"
"RDB","9","RDB_FILIAL+RDB_ESCALA+RDB_ITEESC","Cod.Esc/Impo + Item Esc/Imp","Cod.Esc/Impo + Item Esc/Imp","Scale/Imp.It + Scl./Imp.It.","S","","","N"
"RDB","A","RDB_FILIAL+RDB_CODAVA+DTOS(RDB_DTIAVA)","Avaliacao + Per.Iniicial","Evaluacion +","Evaluation +","S","","","S"
"RDB","B","RDB_FILIAL+RDB_CODAVA+RDB_CODADO+RDB_CODPRO+RDB_CODDOR+DTOS(RDB_DTIAVA)+RDB_CODCOM+RDB_ITECOM+RDB_CODQUE+RDB_TIPOAV","Avaliacao + Avaliado + Cod. Projeto + Avaliador + Per.Iniicial + Compe","Evaluacion + Evaluado +  + Evaluador +  + Competencia + Item Compet. +","Evaluation + Evaluated P. +  + Appraiser +  + Competence + Compet. Ite","S","","","S"
"RDB","C","RDB_FILIAL+RDB_CODAVA+RDB_CODADO+RDB_CODPRO+DTOS(RDB_DTIAVA)","Avaliacao + Avaliado + Cod. Projeto + Per.Iniicial","Evaluacion + Evaluado +  +","Evaluation + Evaluated P. +  +","S","","","S"
"RDB","D","RDB_FILIAL+RDB_CODAVA+RDB_CODADO+RDB_CODPRO+RDB_CODDOR+DTOS(RDB_DTIAVA)+RDB_CODCOM+RDB_ITECOM+RDB_CODNET+RDB_CODQUE+RDB_CODALT+RDB_TIPOAV","Avaliacao + Avaliado + Cod. Projeto + Avaliador + Per.Iniicial + Compe","Evaluacion + Evaluado +  + Evaluador +  + Competencia + Item Compet. +","Evaluation + Evaluated P. +  + Appraiser +  + Competence + Compet. Ite","S","","","S"
"RDB","E","RDB_FILIAL+RDB_CODAVA+RDB_CODADO+RDB_CODPRO+RDB_CODDOR+DTOS(RDB_DTIAVA)+RDB_CODCOM+RDB_ITECOM+RDB_CODNET+RDB_CODQUE+RDB_ESCALA+RDB_ITEESC+RDB_TIPOAV","Avaliacao + Avaliado + Cod. Projeto + Avaliador + Per.Iniicial + Compe","Evaluacion + Evaluado +  + Evaluador +  + Competencia + Item Compet. +","Evaluation + Evaluated P. +  + Appraiser +  + Competence + Compet. Ite","S","","","S"
"RDB","G","RDB_FILIAL+RDB_ID+RDB_CODCOM+RDB_ITECOM+RDB_CODQUE+RDB_CODALT","Id + Competencia + Item Compet. + Cod. Questao + Cod. Altern.","Id + Competencia + Item Compet. + Cod.Cuestion + Cod.Altern.","Id + Competence + Compet. Item + Question Cd. + Altern. Code","S","","","S"
"RDB","H","RDB_FILIAL+RDB_ID+RDB_CODCOM+RDB_ITECOM+RDB_CODQUE+RDB_ESCALA+RDB_ITEESC","Id + Competencia + Item Compet. + Cod. Questao + Cod.Esc/Impo + Item E","Id + Competencia + Item Compet. + Cod.Cuestion + Cod.Esc/Impo + Item E","Id + Competence + Compet. Item + Question Cd. + Scale/Imp.It + Scl./Im","S","","","S"
"RDB","I","RDB_FILIAL+RDB_CODAVA+RDB_CODADO+RDB_CODPRO+RDB_CODDOR+DTOS(RDB_DTIAVA)+RDB_CODNET+RDB_TIPOAV","Avaliacao + Avaliado + Cod. Projeto + Avaliador + Per.Iniicial + Codig","Evaluacion + Evaluado +  + Evaluador +  + Codigo + Tp.Evaluador","Evaluation + Evaluated P. +  + Appraiser +  + Code + Evaluator Tp","S","","","S"
"RDC","1","RDC_FILIAL+RDC_CODAVA+RDC_CODADO+RDC_CODPRO+RDC_CODDOR+DTOS(RDC_DTIAVA)+RDC_CODNET+RDC_NIVEL+RDC_TIPOAV","Avaliacao + Avaliado + Cod.Proj.Ava + Avaliador + Inic.Avaliac + Rede","Evaluacion + Evaluado + Cod.Proy.Eva + Evaluador + Inic.Evaluac + Red","Evaluation + Evaluated P. + Ev.Proj.Code + Appraiser + Evaluat.Beg. +","S","","","S"
"RDC","2","RDC_FILIAL+RDC_CODADO+RDC_CODAVA+RDC_CODPRO+RDC_CODDOR+DTOS(RDC_DTIAVA)+RDC_CODNET+RDC_NIVEL+RDC_TIPOAV","Avaliado + Avaliacao + Cod.Proj.Ava + Avaliador + Inic.Avaliac + Rede","Evaluado + Evaluacion + Cod.Proy.Eva + Evaluador + Inic.Evaluac + Red","Evaluated P. + Evaluation + Ev.Proj.Code + Appraiser + Evaluat.Beg. +","S","","","S"
"RDC","3","RDC_FILIAL+RDC_CODDOR+RDC_CODADO+RDC_CODAVA+RDC_CODPRO+DTOS(RDC_DTIAVA)+RDC_CODNET+RDC_NIVEL+RDC_TIPOAV","Avaliador + Avaliado + Avaliacao + Cod.Proj.Ava + Inic.Avaliac + Rede","Evaluador + Evaluado + Evaluacion + Cod.Proy.Eva + Inic.Evaluac + Red","Appraiser + Evaluated P. + Evaluation + Ev.Proj.Code + Evaluat.Beg. +","S","","","S"
"RDC","4","RDC_FILIAL+RDC_CODTIP+RDC_CODNET+RDC_CODAVA+RDC_CODADO+RDC_CODPRO+RDC_CODDOR+DTOS(RDC_DTIAVA)+RDC_NIVEL+RDC_TIPOAV","Cod.Tip.Ava. + Rede + Avaliacao + Avaliado + Cod.Proj.Ava + Avaliador","Cod.Tip.Eval + Red + Evaluacion + Evaluado + Cod.Proy.Eva + Evaluador","Eval.Tp.Code +  + Evaluation + Evaluated P. + Ev.Proj.Code + Appraiser","S","","","S"
"RDC","5","RDC_FILIAL+RDC_CODPRO+RDC_CODAVA+RDC_CODADO+RDC_CODDOR+DTOS(RDC_DTIAVA)+RDC_CODNET+RDC_NIVEL+RDC_TIPOAV","Cod.Proj.Ava + Avaliacao + Avaliado + Avaliador + Inic.Avaliac + Rede","Cod.Proy.Eva + Evaluacion + Evaluado + Evaluador + Inic.Evaluac + Red","Ev.Proj.Code + Evaluation + Evaluated P. + Appraiser + Evaluat.Beg. +","S","","","S"
"RDC","6","RDC_FILIAL+RDC_TIPO+RDC_IDENT","RDC_TIPO+Identific.","RDC_TIPO+Identific.","RDC_TIPO+ID","S","","","S"
"RDC","7","RDC_FILIAL+RDC_CODAVA+DTOS(RDC_DTIAVA)","Avaliacao + Inic.Avaliac","Evaluacion + Inic.Evaluac","Evaluation + Evaluat.Beg.","S","","","S"
"RDC","8","RDC_FILIAL+RDC_ID+RDC_CODAVA","RDC_ID+Avaliacao","RDC_ID+Evaluacion","RDC_ID+Evaluation","S","","","S"
"RDC","9","RDC_FILIAL+RDC_CODAVA+RDC_CODADO+RDC_CODPRO+RDC_ID+DTOS(RDC_DTIAVA)+RDC_CODNET+RDC_NIVEL+RDC_TIPOAV","Avaliacao + Avaliado + Cod.Proj.Ava + RDC_ID+Inic.Avaliac + Rede + Niv","Evaluacion + Evaluado + Cod.Proy.Eva + RDC_ID+Inic.Evaluac + Red + Niv","Evaluation + Evaluated P. + Ev.Proj.Code + RDC_ID+Evaluat.Beg. +  +  +","S","","","S"
"RDC","A","RDC_FILIAL+RDC_CODADO+RDC_ID+RDC_CODAVA","Avaliado + RDC_ID+Avaliacao","Evaluado + RDC_ID+Evaluacion","Evaluated P. + RDC_ID+Evaluation","S","","","S"
"RDC","B","RDC_FILIAL+RDC_CODAVA+DTOS(RDC_DTFAVA)","Avaliacao + Final Avalia","Evaluacion + Final Evalua","Evaluation + Eval. end","S","","","S"
"RDD","1","RDD_FILIAL+RDD_CODAVA+RDD_CODADO+RDD_CODPRO+DTOS(RDD_DTIAVA)+RDD_CODCOM+RDD_ITECOM+RDD_CODNET","Avaliacao + Avaliado + Cod.Projeto + Peri.Inicial + Competencia + Item","Evaluacion + Evaluado + Cod.Projecto + Period.Inic. + Atribucion + Ite","+  + Project Cod. + Initial Per. +  +  +","S","","","S"
"RDD","2","RDD_FILIAL+RDD_CODADO+RDD_CODAVA+RDD_CODCOM+RDD_ITECOM+RDD_CODNET","Avaliado + Avaliacao + Competencia + Item Compet. + Codigo Rede","Evaluado + Evaluacion + Atribucion + Item Compet. + Codigo Red","+  +  +  +","S","","","S"
"RDD","3","RDD_FILIAL+RDD_CODCOM+RDD_ITECOM+RDD_CODAVA+RDD_CODADO+RDD_CODNET","Competencia + Item Compet. + Avaliacao + Avaliado + Codigo Rede","Atribucion + Item Compet. + Evaluacion + Evaluado + Codigo Red","+  +  +  +","S","","","S"
"RDD","4","RDD_FILIAL+RDD_CODTIP+RDD_CODNET+RDD_CODAVA+RDD_CODADO+RDD_CODCOM+RDD_ITECOM","Cod.Tip.Ava. + Codigo Rede + Avaliacao + Avaliado + Competencia + Item","Cod.Tip.Eval + Codigo Red + Evaluacion + Evaluado + Atribucion + Item","Eval.Tp.Code +  +  +  +  +","S","","","S"
"RDD","5","RDD_FILIAL+RDD_CODPRO+RDD_CODAVA+RDD_CODADO+DTOS(RDD_DTIAVA)","Cod.Projeto + Avaliacao + Avaliado + Peri.Inicial","Cod.Projecto + Evaluacion + Evaluado + Period.Inic.","Project Cod. +  +  + Initial Per.","S","","","S"
"RDE","1","RDE_FILIAL+RDE_CODPAR+RDE_CODVIS+RDE_ITEVIS+DTOS(RDE_DATA)","Participante + Visao + Item Visao + Data Alterac","Participante + Vision + Item Vision + Fecha Modif.","Participant + Vision + Vision Item + Alter. Date","S","","","S"
"RDE","2","RDE_FILIAL+RDE_CODVIS+RDE_ITEVIS+RDE_CODPAR+DTOS(RDE_DATA)","Visao + Item Visao + Participante + Data Alterac","Vision + Item Vision + Participante + Fecha Modif.","Vision + Vision Item + Participant + Alter. Date","S","","","S"
"RDE","3","RDE_FILIAL+RDE_CODPAR+RDE_CODVIS+RDE_ITEVIS+RDE_STATUS","Participante + Visao + Item Visao + Status","Participante + Vision + Item Vision + Estatus","Participant + Vision + Vision Item + Status","S","","","S"
"RDE","4","RDE_FILIAL+RDE_CODVIS+RDE_ITEVIS+RDE_CODPAR+RDE_STATUS","Visao + Item Visao + Participante + Status","Vision + Item Vision + Participante + Estatus","Vision + Vision Item + Participant + Status","S","","","S"
"RDE","5","RDE_FILIAL+RDE_CODPAR+RDE_CODVIS+RDE_STATUS","Participante + Visao + Status","Participante + Vision + Estatus","Participant + Vision + Status","S","","","S"
"RDE","6","RDE_FILIAL+RDE_CODVIS+RDE_CODPAR+RDE_STATUS","Visao + Participante + Status","Vision + Participante + Estatus","Vision + Participant + Status","S","","","S"
"RDE","7","RDE_FILIAL+RDE_CODVIS+RDE_STATUS","Visao + Status","Vision + Estatus","Vision + Status","S","","","S"
"RDE","8","RDE_FILIAL+RDE_CODVIS+RDE_ITEVIS+RDE_STATUS+RDE_CODPAR","Visao + Item Visao + Status + Participante","Vision + Item Vision + Estatus + Participante","Vision + Vision Item + Status + Participant","S","","","S"
"RDF","1","RDF_FILIAL+RDF_CODIGO+RDF_CODOBJ","Codigo + Cod.Objetivo","Codigo + Cod.Objetivo","Code + Objc.Code","S","","","S"
"RDF","2","RDF_FILIAL+RDF_CODOBJ+RDF_CODIGO","Cod.Objetivo + Codigo","Cod.Objetivo + Codigo","Objc.Code + Code","S","","","S"
"RDG","1","RDG_FILIAL+ RDG_CODIGO+RDG_CODMEM","Cod.Mensagem + Codigo Memo","Cod.Mensaje + Codigo Memo","Message Code + Memo Code","S","","","S"
"RDG","2","RDG_FILIAL+ RDG_CODMEM+RDG_CODIGO","Codigo Memo + Cod.Mensagem","Codigo Memo + Cod.Mensaje","Memo Code + Message Code","S","","","N"
"RDH","1","RDH_FILIAL+RDH_CODTIP+RDH_CODNET+RDH_NIVEL","Codigo + Codigo Rede + Nivel Rede","Codigo + Codigo Red + Nivel Red","Code + Network code + Netw. Level","S","","","S"
"RDH","2","RDH_FILIAL+RDH_CODNET+RDH_CODTIP+RDH_NIVEL","Codigo Rede + Codigo + Nivel Rede","Codigo Red + Codigo + Nivel Red","Network code + Code + Netw. Level","S","","","S"
"RDI","1","RDI_FILIAL+RDI_CODIGO","Cod.Objetivo","Cod.Objetivo","Target Code","S","","","S"
"RDI","2","RDI_FILIAL+RDI_DESC+RDI_CODIGO","Des.Objetivo + Cod.Objetivo","Desc.Objetiv + Cod.Objetivo","Target Desc. + Target Code","S","","","S"
"RDI","3","RDI_FILIAL+RDI_ESCATG+RDI_CODIGO","Esc. Atingim + Cod.Objetivo","Esc. Alcance + Cod.Objetivo","Achiev.Scale + Target Code","S","","","N"
"RDI","4","RDI_FILIAL+RDI_ESCREL+RDI_CODIGO","Esc.Relevanc + Cod.Objetivo","Esc.Relevanc + Cod.Objetivo","Relevanc Sca + Target Code","S","","","N"
"RDI","5","RDI_FILIAL+RDI_ESCCON+RDI_CODIGO","Esc.Conhec. + Cod.Objetivo","Esc. Conoc. + Cod.Objetivo","Knowled. sca + Target Code","S","","","N"
"RDI","6","RDI_FILIAL+RDI_CODMEM+RDI_CODIGO","Cod.Det.Obj. + Cod.Objetivo","Cod.Det.Obj. + Cod.Objetivo","Trg.D.Code + Target Code","S","","","N"
"RDI","7","RDI_FILIAL+RDI_TIPO+RDI_CODIGO","Tipo Obj. + Cod.Objetivo","Tipo Obj. + Cod.Objetivo","Obj.Type + Target Code","S","","","S"
"RDJ","1","RDJ_FILIAL+RDJ_CODPAR+RDJ_CODOBJ+RDJ_PERIOD+RDJ_ITEM+RDJ_SEQITM+DTOS(RDJ_DATITM)+RDJ_STATUS","Cod.Particip + Cod.Objetivo + Cod.Periodo + Item + Seq. Item + Data It","Cod.Particip + Cod.Objetivo + Cod.Periodo + Item + Sec. Item + Fecha I","Attend.Code + Target Code + Period Code + Item + Item.Seq. + Item Date","S","","","S"
"RDJ","2","RDJ_FILIAL+RDJ_CODOBJ+RDJ_CODPAR+RDJ_PERIOD+RDJ_ITEM+RDJ_SEQITM+DTOS(RDJ_DATITM)","Cod.Objetivo + Cod.Particip + Cod.Periodo + Item + Seq. Item + Data It","Cod.Objetivo + Cod.Particip + Cod.Periodo + Item + Sec. Item + Fecha I","Target Code + Attend.Code + Period Code + Item + Item.Seq. + Item Date","S","","","S"
"RDJ","3","RDJ_FILIAL+RDJ_ESCREA+RDJ_ITESCR","Esc.Relevan. + Item.Esc.Rel","Esc.Relevan. + Item.Esc.Rel","Relev. scale + Rel.Sca.Item","S","","","N"
"RDJ","4","RDJ_FILIAL+RDJ_ESCATG+RDJ_ITESAT","Esc.Atingim. + Item Esc.At.","Esc.Alcance + Item Esc.Al.","Acheiv.Scale + Ach.Sca.Item","S","","","N"
"RDJ","5","RDJ_FILIAL+RDJ_ESCCON+RDJ_ITECOA","Esc.Conhec. + Nivel Atual","Esc. Conoc. + Nivel Actual","Acknow. Sca. + Curr. Level","S","","","N"
"RDJ","6","RDJ_FILIAL+RDJ_ESCCON+RDJ_ITECOP","Esc.Conhec. + Nive Pretend","Esc. Conoc. + Nive Pretend","Acknow. Sca. + Itend. Level","S","","","N"
"RDJ","7","RDJ_FILIAL+RDJ_CODMEM+RDJ_CODPAR+RDJ_CODOBJ","Cod. Observ. + Cod.Particip + Cod.Objetivo","Cod. Observ. + Cod.Particip + Cod.Objetivo","Note Code + Attend.Code + Target Code","S","","","N"
"RDJ","8","RDJ_FILIAL+RDJ_ESCATG+RDJ_ITATCN","Esc.Atingim. + It.Atg.Conse","Esc.Alcance + It.Alc.Conce","Acheiv.Scale + It.Ach.Cons.","S","","","S"
"RDJ","9","RDJ_FILIAL+RDJ_PERIOD+RDJ_CODPAR+RDJ_CODOBJ+RDJ_ITEM+RDJ_SEQITM+DTOS(RDJ_DATITM)","Cod.Periodo + Cod.Particip + Cod.Objetivo + Item + Seq. Item + Data It","Cod.Periodo + Cod.Particip + Cod.Objetivo + Item + Sec. Item + Fecha I","Period Code + Attend.Code + Target Code + Item + Item.Seq. + Item Date","S","","","S"
"RDJ","A","RDJ_FILIAL+RDJ_CODDOR+RDJ_CODPAR+RDJ_CODOBJ+RDJ_PERIOD+RDJ_ITEM+RDJ_SEQITM+DTOS(RDJ_DATITM)","Avaliador + Cod.Particip + Cod.Objetivo + Cod.Periodo + Item + Seq. It","Evaluador + Cod.Particip + Cod.Objetivo + Cod.Periodo + Item + Sec. It","Appraiser + Attend.Code + Target Code + Period Code + Item + Item.Seq.","S","","","S"
"RDJ","B","RDJ_FILIAL+RDJ_CODOBJ+RDJ_PERIOD+RDJ_CODPAR+RDJ_CODDOR+RDJ_ITOBJ+STR(RDJ_VERITM,5,2)+RDJ_ITEM","Cod.Objetivo + Cod.Periodo + Cod.Particip + Avaliador + Item do Obj +","Cod.Objetivo + Cod.Periodo + Cod.Particip + Evaluador + Item del Obj +","Target Code + Period Code + Attend.Code + Appraiser + Object Item + It","S","","","S"
"RDK","1","RDK_FILIAL+RDK_CODIGO","Codigo","Codigo","Code","S","","","S"
"RDK","2","RDK_FILIAL+RDK_DESC+RDK_CODIGO","Descricao + Codigo","Descripcion + Codigo","Description + Code","S","","","S"
"RDL","1","RDL_FILIAL+RDL_CODIGO","Cod.Plan.Ava","Cod.PlanEval","Eval.Pl.Code","S","","","S"
"RDL","2","RDL_FILIAL+RDL_DESC+RDL_CODIGO","Desc. Plano + Cod.Plan.Ava","Desc. Plan + Cod.PlanEval","Eval.Desc. + Eval.Pl.Code","S","","","S"
"RDL","3","RDL_FILIAL+RDL_CODMEM+RDL_CODIGO","Cod.Dt.PlAv + Cod.Plan.Ava","Cod.Det.PlEv + Cod.PlanEval","Ev.Pl.Det.Cd + Eval.Pl.Code","S","","","N"
"RDM","1","RDM_FILIAL+RDM_CODIGO","Codigo","Codigo","Code","S","","","S"
"RDM","2","RDM_FILIAL+RDM_DESC+RDM_CODIGO","Descricao + Codigo","Descricion + Codigo","Description + Code","S","","","S"
"RDN","1","RDN_FILIAL+RDN_CODIGO+DTOS(RDN_DTIPRO)","Cod.Projeto + Data Inicial","Cod.Proyecto + Fch. Inicial","Proj.Code + Ini.Date","S","","","S"
"RDN","2","RDN_FILIAL+RDN_DESC+RDN_CODIGO+DTOS(RDN_DTIPRO)","Desc.Projeto + Cod.Projeto + Data Inicial","Desc.Proyect + Cod.Proyecto + Fch. Inicial","Proj.Desc. + Proj.Code + Ini.Date","S","","","S"
"RDN","3","RDN_FILIAL+DTOS(RDN_DTIPRO)+RDN_CODIGO","Data Inicial + Cod.Projeto","Fch. Inicial + Cod.Proyecto","Ini.Date + Proj.Code","S","","","S"
"RDN","4","RDN_FILIAL+DTOS(RDN_DTFPRO)+RDN_CODIGO","Data Final + Cod.Projeto","Fecha Final + Cod.Proyecto","Final Date + Proj.Code","S","","","S"
"RDN","5","RDN_FILIAL+RDN_CODMEM+RDN_CODIGO","Codigo Memo + Cod.Projeto","Codigo Memo + Cod.Proyecto","Memo Code + Proj.Code","S","","","N"
"RDO","1","RDO_FILIAL+RDO_CODMOD+RDO_CODCOM+RDO_ITECOM+RDO_ESCALA+RDO_ITEESC","Cod. Modelo + Cod. Compet. + Item Compet. + Cod.Relevanc + Item Releva","Cod. Modelo + Cod. Compet. + Item Compet. + Cod.Relevanc + Item Releva","Mod.Code + Compet. Code + Compet. item + Relev.Code + Relev.Item","S","","","S"
"RDO","2","RDO_FILIAL+RDO_CODCOM+RDO_ITECOM+RDO_CODMOD+RDO_ESCALA+RDO_ITEESC","Cod. Compet. + Item Compet. + Cod. Modelo + Cod.Relevanc + Item Releva","Cod. Compet. + Item Compet. + Cod. Modelo + Cod.Relevanc + Item Releva","Compet. Code + Compet. item + Mod.Code + Relev.Code + Relev.Item","S","","","S"
"RDO","3","RDO_FILIAL+RDO_ESCALA+RDO_ITEESC+RDO_CODMOD+RDO_CODCOM+RDO_ITECOM","Cod.Relevanc + Item Relevan + Cod. Modelo + Cod. Compet. + Item Compet","Cod.Relevanc + Item Relevan + Cod. Modelo + Cod. Compet. + Item Compet","Relev.Code + Relev.Item + Mod.Code + Compet. Code + Compet. item","S","","","S"
"RDP","1","RDP_FILIAL+RDP_CODAVA+DTOS(RDP_DATINI)","Avaliacao + Inicio Ava.","Evaluacion + Inicio Eval.","Evaluation + Eval.Start","S","","","S"
"RDP","2","RDP_FILIAL+RDP_MEMCOB","Cod.Mem.Cob.","Cod.Men.Cob.","Coll.Mess.Cd","S","","","N"
"RDP","3","RDP_FILIAL+RDP_MEMRSP","Cod.Men.Resp","Cod.Men.Resp","Resp.Mess.Cd","S","","","N"
"RDQ","1","RDQ_FILIAL+RDQ_CODIGO+RDQ_ALIAS+RDQ_FIL+RDQ_STATUS+DTOS(RDQ_DATA)","Codigo + Entidade + Filial Entid + Status + Data Alterac","Codigo + Entidad + Suc Entid + Estatus + Fecha Modif.","Code + Entity + Ent.Branch + Status + Alter.Date","S","","","S"
"RDQ","2","RDQ_FILIAL+RDQ_DESC+RDQ_CODIGO","Descricao + Codigo","Descripcion + Codigo","Description + Code","S","","","S"
"RDR","1","RDR_FILIAL+RDR_CODIGO+RDR_CODMOD","Codigo + Cod.Mod.Ava.","Codigo + Cod.Mod.Eva.","Code + Eval.Md.Cod.","S","","","S"
"RDR","2","RDR_FILIAL+RDR_CODMOD+RDR_CODIGO","Cod.Mod.Ava. + Codigo","Cod.Mod.Eva. + Codigo","Eval.Md.Cod. + Code","S","","","S"
"RDS","1","RDS_FILIAL+RDS_CODIGO","Codigo","Codigo","Code","S","","","S"
"RDS","2","RDS_FILIAL+RDS_DESC+RDS_CODIGO","Descricao + Codigo","Descripcion + Codigo","Description + Code","S","","","S"
"RDT","1","RDT_FILIAL+RDT_CODIGO+RDT_ALIAS","Codigo + Entidade","Codigo + Entidad","Code + Entity","S","","","S"
"RDU","1","RDU_FILIAL+RDU_CODIGO","Codigo","Codigo","Code","S","","","S"
"RDU","2","RDU_FILIAL+RDU_DESC+RDU_CODIGO","Descricao + Codigo","Descripcion + Codigo","Description + Code","S","","","S"
"RDU","3","RDU_FILIAL+DTOS(RDU_DATINI)+RDU_CODIGO","Data Inicial + Codigo","Fecha Inicio + Codigo","Initial Date + Code","S","","","S"
"RDV","1","RDV_FILIAL+RDV_CODPAR+RDV_CODOBJ+RDV_CODDOR+RDV_CODPER","Cod.Partic. + Cod.Objetivo + Cd.Avaliador + Cod.Periodo","Cod.Partic. + Cod.Objetivo + Cd.Evaluador + Cod.Periodo","Attend.Code + Obj.Code + Appr.Code + Period Code","S","","","S"
"RDV","2","RDV_FILIAL+RDV_CODDOR+RDV_CODOBJ+RDV_CODPAR+RDV_CODPER","Cd.Avaliador + Cod.Objetivo + Cod.Partic. + Cod.Periodo","Cd.Evaluador + Cod.Objetivo + Cod.Partic. + Cod.Periodo","Appr.Code + Obj.Code + Attend.Code + Period Code","S","","","S"
"RDW","1","RDW_FILIAL+RDW_CODOBJ+RDW_ITEM","Cod.Objetivo + Item do Obj","Cod.Objetivo + Item del Obj","Objective Co + Objective It","S","","","S"
"RDY","1","RDY_FILIAL+RDY_CHAVE+RDY_SEQ","Chave + Sequencia","Clave + Secuencia","Key + Sequence","S","","","S"
"RDZ","1","RDZ_FILIAL+RDZ_EMPENT+RDZ_FILENT+RDZ_ENTIDA+RDZ_CODENT+RDZ_CODRD0","Empresa + Filial + Entidade + Codigo + Pessoa","Empresa + Sucursal + Entidad + Codigo + Persona","Company + Branch + Entity + Code + Person","S","","","S"
"RDZ","2","RDZ_FILIAL+RDZ_CODRD0+RDZ_EMPENT+RDZ_FILENT+RDZ_ENTIDA","Pessoa + Empresa + Filial + Entidade","Persona + Empresa + Sucursal + Entidad","Person + Company + Branch + Entity","S","","","S"
"RE0","1","RE0_FILIAL+RE0_NUM","Nro.Processo","Nro.Proceso","Process Nbr.","S","","","S"
"RE0","2","RE0_FILIAL+RE0_N1INST","Num 1ª Inst.","Num 1ª Inst.","Nbr 1st Inst","S","","","S"
"RE0","3","RE0_FILIAL+RE0_N2INST","Num 2ª Inst","Num 2ª Inst","Nbr 2nd Inst","S","","","S"
"RE0","4","RE0_FILIAL+RE0_NSUPTR","Num Sup Trib","Num Sup Trib","NbrSup.Court","S","","","S"
"RE0","5","RE0_FILIAL+RE0_DESCR","Descricao","Descripcion","Description","S","","","S"
"RE1","1","RE1_FILIAL+RE1_COMAR+RE1_VARA","Comarca Foro + Vara","Comarca Foro + Jurisdiccion","Jurisd.Court + Tribunal","S","","","S"
"RE1","2","RE1_FILIAL+RE1_DESCR","Descricao","Descripcion","Description","S","","","S"
"RE3","1","RE3_FILIAL+RE3_CODIGO","Codigo","Codigo","Code","S","","","S"
"RE3","2","RE3_FILIAL+RE3_NOME","Nome","Nombre","Name","S","","","S"
"RE4","1","RE4_FILIAL+RE4_PRONUM+RE4_CODADV","Num.Processo + Cod.Advogado","Num.Proceso + Cod.Abogado","Process Nbr. + Lawyer Code","S","","","S"
"RE4","2","RE4_FILIAL+RE4_CODADV+RE4_PRONUM","Cod.Advogado + Num.Processo","Cod.Abogado + Num.Proceso","Lawyer Code + Process Nbr.","S","","","S"
"RE5","1","RE5_FILIAL+RE5_TABELA+RE5_CODIGO","Tabela + Cod. Tipo","Tabla + Cod. Tipo","Table + Type Code","S","","","S"
"RE5","2","RE5_FILIAL+RE5_TABELA+RE5_DESCR","Tabela + Descr. Tipo","Tabla + Descr. Tipo","Table + Type Desc.","S","","","S"
"RE6","1","RE6_FILIAL+RE6_CHAVE+RE6_SEQ","Chave + Sequencia","Clave + Secuencia","Key + Sequence","S","","","S"
"RE8","1","RE8_FILIAL+RE8_IDENT","Identific.","Identific.","Identific.","S","","","S"
"RE8","2","RE8_FILIAL+RE8_SIGLA","Sigla","Sigla","Abbrev.","S","","","S"
"RE9","1","RE9_FILIAL+RE9_PRONUM+DtoS(RE9_DATA)+RE9_TESCOD","Num.Processo + Data Aud. + Cod.Testem.","Num.Proceso + Fecha Aud. + Cod.Testigo","Process No. + Pre.Hear.Dat + Witness Cod.","S","","","S"
"REA","1","REA_FILIAL+REA_PRONUM+DtoS(REA_DATA)","Num.Processo + Data Aud.","Num.Proceso + Fecha Aud.","Process Nbr. + Pre.Hear.Dat","S","","","S"
"REA","2","REA_FILIAL+DtoS(REA_DATA)+REA_PRONUM","Data Aud. + Num.Processo","Fecha Aud. + Num.Proceso","Pre.Hear.Dat + Process Nbr.","S","","","S"
"REA","3","REA_FILIAL+REA_PRONUM+REA_TIPO","Num.Processo + Tipo Aud.","Num.Proceso + Tipo Aud.","Process Nbr. + Type Aud.","S","","","S"
"REC","1","REC_FILIAL+REC_CODIGO","Cod.Comarca","Cod.Comarca","Jurisd. Code","S","","","S"
"REC","2","REC_FILIAL+REC_NOME","Nome Comarca","Nombre Comar","Region Name","S","","","S"
"REC","3","REC_FILIAL+REC_REGIAO+REC_NOME","Regiao + Nome Comarca","Region + Nombre Comar","Region + Region Name","S","","","S"
"REE","1","REE_FILIAL+REE_CODIGO","Codigo","Codigo","Code","S","","","S"
"REE","2","REE_FILIAL+REE_NOME","Nome","Nombre","Name","S","","","S"
"REG","1","REG_FILIAL+REG_PRONUM+REG_CODIGO+REG_ITEM","Num.Processo + Cont.Patrim. + Item At.Fixo","Nº de Proces + Cont.Patrim. + Item Act.Fij","Process No. + Equity Cont. + Asset Item","S","","","S"
"REH","1","REH_FILIAL+REH_PRONUM+REH_CODPLT+DtoS(REH_DTPERI)+REH_TIPO","Num.Processo + Cod. Pleito + Data Pericia + Tipo Pericia","Num.Proceso + Cod. Juicio + Fch Pericia + Tipo Pericia","Process No. + Lawsuit Code + Audit Date + Expert Type","S","","","S"
"REJ","1","REJ_FILIAL+REJ_CODIGO","Codigo","Codigo","Code","S","","","S"
"REJ","2","REJ_FILIAL+REJ_NOME","Nome","Nombre","Name","S","","","S"
"REK","1","REK_FILIAL+REK_TABELA","Tabela","Tabla","Table","S","","","S"
"REL","1","REL_FILIAL+REL_PRONUM+REL_CODPLT","Num.Processo + Cod. Pleito","Num.Proceso + Cod. Pleito","Process Nbr. + Cod. Suit","S","","","S"
"REL","2","REL_FILIAL+REL_RECLAM+REL_PRONUM+REL_CODPLT","Reclamante + Num.Processo + Cod. Pleito","Reclamante + Num.Proceso + Cod. Pleito","Plaintiff + Process Nbr. + Cod. Suit","S","","","S"
"REL","3","REL_FILIAL+REL_PRONUM+REL_DESCR","Num.Processo + Descr.Pleito","Num.Proceso + Descr.Pleito","Process Nbr. + Descr. Suit","S","","","S"
"REL","4","REL_FILIAL+REL_PRONUM+REL_TPPLT","Num.Processo + Tipo Pleito","Num.Proceso + Tipo Pleito","Process Nbr. + Type Suit","S","","","S"
"REL","5","REL_FILIAL+REL_TPPLT+REL_RECLAM","Tipo Pleito + Reclamante","Tipo Pleito + Reclamante","Type Suit + Plaintiff","S","","","S"
"REL","6","REL_FILIAL+REL_FUNASS+REL_PRONUM+REL_CODPLT","Func.Assoc. + Num.Processo + Cod. Pleito","Empl. Asoc. + Num.Proceso + Cod. Pleito","Empl.Assoc + Process Nbr. + Cod. Suit","S","","","S"
"REL","7","REL_FILIAL+REL_PRONUM","Num.Processo","Num.Proceso","Process Nbr.","S","","","S"
"REL","8","REL_FILIAL+REL_PRONUM+REL_FUNASS+REL_VERBA","Num.Processo + Func.Assoc. + Verba Assoc.","Num.Proceso + Empl. Asoc. + Verba Asoc.","Process Nbr. + Empl.Assoc + Assoc. Fund","S","","","S"
"REL","9","REL_FILIAL+REL_CC+REL_TPPLT+REL_PRONUM+REL_CODPLT","Centro Custo + Tipo Pleito + Num.Processo + Cod. Pleito","Centro Costo + Tipo Pleito + Num.Proceso + Cod. Pleito","Cost Center + Type Suit + Process Nbr. + Cod. Suit","S","","","S"
"REL","A","REL_FILIAL+REL_TPPLT+REL_RESULT","Tipo Pleito + Cod.Result.","Tipo Pleito + Cod.Result.","Type Suit + Result Code","S","","","S"
"REM","1","REM_FILIAL+REM_PRONUM+DtoS(REM_DATA)+REM_TIPO","Num.Processo + Data Recurso + Tipo Recurso","Num.Proceso + Fecha Recurs + Tipo Recurso","Process No. + Appeal Date + Resource Typ","S","","","S"
"REO","1","REO_FILIAL+REO_PRONUM+DtoS(REO_DATA)+REO_TIPO","Num.Processo + Data Ocorr. + Tipo Ocorr.","Num.Proceso + Fecha Ocurr. + Tipo Ocurr.","Process No. + Occur. date + Occur.Type","S","","","S"
"REO","2","REO_FILIAL+DTOS(REO_DATA)+REO_TIPO+REO_PRONUM","Data Ocorr. + Tipo Ocorr. + Num.Processo","Fecha Ocurr. + Tipo Ocurr. + Num.Proceso","Occur. date + Occur.Type + Process No.","S","","","S"
"REO","3","REO_FILIAL+REO_TIPO+REO_PRONUM+DTOS(REO_DATA)","Tipo Ocorr. + Num.Processo + Data Ocorr.","Tipo Ocurr. + Num.Proceso + Fecha Ocurr.","Occur.Type + Process No. + Occur. date","S","","","S"
"RER","1","RER_FILIAL+RER_CODIGO","Codigo","Codigo","Code","S","","","S"
"RER","2","RER_FILIAL+RER_DESCR","Descricao","Descripcion","Description","S","","","S"
"RES","1","RES_FILIAL+RES_PRONUM+DtoS(RES_JULGAM)","Num.Processo + Data Julgam.","Num.Proceso + Fecha Juicio","Process No. + Judgem. Date","S","","","S"
"REU","1","REU_FILIAL+REU_CODPES+REU_SIGLA","Pessoa + Sigla","Persona + Sigla","Person + Abbrev.","S","","","S"
"SA1","1","A1_FILIAL+A1_COD+A1_LOJA","Codigo + Loja","Codigo + Tienda","Code + Unit","S","","","S"
"SA1","2","A1_FILIAL+A1_NOME+A1_LOJA","Nome + Loja","Nombre + Tienda","Name + Unit","S","","","S"
"SA1","3","A1_FILIAL+A1_CGC","CNPJ/CPF","CNPJ/CPF","CNPJ/CPF","S","","","S"
"SA1","4","A1_FILIAL+A1_TEL+A1_DDD+A1_DDI","Telefone + DDD + DDI","Telefono + DDN + DDI","Phone + Area Code + Int.Area Cod","S","","","S"
"SA1","5","A1_FILIAL+A1_NREDUZ","N Fantasia","Nom Fantasia","Trade Name","S","","","S"
"SA1","6","A1_FILIAL+A1_GRPVEN","Grp.Clientes","Grp.Clientes","Cust.Group","S","ACY","","S"
"SA1","7","A1_FILIAL+A1_NUMRA","Numero RA","Numero RA","RA Number","S","","","S"
"SA2","1","A2_FILIAL+A2_COD+A2_LOJA","Codigo + Loja","Codigo + Tienda","Supplier + Unit","S","","","S"
"SA2","2","A2_FILIAL+A2_NOME+A2_LOJA","Razao Social + Loja","Razon Social + Tienda","Name + Unit","S","","","S"
"SA2","3","A2_FILIAL+A2_CGC","CNPJ/CPF","CNPJ/CPF","CNPJ/CPF","S","","","S"
"SA2","4","A2_FILIAL+A2_ID_FBFN","Identificac.","Identific.","Identifier","S","","","S"
"SA2","5","A2_FILIAL+A2_CONREG+A2_SIGLCR","Numero C.R + Sigla C.R","Numero C.R. + Sigla C.R.","Reg.Coun.No. + C.R Acronym","S","","","S"
"SA3","1","A3_FILIAL+A3_COD","Codigo","Codigo","Code","S","","","S"
"SA3","2","A3_FILIAL+A3_NOME","Nome","Nombre","Name","S","","","S"
"SA3","3","A3_FILIAL+A3_CGC","CNPJ/CPF","CNPJ/CPF","CNPJ/CPF","S","","","S"
"SA3","4","A3_FILIAL+A3_GEREN","Gerente","Gerente","Manager","S","","","S"
"SA3","5","A3_FILIAL+A3_SUPER","Supervisor","Supervisor","Supervisor","S","","","S"
"SA3","6","A3_FILIAL+A3_GRPREP","Grupo","Grupo","Group","S","ACA","","S"
"SA3","7","A3_FILIAL+A3_CODUSR","Cod.Usuario","Usuario","User","S","","","S"
"SA4","1","A4_FILIAL+A4_COD","Codigo","Codigo","Code","S","","","S"
"SA4","2","A4_FILIAL+A4_NOME","Nome","Nombre","Name","S","","","S"
"SA4","3","A4_FILIAL+A4_CGC","CNPJ/CPF","CNPJ/CPF","CNPJ/CPF","S","","","S"
"SA5","1","A5_FILIAL+A5_FORNECE+A5_LOJA+A5_PRODUTO","Fornecedor + Loja + Produto","Proveedor + Tienda + Producto","Supplier + Unit + Product","S","FOR+XXX+SB1","","S"
"SA5","2","A5_FILIAL+A5_PRODUTO+A5_FORNECE+A5_LOJA","Produto + Fornecedor + Loja","Producto + Proveedor + Tienda","Product + Supplier + Unit","S","SB1+FOR","","S"
"SA5","3","A5_FILIAL+A5_PRODUTO+A5_FABR+A5_FORNECE","Produto + Fabricante + Fornecedor","Producto + Fabricante + Proveedor","Product + Manufacturer + Supplier","S","SB1+E92+FOR","","S"
"SA5","4","A5_FILIAL+A5_FABR+A5_PRODUTO","Fabricante + Produto","Fabricante + Producto","Manufacturer + Product","S","E92+SB1","","S"
"SA5","5","A5_FILIAL+A5_CODPRF+A5_PRODUTO+A5_FABR+A5_FORNECE","Cod.Prod.For + Produto + Fabricante + Fornecedor","CodProd.Prov + Producto + Fabricante + Proveedor","Supp.Prod.Cd + Product + Manufacturer + Supplier","S","XXX+SB1+E92+FOR","","S"
"SA5","6","A5_FILIAL+A5_CHAVE","Cod. Ligacao","Vinculo","Link Code","S","","","S"
"SA5","7","A5_FILIAL+A5_CODPRCA","Cod.Prod.Cat","Cod.Prod.Cat","Cat.Pr.Code","S","","","S"
"SA5","8","A5_FILIAL+A5_FORNECE+A5_LOJA+A5_CODBAR","Fornecedor + Loja + Cod.Barras","Proveedor + Tienda + Cod. Barras","Supplier + Unit + Bar Code","S","","","S"
"SA6","1","A6_FILIAL+A6_COD+A6_AGENCIA+A6_NUMCON","Codigo + Nro Agencia + Nro Conta","Codigo + Nro.Agencia + Nro.Cuenta","Bank + Branch  No. + Account No.","S","","","S"
"SA6","2","A6_FILIAL+A6_NOME","Nome Banco","Nombre Banco","Bank Name","S","","","S"
"SA6","3","A6_FILIAL + A6_CGC","CPF/CNPJ","CPF/CNPJ","CPF/CNPJ","S","","","S"
"SA7","1","A7_FILIAL+A7_CLIENTE+A7_LOJA+A7_PRODUTO","Cliente + Loja + Produto","Cliente + Tienda + Producto","Customer + Unit + Product","S","SA1+XXX+SB1","","S"
"SA7","2","A7_FILIAL+A7_PRODUTO+A7_CLIENTE+A7_LOJA","Produto + Cliente + Loja","Producto + Cliente + Tienda","Product + Customer + Unit","S","SB1+SA1","","S"
"SA9","1","A9_FILIAL+A9_TECNICO","Tecnico","Tecnico","Technician","S","","","S"
"SA9","2","A9_FILIAL+A9_NOME","Nome","Nombre","Name","S","","","S"
"SA9","3","A9_FILIAL+A9_COORD+A9_TECNICO","Supervisor + Tecnico","Supervisor + Tecnico","Supervisor + Technician","S","88","","S"
"SAA","1","AA_FILIAL+AA_CLIENTE+AA_LOJA+AA_CONTR","Cliente + Loja + Contrato","Cliente + Tienda + Contrato","Customer + Unit + Contract","S","SA1","","S"
"SAB","1","AB_FILIAL+AB_PRODUTO+AB_COMIS","Produto + Comissionado","Producto + Comisionista","Product + Commissioned","S","SB1","","S"
"SAB","2","AB_FILIAL+AB_COMIS+AB_PRODUTO","Comissionado + Produto","Comisionista + Producto","Commissioned + Product","S","XXX+SB1","","S"
"SAB","3","AB_FILIAL+AB_CLIENTE+AB_COMIS","Cliente + Comissionado","Cliente + Comisionista","Customer + Commissioned","S","SA1","","S"
"SAC","1","AC_FILIAL+AC_PRODUTO+AC_VERSAO","Produto + Versao","Producto + Version","Product + Version","S","SB1","","S"
"SAD","1","AD_FILIAL+AD_FORNECE+AD_LOJA+AD_GRUPO","Fornecedor + Loja + Grupo","Proveedor + Tienda + Grupo","Supplier + Unit + Group","S","FOR+XXX+03","","S"
"SAD","2","AD_FILIAL+AD_GRUPO+AD_FORNECE+AD_LOJA","Grupo + Fornecedor + Loja","Grupo + Proveedor + Tienda","Group + Supplier + Unit","S","03+FOR","","S"
"SAE","1","AE_FILIAL+AE_COD","Cod Adm","Administrad.","C.Card Code","S","","","S"
"SAE","2","AE_FILIAL+AE_CODCLI","Cod. Cliente","Cliente","Customer","S","","","S"
"SAF","1","AF_FILIAL+AF_COD+AF_CODCOND","Codigo Admin + Cod. Condica","Codigo Admin + Condicion","C.Card Code + Payment Term","S","SAE+SE4","","S"
"SAG","1","AG_FILIAL+AG_NAOCON","Nao-Conform.","No Conform.","Non-Conform.","S","","","S"
"SAH","1","AH_FILIAL+AH_UNIMED","Un. Medida","Un. Medida","Measure Unit","S","","","S"
"SAI","1","AI_FILIAL+AI_GRUSER","Grupo.Usuar.","Grp.Usuarios","Users Group","S","","","S"
"SAI","2","AI_FILIAL+AI_USER","Cod. Usuario","Usuario","User´s Code","S","","","S"
"SAI","3","AI_FILIAL+AI_GRUSER+AI_USER+AI_ITEM","Grupo.Usuar. + Cod. Usuario + Item","Grp.Usuarios + Usuario + Item","Users Group + User´s Code + Item","S","","","S"
"SAJ","1","AJ_FILIAL+AJ_GRCOM+AJ_ITEM","Grupo Comp. + Item","Grupo Comp. + Item","Buyers Group + Item","S","","","S"
"SAJ","2","AJ_FILIAL+AJ_USER","Cod. Usuario","Cod. Usuario","User´s Code","S","USR","","S"
"SAK","1","AK_FILIAL+AK_COD","Codigo","Codigo","Code","S","","","S"
"SAK","2","AK_FILIAL+AK_USER","Cod. Usuario","Usuario","User´s Code","S","USR","","S"
"SAL","1","AL_FILIAL+AL_COD+AL_ITEM","Grupo + Item","Grupo + Item","Group + Item","S","","","S"
"SAL","2","AL_FILIAL+AL_COD+AL_NIVEL","Grupo + Nivel","Grupo + Nivel","Group + Level","S","","","S"
"SAL","3","AL_FILIAL+AL_COD+AL_APROV","Grupo + Aprovador","Grupo + Aprobador","Group + Evaluator","S","XXX+SAK","","S"
"SAM","1","AM_FILIAL+AM_SENTIDO+AM_ARQUIVO+AM_CODSENT+AM_CHAVEO","Sentido + Arquivo + Cod. Sentido + Chave Origem","Sentido + Archivo + Sentido + Clave Origen","Direction + File + Direction Cd + Sourc.Key","S","","","S"
"SAN","1","AN_FILIAL+AN_USER+AN_GRUSER+AN_EMAIL+AN_EVENTO","Usuario + Grupo.Usuar. + E-Mail + Cod. Evento","Usuario + Grp.Usuarios + E-mail + Cod. Evento","User + Users Group + e-mail + Event Code","S","","","S"
"SAN","2","AN_FILIAL+AN_GRUSER+AN_USER+AN_EMAIL+AN_EVENTO","Grupo.Usuar. + Usuario + E-Mail + Cod. Evento","Grp.Usuarios + Usuario + E-mail + Cod. Evento","Users Group + User + e-mail + Event Code","S","","","S"
"SAN","3","AN_FILIAL+AN_EVENTO+AN_USER+AN_GRUSER+AN_EMAIL","Cod. Evento + Usuario + Grupo.Usuar. + E-Mail","Cod. Evento + Usuario + Grp.Usuarios + E-mail","Event Code + User + Users Group + e-mail","S","","","S"
"SAO","1","AO_FILIAL+AO_CLIENTE+AO_LOJA+AO_TIPO","Cliente + Loja + Tipo","Cliente + Tienda + Tipo","Customer + Unit + Type","S","","","S"
"SAP","1","AP_FILIAL+AP_DE+AP_PARA","Unidade de + Unidade para","+De Unidad ? + +A  Unidad ?","Unit from + Unit to","S","","","S"
"SAQ","1","AQ_FILIAL+AQ_COD","Codigo","Codigo","Code","S","","","S"
"SAQ","2","AQ_FILIAL+AQ_NOME","Nome","Nombre","Name","S","","","S"
"SAQ","3","AQ_FILIAL+AQ_CGC","CUIT/CUIL","CUIT/CUIL","CUIT/CUIL","S","","","S"
"SAR","1","AR_FILIAL+AR_CODCOBR+AR_CODCLI+AR_LOJCLI+AR_ITEM","Cod.Cobrador + Cod.Cliente + Loja + Item","Cod.Cobrador + Cod.Cliente + Tienda + Item","Coll. Code + Cust. Code + Unit + Item","S","SAQ+SA1+XXX+XXX","","S"
"SAR","2","AR_FILIAL+AR_CODCOBR+AR_ITEM","Cod.Cobrador + Item","Cod.Cobrador + Item","Coll. Code + Item","S","SAQ","","S"
"SAR","3","AR_FILIAL+AR_CODCOBR+AR_SEQUENC","Cod.Cobrador + Sequencia","Cod.Cobrador + Secuencia","Coll. Code + Sequence","S","SAQ","","S"
"SB0","1","B0_FILIAL+B0_COD","Produto","Producto","Product","S","SB1","","S"
"SB1","1","B1_FILIAL+B1_COD","Codigo","Codigo","Product","S","","","S"
"SB1","2","B1_FILIAL+B1_TIPO+B1_COD","Tipo + Codigo","Tipo + Codigo","Type + Product","S","02","","S"
"SB1","3","B1_FILIAL+B1_DESC+B1_COD","Descricao + Codigo","Descripcion + Codigo","Description + Product","S","","","S"
"SB1","4","B1_FILIAL+B1_GRUPO+B1_COD","Grupo + Codigo","Grupo + Codigo","Inven.Group + Product","S","03","","S"
"SB1","5","B1_FILIAL+B1_CODBAR","Cod Barras","Cod. Barras","Bar Code","S","","","S"
"SB1","6","B1_FILIAL+B1_PROC","Forn. Padrao","Prove.Estand","Supplier","S","SA2","","S"
"SB1","7","B1_FILIAL+B1_GRUPO+B1_CODITE","Grupo + Cod Item","Grupo + Cod Item","Inven.Group + Item Code","S","","","S"
"SB2","1","B2_FILIAL+B2_COD+B2_LOCAL","Produto + Armazem","Producto + Deposito","Product + Warehouse","S","SB1","","S"
"SB3","1","B3_FILIAL+B3_COD","Produto","Producto","Product","S","SB1","","S"
"SB4","1","B4_FILIAL+B4_COD","Codigo","Codigo","Product","S","","","S"
"SB4","2","B4_FILIAL+B4_LINHA","Tabela Linha","Tabla Linea","Line Table","S","","","S"
"SB4","3","B4_FILIAL+B4_COLUNA","Tabela Colun","Tabl.Columna","Column Table","S","","","S"
"SB5","1","B5_FILIAL+B5_COD","Produto","Producto","Product","S","SB1","","S"
"SB5","2","B5_FILIAL+B5_CODZON","Zona Armaz.","Zona Almac.","Storag.Distr","S","","","S"
"SB6","1","B6_FILIAL+B6_PRODUTO+B6_CLIFOR+B6_LOJA+B6_IDENT","Produto + Cliente/Forn + Loja + Seq. Indent.","Producto + Clien/Provee + Tienda + Sec.Indentf.","Product + Cust./Sup. + Unit + Identif.Seq.","S","","","S"
"SB6","2","B6_FILIAL+B6_PRODUTO+B6_CLIFOR+B6_LOJA+B6_PODER3","Produto + Cliente/Forn + Loja + Poder Terc.","Producto + Clien/Provee + Tienda + Poder Terc.","Product + Cust./Sup. + Unit + 3rd Party","S","","","S"
"SB6","3","B6_FILIAL+B6_IDENT+B6_PRODUTO+B6_PODER3","Seq. Indent. + Produto + Poder Terc.","Sec.Indentf. + Producto + Poder Terc.","Identif.Seq. + Product + 3rd Party","S","","","S"
"SB6","4","B6_FILIAL+B6_IDENTB6+B6_PRODUTO+B6_PODER3","Identif.Orig + Produto + Poder Terc.","Identif.Orig + Producto + Poder Terc.","Sour. ident. + Product + 3rd Party","S","XXX+XXX+XXX","","S"
"SB7","1","B7_FILIAL+DTOS(B7_DATA)+B7_COD+B7_LOCAL+B7_LOCALIZ+B7_NUMSERI+B7_LOTECTL+B7_NUMLOTE","Invent. em + Produto + Armazem + Endereco + Num de Serie + Lote + Sub-","Fch Invent. + Producto + Deposito + Ubicacion + Nro. Serie + Lote + Su","Inventory Dt + Product + Warehouse + Address + Ser.No. + Lot + Sublot","S","XXX+SB1+XXX+SBE","","S"
"SB7","2","B7_FILIAL+B7_NUMLOTE+B7_LOTECTL+B7_COD+B7_LOCAL+B7_LOCALIZ+B7_NUMSERI","Sub-Lote + Lote + Produto + Armazem + Endereco + Num de Serie","Sublote + Lote + Producto + Deposito + Ubicacion + Nro. Serie","Sublot + Lot + Product + Warehouse + Address + Ser.No.","S","XXX+XXX+SB1+XXX+SBE","","S"
"SB8","1","B8_FILIAL+B8_PRODUTO+B8_LOCAL+DTOS(B8_DTVALID)+B8_LOTECTL+B8_NUMLOTE","Produto + Armazem + Data Validad + Lote + Sub-Lote","Producto + Deposito + Fch Validez + Lote + Sublote","Product + Warehouse + Validity Dt. + Lot + Sublot","S","","","S"
"SB8","2","B8_FILIAL+B8_NUMLOTE+B8_LOTECTL+B8_PRODUTO+B8_LOCAL+DTOS(B8_DTVALID)","Sub-Lote + Lote + Produto + Armazem + Data Validad","Sublote + Lote + Producto + Deposito + Fch Validez","Sublot + Lot + Product + Warehouse + Validity Dt.","S","","","S"
"SB8","3","B8_FILIAL+B8_PRODUTO+B8_LOCAL+B8_LOTECTL+B8_NUMLOTE+DTOS(B8_DTVALID)","Produto + Armazem + Lote + Sub-Lote + Data Validad","Producto + Deposito + Lote + Sublote + Fch Validez","Product + Warehouse + Lot + Sublot + Validity Dt.","S","","","S"
"SB8","4","B8_FILIAL+B8_LOTEFOR+B8_PRODUTO+B8_LOCAL","Lote Fornec. + Produto + Armazem","Lote Prov + Producto + Deposito","Supplier Lot + Product + Warehouse","S","","","S"
"SB8","5","B8_FILIAL+B8_PRODUTO+B8_LOTECTL+B8_NUMLOTE+DTOS(B8_DTVALID)","Produto + Lote + Sub-Lote + Data Validad","Producto + Lote + Sublote + Fch Validez","Product + Lot + Sublot + Validity Dt.","S","","","S"
"SB9","1","B9_FILIAL+B9_COD+B9_LOCAL+DTOS(B9_DATA)","Produto + Armazem + Data Saldo","Producto + Deposito + Fecha Saldo","Product + Warehouse + Balance Date","S","SB1","","S"
"SBA","1","BA_FILIAL+BA_COD","Codigo","Codigo","Product","S","SB1","","S"
"SBB","1","BB_FILIAL+BB_CODIGO+BB_PRODUTO","Codigo + Produto","Codigo + Producto","Code + Product","S","XXX+SB1","","S"
"SBC","1","BC_FILIAL+BC_OP+BC_NUMSEQ","Ord Producao + Sequencial","Ord. Prodn. + Secuencial","Prod.Order + Sequential","S","","","S"
"SBD","1","BD_FILIAL+BD_PRODUTO+BD_LOCAL+BD_STATUS+BD_SEQ","Produto + Armazem + Status + Sequencial","Producto + Deposito + Estatus + Secuencial","Product + Warehouse + Status + Sequential","S","SB1","","S"
"SBD","2","BD_FILIAL+BD_SEQ","Sequencial","Secuencial","Sequential","S","","","S"
"SBD","3","BD_FILIAL+BD_OP","Ordem Produc","Orden Prod.","Prod.Order","S","","","S"
"SBE","1","BE_FILIAL+BE_LOCAL+BE_LOCALIZ","Armazem + Endereco","Deposito + Ubicacion","Warehouse + Address","S","","","S"
"SBE","2","BE_FILIAL+BE_LOCAL+BE_PRIOR+BE_LOCALIZ","Armazem + Prioridade + Endereco","Deposito + Prioridad + Ubicacion","Warehouse + Priority + Address","S","","","S"
"SBE","3","BE_FILIAL+BE_LOCAL+BE_CODZON+BE_STATUS+BE_ESTFIS+BE_CODPRO+BE_LOCALIZ","Armazem + Zona Armaz. + Status + Estrutura + Cod. Produto + Endereco","Deposito + Zona Almacen + Status + Estructura + Cod. Produto + Ubicaci","Warehouse + Warehou.Dist + Status + Structure + Product Code + Address","S","","","S"
"SBE","4","BE_FILIAL+BE_CODZON","Zona Armaz.","Zona Almacen","Warehou.Dist","S","","","S"
"SBE","5","BE_FILIAL+BE_CODCFG","Conf.Cod.End","Conf.Cod.Ubi","Add.Conf.Cod","S","","","S"
"SBE","6","BE_FILIAL+BE_ESTFIS+BE_LOCAL","Estrutura + Armazem","Estructura + Deposito","Structure + Warehouse","S","","","S"
"SBE","7","BE_FILIAL+BE_LOCAL+BE_LOCALIZ+BE_ESTFIS","Armazem + Endereco + Estrutura","Deposito + Ubicacion + Estructura","Warehouse + Address + Structure","S","","","S"
"SBE","8","BE_FILIAL+BE_LOCAL+BE_CODZON+BE_STATUS+BE_ESTFIS+BE_LOCALIZ","Armazem + Zona Armaz. + Status + Estrutura + Endereco","Deposito + Zona Almacen + Status + Estructura + Ubicacion","Warehouse + Warehou.Dist + Status + Structure + Address","S","","","S"
"SBE","9","BE_FILIAL+BE_LOCALIZ","Endereco","Ubicacion","Address","S","SBE","SBE9","S"
"SBF","1","BF_FILIAL+BF_LOCAL+BF_LOCALIZ+BF_PRODUTO+BF_NUMSERI+BF_LOTECTL+BF_NUMLOTE","Armazem + Endereco + Produto + Num de Serie + Lote + Sub-Lote","Deposito + Ubicacion + Producto + Nro. Serie + Lote + Sublote","Warehouse + Address + Product + Series No. + Lot + Sublot","S","","","S"
"SBF","2","BF_FILIAL+BF_PRODUTO+BF_LOCAL+BF_LOTECTL+BF_NUMLOTE+BF_PRIOR+BF_LOCALIZ+BF_NUMSERI","Produto + Armazem + Lote + Sub-Lote + Prioridade + Endereco + Num de S","Producto + Deposito + Lote + Sublote + Prioridad + Ubicacion + Nro. Se","Product + Warehouse + Lot + Sublot + Priority + Address + Series No.","S","","","S"
"SBF","3","BF_FILIAL+BF_NUMSERI","Num de Serie","Nro. Serie","Series No.","S","","","S"
"SBF","4","BF_FILIAL+BF_PRODUTO+BF_NUMSERI","Produto + Num de Serie","Producto + Nro. Serie","Product + Series No.","S","","","S"
"SBF","5","BF_FILIAL+BF_PRODUTO+BF_ESTFIS+BF_LOCALIZ","Produto + Estrutura + Endereco","Producto + Estructura + Ubicacion","Product + Structure + Address","S","","","S"
"SBF","6","BF_FILIAL+BF_LOCAL+BF_LOCALIZ+BF_ESTFIS+BF_PRODUTO+BF_NUMSERI+BF_LOTECTL+BF_NUMLOTE","Armazem + Endereco + Estrutura + Produto + Num de Serie + Lote + Sub-L","Deposito + Ubicacion + Estructura + Producto + Nro. Serie + Lote + Sub","Warehouse + Address + Structure + Product + Series No. + Lot + Sublot","S","","","S"
"SBG","1","BG_FILIAL+BG_PRODUTO","Produto","Producto","Product","S","SB1","","S"
"SBH","1","BH_FILIAL+BH_PRODUTO+BH_CODCOMP+BH_SEQUENC","Produto + Componente + Sequencia","Producto + Componente + Sec. Compon.","Product + Component + Sequence","S","SB1+SB1","","S"
"SBI","1","BI_FILIAL+BI_COD","Codigo","Codigo","Product","S","","","S"
"SBI","2","BI_FILIAL+BI_TIPO+BI_COD","Tipo + Codigo","Tipo + Codigo","Type + Product","S","02","","S"
"SBI","3","BI_FILIAL+BI_DESC+BI_COD","Descricao + Codigo","Descripcion + Codigo","Description + Product","S","","","S"
"SBI","4","BI_FILIAL+BI_GRUPO+BI_COD","Grupo + Codigo","Grupo + Codigo","Group + Product","S","03","","S"
"SBI","5","BI_FILIAL+BI_CODBAR","Cod Barras","Cod. Barras","Bar Code","S","","","S"
"SBJ","1","BJ_FILIAL+BJ_COD+BJ_LOCAL+BJ_LOTECTL+BJ_NUMLOTE+DTOS(BJ_DATA)","Produto + Armazem + Lote + Sub-Lote + Data Saldo","Producto + Deposito + Lote + Sublote + Fecha Saldo","Product + Warehouse + Lot + Sublot + Balance Date","S","SB1","","S"
"SBJ","2","BJ_FILIAL+BJ_COD+BJ_LOCAL+BJ_LOTECTL+DTOS(BJ_DATA)","Produto + Armazem + Lote + Data Saldo","Producto + Deposito + Lote + Fecha Saldo","Product + Warehouse + Lot + Balance Date","S","SB1","","S"
"SBK","1","BK_FILIAL+BK_COD+BK_LOCAL+BK_LOTECTL+BK_NUMLOTE+BK_LOCALIZ+BK_NUMSERI+DTOS(BK_DATA)","Produto + Armazem + Lote + Sub-Lote + Endereco + Num de Serie + Data S","Producto + Deposito + Lote + Sublote + Ubicacion + Nro.de Serie + Fech","Product + Warehouse + Lot + Sublot + Address + Series No. + Balance Da","S","SB1+XXX+XXX+XXX+SBE","","S"
"SBK","2","BK_FILIAL+BK_COD+BK_LOCAL+BK_LOTECTL+BK_LOCALIZ+BK_NUMSERI+DTOS(BK_DATA)","Produto + Armazem + Lote + Endereco + Num de Serie + Data Saldo","Producto + Deposito + Lote + Ubicacion + Nro.de Serie + Fecha Saldo","Product + Warehouse + Lot + Address + Series No. + Balance Date","S","SB1+XXX+XXX+SBE","","S"
"SBK","3","BK_FILIAL+BK_COD+BK_LOCAL+DTOS(BK_DATA)","Produto + Armazem + Data Saldo","Producto + Deposito + Fecha Saldo","Product + Warehouse + Balance Date","S","SB1","","S"
"SBL","1","BL_FILIAL+BL_PRODUTO+BL_ANO+BL_MES","Produto + Ano + Mes","Producto + Ano + Mes","Product + Year + Month","S","","","S"
"SBL","2","BL_FILIAL+BL_ANO+BL_MES+BL_PRODUTO","Ano + Mes + Produto","Ano + Mes + Producto","Year + Month + Product","S","","","S"
"SBL","3","BL_FILIAL+BL_ANO+BL_MES+STR(BL_TOTDEM,15,2)","Ano + Mes + Tot.Demanda","Ano + Mes + Tot.Demanda","Year + Month + Total Demand","S","","","S"
"SBL","4","BL_FILIAL+BL_ANO+BL_MES+STR(BL_TOTCUST,15,2)","Ano + Mes + Tot.Custo","Ano + Mes + Total Costo","Year + Month + Total Cost","S","","","S"
"SBM","1","BM_FILIAL+BM_GRUPO","Cod Grupo","Cod. Grupo","Group Code","S","","","S"
"SBM","2","BM_FILIAL+BM_DESC","Desc Grupo","Desc. Grupo","Group Descr.","S","","","S"
"SBP","1","BP_FILIAL+BP_BASE","Conteudo","Contenido","Content","S","","","S"
"SBQ","1","BQ_FILIAL+BQ_BASE+BQ_ITEM","Codigo Base + Item","Codigo Base + Item","Base Code + Item","S","","","S"
"SBQ","2","BQ_FILIAL+BQ_BASE+BQ_ID","Codigo Base + ID Formula","Codigo Base + ID Formula","Base Code + Formula ID","S","","","S"
"SBR","1","BR_FILIAL+BR_BASE","Codigo Base","Codigo Base","Base Code","S","","","S"
"SBS","1","BS_FILIAL+BS_BASE+BS_ID+BS_CODIGO","Codigo Base + ID Formula + Cod. Caract.","Codigo Base + ID Formula + Cod. Caract.","Base Code + Formula ID + Feat. Code","S","","","S"
"SBT","1","BT_FILIAL+BT_BASE+BT_IDC1+BT_IDC2","Codigo Base + Primario + Secundario","Codigo Base + Primario + Secundario","Base Code + Primary + Secondary","S","","","S"
"SBU","1","BU_FILIAL+BU_BASE+BU_IDC1+BU_IDC2+BU_COMP","Codigo Base + Primario + Secundario + Componente","Codigo Base + Primario + Secundario + Componente","Base Code + Primary + Secondary + Component","S","","","S"
"SBV","1","BV_FILIAL+BV_TABELA+BV_CHAVE","Tabela + Chave","Tabla + Clave","Table + Key","S","","","S"
"SBW","1","BW_FILIAL+BW_CONJUN","Conjunto","Conjunto","Set","S","","","S"
"SBX","1","BX_FILIAL+BX_CONJUN+BX_CODOP","Conjunto + Cod. Opcao","Conjunto + Cod. Opcion","Set + Opt. Code","S","","","S"
"SBY","1","BY_FILIAL+BY_BASE+BY_CAMPO","Base + Campo","Base + Campo","Base + Field","S","","","S"
"SC0","1","C0_FILIAL+C0_NUM+C0_PRODUTO+C0_LOCAL","Numero Reser + Produto + Armazem","Nro.Reserva + Producto + Deposito","Reserv. No. + Product + Warehouse","S","XXX+SB1","","S"
"SC0","2","C0_FILIAL+C0_PRODUTO+C0_LOCAL+C0_NUM","Produto + Armazem + Numero Reser","Producto + Deposito + Nro.Reserva","Product + Warehouse + Reserv. No.","S","SB1","","S"
"SC1","1","C1_FILIAL+C1_NUM+C1_ITEM","Numero da SC + Item da SC","Nro.Solc.Com + Item Sl.Comp","P.R. No. + Pur.Req.Item","S","","","S"
"SC1","2","C1_FILIAL+C1_PRODUTO+C1_NUM+C1_ITEM+C1_FORNECE+C1_LOJA","Produto + Numero da SC + Item da SC + Fornecedor + Loja do Forn","Producto + Nro.Solc.Com + Item Sl.Comp + Proveedor + Tda. Proveed","Product + P.R. No. + Pur.Req.Item + Supplier + Unit","S","SB1+XXX+XXX+SA2","","S"
"SC1","3","C1_FILIAL+C1_FORNECE+C1_LOJA+C1_PRODUTO+C1_DESCRI+DTOS(C1_DATPRF)","Fornecedor + Loja do Forn + Produto + Descricao + Necessidade","Proveedor + Tda. Proveed + Producto + Descripcion + Necesidad","Supplier + Unit + Product + Description + Necessity","S","SA2+XXX+SB1","","S"
"SC1","4","C1_FILIAL+C1_OP+C1_NUM+C1_ITEM","Ord Producao + Numero da SC + Item da SC","Ord. Prodn. + Nro.Solc.Com + Item Sl.Comp","Prod.Order + P.R. No. + Pur.Req.Item","S","SC2","","S"
"SC1","5","C1_FILIAL+C1_COTACAO+C1_PRODUTO+C1_IDENT","Num. Cotacao + Produto + Identif.","Nro.Cotizac. + Producto + Identif.","Quot. No. + Product + Identifier","S","XXX+SB1","","S"
"SC1","6","C1_FILIAL+C1_PEDIDO+C1_ITEMPED+C1_PRODUTO","Num. Pedido + Item Pedido + Produto","Num. Pedido + Item Pedido + Producto","Order + Item Ordered + Product","S","","","S"
"SC1","7","C1_FILIAL+C1_TPOP+C1_OP+C1_NUM+C1_ITEM","Tipo Op + Ord Producao + Numero da SC + Item da SC","Tipo Op + Ord. Prodn. + Nro.Solc.Com + Item Sl.Comp","Type of PO + Prod.Order + P.R. No. + Pur.Req.Item","S","XXX+SC2","","S"
"SC2","1","C2_FILIAL+C2_NUM+C2_ITEM+C2_SEQUEN+C2_ITEMGRD","Numero da OP + Item + Sequencia + Item Grade","Nro.Ord.Prod + Item + Secuencia + Item Cuadric","P.O. No. + Item + Sequence + Grade Item","S","","","S"
"SC2","2","C2_FILIAL+C2_PRODUTO+DTOS(C2_DATPRF)","Produto + Entrega","Producto + Entrega","Product + Delivery","S","SB1","","S"
"SC2","3","C2_FILIAL+C2_CC+DTOS(C2_DATPRF)","Centro Custo + Entrega","Centro Costo + Entrega","Cost Center + Delivery","S","","","S"
"SC2","4","C2_FILIAL+C2_TPOP+C2_NUM+C2_ITEM+C2_SEQUEN+C2_ITEMGRD","Tipo Op + Numero da OP + Item + Sequencia + Item Grade","Tipo Op + Nro.Ord.Prod + Item + Secuencia + Item Cuadric","Type of PO + P.O. No. + Item + Sequence + Grade Item","S","","","S"
"SC2","5","C2_FILIAL+C2_CHAVE","Chave de Lig","Clave Vinc.","Link Key","S","","","S"
"SC2","6","C2_FILIAL+C2_NUM+C2_ITEM+C2_SEQUEN+C2_PRODUTO+C2_ITEMGRD","Numero da OP + Item + Sequencia + Produto + Item Grade","Nro.Ord.Prod + Item + Secuencia + Producto + Item Cuadric","P.O. No. + Item + Sequence + Product + Grade Item","S","","","S"
"SC2","7","C2_FILIAL+C2_PRODUTO+C2_IDEINV","Produto + Ident. Inv.","Producto + Ident.Inv.","Product + Invert.Ident","S","","","S"
"SC2","8","C2_FILIAL+C2_PRODUTO+C2_REVI","Produto + Revisao Prod","Producto + Rev.Producto","Product + Product Rev.","S","","","S"
"SC3","1","C3_FILIAL+C3_NUM+C3_ITEM","Numero AE + Item","Numero AE + Item","Deliv.Author + Item","S","","","S"
"SC3","2","C3_FILIAL+C3_FORNECE+C3_LOJA+C3_NUM","Fornecedor + Loja + Numero AE","Proveedor + Tienda + Numero AE","Supplier + Unit + Deliv.Author","S","SA2","","S"
"SC3","3","C3_FILIAL+C3_PRODUTO+C3_NUM+C3_ITEM","Produto + Numero AE + Item","Producto + Numero AE + Item","Product + Deliv.Author + Item","S","SB1","","S"
"SC3","4","C3_FILENT+C3_PRODUTO+C3_FORNECE+C3_LOJA+C3_NUM","Filial Entr. + Produto + Fornecedor + Loja + Numero AE","Suc. Entrega + Producto + Proveedor + Tienda + Numero AE","Branch Deliv + Product + Supplier + Unit + Deliv.Author","S","SB1+SA2","","S"
"SC3","5","C3_FILIAL+C3_PRODUTO+C3_FORNECE+C3_LOJA+DTOS(C3_DATPRI)","Produto + Fornecedor + Loja + Dt. Inicial","Producto + Proveedor + Tienda + Fch Inicial","Product + Supplier + Unit + Begin. Date","S","SB1+SA2","","S"
"SC4","1","C4_FILIAL+C4_PRODUTO","Produto","Producto","Product","S","SB1","","S"
"SC5","1","C5_FILIAL+C5_NUM","Numero","Numero","Number","S","","","S"
"SC5","2","C5_FILIAL+DTOS(C5_EMISSAO)+C5_NUM","DT Emissao + Numero","Fch Emision + Numero","Issue Date + Number","S","","","S"
"SC5","3","C5_FILIAL+C5_CLIENTE+C5_LOJACLI+C5_NUM","Cliente + Loja + Numero","Cliente + Tienda + Numero","Customer + Unit + Number","S","CLI","","S"
"SC5","4","C5_FILIAL+C5_OS","Gerado p/ OS","Nr.OS Genera","Gen.f/S.O.","S","","","S"
"SC6","1","C6_FILIAL+C6_NUM+C6_ITEM+C6_PRODUTO","Num. Pedido + Item + Produto","Nro Pedido + Item + Producto","Order Number + Item + Product","S","XXX+XXX+SB1","","S"
"SC6","2","C6_FILIAL+C6_PRODUTO+C6_NUM+C6_ITEM","Produto + Num. Pedido + Item","Producto + Nro Pedido + Item","Product + Order Number + Item","S","SB1","","S"
"SC6","3","C6_FILIAL+DTOS(C6_ENTREG)+C6_NUM+C6_ITEM","Entrega + Num. Pedido + Item","Entrega + Nro Pedido + Item","Delivery + Order Number + Item","S","","","S"
"SC6","4","C6_FILIAL+C6_NOTA+C6_SERIE","Nota Fiscal + Serie NF","Factura + Serie Fact.","Invoice + Series","S","","","S"
"SC6","5","C6_FILIAL+C6_CLI+C6_LOJA+C6_PRODUTO+C6_NFORI+C6_SERIORI+C6_ITEMORI","Cliente + Loja + Produto + N.F.Original + Serie Orig. + Item NF.Orig","Cliente + Tienda + Producto + Factura Orig + Serie Orig. + Item Fact.O","Customer + Unit + Product + Original Inv + Orig.Series + Src.Inv.Item","S","SA1+XXX+SB1","","S"
"SC6","6","C6_FILIAL+C6_CONTRT+C6_TPCONTR+C6_ITCONTR","Contrato + Tipo Contrat + It. Contrato","Contrato + Tipo Contrat + It. Contrato","Contract + Contr.Type + Contract It.","S","","","S"
"SC6","7","C6_FILIAL+C6_NUMOP+C6_ITEMOP","Numero OP + Item da OP","Num.Ord.Prod + Item de OP","PO Number + Pr.Ord.Item","S","","","S"
"SC6","8","C6_FILIAL+C6_PROJPMS+C6_TASKPMS+C6_EDTPMS","Cod.Projeto + Cod.Tarefa + Cod. EDT","Cod.Proyecto + Cod.Tarea + Cod. EDT","Project Code + Task Code + WBS Code","S","AF8+AF9+AFC","","S"
"SC7","1","C7_FILIAL+C7_NUM+C7_ITEM+C7_SEQUEN","Numero PC + Item + Sequencia","Nr.PedCompra + Item + Secuencia","PO Number + Item + Sequence","S","","","S"
"SC7","2","C7_FILIAL+C7_PRODUTO+C7_FORNECE+C7_LOJA+C7_NUM","Produto + Fornecedor + Loja + Numero PC","Producto + Proveedor + Tienda + Nr.PedCompra","Product + Supplier + Unit + PO Number","S","SB1+FOR","","S"
"SC7","3","C7_FILIAL+C7_FORNECE+C7_LOJA+C7_NUM","Fornecedor + Loja + Numero PC","Proveedor + Tienda + Nr.PedCompra","Supplier + Unit + PO Number","S","FOR","","S"
"SC7","4","C7_FILIAL+C7_PRODUTO+C7_NUM+C7_ITEM+C7_SEQUEN","Produto + Numero PC + Item + Sequencia","Producto + Nr.PedCompra + Item + Secuencia","Product + PO Number + Item + Sequence","S","SB1","","S"
"SC7","5","C7_FILIAL+DTOS(C7_EMISSAO)+C7_NUM+C7_ITEM+C7_SEQUEN","DT Emissao + Numero PC + Item + Sequencia","Fch Emision + Nr.PedCompra + Item + Secuencia","Issue Date + PO Number + Item + Sequence","S","","","S"
"SC7","6","C7_FILENT+C7_PRODUTO+C7_FORNECE+C7_LOJA+C7_NUM","Filial Entr. + Produto + Fornecedor + Loja + Numero PC","Suc. Entrega + Producto + Proveedor + Tienda + Nr.PedCompra","Branch Deliv + Product + Supplier + Unit + PO Number","S","SB1+FOR","","S"
"SC7","7","C7_FILIAL+C7_PRODUTO+DTOS(C7_DATPRF)","Produto + Dt. Entrega","Producto + Fch Entrega","Product + Delivery Dt.","S","SB1","","S"
"SC7","8","C7_FILIAL+C7_OP+C7_NUM+C7_ITEM+C7_SEQUEN","OP. + Numero PC + Item + Sequencia","Orden Produc + Nr.PedCompra + Item + Secuencia","Prod.Order + PO Number + Item + Sequence","S","","","S"
"SC7","9","C7_FILENT+C7_FORNECE+C7_LOJA+C7_NUM","Filial Entr. + Fornecedor + Loja + Numero PC","Suc. Entrega + Proveedor + Tienda + Nr.PedCompra","Branch Deliv + Supplier + Unit + PO Number","S","FOR","","S"
"SC7","A","C7_FILIAL+STR(C7_TIPO,1)+C7_NUM+C7_ITEM+C7_SEQUEN","Tipo + Numero PC + Item + Sequencia","Tipo + Nr.PedCompra + Item + Secuencia","Type + PO Number + Item + Sequence","S","","","S"
"SC7","B","C7_FILIAL+C7_TPOP+C7_OP+C7_NUM+C7_ITEM+C7_SEQUEN","Tipo Op + OP. + Numero PC + Item + Sequencia","Tipo Op + Orden Produc + Nr.PedCompra + Item + Secuencia","Type of PO + Prod.Order + PO Number + Item + Sequence","S","","","S"
"SC7","C","C7_FILIAL+C7_APROV+C7_GRUPCOM","Grupo Aprov. + Gr. Compras","Grupo Aprob. + Grp.Comprad.","Approval Gr. + Buyers Group","S","","","S"
"SC7","D","C7_FILENT+C7_PRODUTO+C7_FORNECE+C7_NUM","Filial Entr. + Produto + Fornecedor + Numero PC","Suc. Entrega + Producto + Proveedor + Nr.PedCompra","Branch Deliv + Product + Supplier + PO Number","S","SB1+FOR","","S"
"SC7","E","C7_FILENT+C7_NUM+C7_ITEM","Filial Entr. + Numero PC + Item","Suc. Entrega + Nr.PedCompra + Item","Branch Deliv + PO Number + Item","S","","","S"
"SC7","F","C7_FILIAL+C7_ENCER+C7_PRODUTO+DTOS(C7_EMISSAO)","Ped. Encerr. + Produto + DT Emissao","Ped.Concluid + Producto + Fch Emision","Closed Order + Product + Issue Date","S","","","S"
"SC8","1","C8_FILIAL+C8_NUM+C8_FORNECE+C8_LOJA+C8_ITEM+C8_NUMPRO","Num. Cotacao + Fornecedor + Loja + Item Cotacao + Proposta","Nr.Cotizacio + Proveedor + Tienda + Item Cotizac + Propuesta","Quote No. + Supplier + Unit + Quotat. Item + Proposal","S","XXX+SA2","","S"
"SC8","2","C8_FILIAL+Dtos(C8_VALIDA)+C8_NUM","DT Validade + Num. Cotacao","Fch. Validez + Nr.Cotizacio","Valid.Date + Quote No.","S","","","S"
"SC8","3","C8_FILIAL+C8_NUM+C8_PRODUTO+C8_FORNECE+C8_LOJA+C8_NUMPED+C8_ITEMPED","Num. Cotacao + Produto + Fornecedor + Loja + Num.Pedido + Item do Ped.","Nr.Cotizacio + Producto + Proveedor + Tienda + Nro. Pedido + Item Pedi","Quote No. + Product + Supplier + Unit + Order No. + Order Item","S","XXX+XXX+SA2+XXX+XXX","","S"
"SC8","4","C8_FILIAL+C8_NUM+C8_IDENT+C8_PRODUTO","Num. Cotacao + Identif. + Produto","Nr.Cotizacio + Identif. + Producto","Quote No. + Identif. + Product","S","","","S"
"SC8","5","C8_FILIAL+C8_ORCFOR+C8_ITEFOR+C8_SEQFOR","Nr.Orçamento + It.Orçamento + Sq.Orçamento","Nr.Presupues + It.Presupues + Sc.Presupues","Budget Nr. + Budget Item + Budget Seq.","S","XXX+XXX+XXX","","S"
"SC9","1","C9_FILIAL+C9_PEDIDO+C9_ITEM+C9_SEQUEN+C9_PRODUTO","Pedido + Item + Sequencia + Produto","Pedido + Item + Secuencia + Producto","Order + Item + Sequence + Product","S","","","S"
"SC9","2","C9_FILIAL+C9_CLIENTE+C9_LOJA+C9_PEDIDO+C9_ITEM","Cliente + Loja + Pedido + Item","Cliente + Tienda + Pedido + Item","Customer + Unit + Order + Item","S","SA1","","S"
"SC9","3","C9_FILIAL+C9_PEDIDO+C9_GRUPO+C9_PRODUTO","Pedido + Grupo + Produto","Pedido + Grupo + Producto","Order + Group + Product","S","XXX+03+SB1","","S"
"SC9","4","C9_FILIAL+C9_REMITO+C9_ITEMREM","N§ do Remito + Item Remito","Nro. Remito + Item Remito","Remito No. + Remito Item","S","","","S"
"SC9","5","C9_FILIAL+C9_CARGA+C9_SEQCAR+C9_SEQENT","N. da Carga + Seq.da Carga + Seq.Entrega","Nro.de Carga + Sec.de Carga + Sec.Entrega","Load No. + Load Seq. + Deliv.Seq.","S","DAK+XXX+XXX","","S"
"SC9","6","C9_FILIAL+C9_SERIENF+C9_NFISCAL+C9_CARGA+C9_SEQCAR","Serie NF + Nota Fiscal + N. da Carga + Seq.da Carga","Serie Fact. + Factura + Nro.de Carga + Sec.de Carga","Inv.Series + Invoice + Load No. + Load Seq.","S","XXX+XXX+XXX","","S"
"SC9","7","C9_FILIAL+C9_PRODUTO+C9_LOCAL","Produto + Armazem","Producto + Deposito","Product + Warehouse","S","XXX+XXX+XXX","","S"
"SC9","8","C9_FILIAL+C9_LOTNFC+C9_PEDIDO+C9_ITEM","No. Lote TMS + Pedido + Item","No. Lote TMS + Pedido + Item","TMS Lot No. + Order + Item","S","","","S"
"SCA","1","CA_FILIAL+CA_OS","Numero O.S.","Nro.Ord.Serv","Ser.Or.No.","S","","","S"
"SCA","2","CA_FILIAL+CA_CLIENTE+CA_LOJA+CA_OS","Cliente + Loja + Numero O.S.","Cliente + Tienda + Nro.Ord.Serv","Customer + Unit + Ser.Or.No.","S","SA1","","S"
"SCA","3","CA_FILIAL+CA_CLIENTE+CA_LOJA+CA_PRODUTO+CA_PEDIDO","Cliente + Loja + Produto + Pedido","Cliente + Tienda + Producto + Pedido","Customer + Unit + Product + Order","S","SA1+XXX+SB1","","S"
"SCA","4","CA_FILIAL+CA_TECNICO+CA_CLIENTE","Tecnico + Cliente","Tecnico + Cliente","Technician + Customer","S","SA9+SA1","","S"
"SCA","5","CA_FILIAL+CA_CLIENTE+CA_LOJA+CA_PEDIDO","Cliente + Loja + Pedido","Cliente + Tienda + Pedido","Customer + Unit + Order","S","SA1","","S"
"SCB","1","CB_FILIAL+CB_CLIENTE+CB_LOJA+CB_NUMERO","Cliente + Loja + Contrato","Cliente + Tienda + Contrato","Customer + Unit + Contract","S","SA1","","S"
"SCB","2","CB_FILIAL+CB_NUMERO","Contrato","Contrato","Contract","S","","","S"
"SCE","1","CE_FILIAL+CE_NUMCOT+CE_ITEMCOT+CE_PRODUTO+CE_FORNECE+CE_LOJA","Num.Cotacao + Item Cotacao + Cod.Produto + Fornecedor + Loja","Nro.Cotizac. + Item Cotizac + Producto + Proveedor + Tienda","Quote No. + Item + Product + Supplier + Unit","S","","","S"
"SCJ","1","CJ_FILIAL+CJ_NUM+CJ_CLIENTE+CJ_LOJA","Número + Cliente + Loja","Numero + Cliente + Tienda","Number + Customer + Unit","S","XXX+SA1","","S"
"SCJ","2","CJ_FILIAL+CJ_COTCLI","Cotaçao/Ped.","Cotizac/Ped.","Quot/Order","S","XXX","","S"
"SCJ","3","CJ_FILIAL+CJ_CLIENTE+CJ_LOJA+DTOS(CJ_EMISSAO)","Cliente + Loja + DT Emissao","Cliente + Tienda + Fch Emision","Customer + Unit + Issue Date","S","","","S"
"SCK","1","CK_FILIAL+CK_NUM+CK_ITEM+CK_PRODUTO","Num. Pedido + Item + Produto","Num. Pedido + Item + Producto","Order Number + Item + Product","S","XXX+XXX+SB1","","S"
"SCK","2","CK_FILIAL+CK_CLIENTE+CK_LOJA+CK_NUM+CK_ITEM+CK_PRODUTO","Cliente + Loja + Num. Pedido + Item + Produto","Cliente + Tienda + Num. Pedido + Item + Producto","Customer + Unit + Order Number + Item + Product","S","SA1+XXX+XXX+XXX+SB1","","S"
"SCK","3","CK_FILIAL+CK_PRODUTO+CK_NUM+CK_ITEM","Produto + Num. Pedido + Item","Producto + Num. Pedido + Item","Product + Order Number + Item","S","SB1","","S"
"SCK","4","CK_FILIAL+CK_PROJPMS+CK_TASKPMS+CK_EDTPMS","Cod. Projeto + Cod.Tarefa + Cod. EDT","Cod.Proyecto + Cod.Tarea + Cod. EDT","Project Code + Task Code + EDT Code","S","","","S"
"SCL","1","CL_FILIAL+CL_NUM+CL_ITEMORC+CL_ITEM+CL_PRODUTO","N.Orcamento + Item Orc. + CL_ITEM+Produto","Nro.Presup. + Item Presup. + CL_ITEM+Producto","Budget No. + Budget Item + CL_ITEM+Product","S","XXX+XXX+XXX+SB1","","S"
"SCP","1","CP_FILIAL+CP_NUM+CP_ITEM+DTOS(CP_EMISSAO)","Nr.S.A. + Item S.A. + DT Emissao","Nro. S.A. + Item R D + Fch Emision","W.R.No. + W.R.Item + Issue Date","S","","","S"
"SCP","2","CP_FILIAL+CP_PRODUTO+CP_NUM+CP_ITEM","Produto + Nr.S.A. + Item S.A.","Producto + Nro. S.A. + Item R D","Product + W.R.No. + W.R.Item","S","SB1","","S"
"SCP","3","CP_FILIAL+DTOS(CP_DATPRF)+CP_NUM+CP_ITEM","Necessidade + Nr.S.A. + Item S.A.","Necesidad + Nro. S.A. + Item R D","MRP + W.R.No. + W.R.Item","S","","","S"
"SCP","4","CP_FILIAL+DTOS(CP_EMISSAO)+CP_NUM+CP_ITEM","DT Emissao + Nr.S.A. + Item S.A.","Fch Emision + Nro. S.A. + Item R D","Issue Date + W.R.No. + W.R.Item","S","","","S"
"SCQ","1","CQ_FILIAL+CQ_NUM+CQ_ITEM+CQ_NUMSQ","Numero + Item da SA + Sequencia","Numero + Item de RD + Secuencia","Number + Item of W.R. + Sequence","S","","","S"
"SCQ","2","CQ_FILIAL+CQ_NUMSC+CQ_ITSC","Num. SC + Item SC","Nro SC + Item SC","Pur.Req.No. + Item","S","","","S"
"SCQ","3","CQ_FILIAL+CQ_NUMAE+CQ_ITAE","Num. Aut.Ent + Item AE","Nro. AE + Item AE","Deliv.Autor. + Item DA","S","","","S"
"SCR","1","CR_FILIAL+CR_TIPO+CR_NUM+CR_NIVEL","Tipo docto + Documento + Nivel","Tipo docto + Documento + Nivel","Doc.Type + Document + Level","S","","","S"
"SCR","2","CR_FILIAL+CR_TIPO+CR_NUM+CR_USER","Tipo docto + Documento + Cod. Usuario","Tipo docto + Documento + Usuario","Doc.Type + Document + User Code","S","","","S"
"SCS","1","CS_FILIAL+CS_COD+DTOS(CS_DATA)","Usuario + Data Saldo","Usuario + Fecha Saldo","User + Balance Date","S","","","S"
"SCS","2","CS_FILIAL+CS_APROV+DTOS(CS_DATA)","Aprovador + Data Saldo","Aprobador + Fecha Saldo","Approver + Balance Date","S","","","S"
"SCT","1","CT_FILIAL+CT_DOC+CT_SEQUEN","Documento + Sequencia","Documento + Secuencia","Document + Sequence","S","","","S"
"SCT","2","CT_FILIAL+DTOS(CT_DATA)","Data","Fecha","Date","S","","","S"
"SCU","1","CU_FILIAL+CU_NUMERO","Nro. solic.","Nro. solic.","Req. No.","S","","","S"
"SCU","2","CU_FILIAL+CU_FORNECE+CU_LOJA+CU_NFISCAL+CU_SERNF","Fornecedor + Loja + Nota Fiscal + Serie NF","Proveedor + Tienda + Factura + Serie Fac.","Supplier + Unit + Invoice + Inv. Series","S","","","S"
"SCU","3","CU_FILIAL+CU_FORNECE+CU_LOJA+CU_NCRED+CU_SERNCP","Fornecedor + Loja + Nota Credito + Serie NCP","Proveedor + Tienda + Nota Credito + Serie NCP","Supplier + Unit + Credit Note + NCP Series","S","","","S"
"SCU","4","CU_FILIAL+DTOS(CU_EMISSAO)+CU_FORNECE+CU_LOJA","Data Solic. + Fornecedor + Loja","Fecha solic. + Proveedor + Tienda","Req. Dt. + Supplier + Unit","S","","","S"
"SCV","1","CV_FILIAL+CV_PEDIDO+CV_FORMAPG","Nr. Pedido + Forma Pagto.","Num. Pedido + Forma Pago","Order Number + Mod.of Paym.","S","","","S"
"SD1","1","D1_FILIAL+D1_DOC+D1_SERIE+D1_FORNECE+D1_LOJA+D1_COD+D1_ITEM","Documento + Serie + Forn/Cliente + Loja + Produto + Item NF","Documento + Serie + Provee/Clien + Tienda + Producto + Item Factura","Document + Series + Suppl/Custom + Unit + Product + NF Item","S","XXX+XXX+XXX+XXX+SB1","","S"
"SD1","2","D1_FILIAL+D1_COD+D1_DOC+D1_SERIE+D1_FORNECE+D1_LOJA","Produto + Documento + Serie + Forn/Cliente + Loja","Producto + Documento + Serie + Provee/Clien + Tienda","Product + Document + Series + Suppl/Custom + Unit","S","SB1","","S"
"SD1","3","D1_FILIAL+DTOS(D1_EMISSAO)+D1_DOC+D1_SERIE+D1_FORNECE+D1_LOJA","DT Emissao + Documento + Serie + Forn/Cliente + Loja","Fch Emision + Documento + Serie + Provee/Clien + Tienda","Issue Date + Document + Series + Suppl/Custom + Unit","S","","","S"
"SD1","4","D1_FILIAL+D1_NUMSEQ","Num.Sequenc.","Nro.Secuenc.","Sequent.Numb","S","","","S"
"SD1","5","D1_FILIAL+D1_COD+D1_LOCAL+D1_NUMSEQ","Produto + Armazem + Num.Sequenc.","Producto + Deposito + Nro.Secuenc.","Product + Warehouse + Sequent.Numb","S","SB1","","S"
"SD1","6","D1_FILIAL+DTOS(D1_DTDIGIT)+D1_NUMSEQ","DT Digitacao + Num.Sequenc.","Fch Digitac. + Nro.Secuenc.","Entry Date + Sequent.Numb","S","","","S"
"SD1","7","D1_FILIAL+D1_COD+D1_LOCAL+DTOS(D1_DTDIGIT)+D1_NUMSEQ","Produto + Armazem + DT Digitacao + Num.Sequenc.","Producto + Deposito + Fch Digitac. + Nro.Secuenc.","Product + Warehouse + Entry Date + Sequent.Numb","S","SB1","","S"
"SD1","8","D1_FILIAL+D1_CONHEC+D1_TIPO_NF","Num. Conhec. + Tipo Docto.","Num. Factura + Tipo Factura","Waybill numb + Inv Type","S","","","S"
"SD1","9","D1_FILIAL+D1_ORDEM+D1_COD","Ordem Servic + Produto","Orden Servic + Producto","Service Ord. + Product","S","","","S"
"SD1","A","D1_FILIAL+D1_FORNECE+D1_LOJA+D1_SERIREM+D1_REMITO+D1_ITEMREM","Forn/Cliente + Loja + Serie remito + Remito + Item remito","Provee/Clien + Tienda + Serie Remito + Remito + Item remito","Suppl/Custom + Unit + Rem. Series + Remito + Remito Item","S","FOR","","S"
"SD2","1","D2_FILIAL+D2_COD+D2_LOCAL+D2_NUMSEQ","Produto + Armazem + Num.Sequenc.","Producto + Deposito + Nro.Secuenc.","Product + Warehouse + Sequent.Numb","S","SB1","","S"
"SD2","2","D2_FILIAL+D2_TP+D2_COD","Tipo Produto + Produto","Tipo Product + Producto","Product Type + Product","S","XXX+SB1","","S"
"SD2","3","D2_FILIAL+D2_DOC+D2_SERIE+D2_CLIENTE+D2_LOJA+D2_COD+D2_ITEM","Num. Docto. + Serie + Cliente + Loja + Produto + Item","Nro. Doc. + Serie + Cliente + Tienda + Producto + Item","Doc. Number + Series + Customer + Unit + Product + Item","S","XXX+XXX+SA1+XXX+SB1","","S"
"SD2","4","D2_FILIAL+D2_NUMSEQ","Num.Sequenc.","Nro.Secuenc.","Sequent.Numb","S","","","S"
"SD2","5","D2_FILIAL+DTOS(D2_EMISSAO)+D2_NUMSEQ","Emissao + Num.Sequenc.","Emision + Nro.Secuenc.","Issue + Sequent.Numb","S","","","S"
"SD2","6","D2_FILIAL+D2_COD+D2_LOCAL+DTOS(D2_EMISSAO)+D2_NUMSEQ","Produto + Armazem + Emissao + Num.Sequenc.","Producto + Deposito + Emision + Nro.Secuenc.","Product + Warehouse + Issue + Sequent.Numb","S","SB1","","S"
"SD2","7","D2_FILIAL+D2_PDV+D2_SERIE+D2_DOC+D2_CLIENTE+D2_LOJA","Número PDV + Serie + Num. Docto. + Cliente + Loja","Num. del PDV + Serie + Nro. Doc. + Cliente + Tienda","POS Number + Series + Doc. Number + Customer + Unit","S","XXX+XXX+XXX+SA1","","S"
"SD2","8","D2_FILIAL+D2_PEDIDO+D2_ITEMPV","No do Pedido + Item do Ped.","Num. Pedido + Item Pedido","Order Number + Order Item","S","XXX+XXX+XXX","","S"
"SD2","9","D2_FILIAL+D2_CLIENTE+D2_LOJA+D2_SERIREM+D2_REMITO+D2_ITEMREM","Cliente + Loja + Serie remito + Remito + Item remito","Cliente + Tienda + Serie Remito + Remito + Item remito","Customer + Unit + Remito Ser. + Remito + Remito Item","S","","","S"
"SD3","1","D3_FILIAL+D3_OP+D3_COD+D3_LOCAL","Ord Producao + Produto + Armazem","Ord. Prodn. + Producto + Deposito","Prod.Order + Product + Warehouse","S","SC2+SB1","","S"
"SD3","2","D3_FILIAL+D3_DOC+D3_COD","Documento + Produto","Documento + Producto","Document + Product","S","XXX+SB1","","S"
"SD3","3","D3_FILIAL+D3_COD+D3_LOCAL+D3_NUMSEQ","Produto + Armazem + Sequencial","Producto + Deposito + Secuencia","Product + Warehouse + Sequential","S","SB1","","S"
"SD3","4","D3_FILIAL+D3_NUMSEQ+D3_CHAVE+D3_COD","Sequencial + Chave + Produto","Secuencia + Clave + Producto","Sequential + Index + Product","S","XXX+XXX+SB1","","S"
"SD3","5","D3_FILIAL+D3_TM+D3_COD","TP Movimento + Produto","Tp.Movimient + Producto","Movement Ty. + Product","S","SF5+SB1","","S"
"SD3","6","D3_FILIAL+DTOS(D3_EMISSAO)+D3_NUMSEQ+D3_CHAVE+D3_COD","DT Emissao + Sequencial + Chave + Produto","Fch Emision + Secuencia + Clave + Producto","Issue Date + Sequential + Index + Product","S","XXX+XXX+XXX+SB1","","S"
"SD3","7","D3_FILIAL+D3_COD+D3_LOCAL+DTOS(D3_EMISSAO)+D3_NUMSEQ","Produto + Armazem + DT Emissao + Sequencial","Producto + Deposito + Fch Emision + Secuencia","Product + Warehouse + Issue Date + Sequential","S","SB1","","S"
"SD3","8","D3_FILIAL+D3_DOC+D3_NUMSEQ","Documento + Sequencial","Documento + Secuencia","Document + Sequential","S","","","S"
"SD3","9","D3_FILIAL+D3_DOC+D3_ITEM+D3_CF","Documento + Item Remito + Tipo RE/DE","Documento + Item Remito + Tipo Sol/Dev","Document + Remito Item + Req/Dev Type","S","","","S"
"SD3","A","D3_FILIAL+D3_PROJPMS+D3_TASKPMS+D3_COD+D3_LOCAL","Cod.Projeto + Cod.Tarefa + Produto + Armazem","Cod.Proyecto + Cod.Tarea + Producto + Deposito","Project Code + Task Code + Product + Warehouse","S","","","S"
"SD3","B","D3_FILIAL+D3_ORDEM","Ordem Servic","Orden Servic","Service Ord.","S","","","S"
"SD4","1","D4_FILIAL+D4_COD+D4_OP+D4_TRT+D4_LOTECTL+D4_NUMLOTE","Produto + Ord Producao + Seq.Estrut. + Lote + Sub-Lote","Producto + Ord. Prodn. + Sec. Estruct + Lote + Sublote","Product + Prod.Order + Struct. Seq. + Lot + Sublot","S","SB1+SC2","","S"
"SD4","2","D4_FILIAL+D4_OP+D4_COD+D4_LOCAL","Ord Producao + Produto + Armazem","Ord. Prodn. + Producto + Deposito","Prod.Order + Product + Warehouse","S","SC2+SB1","","S"
"SD4","3","D4_FILIAL+D4_COD+D4_LOCAL+DTOS(D4_DATA)","Produto + Armazem + DT Empenho","Producto + Deposito + Fch Reserva","Product + Warehouse + Allocat. Dt.","S","SB1","","S"
"SD4","4","D4_FILIAL+D4_OPORIG+D4_LOTECTL+D4_NUMLOTE","Op Origem + Lote + Sub-Lote","Op Origen + Lote + Sublote","PO Origin + Lot + Sublot","S","","","S"
"SD4","5","D4_FILIAL+D4_ORDEM+D4_COD","O. S. Manut. + Produto","O.S. Manten. + Producto","Maint.SO + Product","S","","","S"
"SD5","1","D5_FILIAL+D5_NUMLOTE+D5_PRODUTO","Sub-Lote + Produto","Sublote + Producto","Sublot + Product","S","XXX+SB1","","S"
"SD5","2","D5_FILIAL+D5_PRODUTO+D5_LOCAL+D5_LOTECTL+D5_NUMLOTE+D5_NUMSEQ","Produto + Armazem + Lote + Sub-Lote + Sequencial","Producto + Deposito + Lote + Sublote + Secuencial","Product + Warehouse + Lot + Sublot + Sequential","S","SB1","","S"
"SD5","3","D5_FILIAL+D5_NUMSEQ+D5_PRODUTO+D5_LOCAL+D5_LOTECTL+D5_NUMLOTE","Sequencial + Produto + Armazem + Lote + Sub-Lote","Secuencial + Producto + Deposito + Lote + Sublote","Sequential + Product + Warehouse + Lot + Sublot","S","XXX+SB1","","S"
"SD5","4","D5_FILIAL+D5_OP+D5_NUMSEQ","O.P. + Sequencial","O.P. + Secuencial","P.O. + Sequential","S","","","S"
"SD6","1","D6_FILIAL+D6_CLIENTE+D6_LOJA+D6_NUMERO+D6_ITEM","Cliente + Loja + Contrato + Item","Cliente + Tienda + Contrato + Ítem","Customer + Unit + Contract + Item","S","SA1","","S"
"SD6","2","D6_FILIAL+D6_CLIENTE+D6_LOJA+D6_NUMERO+D6_PRODUTO","Cliente + Loja + Contrato + Produto","Cliente + Tienda + Contrato + Producto","Customer + Unit + Contract + Product","S","SA1+XXX+XXX+SB1","","S"
"SD6","3","D6_FILIAL+D6_CLIENTE+D6_LOJA+D6_PRODUTO","Cliente + Loja + Produto","Cliente + Tienda + Producto","Customer + Unit + Product","S","SA1+XXX+SB1","","S"
"SD6","4","D6_FILIAL+D6_PRODUTO+D6_CLIENTE+D6_LOJA","Produto + Cliente + Loja","Producto + Cliente + Tienda","Product + Customer + Unit","S","SB1+SA1","","S"
"SD6","5","D6_FILIAL+D6_CLIENTE+D6_LOJA+D6_NUMERO+DTOS(D6_VENCTO)","Cliente + Loja + Contrato + Vencimento","Cliente + Tienda + Contrato + Vencimiento","Customer + Unit + Contract + Due Date","S","SA1","","S"
"SD7","1","D7_FILIAL+D7_NUMERO+D7_PRODUTO+D7_LOCAL+D7_SEQ+dtos(D7_DATA)","Numero Trans + Cod.Produto + Armazem Atu. + Sequencia + Data Transf.","Nro. Transf. + Producto + Depos.Actual + Secuencia + Fch Transf.","Transfer No. + Product Code + Curr.Warehou + Sequence + Transf. Dt.","S","XXX+SB1","","S"
"SD7","2","D7_FILIAL+D7_NUMERO+D7_PRODUTO+D7_LOCAL+D7_NUMSEQ+STR(D7_TIPO)","Numero Trans + Cod.Produto + Armazem Atu. + Sequencial + Tipo","Nro. Transf. + Producto + Depos.Actual + Secuencia + Tipo","Transfer No. + Product Code + Curr.Warehou + Sequential + Type","S","XXX+SB1","","S"
"SD7","3","D7_FILIAL+D7_PRODUTO+D7_NUMSEQ+D7_NUMERO","Cod.Produto + Sequencial + Numero Trans","Producto + Secuencia + Nro. Transf.","Product Code + Sequential + Transfer No.","S","SB1","","S"
"SD8","1","D8_FILIAL+D8_PRODUTO+D8_LOCAL+D8_SEQ","Produto + Armazem + Sequencial","Producto + Deposito + Secuencial","Product + Warehouse + Sequential","S","SB1","","S"
"SD8","2","D8_FILIAL+D8_OP+D8_PRODUTO+D8_LOCAL+D8_SEQ","Ord Producao + Produto + Armazem + Sequencial","Ord. Prodn. + Producto + Deposito + Secuencial","Prod.Order + Product + Warehouse + Sequential","S","SC2+SB1","","S"
"SD8","3","D8_FILIAL+D8_DOC+D8_SERIE+D8_ITEM","Documento + Serie + Item","Documento + Serie + Item","Document + Series + Item","S","","","S"
"SD8","4","D8_FILIAL+D8_PRODUTO+D8_LOCAL+D8_TIPONF+DTOS(D8_DTCALC)","Produto + Armazem + Tipo da N.F. + Data Calculo","Producto + Deposito + Tipo Factura + Fch Calculo","Product + Warehouse + Invoice Type + Calcul.Date","S","SB1","","S"
"SD9","1","D9_FILIAL+D9_SERIE+DTOS(D9_DTUSO)+D9_DOC","Serie + Data de Uso + Documento","Serie + Fecha de Uso + Documento","Serial + Date of Use + Document","S","","","S"
"SD9","2","D9_FILIAL+D9_SERIE+D9_DOC+DTOS(D9_DTUSO)","Serie + Documento + Data de Uso","Serie + Documento + Fecha de Uso","Serial + Document + Date of Use","S","","","S"
"SDA","1","DA_FILIAL+DA_PRODUTO+DA_LOCAL+DA_NUMSEQ+DA_DOC+DA_SERIE+DA_CLIFOR+DA_LOJA","Produto + Armazem + Sequencial + Documento + Serie + Cod Cli/Forn + Lo","Producto + Deposito + Secuencial + Documento + Serie + Client/Prove +","Product + Warehouse + Sequential + Document + Series + Cust./Sup.Cd +","S","SB1","","S"
"SDB","1","DB_FILIAL+DB_PRODUTO+DB_LOCAL+DB_NUMSEQ+DB_DOC+DB_SERIE+DB_CLIFOR+DB_LOJA+DB_ITEM","Produto + Armazem + Sequencial + Documento + Serie + Cod Cli/Forn + Lo","Producto + Deposito + Secuencial + Documento + Serie + Client/Prove +","Product + Warehouse + Sequential + Document + Series + Cust./Sup.Cd +","S","SB1","","S"
"SDB","2","DB_FILIAL+DB_PRODUTO+DB_LOCAL+DB_LOTECTL+DB_NUMLOTE+DB_NUMSERI+DB_LOCALIZ+DB_NUMSEQ","Produto + Armazem + Lote + Sub-Lote + Num de Serie + Endereco + Sequen","Producto + Deposito + Lote + Sublote + Nro.de Serie + Ubicacion + Secu","Product + Warehouse + Lot + Sublot + Series No. + Address + Sequential","S","SB1+XXX+XXX+XXX+XXX+SBE","","S"
"SDB","3","DB_FILIAL+DB_SERVIC+DB_TAREFA+DB_ATIVID","Cod. Servico + Cod. Tarefa + Cod.Atividad","Cod.Servicio + Cod.Tarea + Cod.Activid.","Serv.Code + Task Code + Act. Code","S","","","S"
"SDB","4","DB_FILIAL+DTOS(DB_DATA)+DB_RECHUM+DB_SERVIC+DB_TAREFA+DB_ATIVID","Data + Rec. Humano + Cod. Servico + Cod. Tarefa + Cod.Atividad","Fecha + Rec. Humano + Cod.Servicio + Cod.Tarea + Cod.Activid.","Date + Hum.Resourse + Serv.Code + Task Code + Act. Code","S","","","S"
"SDB","5","DB_FILIAL+DB_TAREFA+DB_ATIVID","Cod. Tarefa + Cod.Atividad","Cod.Tarea + Cod.Activid.","Task Code + Act. Code","S","","","S"
"SDB","6","DB_FILIAL+DB_DOC+DB_SERIE+DB_CLIFOR+DB_LOJA+DB_SERVIC+DB_TAREFA","Documento + Serie + Cod Cli/Forn + Loja + Cod. Servico + Cod. Tarefa","Documento + Serie + Client/Prove + Tienda + Cod.Servicio + Cod.Tarea","Document + Series + Cust./Sup.Cd + Unit + Serv.Code + Task Code","S","","","S"
"SDB","7","DB_FILIAL+DB_PRODUTO+DB_DOC+DB_SERIE+DB_CLIFOR+DB_LOJA+DB_SERVIC+DB_TAREFA+DB_ATIVID","Produto + Documento + Serie + Cod Cli/Forn + Loja + Cod. Servico + Cod","Producto + Documento + Serie + Client/Prove + Tienda + Cod.Servicio +","Product + Document + Series + Cust./Sup.Cd + Unit + Serv.Code + Task C","S","","","S"
"SDB","8","DB_FILIAL+DB_STATUS+DB_SERVIC+DB_ORDTARE+DB_TAREFA+DB_ORDATIV+DB_ATIVID+DB_DOC+DB_SERIE+DB_CLIFOR+DB_LOJA+DB_ITEM","Status RF + Cod. Servico + Ordem Tarefa + Cod. Tarefa + Ordem Ativid +","Status RF + Cod.Servicio + Orden Tarea + Cod.Tarea + Orden Activ. + Co","RF Status + Serv.Code + Task Order + Task Code + Activ.Order + Act. Co","S","","","S"
"SDB","9","DB_FILIAL+DB_STATUS+DB_SERVIC+DB_DOC+DB_SERIE+DB_CLIFOR+DB_LOJA+DB_ITEM+DB_ORDTARE+DB_ORDATIV","Status RF + Cod. Servico + Documento + Serie + Cod Cli/Forn + Loja + I","Status RF + Cod.Servicio + Documento + Serie + Client/Prove + Tienda +","RF Status + Serv.Code + Document + Series + Cust./Sup.Cd + Unit + Dist","S","","","S"
"SDB","A","DB_FILIAL+DB_PRODUTO+DB_LOCAL+DTOS(DB_DATA)","Produto + Armazem + Data","Producto + Deposito + Fecha","Product + Warehouse + Date","S","SB1","","S"
"SDB","B","DB_FILIAL+DB_DOC+DB_SERIE+DB_CLIFOR+DB_LOJA+DB_IDOPERA","Documento + Serie + Cod Cli/Forn + Loja + Registro","Documento + Serie + Client/Prove + Tienda + Registro","Document + Series + Cust./Sup.Cd + Unit + Record","S","XXX+XXX+DL2+XXX+XXX","SDBB","S"
"SDB","C","DB_FILIAL+DB_DOC+DB_SERIE+DB_SERVIC+DB_TAREFA+DB_ATIVID+DB_ESTORNO","Documento + Serie + Cod. Servico + Cod. Tarefa + Cod.Atividad + Estorn","Documento + Serie + Cod.Servicio + Cod.Tarea + Cod.Activid. + Reversio","Document + Series + Serv.Code + Task Code + Act. Code + Reversed","S","XXX+XXX+DC5+DC6+L3+XXX","SDBC","S"
"SDB","D","DB_FILIAL+DB_CLIFOR+DB_LOJA+DB_SERVIC+DB_TAREFA+DB_ATIVID+DB_ESTORNO","Cod Cli/Forn + Loja + Cod. Servico + Cod. Tarefa + Cod.Atividad + Esto","Client/Prove + Tienda + Cod.Servicio + Cod.Tarea + Cod.Activid. + Reve","Cust./Sup.Cd + Unit + Serv.Code + Task Code + Act. Code + Reversed","S","DL2+XXX+DC5+DC6+L3+XXX","SDBD","S"
"SDB","E","DB_FILIAL+DB_CARGA+DB_SEQCAR+DB_SERVIC+DB_TAREFA+DB_ATIVID+DB_ESTORNO","Carga + Seq. Carga + Cod. Servico + Cod. Tarefa + Cod.Atividad + Estor","Carga + Sec. Carga + Cod.Servicio + Cod.Tarea + Cod.Activid. + Reversi","Load + Load Seq. + Serv.Code + Task Code + Act. Code + Reversed","S","XXX+XXX+DC5+DC6+L3+XXX","SDBE","S"
"SDC","1","DC_FILIAL+DC_PRODUTO+DC_LOCAL+DC_ORIGEM+DC_PEDIDO+DC_ITEM+DC_SEQ+DC_LOTECTL+DC_NUMLOTE+DC_LOCALIZ+DC_NUMSERI","Produto + Armazem + Origem + Ped. Venda + Item PV + Sequencia + Lote +","Producto + Deposito + Origen + Pedido Venta + Item PV + Sec. Aprobac +","Product + Warehouse + Source + Sales Order + S.Order Item + Sequence +","S","SB1+XXX+XXX+XXX+XXX+XXX+XXX+XXX+SBE","","S"
"SDC","2","DC_FILIAL+DC_PRODUTO+DC_LOCAL+DC_OP+DC_TRT+DC_LOTECTL+DC_NUMLOTE+DC_LOCALIZ+DC_NUMSERI","Produto + Armazem + Ordem de Pro + Sequencia + Lote + Sub-Lote + Ender","Producto + Deposito + Orden Prodc + Sec. Estruct + Lote + Sublote + Ub","Product + Warehouse + Prod.Order + Sequence + Lot + Sublot + Address +","S","SB1+XXX+XXX+XXX+XXX+XXX+SBE","","S"
"SDC","3","DC_FILIAL+DC_PRODUTO+DC_LOCAL+DC_LOTECTL+DC_NUMLOTE+DC_LOCALIZ+DC_NUMSERI+DC_ORIGEM","Produto + Armazem + Lote + Sub-Lote + Endereco + Num de Serie + Origem","Producto + Deposito + Lote + Sublote + Ubicacion + Nro.de Serie + Orig","Product + Warehouse + Lot + Sublot + Address + Series No. + Source","S","SB1+XXX+XXX+XXX+SBE","","S"
"SDD","1","DD_FILIAL+DD_DOC+DD_PRODUTO+DD_LOCAL+DD_LOTECTL+DD_NUMLOTE","Documento + Produto + Armazem + Lote + Sub-Lote","Documento + Producto + Deposito + Lote + Sublote","Document + Product + Warehouse + Lot + Sublot","S","XXX+SB1","","S"
"SDD","2","DD_FILIAL+DD_PRODUTO+DD_LOCAL+DD_LOTECTL+DD_NUMLOTE+DD_MOTIVO","Produto + Armazem + Lote + Sub-Lote + Motivo","Producto + Deposito + Lote + Sublote + Mot. Bloqueo","Product + Warehouse + Lot + Sublot + Reason","S","SB1+XXX+XXX+XXX+E1","","S"
"SDD","3","DD_FILIAL+DD_PRODUTO+DD_LOTECTL+DD_NUMLOTE+DD_MOTIVO","Produto + Lote + Sub-Lote + Motivo","Producto + Lote + Sublote + Mot. Bloqueo","Product + Lot + Sublot + Reason","S","","","S"
"SDE","1","DE_FILIAL+DE_DOC+DE_SERIE+DE_FORNECE+DE_LOJA+DE_ITEMNF+DE_ITEM","Documento + Serie + Forn/Cliente + Loja + Item da NF + DE_IT","Documento + Serie + Prov/Cliente + Tienda + Item Factura + DE_IT","Document + Series + Supp./Cus. + Unit + NF Item + DE_IT","S","XXX+XXX+FOR+XXX+XXX+XXX","","S"
"SDF","1","DF_FILIAL+DF_CODIGO+DF_PRODUTO","Codigo + Produto","Codigo + Producto","Code + Product","S","","","S"
"SDF","2","DF_FILIAL+DF_FLAG+DF_PRODUTO","Status da Su + Produto","Estat.Suger. + Producto","Sug. Status + Product","S","","","S"
"SDG","1","DG_FILIAL+DG_DOC+DG_CODDES+DG_ITEM","No.Docto. + Cod.Despesa + Item","No. Doc. + Cod. Gasto + Item","Doc. No. + Exp. Code + Item","S","XXX+DT7+XXX","","S"
"SDG","2","DG_FILIAL+DG_SEQORI+DG_NUMSEQ","Seq.Origem + Sequencia","Sec.Origen + Secuencia","Src.Seq. + Sequence","S","XXX+XXX","","S"
"SDG","3","DG_FILIAL+DG_NUMSEQ+DG_CODDES","Sequencia + Cod.Despesa","Secuencia + Cod. Gasto","Sequence + Exp. Code","S","XXX+XXX","","S"
"SDG","4","DG_FILIAL+DTOS(DG_EMISSAO)+DG_NUMSEQ+DG_CODDES","Emissao + Sequencia + Cod.Despesa","Emision + Secuencia + Cod. Gasto","Issue + Sequence + Exp. Code","S","XXX+XXX+DT7","","S"
"SDG","5","DG_FILIAL+DG_FILORI+DG_VIAGEM+DG_CODVEI","Fil.Origem + Viagem + Veiculo","Suc. Origen + Viaje + Vehiculo","Sour.Branch + Trip + Vehicle","S","DL5+XXX+DA3","","S"
"SDG","6","DG_FILIAL+DG_CODVEI+DG_STATUS","Veiculo + Status","Vehiculo + Estatus","Vehicle + Status","S","DA3+XXX","","S"
"SDG","7","DG_FILIAL+DG_ORIGEM+DG_SEQMOV","Origem + Seq.Moviment","Origen + Sec.Movimien","Source + Mov.Seq.","S","XXX+XXX","","S"
"SDH","1","DH_FILIAL+DH_IDENTNF","Ident da NF","Ident da NF","Invoice Iden","S","XXX","","N"
"SDH","2","DH_FILIAL+DH_TPMOV+DH_SERIE+DH_DOC+DH_CLIENTE+DH_LOJACLI+DH_FORNECE+DH_LOJAFOR+DH_OPER+DH_IDENTNF","Tp Movimento + Serie + Documento + Cliente + Loja + Fornecedor + Loja","Tp Movimento + Serie + Documento + Cliente + Tienda + Proveedor + Tien","Movement Typ + Series + Document + Customer + Unit + Supplier + Suppl.","S","XXX+XXX+XXX+SA1+XXX+SA2+XXX+XXX+XXX","","S"
"SE0","1","E0_FILIAL+E0_BANCO+E0_AGENCIA+E0_CONTA+E0_CONTRAT+E0_ORDEM+E0_SUBCTA","Banco + Agência + Conta + Contrato + Ordem + Sub-Conta","Banco + Agencia + Cuenta + Contrato + Orden + Subcuenta","Bank + Agency + Account + Contract + Sequence + Sub-account","S","","","N"
"SE0","2","E0_FILIAL+E0_BANCO+E0_AGENCIA+E0_CONTA+E0_CONTRAT+DTOS(E0_DATA)+E0_SUBCTA","Banco + Agência + Conta + Contrato + Data cotação + Sub-Conta","Banco + Agencia + Cuenta + Contrato + Fch.cotizaci + Subcuenta","Bank + Agency + Account + Contract + Quot. Dt. + Sub-account","S","","","S"
"SE1","1","E1_FILIAL+E1_PREFIXO+E1_NUM+E1_PARCELA+E1_TIPO","Prefixo + No. Titulo + Parcela + Tipo","Prefijo + Num. Titulo + Cuota + Tipo","Prefix + Bill Number + Installment + Type","S","XXX+XXX+XXX+05","","S"
"SE1","2","E1_FILIAL+E1_CLIENTE+E1_LOJA+E1_PREFIXO+E1_NUM+E1_PARCELA+E1_TIPO","Cliente + Loja + Prefixo + No. Titulo + Parcela + Tipo","Cliente + Tienda + Prefijo + Num. Titulo + Cuota + Tipo","Customer + Unit + Prefix + Bill Number + Installment + Type","S","SA1+XXX+XXX+XXX+XXX+05","","S"
"SE1","3","E1_FILIAL+E1_NATUREZ+E1_NOMCLI+E1_PREFIXO+E1_NUM+E1_TIPO","Natureza + Nome Cliente + Prefixo + No. Titulo + Tipo","Naturaleza + Nomb Cliente + Prefijo + Num. Titulo + Tipo","Class + Cust.Name + Prefix + Bill Number + Type","S","SED+XXX+XXX+XXX+05","","S"
"SE1","4","E1_FILIAL+E1_PORTADO+E1_NOMCLI+E1_PREFIXO+E1_NUM+E1_TIPO","Portador + Nome Cliente + Prefixo + No. Titulo + Tipo","Portador + Nomb Cliente + Prefijo + Num. Titulo + Tipo","Bearer + Cust.Name + Prefix + Bill Number + Type","S","SA6+XXX+XXX+XXX+05","","S"
"SE1","5","E1_FILIAL+E1_NUMBOR+E1_NOMCLI+E1_PREFIXO+E1_NUM+E1_PARCELA+E1_TIPO","Num. Bordero + Nome Cliente + Prefixo + No. Titulo + Parcela + Tipo","Num.Bordero + Nomb Cliente + Prefijo + Num. Titulo + Cuota + Tipo","Bordero Nr. + Cust.Name + Prefix + Bill Number + Installment + Type","S","XXX+XXX+XXX+XXX+XXX+05","","S"
"SE1","6","E1_FILIAL+DTOS(E1_EMISSAO)+E1_NOMCLI+E1_PREFIXO+E1_NUM+E1_PARCELA","DT Emissao + Nome Cliente + Prefixo + No. Titulo + Parcela","Fch Emision + Nomb Cliente + Prefijo + Num. Titulo + Cuota","issue Date + Cust.Name + Prefix + Bill Number + Installment","S","","","S"
"SE1","7","E1_FILIAL+DTOS(E1_VENCREA)+E1_NOMCLI+E1_PREFIXO+E1_NUM+E1_PARCELA","Vencto real + Nome Cliente + Prefixo + No. Titulo + Parcela","Venc. Real + Nomb Cliente + Prefijo + Num. Titulo + Cuota","Real Matur. + Cust.Name + Prefix + Bill Number + Installment","S","","","S"
"SE1","8","E1_FILIAL+E1_CLIENTE+E1_LOJA+E1_STATUS+DTOS(E1_VENCREA)","Cliente + Loja + Status + Vencto real","Cliente + Tienda + Estatus + Venc. Real","Customer + Unit + Status + Real Matur.","S","SA1","","S"
"SE1","9","E1_FILIAL+E1_NRDOC+E1_PREFIXO+E1_CLIENTE+E1_LOJA","Nr.Documento + Prefixo + Cliente + Loja","Nr.Documento + Prefijo + Cliente + Tienda","Doc.Num. + Prefix + Customer + Unit","S","","","S"
"SE1","A","E1_FILIAL+E1_CLIENTE+E1_LOJA+E1_FATPREF+E1_FATURA","Cliente + Loja + Pref. Fatura + Fatura","Cliente + Tienda + Pref.Factura + Factura","Customer + Unit + Invoice Pref + Invoice","S","SA1","","S"
"SE1","B","E1_FILIAL+DTOS(E1_EMISSAO)+E1_NATUREZ","DT Emissao + Natureza","Fch Emision + Naturaleza","issue Date + Class","S","XXX+SED","","S"
"SE1","C","E1_FILIAL+E1_NUMBOR+DTOS(E1_EMISSAO)","Num. Bordero + DT Emissao","Num.Bordero + Fch Emision","Bordero Nr. + issue Date","S","","","S"
"SE1","D","E1_FILIAL+E1_ORDPAGO","Ordem Pagto","Orden Pago","Payment Ord.","S","","","S"
"SE1","E","E1_FILIAL+E1_CODINT+E1_CODEMP+E1_MATRIC+E1_ANOBASE+E1_MESBASE","Instituicao + Empresa/Grup + Matricula + Ano Base + Mes Base","Institucion + Empresa/Grup + Matricula + Ano Base + Mes Base","Institution + Co/Group + Registration + Base Year + Base Month","S","","","S"
"SE1","F","E1_FILIAL+E1_NUMLIQ","N.Liquidacao","Nro.Liquidac","Setl. No.","S","XXX","","S"
"SE1","G","E1_FILIAL+E1_IDCNAB","Id. Cnab","Id. CNAB","CNAB Iden.","S","","","S"
"SE1","H","E1_FILIAL + E1_CODIMOV","Cod. Imovel","Cod.Inmueble","Est.Code","S","","","S"
"SE1","I","E1_FILIAL+E1_NUMRA+DTOS(E1_VENCTO)+E1_PREFIXO","Numero RA + Vencimento + Prefixo","Numero RA + Vencimiento + Prefijo","RA Number + Maturity Dt. + Prefix","S","","","S"
"SE2","1","E2_FILIAL+E2_PREFIXO+E2_NUM+E2_PARCELA+E2_TIPO+E2_FORNECE+E2_LOJA","Prefixo + No. Titulo + Parcela + Tipo + Fornecedor + Loja","Prefijo + Num. Titulo + Cuota + Tipo + Proveedor + Tienda","Prefix + Bill Number + Installment + Type + Supplier + Unit","S","XXX+XXX+XXX+05+SA2","","S"
"SE2","2","E2_FILIAL+E2_NATUREZ+E2_NOMFOR+E2_PREFIXO+E2_NUM+E2_PARCELA+E2_TIPO+E2_FORNECE","Natureza + Nome Fornece + Prefixo + No. Titulo + Parcela + Tipo + Forn","Modalidad + Nomb Proveed + Prefijo + Num. Titulo + Cuota + Tipo + Prov","Class + Suppl. Name + Prefix + Bill Number + Installment + Type + Supp","S","SED+XXX+XXX+XXX+XXX+05+SA2","","S"
"SE2","3","E2_FILIAL+DTOS(E2_VENCREA)+E2_NOMFOR+E2_PREFIXO+E2_NUM+E2_PARCELA+E2_TIPO","Vencto Real + Nome Fornece + Prefixo + No. Titulo + Parcela + Tipo","Vencto. Real + Nomb Proveed + Prefijo + Num. Titulo + Cuota + Tipo","Real Matur. + Suppl. Name + Prefix + Bill Number + Installment + Type","S","XXX+XXX+XXX+XXX+XXX+05","","S"
"SE2","4","E2_FILIAL+E2_PORTADO+E2_NOMFOR+E2_PREFIXO+E2_NUM+E2_PARCELA+E2_TIPO+E2_FORNECE","Portador + Nome Fornece + Prefixo + No. Titulo + Parcela + Tipo + Forn","Portador + Nomb Proveed + Prefijo + Num. Titulo + Cuota + Tipo + Prove","Bearer + Suppl. Name + Prefix + Bill Number + Installment + Type + Sup","S","BCO+XXX+XXX+XXX+XXX+05+SA2","","S"
"SE2","5","E2_FILIAL+DTOS(E2_EMISSAO)+E2_NOMFOR+E2_PREFIXO+E2_NUM+E2_PARCELA+E2_TIPO","DT Emissao + Nome Fornece + Prefixo + No. Titulo + Parcela + Tipo","Fch Emision + Nomb Proveed + Prefijo + Num. Titulo + Cuota + Tipo","Issue Date + Suppl. Name + Prefix + Bill Number + Installment + Type","S","XXX+XXX+XXX+XXX+XXX+05","","S"
"SE2","6","E2_FILIAL+E2_FORNECE+E2_LOJA+E2_PREFIXO+E2_NUM+E2_PARCELA+E2_TIPO","Fornecedor + Loja + Prefixo + No. Titulo + Parcela + Tipo","Proveedor + Tienda + Prefijo + Num. Titulo + Cuota + Tipo","Supplier + Unit + Prefix + Bill Number + Installment + Type","S","SA2+XXX+XXX+XXX+XXX+05","","S"
"SE2","7","E2_FILIAL+DTOS(E2_EMIS1)+E2_NATUREZ","DT Contab. + Natureza","Fch Contab. + Modalidad","Acc.Date + Class","S","XXX+SED","","S"
"SE2","8","E2_FILIAL+E2_ORDPAGO","Ordem Pagto","Orden Pago","Payment Ord.","S","","","S"
"SE2","9","E2_FILIAL+E2_FORNECE+E2_LOJA+E2_FATPREF+E2_FATURA","Fornecedor + Loja + Pref. Fatura + Num Fatura","Proveedor + Tienda + Pref.Factura + Num. Factura","Supplier + Unit + Invoice Pref + Invoice Numb","S","SA2","","S"
"SE2","A","E2_FILIAL+E2_FORNECE+E2_LOJA+E2_ANOBASE+E2_MESBASE","Fornecedor + Loja + Ano Base + Mes Base","Proveedor + Tienda + Ano Base + Mes Base","Supplier + Unit + Base Year + Base Month","S","","","S"
"SE2","B","E2_FILIAL+E2_IDCNAB","Id. Cnab","Id. Cnab","CNAB Id.","S","","","S"
"SE3","1","E3_FILIAL+E3_PREFIXO+E3_NUM+E3_PARCELA+E3_SEQ+E3_VEND","Prefixo + No. Titulo + Parcela + Sequencia + Vendedor","Prefijo + Num. Titulo + Cuota + Sec.Comision + Vendedor","Prefix + Bill Number + Installment + Sequence + Seller","S","","","S"
"SE3","2","E3_FILIAL+E3_VEND+E3_PREFIXO+E3_NUM+E3_PARCELA+E3_SEQ","Vendedor + Prefixo + No. Titulo + Parcela + Sequencia","Vendedor + Prefijo + Num. Titulo + Cuota + Sec.Comision","Seller + Prefix + Bill Number + Installment + Sequence","S","SA3","","S"
"SE3","3","E3_FILIAL+E3_VEND+E3_CODCLI+E3_LOJA+E3_PREFIXO+E3_NUM+E3_PARCELA+E3_TIPO+E3_SEQ","Vendedor + Cliente + Loja + Prefixo + No. Titulo + Parcela + Tipo + Se","Vendedor + Cliente + Tienda + Prefijo + Num. Titulo + Cuota + Tipo + S","Seller + Customer + Unit + Prefix + Bill Number + Installment + Type +","S","SA3+SA1+XXX+XXX+XXX+XXX+05","","S"
"SE4","1","E4_FILIAL+E4_CODIGO","Codigo","Codigo","Code","S","","","S"
"SE5","1","E5_FILIAL+DTOS(E5_DATA)+E5_BANCO+E5_AGENCIA+E5_CONTA+E5_NUMCHEQ","DT Movimen + Banco + Agencia + Conta Banco + Num Cheque","Fch Movimto. + Banco + Agencia + Cuenta Banco + Num. Cheque","Transact.Dt. + Bank + Branch + Bank Account + Cheque Numb.","S","XXX+SA6","","S"
"SE5","2","E5_FILIAL+E5_TIPODOC+E5_PREFIXO+E5_NUMERO+E5_PARCELA+E5_TIPO+DtoS(E5_DATA)+E5_CLIFOR+E5_LOJA+E5_SEQ","Tipo do Doc. + Prefixo + Titulo + Parcela + E5_TIPO+DT Movimen + Cli/F","Tipo de Doc. + Prefijo + Titulo + Cuota + E5_TIPO+Fch Movimto. + Clien","Document Ty. + Prefix + Bill + Installment + E5_TIPO+Transact.Dt. + Cu","S","XXX+XXX+XXX+XXX+05","","S"
"SE5","3","E5_FILIAL+E5_BANCO+E5_AGENCIA+E5_CONTA+E5_PREFIXO+E5_NUMERO+E5_PARCELA+E5_TIPO+DtoS(E5_DATA)","Banco + Agencia + Conta Banco + Prefixo + Titulo + Parcela + E5_TIPO+D","Banco + Agencia + Cuenta Banco + Prefijo + Titulo + Cuota + E5_TIPO+Fc","Bank + Branch + Bank Account + Prefix + Bill + Installment + E5_TIPO+T","S","SA6+XXX+XXX+XXX+XXX+XXX+05","","S"
"SE5","4","E5_FILIAL+E5_NATUREZ+E5_PREFIXO+E5_NUMERO+E5_PARCELA+E5_TIPO+DTOS(E5_DTDIGIT)+E5_RECPAG+E5_CLIFOR+E5_LOJA","Natureza + Prefixo + Titulo + Parcela + E5_TIPO+Data Digit. + Rec/Pag","Modalidad + Prefijo + Titulo + Cuota + E5_TIPO+Fecha Tipeo + Recibe/Pa","Class + Prefix + Bill + Installment + E5_TIPO+Typing Date + Receipt/Pa","S","SED+XXX+XXX+XXX+05","","S"
"SE5","5","E5_FILIAL+E5_LOTE+E5_PREFIXO+E5_NUMERO+E5_PARCELA+E5_TIPO+DtoS(E5_DATA)","Lote + Prefixo + Titulo + Parcela + E5_TIPO+DT Movimen","Lote + Prefijo + Titulo + Cuota + E5_TIPO+Fch Movimto.","Lot + Prefix + Bill + Installment + E5_TIPO+Transact.Dt.","S","XXX+XXX+XXX+XXX+005","","S"
"SE5","6","E5_FILIAL+DTOS(E5_DTDIGIT)+E5_NATUREZ","Data Digit. + Natureza","Fecha Tipeo + Modalidad","Typing Date + Class","S","XXX+SED","","S"
"SE5","7","E5_FILIAL+E5_PREFIXO+E5_NUMERO+E5_PARCELA+E5_TIPO+E5_CLIFOR+E5_LOJA+E5_SEQ","Prefixo + Titulo + Parcela + E5_TIPO+Cli/For + Loja + Sequencia","Prefijo + Titulo + Cuota + E5_TIPO+Clien/Provee + Tienda + Secuencia","Prefix + Bill + Installment + E5_TIPO+Cust./Sup. + Unit + Sequence","S","XXX+XXX+XXX+05","","S"
"SE5","8","E5_FILIAL+E5_ORDREC+E5_SERREC","Rec/Ordem + Serie Recibo","Recibo/OPago + Serie Recibo","Rec./Ord. + RecSerialNbr","S","","","S"
"SE5","9","E5_FILIAL+E5_PROJPMS+E5_EDTPMS+E5_TASKPMS+DTOS(E5_DATA)+E5_BANCO+E5_AGENCIA+E5_CONTA","Projeto + EDT + Tarefa + DT Movimen + Banco + Agencia + Conta Banco","Proyecto + EDT + Tarea + Fch Movimto. + Banco + Agencia + Cuenta Banco","Project + EDT + Task + Transact.Dt. + Bank + Branch + Bank Account","S","","","S"
"SE5","A","E5_FILIAL+E5_DOCUMEN","Documento","Documento","Document","S","XXX","","S"
"SE5","B","E5_FILIAL+E5_BANCO+E5_AGENCIA+E5_CONTA+E5_NUMCHEQ+DTOS(E5_DATA)","Banco + Agencia + Conta Banco + Num Cheque + DT Movimen","Banco + Agencia + Cuenta Banco + Num. Cheque + Fch Movimto.","Bank + Branch + Bank Account + Cheque Numb. + Transact.Dt.","S","","","S"
"SE6","1","E6_FILIAL+E6_FILORIG+E6_NUMSOL","Filial Orig. + No. Solic.","Sucurs. orig + Num. Solic.","Sour.Branch + Req. No.","S","","","S"
"SE6","2","E6_FILIAL+E6_SITSOL+E6_FILORIG+E6_NUMSOL","Sit. solic. + Filial Orig. + No. Solic.","Sit. solic. + Sucurs. orig + Num. Solic.","Req. Status + Sour.Branch + Req. No.","S","","","S"
"SE6","3","E6_FILIAL+E6_NUMSOL","No. Solic.","Num. Solic.","Req. No.","S","","","S"
"SE6","4","E6_FILIAL+E6_PREFIXO+E6_NUM+E6_PARCELA+E6_TIPO+E6_FILORIG","Prefixo tit. + E6_NUM+Parc. titulo + Tipo titulo + Filial Orig.","Prefijo tit. + E6_NUM+Cuota titulo + Tipo titulo + Sucurs. orig","Bill Pref. + E6_NUM+Bill Inst. + Bill Type + Sour.Branch","S","","","S"
"SE7","1","E7_FILIAL+E7_NATUREZ+E7_ANO+E7_CMOEDA","Natureza + Ano + Moeda","Modalidad + Ano + Moneda","Class + Year + Currency","S","","","S"
"SE7","2","E7_FILIAL+E7_ANO+E7_NATUREZ+E7_CMOEDA","Ano + Natureza + Moeda","Ano + Modalidad + Moneda","Year + Class + Currency","S","","","S"
"SE8","1","E8_FILIAL+E8_BANCO+E8_AGENCIA+E8_CONTA+DTOS(E8_DTSALAT)","Banco + Agencia + Conta + DT Sld.Atual","Banco + Agencia + Cuenta + Fch Sdo.Act.","Bank + Branch + Account + Cur.Bal.Dt.","S","SA6","","S"
"SE9","1","E9_FILIAL+E9_NUMERO+E9_BANCO+E9_AGENCIA","Numero + Banco + Agencia","Numero + Banco + Agencia","Number + Bank + Branch","S","XXX+SA6","","S"
"SEA","1","EA_FILIAL+EA_NUMBOR+EA_PREFIXO+EA_NUM+EA_PARCELA+EA_TIPO+EA_FORNECE+EA_LOJA","Bordero + Prefixo + EA_NUM+Parcela + Tipo + Fornecedor + Loja","Bordero + Prefijo + EA_NUM+Cuota + Tipo + Proveedor + Tienda","Bordero + Prefix + EA_NUM+Installment + Type + Supplier + Unit","S","","","S"
"SEA","2","EA_FILIAL+EA_NUMBOR+EA_CART+EA_PREFIXO+EA_NUM+EA_PARCELA+EA_TIPO+EA_FORNECE+EA_LOJA","Bordero + Carteira + Prefixo + EA_NUM+Parcela + Tipo + Fornecedor + Lo","Bordero + Cartera + Prefijo + EA_NUM+Cuota + Tipo + Proveedor + Tienda","Bordero + Portfolio + Prefix + EA_NUM+Installment + Type + Supplier +","S","","","S"
"SEB","1","EB_FILIAL+EB_BANCO+EB_REFBAN+EB_TIPO+EB_MOTBAN","Banco + Ocorr Banco + Tipo + Mot Banco","Banco + Event.Banco + Tipo + Mot. Banco","Bank + Occurrence + Type + Bank Reason","S","BCO","","S"
"SEC","1","EC_FILIAL+EC_CODIGO+EC_ITEM","Codigo + Item","Codigo + Item","Code + Item","S","","","S"
"SED","1","ED_FILIAL+ED_CODIGO","Codigo","Codigo","Code","S","SED","","S"
"SEE","1","EE_FILIAL+EE_CODIGO+EE_AGENCIA+EE_CONTA+EE_SUBCTA","Banco + Agencia + Conta + Sub Conta","Banco + Agencia + Cuenta + Subcuenta","Bank + Branch + Account + Sub Account","S","SA6","","S"
"SEF","1","EF_FILIAL+EF_BANCO+EF_AGENCIA+EF_CONTA+EF_NUM","Banco + Agencia + Conta + Cheque","Banco + Agencia + Cuenta + Cheque","Bank + Branch + Account + Check","S","","","S"
"SEF","2","EF_FILIAL+EF_BANCO+EF_AGENCIA+EF_CONTA+DTOS(EF_DATA)","Banco + Agencia + Conta + DT Emis.Cheq","Banco + Agencia + Cuenta + Fch Emis.Chq","Bank + Branch + Account + Check Issue","S","","","S"
"SEF","3","EF_FILIAL+EF_PREFIXO+EF_TITULO+EF_PARCELA+EF_TIPO+EF_NUM+EF_SEQUENC","Prefixo + Num. Titulo + Parcela + Tipo Titulo + Cheque + Sequencia","Prefijo + Num. Titulo + Cuota + Tipo Titulo + Cheque + Secuencia","Prefix + Bill Number + Installment + Bill Type + Check + Sequence","S","","","S"
"SEF","4","EF_FILIAL+EF_NUM+EF_BANCO+EF_AGENCIA+EF_CONTA","Cheque + Banco + Agencia + Conta","Cheque + Banco + Agencia + Cuenta","Check + Bank + Branch + Account","S","","","S"
"SEF","5","EF_FILIAL+EF_LIBER+DTOS(EF_DATA)+EF_NUM+EF_BANCO+EF_AGENCIA+EF_CONTA","Cheque Liber + DT Emis.Cheq + Cheque + Banco + Agencia + Conta","Cheque Prep + Fch Emis.Chq + Cheque + Banco + Agencia + Cuenta","Appr. Check + Check Issue + Check + Bank + Branch + Account","S","","","S"
"SEF","6","EF_FILIAL+EF_CART+EF_BANCO+EF_AGENCIA+EF_CONTA+EF_NUM+EF_PREFIXO+EF_TITULO+EF_PARCELA+EF_TIPO","Carteira + Banco + Agencia + Conta + Cheque + Prefixo + Num. Titulo +","Cartera + Banco + Agencia + Cuenta + Cheque + Prefijo + Num. Titulo +","Portfolio + Bank + Branch + Account + Check + Prefix + Bill Number + I","S","","","S"
"SEF","7","EF_FILIAL+EF_CART+EF_PREFIXO+EF_TITULO+EF_PARCELA+EF_TIPO+EF_BANCO+EF_AGENCIA+EF_CONTA+EF_NUM","Carteira + Prefixo + Num. Titulo + Parcela + Tipo Titulo + Banco + Age","Cartera + Prefijo + Num. Titulo + Cuota + Tipo Titulo + Banco + Agenci","Portfolio + Prefix + Bill Number + Installment + Bill Type + Bank + Br","S","","","S"
"SEG","1","EG_FILIAL+EG_TIPO+EG_BANCO+EG_AGENCIA+EG_CONTA+DTOS(EG_DATA)","Tipo + Banco + Agencia + Conta Banco + DT Operacao","Tipo + Banco + Agencia + Cuenta Banco + Fch Operac.","Type + Bank + Branch + Bank Account + Operation Dt","S","11+SA6","","S"
"SEG","2","EG_FILIAL+DTOS(EG_DATARES)+EG_BANCO+EG_AGENCIA+EG_CONTA","DT Resg/Pgto + Banco + Agencia + Conta Banco","Fc Resc/Pago + Banco + Agencia + Cuenta Banco","Dt Appr/Paym + Bank + Branch + Bank Account","S","XXX+SA6","","S"
"SEG","3","EG_FILIAL+EG_BANCO+EG_AGENCIA+EG_CONTA+DTOS(EG_DATA)","Banco + Agencia + Conta Banco + DT Operacao","Banco + Agencia + Cuenta Banco + Fch Operac.","Bank + Branch + Bank Account + Operation Dt","S","SA6","","S"
"SEH","1","EH_FILIAL+EH_NUMERO+EH_REVISAO","Numero + Revisao","Numero + Revision","Number + Revision","S","","","S"
"SEH","2","EH_FILIAL+EH_STATUS+EH_APLEMP","Status + Modelo","Estatus + Modelo","Status + Model","S","","","S"
"SEH","3","EH_FILIAL+EH_CONTRAT+EH_NUMERO","Numero Contr + Numero","Nro.Contrato + Numero","Contract Nr. + Number","S","","","S"
"SEI","1","EI_FILIAL+EI_APLEMP+EI_NUMERO+EI_REVISAO+EI_SEQ","Modelo + Numero + Revisao + Sequencia","Modelo + Numero + Revision + Secuencia","Model + Number + Revision + Sequence","S","","","S"
"SEI","2","EI_FILIAL+EI_APLEMP+EI_NUMERO+EI_REVISAO+EI_MOTBX+Dtos(EI_DTDIGIT)+EI_TIPODOC+EI_SEQ","Modelo + Numero + Revisao + Motivo + Data Digit. + Tipo do Doc. + Sequ","Modelo + Numero + Revision + Mot. Operac. + Fecha Digit. + Tipo de Doc","Model + Number + Revision + Reason + Typing Date + Document Ty. + Sequ","S","","","S"
"SEI","3","EI_FILIAL+EI_APLEMP+DTOS(EI_DTDIGIT)+EI_NUMERO+EI_REVISAO+EI_MOTBX+EI_TIPODOC","Modelo + Data Digit. + Numero + Revisao + Motivo + Tipo do Doc.","Modelo + Fecha Digit. + Numero + Revision + Mot. Operac. + Tipo de Doc","Model + Typing Date + Number + Revision + Reason + Document Ty.","S","","","S"
"SEJ","1","EJ_FILIAL+EJ_BANCO+EJ_OCORBCO","Banco + Ocorr.Banco","Banco + Event.Banco","Bank + Bank Occurr.","S","BCO","","S"
"SEL","1","EL_FILIAL+EL_RECIBO+EL_TIPODOC+EL_PREFIXO+EL_NUMERO+EL_PARCELA+EL_TIPO","Nr do Recibo + Tipo Valor + Prefixo + Numero + Parcela + EL_TI","Nr de Recibo + Tipo Valor + Prefijo + Numero + Cuota + EL_TI","Receipt Nbr. + Value Type + Prefix + Number + Installment + EL_TI","S","","","S"
"SEL","2","EL_FILIAL+EL_PREFIXO+EL_NUMERO+EL_PARCELA+EL_TIPO+EL_CLIORIG+EL_LOJORIG","Prefixo + Numero + Parcela + EL_TIPO+Cliente Orig + Lj. Original","Prefijo + Numero + Cuota + EL_TIPO+Cliente Orig + Tienda Orig.","Prefix + Number + Installment + EL_TIPO+OrigCustomer + OriginalUnit","S","","","S"
"SEL","3","EL_FILIAL+EL_CLIORIG+EL_LOJORIG+DTOS(EL_DTDIGIT)","Cliente Orig + Lj. Original + Data Digit","Cliente Orig + Tienda Orig. + Fecha Digit","OrigCustomer + OriginalUnit + Typing Date","S","SA1","","S"
"SEL","4","EL_FILIAL+DTOS(EL_DTDIGIT)+EL_RECIBO+EL_TIPODOC+EL_SERIE","Data Digit + Nr do Recibo + Tipo Valor + Serie Recibo","Fecha Digit + Nr de Recibo + Tipo Valor + Serie Recibo","Typing Date + Receipt Nbr. + Value Type + RecSerialNbr","S","","","S"
"SEL","5","EL_FILIAL+EL_COBRAD+EL_RECIBO+EL_SERIE","Cobrador + Nr do Recibo + Serie Recibo","Cobrador + Nr de Recibo + Serie Recibo","Collector + Receipt Nbr. + RecSerialNbr","S","","","S"
"SEL","6","EL_FILIAL+EL_COBRAD+Dtos(EL_DTDIGIT)","Cobrador + Data Digit","Cobrador + Fecha Digit","Collector + Typing Date","S","","","S"
"SEL","7","EL_FILIAL+EL_CLIORIG+EL_LOJORIG+EL_RECIBO+EL_SERIE","Cliente Orig + Lj. Original + Nr do Recibo + Serie Recibo","Cliente Orig + Tienda Orig. + Nr de Recibo + Serie Recibo","OrigCustomer + OriginalUnit + Receipt Nbr. + RecSerialNbr","S","","","S"
"SEL","8","EL_FILIAL+EL_SERIE+EL_RECIBO+EL_TIPODOC+EL_PREFIXO+EL_NUMERO+EL_PARCELA+EL_TIPO","Serie Recibo + Nr do Recibo + Tipo Valor + Prefixo + Numero + Parcela","Serie Recibo + Nr de Recibo + Tipo Valor + Prefijo + Numero + Cuota +","RecSerialNbr + Receipt Nbr. + Value Type + Prefix + Number + Installme","S","","","S"
"SEM","1","EM_FILIAL+EM_CONTRAT","Num Contrato","Nro.Contrato","Contract Nr","S","","","S"
"SEM","2","EM_FILIAL+DTOS(EM_EMISSAO)","Dt NF","Fch. Factura","NF Date","S","","","S"
"SEM","3","EM_FILIAL+EM_BORDERO+EM_PLANO","Bordero + Plano","Bordero + Plan","Bordero + Plan","S","","","S"
"SEM","4","EM_FILIAL+EM_PLANO","Plano","Plan","Plan","S","","","S"
"SEN","1","EN_FILIAL+EN_CODIGO","Cod Plano","Cod. Plan","Plan Code","S","","","S"
"SEO","1","EO_FILIAL+EO_CODIGO","Cod IOC","Cod IOC","IOC Code","S","","","S"
"SEP","1","EP_FILIAL+EP_CODIGO","Cod Indice","Cod.Indice","Index Code","S","","","S"
"SEQ","1","EQ_FILIAL+EQ_BORDERO","Bordero","Bordero","Bordero","S","","","S"
"SER","1","ER_FILIAL+ER_BORDERO+STR(ER_CARENC,3)+STR(ER_PARCELA,3)+ER_STATUS+ER_PLANO","Bordero + Carencia + Parcela + Status + Plano","Bordero + Carencia + Cuota + Estatus + Plan","Bordero + Grace Period + Installment + Status + Plan","S","","","S"
"SER","2","ER_FILIAL+ER_BORDERO+ER_PLANO","Bordero + Plano","Bordero + Plan","Bordero + Plan","S","","","S"
"SES","1","ES_FILIAL+ES_TIPO+ES_CARTEIR","Tipo + Carteira","Tipo + Cartera","Type + Portfolio","S","","","S"
"SES","2","ES_FILIAL+ES_TIPORIG+ES_CARTEIR","Tipo orig. + Carteira","Tipo orig. + Cartera","Origin Type + Portfolio","S","","","S"
"SET","1","ET_FILIAL+ET_CODIGO","Codigo","Codigo","Bank","S","","","S"
"SEU","1","EU_FILIAL+EU_NUM","Numero Int.","Numero Int.","Internal No.","S","","","S"
"SEU","2","EU_FILIAL+EU_CAIXA+DTOS(EU_BAIXA)+EU_NUM","Caixinha + Data Baixa + Numero Int.","Caja Chica + Fecha Rend. + Numero Int.","Cash Box + Post.Date + Internal No.","S","","","S"
"SEU","3","EU_FILIAL+EU_NROADIA+EU_NUM","Numero Adia. + Numero Int.","Numero Antec + Numero Int.","Adv. Number + Internal No.","S","","","S"
"SEU","4","EU_FILIAL+EU_CAIXA+DTOS(EU_DTDIGIT)+EU_NUM","Caixinha + Data Digit. + Numero Int.","Caja Chica + Fecha Digit. + Numero Int.","Cash Box + Entry Date + Internal No.","S","","","S"
"SEU","5","EU_FILIAL+EU_CAIXA+EU_SEQCXA+EU_NUM","Caixinha + Nro. Sequen. + Numero Int.","Caja Chica + Num.de Secu. + Numero Int.","Cash Box + Seq. Number + Internal No.","S","","","S"
"SEU","6","EU_FILIAL+EU_CAIXA+EU_TIPO+EU_NROADIA+EU_NUM","Caixinha + Tipo Movto. + Numero Adia. + Numero Int.","Caja Chica + Tipo Movto. + Numero Antec + Numero Int.","Cash Box + Movem. Type + Adv. Number + Internal No.","S","","","S"
"SEU","7","EU_FILIAL+EU_FORNECE+EU_LOJA+EU_NRCOMP+EU_SERCOMP","Fornecedor + Loja + Nro. Docto + Serie Doc.","Proveedor + Tienda + Numero + Serie Doc.","Supplier + Unit + Doc. Number + Doc.Series","S","","","N"
"SEU","8","EU_FILIAL+EU_CAIXA+EU_NRREND","Caixinha + Nr. rendicao","Caja Chica +","Cash Box +","S","","","N"
"SEV","1","EV_FILIAL+EV_PREFIXO+EV_NUM+EV_PARCELA+EV_TIPO+EV_CLIFOR+EV_LOJA+EV_NATUREZ","Prefixo + Titulo + Parcela + Tipo Titulo + Cli/For + Loja + Natureza","Prefijo + Titulo + Cuota + Tipo Titulo + Clien/Provee + Tienda + Modal","Prefix + Bill + Installment + Type of Bil + Cust./Sup. + Unit + Class","S","XXX+XXX+XXX+05","","S"
"SEV","2","EV_FILIAL+EV_PREFIXO+EV_NUM+EV_PARCELA+EV_TIPO+EV_CLIFOR+EV_LOJA+EV_IDENT+EV_SEQ+EV_NATUREZ","Prefixo + Titulo + Parcela + Tipo Titulo + Cli/For + Loja + Identific.","Prefijo + Titulo + Cuota + Tipo Titulo + Clien/Provee + Tienda + Ident","Prefix + Bill + Installment + Type of Bil + Cust./Sup. + Unit + Identi","S","","","S"
"SEW","1","EW_FILIAL+EW_ANO+EW_MES+EW_MOEDA+EW_NATUREZ+EW_CCUSTO+EW_ITEMCTA+EW_CLVL","Ano p/Orcam. + Mes Orcam. + Moeda + Natureza + Centro Custo + Item Con","Ano p/Presup + Mes Presup + Moneda + Naturaleza + Centro Costo + Item","Yer.for Budg + Budg.Mth. + Currency + Class + Cost Center + Acc. Item","S","","","S"
"SEW","2","EW_FILIAL+EW_ANO+EW_MES+EW_MOEDA+EW_CCUSTO+EW_ITEMCTA+EW_CLVL+EW_NATUREZ","Ano p/Orcam. + Mes Orcam. + Moeda + Centro Custo + Item Conta + Classe","Ano p/Presup + Mes Presup + Moneda + Centro Costo + Item Cuenta + Clas","Yer.for Budg + Budg.Mth. + Currency + Cost Center + Acc. Item + Value","S","","","N"
"SEX","1","EX_FILIAL+EX_NUM+DTOS(EX_EMISSAO)+EX_SERREC","No. Recibo + Dt Comissao + Serie Recibo","Nro. Recibo + Fch Comision + Serie Recibo","Receipt No. + Commiss.Dt. + RecSerialNbr","S","","","S"
"SEX","2","EX_FILIAL+EX_COBRAD+EX_NUM+EX_TIPODOC+EX_TITULO+EX_SERREC","Cod.Cobrador + No. Recibo + Tipo Valor + Tit.Bx.Rec. + Serie Recibo","Cobrador + Nro. Recibo + Tipo Valor + Tit.Canc.Rec + Serie Recibo","Coll.Code + Receipt No. + Value Type + Bil.Pos.Rec. + RecSerialNbr","S","","","S"
"SEX","3","EX_FILIAL+EX_COBRAD+EX_CODCLI+EX_LOJA","Cod.Cobrador + Cliente + Loja","Cobrador + Cliente + Tienda","Coll.Code + Customer + Unit","S","","","S"
"SEX","4","EX_FILIAL+EX_COBRAD+EX_NUM+ DTOS(EX_EMISSAO)+EX_SERREC","Cod.Cobrador + No. Recibo + Dt Comissao + Serie Recibo","Cobrador + Nro. Recibo + Fch Comision + Serie Recibo","Coll.Code + Receipt No. + Commiss.Dt. + RecSerialNbr","S","","","S"
"SEY","1","EY_FILIAL+EY_COBRAD+DtoS(EY_DATA)","Cobrador + Data Entrega","Cobrador + Fch. Entrega","Collector + Del.Date","S","","","S"
"SEY","2","EY_FILIAL+Dtos(EY_DATA)+EY_COBRAD","Data Entrega + Cobrador","Fch. Entrega + Cobrador","Del.Date + Collector","S","","","S"
"SEY","3","EY_FILIAL+EY_RECINI+EY_COBRAD","Recibo Inic. + Cobrador","Recibo Inic. + Cobrador","Init.Receip. + Collector","S","","","S"
"SEY","4","EY_FILIAL+EY_SERIE+EY_RECINI+EY_COBRAD","Serie Recibo + Recibo Inic. + Cobrador","Serie Recibo + Recibo Inic. + Cobrador","RecSerialNbr + Init.Receip. + Collector","S","","","S"
"SEZ","1","EZ_FILIAL+EZ_PREFIXO+EZ_NUM+EZ_PARCELA+EZ_TIPO+EZ_CLIFOR+EZ_LOJA+EZ_NATUREZ+EZ_CCUSTO","Prefixo + Titulo + Parcela + Tipo + Cliente/Forn + Loja + Natureza + C","Prefijo + Titulo + Cuota + Tipo + Cliente/Prov + Tienda + Naturaleza +","Prefix + Bill + Inst. + Type + Cust./Sup. + Unit + Class + Cost Center","S","","","S"
"SEZ","2","EZ_FILIAL+EZ_IDENT+EZ_NATUREZ+EZ_CCUSTO+EZ_ITEMCTA+EZ_CLVL","Identific. + Natureza + Centro Custo + Item Conta + Classe Valor","Identific. + Naturaleza + Centro Costo + Item Cuenta + Clase Valor","Ident. + Class + Cost Center + Accon. Item + Value Class","S","","","N"
"SEZ","3","EZ_FILIAL+EZ_IDENT+EZ_SEQ+EZ_PREFIXO+EZ_NUM+EZ_PARCELA+EZ_TIPO+EZ_CLIFOR+EZ_LOJA+EZ_NATUREZ+EZ_CCUSTO","Identific. + Sequencia + Prefixo + Titulo + Parcela + Tipo + Cliente/F","Identific. + Secuencia + Prefijo + Titulo + Cuota + Tipo + Cliente/Pro","Ident. + Sequence + Prefix + Bill + Inst. + Type + Cust./Sup. + Unit +","S","","","N"
"SEZ","4","EZ_FILIAL+EZ_PREFIXO+EZ_NUM+EZ_PARCELA+EZ_TIPO+EZ_CLIFOR+EZ_LOJA+EZ_NATUREZ+EZ_IDENT+EZ_SEQ+EZ_CCUSTO","Prefixo + Titulo + Parcela + Tipo + Cliente/Forn + Loja + Natureza + I","Prefijo + Titulo + Cuota + Tipo + Cliente/Prov + Tienda + Naturaleza +","Prefix + Bill + Inst. + Type + Cust./Sup. + Unit + Class + Ident. + Se","S","","","S"
"SF1","1","F1_FILIAL+F1_DOC+F1_SERIE+F1_FORNECE+F1_LOJA+F1_TIPO","Numero + Serie + Fornecedor + Loja + Tipo da Nota","Num. de Doc. + Serie + Proveedor + Tienda + Tipo Factura","Invoice + Series + Supplier + Unit + Invoice Type","S","XXX+XXX+SA2","","S"
"SF1","2","F1_FILIAL+F1_FORNECE+F1_LOJA+F1_DOC","Fornecedor + Loja + Numero","Proveedor + Tienda + Num. de Doc.","Supplier + Unit + Invoice","S","SA2","","S"
"SF1","3","F1_FILIAL+F1_REMITO","N§ Remito","Nro. Remito","Remito Nr.","S","","","S"
"SF1","4","F1_FILIAL+F1_ORDPAGO","Ordem Pagto","Orden Pago","Payment Ord.","S","","","S"
"SF1","5","F1_FILIAL+F1_HAWB+F1_TIPO_NF","No. Conhec. + Tipo Docto.","Conoc. Flete + Tipo Factura","Way Bill + Invoice Type","S","","","S"
"SF2","1","F2_FILIAL+F2_DOC+F2_SERIE+F2_CLIENTE+F2_LOJA+F2_FORMUL","Numero + Serie Docto. + Cliente + Loja + Form. Prop.","N. Documento + Serie Doc. + Cliente + Tienda + Form. Propio","Document + Series + Customer + Unit + Proper Form","S","XXX+XXX+SA1","","S"
"SF2","2","F2_FILIAL+F2_CLIENTE+F2_LOJA+F2_DOC+F2_SERIE","Cliente + Loja + Numero + Serie Docto.","Cliente + Tienda + N. Documento + Serie Doc.","Customer + Unit + Document + Series","S","SA1","","S"
"SF2","3","F2_FILIAL+F2_ECF+DTOS(F2_EMISSAO)+F2_PDV+F2_SERIE+F2_MAPA+F2_DOC","Serie ECF + DT Emissao + Numero PDV + Serie Docto. + Numero MAPA + Num","+Serie ECF ? + Fch Emision + Num. del PDV + Serie Doc. + Num. MAPA + N","ECF Series + Issue Date + POS Number + Series + MAP Number + Document","S","","","S"
"SF2","4","F2_FILIAL+F2_SERIE+DTOS(F2_EMISSAO)+F2_DOC+F2_CLIENTE+F2_LOJA","Serie Docto. + DT Emissao + Numero + Cliente + Loja","Serie Doc. + Fch Emision + N. Documento + Cliente + Tienda","Series + Issue Date + Document + Customer + Unit","S","XXX+XXX+XXX+SA1","","S"
"SF2","5","F2_FILIAL+F2_CARGA+F2_SEQCAR+F2_SERIE+F2_DOC+F2_CLIENTE+F2_LOJA","Carga + Seq. Carga + Serie Docto. + Numero + Cliente + Loja","Carga + Sec. Carga + Serie Doc. + N. Documento + Cliente + Tienda","Load + Load Seq. + Series + Document + Customer + Unit","S","","","S"
"SF2","6","F2_FILIAL+F2_SERIORI+F2_NFORI","Ser.Original + Docto. Orig.","Ser.Original + Fac Original","Sour.Ser. + Original Inv","S","XXX+XXX","","S"
"SF3","1","F3_FILIAL+DTOS(F3_ENTRADA)+F3_NFISCAL+F3_SERIE+F3_CLIEFOR+F3_LOJA+F3_CFO+STR(F3_ALIQICM,5,2)","DT Entrada + Nota Fiscal + Serie N.F. + Clien/Fornec + Loja + Cod. Fis","Fch Entrada + Factura + Serie Fact. + Clien/Provee + Tienda + Cod. Fis","Inflow Date + Invoice + Inv.Series + Cust./Sup. + Unit + Fiscal Code +","S","XXX+XXX+XXX+XXX+XXX+13","","S"
"SF3","2","F3_FILIAL+F3_ESTADO","Estado Ref.","Estado Ref.","State","S","12","","S"
"SF3","3","F3_FILIAL+F3_CFO","Cod. Fiscal","Cod. Fiscal","Fiscal Code","S","13","","S"
"SF3","4","F3_FILIAL+F3_CLIEFOR+F3_LOJA+F3_NFISCAL+F3_SERIE","Clien/Fornec + Loja + Nota Fiscal + Serie N.F.","Clien/Provee + Tienda + Factura + Serie Fact.","Cust./Sup. + Unit + Invoice + Inv.Series","S","","","S"
"SF3","5","F3_FILIAL+F3_SERIE+F3_NFISCAL","Serie N.F. + Nota Fiscal","Serie Fact. + Factura","Inv.Series + Invoice","S","","","S"
"SF3","6","F3_FILIAL+F3_NFISCAL+F3_SERIE","Nota Fiscal + Serie N.F.","Factura + Serie Fact.","Invoice + Inv.Series","S","","","S"
"SF3","7","F3_FILIAL+F3_DOCPRE","N§ Doc.Pre.","Nro.Doc.Pre.","Pre.Doc.Num.","S","","","S"
"SF4","1","F4_FILIAL+F4_CODIGO","Cod. do Tipo","Codigo","Type Code","S","","","S"
"SF4","2","F4_FILIAL+F4_TESENV","TES P/envios","TES P/envios","TIO to send","S","","","S"
"SF5","1","F5_FILIAL+F5_CODIGO","Codigo TM","Codigo TM","Movem. Code","S","","","S"
"SF6","1","F6_FILIAL+F6_EST+F6_NUMERO","Estado + Numero","Prov.Imp.Ret + Numero","State + Number","S","12","","S"
"SF6","2","F6_FILIAL+F6_EST+DTOS(F6_DTARREC)","Estado + Dt.Arrecad.","Prov.Imp.Ret + Fch Recaud.","State + Collect.Date","S","12","","S"
"SF6","3","F6_FILIAL+F6_OPERNF+F6_TIPODOC+F6_DOC+F6_SERIE+F6_CLIFOR+F6_LOJA","E/S + Tp Documento + Documento + Serie + Cli/Fornec. + Loja","E/S + Tp Documento + Documento + Serie + Clie/Proveed + Tienda","I / O + Doc. Type + Document + Series + Cus./Sup. + Unit","S","","","S"
"SF7","1","F7_FILIAL+F7_GRTRIB+F7_GRPCLI+F7_SEQUEN","Grupo Trib. + Grp.Cli./For + Sequencia","Grupo Trib. + Grp.Cli./Pro + Sec.Tributac","Tax.Group + Sup./Cus.Gr. + Sequence","S","21","","S"
"SF8","1","F8_FILIAL+F8_NFDIFRE+F8_SEDIFRE+F8_FORNECE+F8_LOJA","NF Imp/Frete + Serie Imp/Fr + Fornecedor + Loja do Forn","Fac Imp/Flet + Serie Imp/Fl + Proveedor + Tda. Proveed","Imp/Frei.Inv + Im.Fr.Series + Supplier + Suppl. Unit","S","","","S"
"SF8","2","F8_FILIAL+F8_NFORIG+F8_SERORIG+F8_FORNECE+F8_LOJA","NF Original + Serie NF Ori + Fornecedor + Loja do Forn","Fact. Orig. + Serie Fc Ori + Proveedor + Tda. Proveed","Original Inv + O.Inv.Series + Supplier + Suppl. Unit","S","","","S"
"SF8","3","F8_FILIAL+F8_NFDIFRE+F8_SEDIFRE+F8_TRANSP+F8_LOJTRAN","NF Imp/Frete + Serie Imp/Fr + Transportad. + Loja Transp.","Fac Imp/Flet + Serie Imp/Fl + Transp. + Tda. Transp.","Imp/Frei.Inv + Im.Fr.Series + Carrier + Carrier Unit","S","","","S"
"SF9","1","F9_FILIAL+F9_CODIGO","Cod.do Ativo","Activo","Asset Code","S","","","S"
"SF9","2","F9_FILIAL+DTOS(F9_DTENTNE)+F9_DOCNFE+F9_SERNFE+F9_FORNECE+F9_LOJAFOR+F9_CFOENT+STR(F9_PICM,5,2)","Dt.Digit.NFE + N.Fiscal (E) + Serie (E) + Fornecedor + Loja For. + CFO","Fch Dig. FE + Factura Entr + Serie Fact. + Proveedor + Tda. Proveed +","Ty.Dt.In.Inv + Inflow Inv. + Series (I) + Supplier + Suppl. Unit + Inf","S","XXX+XXX+XXX+FOR+XXX+13","","S"
"SFA","1","FA_FILIAL+FA_CODIGO+DTOS(FA_DATA)+FA_TIPO","Codigo Ciap + Data Aprop. + TIPO","Codigo Ciap + Fch Aprop. + TIPO","CIAP Code + Approp.Date + Type","S","SF9","","S"
"SFA","2","FA_FILIAL+DTOS(FA_DATA)","Data Aprop.","Fch Aprop.","Approp.Date","S","","","S"
"SFB","1","FB_FILIAL+FB_CODIGO","Cod. Imposto","Impuesto","Fiscal Code","S","","","S"
"SFC","1","FC_FILIAL+FC_TES+FC_SEQ+FC_IMPOSTO","Cod. do TES + Sequencia + Cod. Imposto","TES + Secuencia + Impuesto","Infl/Outf Ty + Sequence + Fiscal Code","S","XXX+XXX+SFB","","S"
"SFC","2","FC_FILIAL+FC_TES+FC_IMPOSTO","Cod. do TES + Cod. Imposto","TES + Impuesto","Infl/Outf Ty + Fiscal Code","S","XXX+SFB","","S"
"SFE","1","FE_FILIAL+FE_NROCERT","Certificado","Certificado","Certificate","S","","","S"
"SFE","2","FE_FILIAL+FE_ORDPAGO+FE_TIPO","Orden Pago + Tipo","Orden Pago + Tipo","Payment Ord. + Type","S","","","S"
"SFE","3","FE_FILIAL+FE_FORNECE+FE_LOJA+DTOS(FE_EMISSAO)","Provedor + Sucursal + Data Emisao","Proveedor + Sucursal + Fch. Emision","Supplier + Branch + Date Issue","S","","","S"
"SFE","4","FE_FILIAL+FE_FORNECE+FE_LOJA+FE_NFISCAL+FE_SERIE+FE_TIPO","Provedor + Sucursal + Factura + Serie + Tipo","Proveedor + Sucursal + Factura + Serie + Tipo","Supplier + Branch + Factura + Series + Type","S","","","S"
"SFE","5","FE_FILIAL+FE_FORCOND+FE_LOJCOND","Forn. Cond. + Loja Cond.","Prov. Cond. + Tienda Cond.","Cond. Supp. + Cond. Store","S","","","S"
"SFE","6","FE_FILIAL+FE_RECIBO+FE_TIPO","Recibo + Tipo","Recibo + Tipo","Receipt + Type","S","","","S"
"SFE","7","FE_FILIAL+FE_EMISSAO","Data Emisao","Fch. Emision","Date Issue","S","","","S"
"SFE","8","FE_FILIAL+FE_CLIENTE+FE_LOJCLI+FE_NFISCAL+FE_SERIE","Cliente + Loja Cliente + Factura + Serie","Cliente + Tienda Clien + Factura + Serie","Customer + Cust. Unit + Factura + Series","S","","","S"
"SFI","1","FI_FILIAL+DTOS(FI_DTMOVTO)+FI_PDV","Data Movto. + Numero PDV","Fecha Movto. + Numero PDV","Movem. Date + POS Number","S","","","S"
"SFI","2","FI_FILIAL+FI_SITUA","Situação FRT","Situac.FRT","POS Status","S","","","N"
"SFJ","1","FJ_FILIAL+FJ_CODIGO","Codigo","Codigo","Code","S","","","S"
"SFJ","2","FJ_FILIAL+FJ_SOLICIT","Solicit/Ped.","Solicit/Ped.","Req/Order","S","","","S"
"SFK","1","FK_FILIAL+FK_PRODUTO+DTOS(FK_DATA)","Produto + Data Saldo","Producto + Fecha Saldo","Product + Balance Date","S","","","S"
"SFM","1","FM_FILIAL+FM_TIPO+FM_PRODUTO+FM_CLIENTE+FM_LOJACLI","Tp. Operacao + Produto + Cliente + Loja Cliente","Tp.Operacion + Producto + Cliente + Tda. Cliente","Oper. Type + Product + Customer + Cust. Unit","S","","","S"
"SFN","1","FN_FILIAL+FN_GUIA+DTOS(FN_DATA)+FN_CLASSE","Guia do Selo + Data da Guia + Classe","Guia Sello + Fecha Guia + Clase","Lab.Del.Bill + Del.Bil.Dt. + Class","S","","","S"
"SFN","2","FN_FILIAL+DTOS(FN_DATA)","Data da Guia","Fecha Guia","Del.Bil.Dt.","S","","","S"
"SFO","1","FO_FILIAL+DTOS(FO_DATA)+FO_GUIA","Dt. do Saldo + Nro. da Guia","Fch.Saldo + Num.Guia","Bal. Date + Del.Bil.No.","S","","","S"
"SFO","2","FO_FILIAL+FO_GUIA","Nro. da Guia","Num.Guia","Del.Bil.No.","S","","","S"
"SFP","1","FP_FILIAL+FP_FILUSO+FP_SERIE+FP_CAI+FP_ESPECIE","Filial Uso + Serie + CAI + Especie","Sucursal Uso + Serie + CAI + Especie","Use Branch + Series + CAI + Type","S","","","S"
"SFP","2","FP_FILIAL+FP_FILUSO+FP_CAI+FP_SERIE+FP_ESPECIE","Filial Uso + CAI + Serie + Especie","Sucursal Uso + CAI + Serie + Especie","Use Branch + CAI + Series + Type","S","","","S"
"SFP","3","FP_FILIAL+FP_FILUSO+FP_SERIE+FP_CAI+FP_NUMINI+FP_NUMFIM+FP_ESPECIE","Filial Uso + Serie + CAI + Num. Inicial + Num. Final + Especie","Sucursal Uso + Serie + CAI + Num. Inicial + Num. Final + Especie","Use Branch + Series + CAI + Init. Numb. + Final Number + Type","S","","","S"
"SFP","4","FP_FILIAL+FP_FILUSO+FP_CAI+FP_SERIE+FP_NUMINI+FP_NUMFIM+FP_ESPECIE","Filial Uso + CAI + Serie + Num. Inicial + Num. Final + Especie","Sucursal Uso + CAI + Serie + Num. Inicial + Num. Final + Especie","Use Branch + CAI + Series + Init. Numb. + Final Number + Type","S","","","S"
"SFP","5","FP_FILIAL+FP_FILUSO+FP_SERIE+FP_ESPECIE","Filial Uso + Serie + Especie","Sucursal Uso + Serie + Especie","Use Branch + Series + Type","S","","","S"
"SFP","6","FP_FILIAL+FP_FILUSO+FP_ESPECIE+FP_SERIE+FP_NUMINI","Filial Uso + Especie + Serie + Num. Inicial","Sucursal Uso + Especie + Serie + Num. Inicial","Use Branch + Type + Series + Init. Numb.","S","","","S"
"SFQ","1","FQ_FILIAL+FQ_ENTORI+FQ_PREFORI+FQ_NUMORI+FQ_PARCORI+FQ_TIPOORI+FQ_CFORI+FQ_LOJAORI","Ent.Orig + Pref.Orig. + Num.Orig. + Parc.Orig. + Tipo Orig. + Cli/For","Ent.Orig + Pref.Orig. + Num.Orig. + Cuota.Orig. + Tipo Orig. + Cli/Pro","Src.Ent. + Src.Pref. + Src.No. + Src.Inst. + Src.Type + Sour.Cus/Sup +","S","","","S"
"SFQ","2","FQ_FILIAL+FQ_ENTDES+FQ_PREFDES+FQ_NUMDES+FQ_PARCDES+FQ_TIPODES+FQ_CFDES+FQ_LOJADES","Ent.Dest. + Pref.Dest. + Num.Dest. + Parc.Dest. + Tipo Dest. + Cli/For","Ent.Dest. + Pref.Dest. + Num.Dest. + Cuota.Dest. + Tipo Dest. + Cli/Pr","Dest. Ent. + Dest.Pref. + Dest.Num. + Dest.Inst. + Dest.Type + Targ.Cu","S","","","S"
"SG1","1","G1_FILIAL+G1_COD+G1_COMP+G1_TRT","Codigo + Componente + Sequencia","Codigo + Componente + Secuencia","Code + Component + Sequence","S","SB1+SB1","","S"
"SG1","2","G1_FILIAL+G1_COMP+G1_COD","Componente + Codigo","Componente + Codigo","Component + Code","S","SB1+SB1","","S"
"SG2","1","G2_FILIAL+G2_PRODUTO+G2_CODIGO+G2_OPERAC","Produto + Codigo + Operacao","Producto + Codigo + Operacion","Product + Code + Operation","S","SB1","","S"
"SG2","2","G2_FILIAL+G2_CHAVE","Cod. Ligacao","Vinculo","Link Code","S","","","S"
"SG2","3","G2_FILIAL+G2_PRODUTO+G2_OPERAC","Produto + Operacao","Producto + Operacion","Product + Operation","S","SB1","","S"
"SG2","4","G2_FILIAL+G2_RECURSO","Recurso","Recurso","Resource","S","","","S"
"SG2","5","G2_FILIAL+G2_CTRAB","Centro Trab.","Ctro Trabajo","Work Center","S","","","S"
"SG2","6","G2_FILIAL+G2_FERRAM","Ferramenta","Herramienta","Tool","S","","","S"
"SG3","1","G3_FILIAL+G3_BASECOD+G3_COLUNA+G3_CONTEM","Base Codigo + Coluna + Conteudo","Base Codigo + Columna + Contenido","Base Code + Column + Content","S","","","S"
"SG4","1","G4_FILIAL+G4_FIXO+G4_CODIGO","Parte Fixa + Codigo","Parte Fija + Codigo","Fixed Part + Product","S","XXX+SB1","","S"
"SG5","1","G5_FILIAL+G5_PRODUTO+G5_REVISAO+DTOS(G5_DATAREV)","Produto + Revisao + Data Revisao","Producto + Revision + Fecha Revis.","Product + Revision + Revision Dt.","S","SB1","","S"
"SG5","2","G5_FILIAL+DTOS(G5_DATAREV)+G5_PRODUTO+G5_REVISAO","Data Revisao + Produto + Revisao","Fecha Revis. + Producto + Revision","Revision Dt. + Product + Revision","S","XXX+SB1","","S"
"SG6","1","G6_FILIAL+G6_GRUPO+G6_RECURSO","Grupo + Recurso","Grupo + Recurso","Group + Resource","S","","","S"
"SG6","2","G6_FILIAL+G6_RECURSO+G6_GRUPO","Recurso + Grupo","Recurso + Grupo","Resource + Group","S","","","S"
"SG7","1","G7_FILIAL+G7_RECURSO+G7_FERRAM","Recurso + Ferramenta","Recurso + Herramienta","Resource + Tool","S","SH1","","S"
"SG7","2","G7_FILIAL+G7_PRODUTO+G7_ROTEIRO+G7_OPERAC","Produto + Roteiro + Operacao","Producto + Itinerario + Operacion","Product + Itinerary + Operation","S","SB1","","S"
"SG8","1","G8_FILIAL+G8_RECURSO","Recurso","Recurso","Resource","S","SH1","","S"
"SG9","1","G9_FILIAL+G9_CODIGO","Cod. Grupo","Cod. Grupo","Group Code","S","","","S"
"SGA","1","GA_FILIAL+GA_GROPC+GA_OPC","Grupo Opcio. + Item Opcion.","Grupo Opcion + Item Opcion.","Option.Group + Optional It.","S","","","S"
"SGB","1","GB_FILIAL+GB_FERRAM+DTOS(GB_DATA)","Ferramenta + Data","Herramienta + Fecha","Tool + Date","S","SH4","","S"
"SGB","2","GB_FILIAL+GB_SEMANA+DTOS(GB_DATA)","Dia Semana + Data","Dia Semana + Fecha","Week Day + Date","S","","","S"
"SGC","1","GC_FILIAL+GC_PRODUTO+GC_OPERAC+GC_ROTEIRO+GC_RECURSO","Produto + Operacao + Roteiro + Recurso","Producto + Operacion + Itinerario + Recurso","Product + Operation + Itinerary + Resource","S","SB1","","S"
"SGD","1","GD_FILIAL+GD_RECURSO+GD_DE+GD_PARA","Recurso + Setup De + Setup Para","Recurso + De Setup + Para Setup","Resource + From Setup + To Setup","S","","","S"
"SGE","1","GE_FILIAL+GE_ATRIB+STR(GE_RANKING,3)","Atributo + Ranking","Atributo + Ranking","Attribute + Ranking","S","","","S"
"SGF","1","GF_FILIAL+GF_PRODUTO+GF_ROTEIRO+GF_OPERAC+GF_COMP+GF_TRT","Produto + Roteiro + Operacao + Componente + Sequencia","Producto + Guia + Operacion + Componente + Secuencia","Product + Itinerary + Operation + Component + Sequence","S","","","S"
"SGF","2","GF_FILIAL+GF_PRODUTO+GF_ROTEIRO+GF_COMP+GF_TRT+GF_OPERAC","Produto + Roteiro + Componente + Sequencia + Operacao","Producto + Guia + Componente + Secuencia + Operacion","Product + Itinerary + Component + Sequence + Operation","S","","","S"
"SGG","1","GG_FILIAL+GG_COD+GG_COMP+GG_TRT","Codigo + Componente + Sequencia","Codigo + Componente + Secuencia","Code + Component + Sequence","S","","","S"
"SGG","2","GG_FILIAL+GG_COMP+GG_COD","Componente + Codigo","Componente + Codigo","Component + Code","S","","","S"
"SH1","1","H1_FILIAL+H1_CODIGO","Codigo","Codigo","Code","S","","","S"
"SH1","2","H1_FILIAL+H1_CCUSTO","Centro Custo","Centro Costo","Cost Center","S","SI3","","S"
"SH1","3","H1_FILIAL+H1_CALEND","Calendario","Calendario","Calendar","S","SH7","","S"
"SH2","1","H2_FILIAL+H2_RECPRIN+H2_RECALTE","Recur Princ. + Rec. Alt/Sec","Recur.Princ. + Rec. Alt/Sec","Main Resour. + Alt/Sec Res.","S","SH1+SHZ","","S"
"SH2","2","H2_FILIAL+H2_RECALTE","Rec. Alt/Sec","Rec. Alt/Sec","Alt/Sec Res.","S","SHZ","","S"
"SH2","3","H2_FILIAL+H2_RECPRIN+H2_TIPO+H2_RECALTE","Recur Princ. + Tipo de Rec. + Rec. Alt/Sec","Recur.Princ. + Tipo de Rec. + Rec. Alt/Sec","Main Resour. + Resor. Type + Alt/Sec Res.","S","SH1+XXX+SHZ","","S"
"SH3","1","H3_FILIAL+H3_PRODUTO+H3_CODIGO+H3_OPERAC","Produto + Codigo + Operacao","Producto + Codigo + Operacion","Product + Code + Operation","S","SB1","","S"
"SH4","1","H4_FILIAL+H4_CODIGO","Codigo","Codigo","Code","S","","","S"
"SH6","1","H6_FILIAL+H6_OP+H6_PRODUTO+H6_OPERAC+H6_SEQ+DTOS(H6_DATAINI)+H6_HORAINI+DTOS(H6_DATAFIN)+H6_HORAFIN","Ord.Producao + Produto + Operacao + Seq.Rot.Alt. + DT Inicial + Hora I","Ord. Prodn. + Producto + Operacion + Sec.Proc.Alt + Fch Inicial + Hora","Qty Product. + Product + Operation + Alt.Rou.Seq. + Initial Date + Beg","S","SH8+SB1","","S"
"SH6","2","H6_FILIAL+H6_PRODUTO+H6_OP","Produto + Ord.Producao","Producto + Ord. Prodn.","Product + Qty Product.","S","SB1+SH8","","S"
"SH6","3","H6_FILIAL+H6_PRODUTO+H6_OP+H6_OPERAC+H6_LOTECTL+H6_NUMLOTE","Produto + Ord.Producao + Operacao + Lote + Sub-Lote","Producto + Ord. Prodn. + Operacion + Lote + Sublote","Product + Qty Product. + Operation + Lot + Sublot","S","SB1+SH8","","S"
"SH7","1","H7_FILIAL+H7_CODIGO","Codigo","Codigo","Code","S","","","S"
"SH8","1","H8_FILIAL+H8_OP+H8_OPER+H8_DESDOBR","Numero da OP + Operacao + Desdobr.","Nr.Ord.Prod. + Operacion + Desdoblamto.","Prod.Or.No. + Operation + Unfolding","S","SC2","","S"
"SH8","2","H8_FILIAL+H8_RECURSO+STR(H8_BITINI,8)","Recurso + Bit Inicial","Recurso + Bit Inicial","Resource + Initial Bit","S","SH1","","S"
"SH8","3","H8_FILIAL+H8_RECURSO+STR(H8_BITFIM,8)","Recurso + Bit Final","Recurso + Bit Final","Resource + Final Bit","S","SH1","","S"
"SH9","1","H9_FILIAL+H9_TIPO+H9_CCUSTO+H9_RECURSO+DTOS(H9_DTINI)+H9_HRINI","Tipo + C. Custo + Recurso + DT Inicial + Hora Inicial","Tipo + Centro Costo + Recurso + Fch Inicial + Hora Inicial","Type + Cost Center + Resource + Initial Date + Initial Time","S","XXX+SI3+SH1","","S"
"SH9","2","H9_FILIAL+H9_TIPO+DTOS(H9_DTINI)+H9_CCUSTO+H9_RECURSO","Tipo + DT Inicial + C. Custo + Recurso","Tipo + Fch Inicial + Centro Costo + Recurso","Type + Initial Date + Cost Center + Resource","S","XXX+XXX+SI3+SH1","","S"
"SH9","3","H9_FILIAL+H9_TIPO+H9_FERRAM+DTOS(H9_DTINI)+H9_HRINI","Tipo + Ferramenta + DT Inicial + Hora Inicial","Tipo + Herramienta + Fch Inicial + Hora Inicial","Type + Tool + Initial Date + Initial Time","S","XXX+SH9","","S"
"SH9","4","H9_FILIAL+H9_TIPO+DTOS(H9_DTINI)+H9_FERRAM","Tipo + DT Inicial + Ferramenta","Tipo + Fch Inicial + Herramienta","Type + Initial Date + Tool","S","XXX+XXX+SH9","","S"
"SHB","1","HB_FILIAL+HB_COD","Codigo C.T.","Codigo C.T.","Work C.Code","S","","","S"
"SHB","2","HB_FILIAL+HB_CC","Centro Custo","Centro Costo","Cost Center","S","SI3","","S"
"SHC","1","HC_FILIAL+Dtos(HC_DATA)+HC_PRODUTO","DT Previsao + Produto","Fch Previs. + Producto","Forec.Date + Product","S","XXX+SB1","","S"
"SHC","2","HC_FILIAL+HC_PRODUTO+HC_OP","Produto + Ord Producao","Producto + Ord. Prodn.","Product + Prod.Order","S","","","S"
"SHD","1","HD_FILIAL+HD_OP+HD_OPER+HD_DESDOBR","Numero da OP + Operacao + Desdobr.","Nr.Ord.Prod. + Operacion + Desdoblamto.","Prod.Or.No. + Operation + Unfolding","S","SC2","","S"
"SHD","2","HD_FILIAL+HD_RECURSO+STR(HD_BITINI,8)","Recurso + Bit Inicial","Recurso + Bit Inicial","Resource + Final Bit","S","SH1","","S"
"SHD","3","HD_FILIAL+HD_RECURSO+STR(HD_BITFIM,8)","Recurso + Bit Final","Recurso + Bit Final","Resource + Final Bit","S","SH1","","S"
"SHE","1","HE_FILIAL+HE_OP+HE_PRODUTO+HE_CODIGO+HE_OPERAC","Numero da OP + Produto + Codigo + Operacao","Nro.Ord.Prod + Producto + Codigo + Operacion","Prod.Or.No. + Product + Code + Operation","S","SC2+SB1","","S"
"SHG","1","HG_FILIAL+HG_SEQMRP+HG_COD+HG_CODLOG","Seq MRP + Cod Produto + Cod Evento","Sec MRP + Cod Producto + Cod Evento","MRP Seq. + Prod.Code + Event Code","S","","","S"
"SHH","1","HH_FILIAL+DTOS(HH_DATA)+HH_CTRAB+HH_RECURSO+HH_OP","Data + Centro Trab. + Recurso + OP","Fecha + Centro Trab. + Recurso + OP","Date + Work Cent. + Resource + PO","S","","","S"
"SHH","2","HH_FILIAL+HH_CTRAB+DTOS(HH_DATA)+HH_RECURSO+HH_OP","Centro Trab. + Data + Recurso + OP","Centro Trab. + Fecha + Recurso + OP","Work Cent. + Date + Resource + PO","S","","","S"
"SHI","1","HI_FILIAL+HI_RECURSO+DTOS(HI_DTVGINI)","Recurso + Data Inicial","Recurso + FechaInicial","Resource + Initial Date","S","","","S"
"SHI","2","HI_FILIAL+HI_RECURSO+DTOS(HI_DTVGFIM)","Recurso + Data Final","Recurso + Fecha Final","Resource + Final Date","S","","","S"
"SI1","1","I1_FILIAL+I1_CODIGO","Num.da Conta","Nro. Cuenta","Account Numb","S","","","S"
"SI1","2","I1_FILIAL+I1_DESC","Descricao","Descripcion","Description","S","","","S"
"SI1","3","I1_FILIAL+I1_RES","Cod Reduzido","Cod. Reduc.","Reduced Code","S","","","S"
"SI1","4","I1_FILIAL+I1_CC+I1_CODIGO","Centro Custo + Num.da Conta","Centro Costo + Nro. Cuenta","Cost Center + Account Numb","S","","","S"
"SI1","5","I1_FILIAL+I1_CODINV","Cod Invert.","Cod. Invert.","Inverted Cd.","S","","","S"
"SI1","6","I1_FILIAL+I1_CLASSE+I1_CTASUP","Classe + Cod Cta Sup","Clase + Cuenta Sup.","Class + Sup.Acc.Code","S","XXX+SI1","","S"
"SI2","1","I2_FILIAL+I2_NUM+I2_LINHA+I2_PERIODO","Num.Lote/Doc + Linha do Doc + Periodo","Num.Lote/Doc + Linea Doc. + Periodo","Doc./Lot No. + Doc. Row + Period","S","","","S"
"SI2","2","I2_FILIAL+I2_PERIODO+I2_NUM+I2_LINHA","Periodo + Num.Lote/Doc + Linha do Doc","Periodo + Num.Lote/Doc + Linea Doc.","Period + Doc./Lot No. + Doc. Row","S","","","S"
"SI2","3","I2_FILIAL+DTOS(I2_DATA)+I2_NUM+I2_LINHA","Data do Lanc + Num.Lote/Doc + Linha do Doc","Fch Movto. + Num.Lote/Doc + Linea Doc.","Date Entry + Doc./Lot No. + Doc. Row","S","","","S"
"SI2","4","I2_FILIAL+I2_DEBITO+DTOS(I2_DATA)+I2_NUM+I2_LINHA","Conta Debito + Data do Lanc + Num.Lote/Doc + Linha do Doc","Cta. Debito + Fch Movto. + Num.Lote/Doc + Linea Doc.","Deb. Account + Date Entry + Doc./Lot No. + Doc. Row","S","SI1","","S"
"SI2","5","I2_FILIAL+I2_CREDITO+DTOS(I2_DATA)+I2_NUM+I2_LINHA","Conta Credit + Data do Lanc + Num.Lote/Doc + Linha do Doc","Cta. Credito + Fch Movto. + Num.Lote/Doc + Linea Doc.","Cred.Account + Date Entry + Doc./Lot No. + Doc. Row","S","SI1","","S"
"SI2","6","I2_FILIAL+I2_DOC+I2_PERIODO","No. do Doc + Periodo","Num. del Doc + Periodo","Document + Period","S","","","S"
"SI2","7","I2_FILIAL+I2_ORIGEM","Origem","Origen","Origin","S","","","S"
"SI3","1","I3_FILIAL+I3_CUSTO+I3_CONTA+I3_MOEDA","Cod Custo + Cod Conta + Moeda","Centro Costo + Cuenta + Moneda","Cost Code + Account Code + Currency","S","XXX+SI1","","S"
"SI3","2","I3_FILIAL+I3_DESC","Desc CCusto","Desc.C.Costo","CC Descript.","S","","","S"
"SI4","1","I4_FILIAL+I4_CODIGO+I4_ITEM+I4_CUSTO+I4_MOEDA","Codigo Conta + Item Conta + Centro Custo + Moeda","Cuenta + Item Cuenta + Centro Costo + Moneda","Account Code + Account Item + Cost Center + Currency","S","","","S"
"SI4","2","I4_FILIAL+I4_ITEM","Item Conta","Item Cuenta","Account Item","S","","","S"
"SI4","3","I4_FILIAL+I4_CODIGO+I4_CUSTO+I4_MOEDA","Codigo Conta + Centro Custo + Moeda","Cuenta + Centro Costo + Moneda","Account Code + Cost Center + Currency","S","","","S"
"SI5","1","I5_FILIAL+I5_CODIGO+I5_SEQUENC","Codigo + Sequencia","Codigo + Secuencia","Std. Entry + Sequence","S","","","S"
"SI6","1","I6_FILIAL+I6_NUM+I6_MES","Numero + Periodo","Numero + Periodo","Number + Period","S","","","S"
"SI6","2","I6_FILIAL+I6_NUM+DTOS(I6_DATA)","Numero + Data","Numero + Fecha","Number + Date","S","","","S"
"SI7","1","I7_FILIAL+I7_CODIGO+I7_MOEDA","Codigo Conta + Moeda","Cuenta + Moneda","Account Code + Currency","S","","","S"
"SI8","1","I8_FILIAL+I8_COD","Cod Histor","Historial","History Code","S","","","S"
"SI9","1","I9_FILIAL+I9_NUMERO+I9_SEQUENC","Num Rateio + Num Sequenc.","Nr.Prorrateo + Nro.Secuenc.","Prorat.No. + Sequent.No.","S","","","S"
"SIA","1","IA_FILIAL+IA_CONTA+IA_ITEM+IA_CC+IA_ANO+STR(IA_MOEDA,1,0)+IA_SITUAC+IA_REVISAO","Cod.Conta + Item + Centro Custo + Ano + Moeda + Situacao + Revisao","Cuenta + Item + Centro Costo + Ano + Moneda + Situacion + Revision","Account Code + Item + Cost Center + Year + Currency + Situation + Revi","S","SI1+SID+SI3","","S"
"SIB","1","IB_FILIAL+IB_ORIGEM+IB_CREDITO+IB_DEBITO+IB_ORIGEMC+IB_CCC+IB_CCD+IB_TIPO+IB_SEQUENC","Conta Origem + Credito + Debito + C.Custo Orig + CC Credito + CC Debit","Cta Origen + Credito + Debito + C.Costo Orig + C.Costo Cred + C.Costo","Origin Accnt + Credit + Debit + C.Center Or. + Cred.CCenter + C.Center","S","SI1+SI1+SI1+SI3+SI3+SI3","","S"
"SIB","2","IB_FILIAL+IB_ORIGEM+IB_ORIGEMC+IB_CREDITO+IB_CCC+IB_TIPO+IB_SEQUENC","Conta Origem + C.Custo Orig + Credito + CC Credito + Tipo Rateio + Seq","Cta Origen + C.Costo Orig + Credito + C.Costo Cred + Tipo Prorrat + Se","Origin Accnt + C.Center Or. + Credit + Cred.CCenter + Approt.Type + Se","S","","","S"
"SIC","1","IC_FILIAL+IC_NUM+IC_LINHA+IC_PERIODO","Num.Lote/Doc + Linha do Doc + Periodo","Nr.Lote/Doc + Linea Doc. + Periodo","Doc. Lot Nr. + Doc. Row + Period","S","","","S"
"SIC","2","IC_FILIAL+IC_PERIODO+IC_NUM+IC_LINHA","Periodo + Num.Lote/Doc + Linha do Doc","Periodo + Nr.Lote/Doc + Linea Doc.","Period + Doc. Lot Nr. + Doc. Row","S","","","S"
"SIC","3","IC_FILIAL+DTOS(IC_DATA)+IC_NUM+IC_LINHA","Data do Lanc + Num.Lote/Doc + Linha do Doc","Fch Movto. + Nr.Lote/Doc + Linea Doc.","Entry Date + Doc. Lot Nr. + Doc. Row","S","","","S"
"SIC","4","IC_FILIAL+IC_DEBITO+DTOS(IC_DATA)+IC_NUM+IC_LINHA","Conta Debito + Data do Lanc + Num.Lote/Doc + Linha do Doc","Cuenta Deb. + Fch Movto. + Nr.Lote/Doc + Linea Doc.","Deb. Account + Entry Date + Doc. Lot Nr. + Doc. Row","S","SI1","","S"
"SIC","5","IC_FILIAL+IC_CREDITO+DTOS(IC_DATA)+IC_NUM+IC_LINHA","Conta Cred. + Data do Lanc + Num.Lote/Doc + Linha do Doc","Cuenta Cred. + Fch Movto. + Nr.Lote/Doc + Linea Doc.","Cred.Account + Entry Date + Doc. Lot Nr. + Doc. Row","S","SI1","","S"
"SIC","6","IC_FILIAL+IC_DOC+IC_PERIODO","No. do Doc + Periodo","Num.del Doc. + Periodo","Doc. Number + Period","S","","","S"
"SID","1","ID_FILIAL+ID_ITEM","Codigo Item","Codigo Item","Item Code","S","","","S"
"SIE","1","IE_FILIAL+IE_EXERCIC+IE_MES","Exercicio + Mes","Ejercicio + Mes","Fiscal Year + Month","S","","","S"
"SIE","2","IE_FILIAL+IE_SEQ","Sequencia","Secuencia","Sequence","S","","","S"
"SJ0","1","J0_FILIAL+J0_CODIGO","Codigo","Codigo","Code","S","","","S"
"SJ0","2","J0_FILIAL+J0_DESC","Descricao","Descripcion","Description","S","","","S"
"SJ1","1","J1_FILIAL+J1_CODIGO","Codigo","Codigo","Code","S","","","S"
"SJ1","2","J1_FILIAL+J1_DESC","Descricao","Descripcion","Description","S","","","S"
"SJ2","1","J2_FILIAL+J2_CODIGO","Codigo","Codigo","Code","S","","","S"
"SJ2","2","J2_FILIAL+J2_DESC","Descricao","Descripcion","Description","S","","","S"
"SJ3","1","J3_FILIAL+J3_PRODUTO+J3_ANO+J3_REGVEND+J3_FATVEN","Produto + Ano + Regiao + Fat/Vendas","Producto + Ano + Region + Fact/Ventas","Product + Year + Area + Inv./S.Order","S","","","S"
"SJ3","2","J3_FILIAL+J3_REGVEND+J3_PRODUTO+J3_ANO","Regiao + Produto + Ano","Region + Producto + Ano","Area + Product + Year","S","","","S"
"SJ3","3","J3_FILIAL+J3_REGVEND+J3_CLIENTE+J3_LOJA+J3_PRODUTO+J3_ANO","Regiao + Cliente + Loja + Produto + Ano","Region + Cliente + Tienda + Producto + Ano","Area + Customer + Unit + Product + Year","S","XXX+SA1","","S"
"SJ5","1","J5_FILIAL+J5_DE+J5_PARA+J5_COD_I","Unidade de + Unidade para + Produto","¿De Unidad + ¿A  Unidad + Producto","Unit from + Unit to + Product","S","62+62","","S"
"SJ5","2","J5_FILIAL+J5_COD_I+J5_DE+J5_PARA","Produto + Unidade de + Unidade para","Producto + ¿De Unidad + ¿A  Unidad","Product + Unit from + Unit to","S","","","S"
"SJ6","1","J6_FILIAL+J6_CODIGO","Codigo","Codigo","Code","S","","","S"
"SJ6","2","J6_FILIAL+J6_DESC","Descricao","Descripcion","Description","S","","","S"
"SJ7","1","J7_FILIAL+J7_CODIGO","Codigo","Codigo","Code","S","","","S"
"SJ7","2","J7_FILIAL+J7_DESC","Descricao","Descripcion","Description","S","","","S"
"SJ8","1","J8_FILIAL+J8_CODIGO","Codigo","Codigo","Code","S","","","S"
"SJ8","2","J8_FILIAL+J8_DESC","Descricao","Descripcion","Description","S","","","S"
"SJ9","1","J9_FILIAL+J9_CODIGO","Codigo","Codigo","Code","S","","","S"
"SJ9","2","J9_FILIAL+J9_DESC","Descricao","Descripcion","Description","S","","","S"
"SJA","1","JA_FILIAL+JA_RECALF","Codigo","Codigo","Code","S","","","S"
"SJA","2","JA_FILIAL+JA_DESCR","Descricao","Descripcion","Description","S","","","S"
"SJB","1","JB_FILIAL+JB_COD","Codigo","Codigo","Code","S","","","S"
"SJB","2","JB_FILIAL+JB_DESCR","Descricao","Descripcion","Description","S","","","S"
"SJC","1","JC_FILIAL+JC_CODIGO","Codigo","Codigo","Code","S","","","S"
"SJC","2","JC_FILIAL+JC_DESC","Descricao","Descripcion","Description","S","","","S"
"SJD","1","JD_FILIAL+JD_HAWB+JD_CONTAIN","Processo + Nr.Container","Proceso + Nr.Containe","Process + Container No","S","","","S"
"SJD","2","JD_FILIAL+JD_CONTAIN+JD_HAWB","Nr.Container + Processo","Nr.Containe + Proceso","Container No + Process","S","","","S"
"SJD","3","JD_FILIAL+JD_ARMADOR+JD_HAWB+JD_CONTAIN","Armador + Processo + Nr.Container","Armador + Proceso + Nr.Containe","Shipowner + Process + Container No","S","","","S"
"SJE","1","JE_FILIAL+JE_CODIGO","Codigo","Codigo","Code","S","","","S"
"SJF","1","JF_FILIAL+JF_CODIGO","Codigo","Codigo","Code","S","","","S"
"SJG","1","JG_FILIAL+JG_RECINTO+JG_CODIGO+JG_ORGAO","Recinto Alf. + Setor Recint + Orgao R.F.","Recint.Aduan + Sector Recin + Organo Fisco","Cust.war. + Cus.war.sec. + IRS body","S","","","S"
"SJH","1","JH_FILIAL+JH_CODIGO","Codigo","Codigo","Code","S","","","S"
"SJI","1","JI_FILIAL+JI_CODIGO","Codigo","Codigo","Code","S","","","S"
"SJJ","1","JJ_FILIAL+JJ_CODIGO","Codigo","Codigo","Code","S","","","S"
"SJK","1","JK_FILIAL+JK_NCM+JK_ATRIB","N.C.M. + Atributo","N.C.M. + Atributo","N.C.M. + Attribute","S","","","S"
"SJL","1","JL_FILIAL+JL_NCM+JL_ATRIB+JL_ESPECIF","N.C.M. + Atributo + Espec. Atri.","N.C.M. + Atributo + Espec. Atri.","N.C.M. + Attribute + Attr. spec.","S","","","S"
"SJM","1","JM_FILIAL+JM_CODIGO","Codigo","Codigo","Code","S","","","S"
"SJN","1","JN_FILIAL+JN_CODIGO","Codigo","Codigo","Code","S","","","S"
"SJO","1","JO_FILIAL+JO_CODIGO","Codigo","Codigo","Code","S","","","S"
"SJP","1","JP_FILIAL+JP_CODIGO","Codigo","Codigo","Code","S","","","S"
"SJR","1","JR_FILIAL+JR_CODIGO+JR_FUNDLEG","Codigo + Fund. Legal","Codigo + Fund. Legal","Code + Legal Basis","S","","","S"
"SJT","1","JT_FILIAL+JT_CODIGO","Codigo","Codigo","Code","S","","","S"
"SJU","1","JU_FILIAL+JU_CODIGO","Codigo","Codigo","Code","S","","","S"
"SJV","1","JV_FILIAL+JV_CODIGO","Codigo","Codigo","Code","S","","CODIGO","S"
"SJV","2","JV_FILIAL+JV_DESC","Descricao","Descripcion","Description","S","","DESCRICAO","S"
"SJW","1","JW_FILIAL+JW_NAT_OPE+JW_REGIME+JW_FUND_LE+JW_MOTIVO","Natur. Oper. + Reg. Trib. + Fund. Legal + Motivo","Natur. Oper. + Reg. Trib. + Fund. Legal + Motivo","Opr.Class + Tax Basis + Legal Found. + Reason","S","","","S"
"SJX","1","JX_FILIAL+JX_REGIME+JX_CODIGO","Reg. Trib. + Fund. Legal","Reg. Trib. + Fund. Legal","Tax. System + Legal Basis","S","","","S"
"SK0","1","K0_FILIAL+K0_REGSEL","Código","Codigo","Code","S","","","S"
"SK0","2","K0_FILIAL+K0_ORDEM","Ordem","Orden","Sequence","S","","","S"
"SK1","1","K1_FILIAL+K1_PREFIXO+K1_NUM+K1_PARCELA+K1_TIPO","Prefixo + Num. Titulo + Parcela + Tipo","Prefijo + Num.Titulo + Cuota + Tipo","Prefix + Bill No. + Installment + Type","S","","","S"
"SK1","2","K1_FILIAL+DTOS(K1_VENCREA)+K1_CLIENTE+K1_LOJA","Venc. Real + Cliente + Loja","Venc.Real + Cliente + Tienda","Real Due Dt. + Customer + Unit","S","","","S"
"SK1","3","K1_FILIAL+K1_OPERAD","Operador","Operador","Operator","S","","","S"
"SK1","4","K1_FILIAL+K1_CLIENTE+K1_LOJA+DTOS(K1_VENCREA)","Cliente + Loja + Venc. Real","Cliente + Tienda + Venc.Real","Customer + Unit + Real Due Dt.","S","","","S"
"SK2","1","K2_FILIAL+K2_REGNEG","Código","Codigo","Code","S","","","S"
"SK3","1","K3_FILIAL+K3_CODIGO","Código","Codigo","Code","S","","","S"
"SK3","2","K3_FILIAL+DTOS(K3_VCTINI)","Vencto Inic.","Venc. Inic","Ini.Due Date","S","","","S"
"SKC","1","KC_FILIAL+KC_CODPQ","Codigo","Codigo","Code","S","","","S"
"SKC","2","KC_FILIAL+KC_DESC","Pesquisa","Encuesta","Search","S","","","S"
"SKC","3","KC_FILIAL+KC_STATUS","Status","Estatus","Status","S","","","S"
"SKD","1","KD_FILIAL+KD_CODPQ+KD_CODQT","Pesquisa + Questionario","Encuesta + Cuestionario","Search + Questionary","S","","","S"
"SKD","2","KD_FILIAL+KD_CODQT","Questionario","Cuestionario","Questionary","S","","","S"
"SKE","1","KE_FILIAL+KE_CODGRP","Grupo","Grupo","Group","S","","","S"
"SKF","1","KF_FILIAL+KF_CODGRP+KF_CODSUBG","Grupo + Sub-Grupo","Grupo + Subgrupo","Group + SubGroup","S","","","S"
"SKG","1","KG_FILIAL+KG_CODQST","Questäo","Pregunta","Question","S","","","S"
"SKG","2","KG_FILIAL+KG_CODGRP+KG_CODSUBG+KG_ORDGRP+KG_CODQST","Grupo + Sub-Grupo + Ordem + Questäo","Grupo + Subgrupo + Orden + Pregunta","Group + Subgroup + Order + Question","S","","","S"
"SKH","1","KH_FILIAL+KH_CODQST+KH_CODALT","Questäo + Codigo","Pregunta + Codigo","Question + Code","S","","","S"
"SKI","1","KI_FILIAL+KI_CODQST+KI_CODCOL","Questao + Codigo","Pregunta + Codigo","Question + Code","S","","","S"
"SKL","1","KL_FILIAL+KL_CODPQ","Cod. Pesq.","Cod.Consulta","Research Cod","S","","","S"
"SKM","1","KM_FILIAL+KM_CODVAL","Cod. Valid.","Cod. Valid.","Valid. Cod","S","","","S"
"SKN","1","KN_FILIAL+KN_CODPES","Cod. Entrev.","Cod. Entrev.","Interv. Code","S","","","S"
"SKO","1","KO_FILIAL+KO_CODPQ+KO_CODPSQ","Pesquisa + Cod. Entrev","Pesquiza + Entrevist.","Research + Interv. Code","S","","","S"
"SKP","1","KP_FILIAL+KP_CODQUE","Cod. Quest.","Cod. Cuest.","Quest. cod","S","","","S"
"SKR","1","KR_FILIAL+KR_CODQUE","Questionario","Cuestionario","Questionnair","S","","","S"
"SKR","2","KR_FILIAL+KR_CODQST+KR_CODQUE","Questao + Questionario","Pregunta + Cuestionario","Question + Questionnair","S","","","S"
"SKR","3","KR_FILIAL+KR_CODGRU+KR_CODSGR+KR_CODQUE","Grupo + Cod.Subgrupo + Questionario","Grupo + Cod.Subgrupo + Cuestionario","Group + Subgroup cod + Questionnair","S","","","S"
"SKS","1","KS_FILIAL+KS_CODPESQ+KS_CODRESP","Pesquisa + ID Resp.","Encuesta + ID Operador","Research + Defend ID","S","","","S"
"SKS","2","KS_FILIAL+KS_CODRESP+KS_CODPESQ","ID Resp. + Pesquisa","ID Operador + Encuesta","Defend ID + Research","S","","","S"
"SKT","1","KT_FILIAL+KT_CODPESQ+KT_CODRESP+KT_CODQST+KT_CODQUES","Pesquisa + ID Resp. + Questionario + Questao","Encuesta + ID Oper. + Cuestionario + Pregunta","Research + Defend ID + Questionnair + Question","S","","","S"
"SKT","2","KT_FILIAL+KT_CODRESP+KT_CODPESQ+KT_CODQST+KT_CODQUES","ID Resp. + Pesquisa + Questionario + Questao","ID Oper. + Encuesta + Cuestionario + Pregunta","Defend ID + Research + Questionnair + Question","S","","","S"
"SKU","1","KU_FILIAL+KU_CODPESQ+KU_CODRESP+KU_CODQST+KU_CODQUES+KU_CODALT","Pesquisa + ID Resp. + Questionario + Questao + Cod.Altern.","Encuesta + ID Oper. + Cuestionario + Pregunta + Cod.Altern.","Research + Resp.ID + Questionnair + Question + Altern.Cod.","S","","","S"
"SKU","2","KU_FILIAL+KU_CODRESP+KU_CODQST+KU_CODQUES+KU_CODALT","ID Resp. + Questionario + Questao + Cod.Altern.","ID Oper. + Cuestionario + Pregunta + Cod.Altern.","Resp.ID + Questionnair + Question + Altern.Cod.","S","","","S"
"SKZ","1","KZ_FILIAL+KZ_CHAVE+KZ_SEQ","Chave + Sequencia","Clave + Secuencia","Key + Sequence","S","","","S"
"SL1","1","L1_FILIAL+L1_NUM","No Orcamento","Nro.Presup.","Budget No.","S","","","S"
"SL1","2","L1_FILIAL+L1_SERIE+L1_DOC+L1_PDV","Serie + Nota Fiscal + Numero PDV","Serie + Factura + Num. del PDV","Series + Invoice + POS Number","S","","","S"
"SL1","3","L1_FILIAL+L1_VEND+DTOS(L1_EMISSAO)+L1_NUM","Vendedor + Dt.Emissao + No Orcamento","Vendedor + Fch Emision + Nro.Presup.","Sales Repr. + Issue Date + Budget No.","S","SA3","","S"
"SL1","4","L1_FILIAL+DtoS(L1_EMISSAO)","Dt.Emissao","Fch Emision","Issue Date","S","","","S"
"SL1","5","L1_FILIAL+L1_OPERADO+Dtos(L1_EMISSAO)","Operador + Dt.Emissao","Operador + Fch Emision","Operator + Issue Date","S","","","S"
"SL1","6","L1_FILIAL+L1_CLIENTE+L1_LOJA","Cliente + Loja Cliente","Cliente + Tda. Cliente","Customer + Custom. Unit","S","SA1","","S"
"SL1","7","L1_FILIAL+DTOS(L1_EMISSAO)+L1_HORA","Dt.Emissao + Hora","Fch Emision + Hora","Issue Date + Time","S","","","S"
"SL1","8","L1_FILIAL+L1_PDV+L1_DOC","Numero PDV + Nota Fiscal","Num. del PDV + Factura","POS Number + Invoice","S","","","S"
"SL1","9","L1_FILIAL+L1_SITUA+L1_PDV+L1_DOC","Situacao + Numero PDV + Nota Fiscal","Situacion + Num. del PDV + Factura","Status + POS Number + Invoice","S","","","S"
"SL1","A","L1_FILIAL+L1_CONTRA","Contrato","Contrato","Agreement","S","","","N"
"SL1","B","L1_FILIAL+L1_SERPED+L1_DOCPED","Serie + Nota Fiscal","Serie +","Series +","S","","","S"
"SL2","1","L2_FILIAL+L2_NUM+L2_ITEM+L2_PRODUTO","No Orcamento + Numero Item + Produto","Nro. Presup. + Num. Item + Producto","Budget No. + Item Number + Product","S","XXX+XXX+SL2","","S"
"SL2","2","L2_FILIAL+L2_PRODUTO+dToS(L2_EMISSAO)","Produto + Dt Emissao","Producto + Fch Emision","Product + Issue Date","S","SL2","","S"
"SL2","3","L2_FILIAL+L2_SERIE+L2_DOC+L2_PRODUTO","Serie NF + Nota NF + Produto","Serie Fact. + Num. Factura + Producto","Inv.Series + Invoice + Product","S","XXX+XXX+SL2","","S"
"SL2","4","L2_FILIAL+L2_BCONTA","Cod.Barras","Cod.Barras","Bar Code","S","","","S"
"SL2","5","L2_FILIAL+L2_RESERVA+L2_LOJARES+L2_PRODUTO+L2_ITEM","Num.Reserva + Loja Reserv. + Produto + Numero Item","Nro. Reserva + Tienda Reser + Producto + Num. Item","Reserv.No. + Reserv.Unit + Product + Item Number","S","","","N"
"SL3","1","L3_FILIAL+L3_PRODUTO","Produto","Producto","Product","S","SB1","","S"
"SL4","1","L4_FILIAL+L4_NUM+L4_ORIGEM","Num Orcamto + Origem","Nro. Presup. + Origen","Budget No. + Origin","S","","","S"
"SL5","1","L5_FILIAL+Dtos(L5_DATA)+L5_OPERADO","Data Movto. + Operador","Fch  Movim. + Operador","Movement Dt. + Operator","S","","","S"
"SL9","1","L9_FILIAL+L9_APONTA+DTOS(L9_DATA)","Apontamento + Data","Apunte + Fecha","Annotation + Date","S","","","S"
"SL9","2","L9_FILIAL+DTOS(L9_DATA)","Data","Fecha","Date","S","","","S"
"SLA","1","LA_FILIAL+LA_APONTA+LA_PRODUTO","Apontamento + Produto","Apunte + Producto","Annotation + Product","S","","","S"
"SLA","2","LA_FILIAL+DTOS(LA_DATA)","Data","Fecha","Date","S","","","S"
"SLB","1","LB_FILIAL+LB_CODIGO","Descarte","Descarte","Discard","S","","","S"
"SLB","2","LB_FILIAL + DTOS(LB_DATA)","Data","Fecha","Date","S","","","S"
"SLC","1","LC_FILIAL+LC_CODIGO+LC_PRODUTO+DTOS(LC_DATA)","Descarte + Produto + Data","Descarte + Producto + Fecha","Discard + Product + Date","S","","","S"
"SLC","2","LC_FILIAL+DTOS(LC_DATA)+LC_CODIGO+LC_PRODUTO","Data + Descarte + Produto","Fecha + Descarte + Producto","Date + Discard + Product","S","","","S"
"SLF","1","LF_FILIAL+LF_COD","Codigo Caixa","Codigo Caja","Cash Code","S","","","S"
"SLG","1","LG_FILIAL+LG_CODIGO","Codigo Est","Codigo Est","Station Code","S","","","S"
"SLH","1","LH_FILIAL+LH_ALIAS+LH_CHAVE+DTOS(LH_DTALT)+LH_HRALT","Arquivo + Chave + Data + Hora","Archivo + Clave + Fecha + Hora","File + Key + Date + Time","S","","","S"
"SLI","1","LI_FILIAL+LI_ESTACAO+LI_TIPO","Estacao + Monitorament","Estacion + Monitoreo","Station + Monitoring","S","","","S"
"SLJ","1","LJ_FILIAL+LJ_CODIGO","Codigo","Codigo","Code","S","","","S"
"SLJ","2","LJ_FILIAL+LJ_NOME+LJ_CODIGO","Nome da Loja + Codigo","Nomb Tienda + Codigo","Unit Name + Code","S","","","S"
"SLJ","3","LJ_FILIAL+LJ_RPCEMP+LJ_RPCFIL","Cod.Empresa + Cod.Filial","Cod.Empresa + Cod.Sucursal","Company Code + Branch Code","S","","","S"
"SLK","1","LK_FILIAL+LK_CODBAR","Codigo Barra","Codigo Barra","Bar Code","S","","","S"
"SLK","2","LK_FILIAL+LK_CODIGO+LK_CODBAR","Codigo + Codigo Barra","Codigo + Codigo Barra","Code + Bar Code","S","","","S"
"SLL","1","LL_FILIAL+DTOS(LL_DATA)","Data","Fecha","Date","S","","","S"
"SLM","1","LM_FILIAL+LM_NUM+LM_CLIENTE+LM_LOJA","Numero + Loj. Destino + Loja","Numero + Tiend.Destin + Tienda","Number + Destin.Unit + Unit","S","","","S"
"SLN","1","LN_FILIAL+LN_NUM+LN_CLIENTE+LN_LOJA+LN_COD","Numero Distr + Cliente + Loja + Codigo Prod","Numero Distr + Cliente + Tienda + Codigo Prod","Distrib.No. + Customer + Unit + Prod. Code","S","","","S"
"SLN","2","LN_FILIAL+LN_NUM+LN_ITEM","Numero Distr + Item Distrib","Numero Distr + Item Distrib","Distrib.No. + Distrib Item","S","","","S"
"SLQ","1","LQ_FILIAL+LQ_NUM","No Orcamento","Nro.Presup.","Budget No.","S","","","S"
"SLR","1","LR_FILIAL+LR_NUM+LR_ITEM+LR_PRODUTO","No Orcamento + Item + Produto","Nro. Presup. + Item + Producto","Budget No. + Item + Product","S","","","S"
"SLT","1","LT_FILIAL+LT_OPERADO+DTOS(LT_DTFECHA)+LT_FORMPG","Operador + Data Fech. + Forma Pgto","Operador + Fcha. Cierre + Forma Pago","Cashier + Clos.Date + Paym.Mode","S","","","S"
"SM2","1","M2_DATA","Data","Fecha","Date","S","","","S"
"SM4","1","M4_FILIAL+M4_CODIGO","Codigo","Codigo","Code","S","","","S"
"SM5","1","M5_FILIAL+M5_TOPICO+DTOS(M5_DATA)","Topico + Data","Topico + Fecha","Subject + Date","S","","","S"
"SN1","1","N1_FILIAL+N1_CBASE+N1_ITEM","Cod. do Bem + Item","Bien + Item","Goods Code + Item","S","","","S"
"SN1","2","N1_FILIAL+N1_CHAPA","Num.Plaqueta","Num.Plaquita","Numberplate","S","","","S"
"SN1","3","N1_FILIAL + N1_BASESUP + N1_ITEMSUP","Codigo Base + Item Sup","Codigo Base + Item Sup","Base Code + Sup. Item","S","","","S"
"SN1","4","N1_FILIAL+N1_CODCIAP","Codigo CIAP","Codigo CIAP","CIAP Code","S","","","S"
"SN1","5","N1_FILIAL+N1_APOLICE+N1_CODSEG+N1_CBASE+N1_ITEM","Num. Apolice + Cod.Cia.Seg. + Cod. do Bem + Item","Nro. Poliza + Cod.Cia.Seg. + Bien + Item","Policy Numb. + Ins.Com.Code + Goods Code + Item","S","SNB+ATFAS+SN1","","S"
"SN2","1","N2_FILIAL+N2_CBASE+N2_ITEM+N2_TIPO+N2_SEQUENC","Cod Base Bem + Numero Item + Tipo + Sequencia","Base de Bien + Num. Item + Tipo + Secuencia","Asset Bs.Cd. + Item Number + Type + Sequence","S","SN1","","S"
"SN3","1","N3_FILIAL+N3_CBASE+N3_ITEM+N3_TIPO+N3_BAIXA+N3_SEQ","Cod Base Bem + Codigo Item + Tipo Ativo + Ocor Baixa + Seq Aquisic","Base de Bien + Codigo Item + Tipo Activo + Event.Cancel + Sec. Adquis.","Asset Bs.Cd. + Item Code + Asset Type + Post. Occur. + Seq. Acquis.","S","SN1","","S"
"SN3","2","N3_FILIAL+N3_CCONTAB+N3_CBASE+N3_ITEM+N3_TIPO+N3_BAIXA","Conta + Cod Base Bem + Codigo Item + Tipo Ativo + Ocor Baixa","Cuenta + Base de Bien + Codigo Item + Tipo Activo + Event.Cancel","Account + Asset Bs.Cd. + Item Code + Asset Type + Post. Occur.","S","CT1+SN1","","S"
"SN3","3","N3_FILIAL+N3_CCUSTO+N3_CBASE+N3_ITEM+N3_TIPO+N3_BAIXA","CC Despesa + Cod Base Bem + Codigo Item + Tipo Ativo + Ocor Baixa","Cc Gasto + Base de Bien + Codigo Item + Tipo Activo + Event.Cancel","Expense CC + Asset Bs.Cd. + Item Code + Asset Type + Post. Occur.","S","CTT+SN1","","S"
"SN3","4","N3_FILIAL+N3_CCONTAB+N3_CCUSTO+N3_CBASE+N3_ITEM+N3_TIPO+N3_BAIXA","Conta + CC Despesa + Cod Base Bem + Codigo Item + Tipo Ativo + Ocor Ba","Cuenta + Cc Gasto + Base de Bien + Codigo Item + Tipo Activo + Event.C","Account + Expense CC + Asset Bs.Cd. + Item Code + Asset Type + Post. O","S","CT1+CTT+SN1","","S"
"SN3","5","N3_FILIAL+N3_CCUSTO+N3_CCONTAB+N3_CBASE+N3_ITEM+N3_TIPO","CC Despesa + Conta + Cod Base Bem + Codigo Item + Tipo Ativo","Cc Gasto + Cuenta + Base de Bien + Codigo Item + Tipo Activo","Expense CC + Account + Asset Bs.Cd. + Item Code + Asset Type","S","CTT+CT1+SN1","","S"
"SN3","6","N3_FILIAL+N3_SUBCTA+N3_CCUSTO+N3_CCONTAB+N3_CBASE+N3_ITEM+N3_TIPO","Item Despesa + CC Despesa + Conta + Cod Base Bem + Codigo Item + Tipo","Item Gasto + Cc Gasto + Cuenta + Base de Bien + Codigo Item + Tipo Act","Expense Ass. + Expense CC + Account + Asset Bs.Cd. + Item Code + Asset","S","CTD+CTT+CT1+SN1","","S"
"SN3","7","N3_FILIAL+N3_CLVL+N3_SUBCTA+N3_CCUSTO+N3_CCONTAB+N3_CBASE+N3_ITEM+N3_TIPO","ClVl Despesa + Item Despesa + CC Despesa + Conta + Cod Base Bem + Codi","Cl Vl Gasto + Item Gasto + Cc Gasto + Cuenta + Base de Bien + Codigo I","Expense VlCl + Expense Ass. + Expense CC + Account + Asset Bs.Cd. + It","S","CTH+CTD+CTT+CT1+SN1","","S"
"SN4","1","N4_FILIAL+N4_CBASE+N4_ITEM+N4_TIPO+DTOS(N4_DATA)+N4_OCORR+N4_SEQ","Cod Base + Cod Item + Tipo Ativo + Data Movim. + Tipo Movim. + Seq Aqu","Cod. Base + Item + Tipo Activo + Fch  Movim. + Tipo Movim. + Sec. Adqu","Asset Bs.Cd. + Item code + Asset Type + Movement Dt. + Movem.Type + Se","S","","","S"
"SN4","2","N4_FILIAL+N4_CONTA+DTOS(N4_DATA)","Codigo Conta + Data Movim.","Cuenta + Fch  Movim.","Account Code + Movement Dt.","S","","","S"
"SN4","3","N4_FILIAL+N4_CONTA+N4_SUBCTA+DTOS(N4_DATA)+N4_OCORR","Codigo Conta + Item da Cont + Data Movim. + Tipo Movim.","Cuenta + Item Cuenta + Fch  Movim. + Tipo Movim.","Account Code + Account Item + Movement Dt. + Movem.Type","S","","","S"
"SN4","4","N4_FILIAL+N4_CBASE+N4_ITEM+N4_TIPO+N4_OCORR+DTOS(N4_DATA)","Cod Base + Cod Item + Tipo Ativo + Tipo Movim. + Data Movim.","Cod. Base + Item + Tipo Activo + Tipo Movim. + Fch  Movim.","Asset Bs.Cd. + Item code + Asset Type + Movem.Type + Movement Dt.","S","","","S"
"SN5","1","N5_FILIAL+N5_CONTA+DTOS(N5_DATA)+N5_TIPO","Cod Conta + Data Saldo + Tipo Registr","Cuenta + Fecha Saldo + Tipo Regist.","Account Code + Balance Date + Regist.Type","S","CT1","","S"
"SN6","1","N6_FILIAL+N6_CONTA+N6_CCUSTO+N6_SUBCTA+DTOS(N6_DATA)+N6_TIPO","Cod da Conta + Centro custo + Item Conta + Data + Tipo Movimen","Cuenta + Centro costo + Item Cuenta + Fecha + Tipo Movim.","Account Code + Cost Center + Account Item + Date + Movem. Type","S","CT1+CTT+CTD","","S"
"SN7","1","N7_FILIAL+N7_CBASE+N7_ITEM","Codigo Base + Codigo Item","Codigo Base + Codigo Item","Asset Bs.Cd. + Item Code","S","SN3","","S"
"SN8","1","N8_FILIAL+N8_CBASE+N8_ITEM+N8_TIPO+N8_SEQ+DTOS(N8_DTINV)","Codigo Base + Codigo Item + Tipo + Seq Aquisic + Data Invent","Codigo Base + Codigo Item + Tipo + Sec. Adquis. + Fch  Invent.","Base Code + Item Code + Type + Seq. Acquis. + Invent.Date","S","SN3","","S"
"SN9","1","N9_FILIAL+N9_NROINIC+N9_NROFINA","Nro Inicial + Nro Final","Nro.Inicial + Nro. Final","Initial No. + Final No.","S","","","S"
"SN9","2","N9_FILIAL+N9_MATRIC","Matricula","Matricula","Registration","S","","","S"
"SN9","3","N9_FILIAL+N9_NOMEPRO","Nome Propri","Nom.Propiet.","Owner Name","S","","","S"
"SN9","4","N9_FILIAL+N9_TPACAO","Tipo de Acao","Tipo Accion","Share Type","S","","","S"
"SNA","1","NA_FILIAL+NA_CONTA+NA_CCUSTO+NA_SUBCTA+NA_CLVL+DTOS(NA_DATA)+NA_TIPO","Cod da Conta + Centro custo + Item da cont + Classe Valor + Data + Tip","Cuenta + Centro costo + Item Cuenta + Clase Valor + Fecha + Tipo Movim","Account Code + Cost Center + Account Item + Value Class + Date + Movem","S","CT1+CTT+CTD+CTH","","S"
"SNB","1","NB_FILIAL+NB_APOLICE+NB_CODSEG","Num. Apolice + Cod.Cia.Seg.","Num. Poliza + Cod.Cia.Seg.","Policy No. + Ins.Cia.Code","S","XXX+ATFAS","","S"
"SNB","2","NB_FILIAL+NB_CODSEG+NB_APOLICE","Cod.Cia.Seg. + Num. Apolice","Cod.Cia.Seg. + Num. Poliza","Ins.Cia.Code + Policy No.","S","ATFAS","","S"
"SNB","3","NB_FILIAL+DTOS(NB_DTVENC)+NB_APOLICE","Data Vencto + Num. Apolice","Data Vencto + Num. Poliza","Due Date + Policy No.","S","","","S"
"SNC","1","NC_FILIAL+NC_CONTA+NC_CCUSTO+DTOS(NC_DATA)+NC_TIPO","Cod da Conta + Centro custo + Data + Tipo Movimen","Cuenta + Centro costo + Fecha + Tipo Movim.","Account Code + Cost Center + Date + Movem. Type","S","CT1+CTT","","S"
"SND","1","ND_FILIAL+ND_CODRESP+ND_CBASE+ND_ITEM+ND_STATUS+ND_SEQUENC","Ident. Resp. + Cod.Base Bem + Item do Bem + Status Resp. + Seq.Respons","Ident. Resp. + Cod.Base Bem + Item Bien + Status Resp. + Sec. Resp.","Resp.Id. + Asset B.Cd. + Asset Item + Resp.Status + Resp.Seq.","S","RD0+SN1","","S"
"SND","2","ND_FILIAL+ND_CBASE+ND_ITEM+ND_CODRESP+ND_STATUS+ND_SEQUENC","Cod.Base Bem + Item do Bem + Ident. Resp. + Status Resp. + Seq.Respons","Cod.Base Bem + Item Bien + Ident. Resp. + Status Resp. + Sec. Resp.","Asset B.Cd. + Asset Item + Resp.Id. + Resp.Status + Resp.Seq.","S","SN1+XXX+RD0","","S"
"SND","3","ND_FILIAL+ND_CBASE+ND_ITEM+ND_SEQUENC","Cod.Base Bem + Item do Bem + Seq.Respons.","Cod.Base Bem + Item Bien + Sec. Resp.","Asset B.Cd. + Asset Item + Resp.Seq.","S","SN1","","S"
"SND","4","ND_FILIAL+ND_RESPDES+ND_CBASE+ND_ITEM","Resp.Destino + Cod.Base Bem + Item do Bem","Resp.Destino + Cod.Base Bem + Item Bien","Targ.Resp. + Asset B.Cd. + Asset Item","S","RD0+SN1","","S"
"SNE","1","NE_FILIAL+NE_KEY+NE_SEQUEN","Chave Memo + Sequencia","Clave Memo + Sequencia","Memo Key + Sequence","S","","","S"
"SNG","1","NG_FILIAL+NG_GRUPO","Grupo","Grupo","Group","S","","","S"
"SNG","2","NG_FILIAL+NG_DESCRIC","Descricao","Descripcion","Description","S","","","S"
"SO1","1","O1_FILIAL+O1_CODIGO","Codigo","Codigo","Code","S","","","S"
"SO2","1","O2_FILIAL+O2_NUMSG+O2_SEQUEN+O2_ITEM","No. SG + Sequencia + No. Item","Nr.Solicitud + Sec.Solicit. + Num. Item","SG Number + Sequence + Item Number","S","SO8","","S"
"SO3","1","O3_FILIAL+O3_CODIGO","Codigo","Codigo","Code","S","","","S"
"SO3","2","O3_FILIAL+O3_NOME","Nome","Nombre","Name","S","","","S"
"SO4","1","O4_FILIAL+O4_CODIGO+O4_ITEM","Codigo + Item","Codigo + Item","Repair Kit + Item","S","","","S"
"SO5","1","O5_FILIAL+O5_CODIGO","Codigo","Codigo","Code","S","","","S"
"SO5","2","O5_FILIAL+O5_CLIENTE+O5_LOJA+O5_CODIGO","Cliente + Loja + Codigo","Cliente + Tienda + Codigo","Customer + Unit + Code","S","SA1","","S"
"SO5","3","O5_FILIAL+O5_CHASSI","No. Chassi","Nro. Chasis","Chassi Numb.","S","","","S"
"SO5","4","O5_FILIAL+O5_PLACA","Placa","Placa","Plate","S","","","S"
"SO6","1","O6_FILIAL+O6_NUM+O6_CLIENTE+O6_LOJA","Orcamento + Cliente + Loja","Presupuesto + Cliente + Tienda","Budget + Customer + Unit","S","XXX+SA1","","S"
"SO7","1","O7_FILIAL+O7_NUM+O7_ITEM+O7_PRODUTO","Orcamento + Item + Produto","Presupuesto + Item + Producto","Budget + Item + Product","S","XXX+XXX+SB1","","S"
"SO8","1","O8_FILIAL+O8_NUM","Numero O.S.","Nr. Ord.Serv","Serv.Ord.No.","S","","","S"
"SO8","2","O8_FILIAL+O8_ORCAMEN","Orcamento","Presupuesto","Budget","S","","","S"
"SO8","3","O8_FILIAL+DTOS(O8_EMISSAO)","Emissao O.S.","Emision OS","Serv.Or.Iss.","S","","","S"
"SO8","4","O8_FILIAL+O8_VEICULO + O8_NUM","Ident. Veic. + Numero O.S.","Ident.Vehic + Nr. Ord.Serv","Vehic.Iden. + Serv.Ord.No.","S","SO5","","S"
"SO9","1","O9_FILIAL+O9_NUM+O9_ITEM+O9_PRODUTO","Numero OS + Item + Produto","Nro.Ord.Serv + Item + Producto","Serv.Order + Item + Product","S","XXX+XXX+SB1","","S"
"SOA","1","OA_FILIAL+OA_NUM+OA_ITEM","Numero OS + Item da OS","Nr.Ord.Serv. + Item de OS","Ser.Ord.No. + Serv.Or.Item","S","","","S"
"SOA","2","OA_FILIAL+OA_FUNC+DTOS(OA_DATA)+OA_NUM+OA_ITEM","Cod. Funcion + Data Servico + Numero OS + Item da OS","Empleado + Fch Servicio + Nr.Ord.Serv. + Item de OS","Employee Cod + Service Date + Ser.Ord.No. + Serv.Or.Item","S","SO3","","S"
"SOB","1","OB_FILIAL+OB_NUMOS","No. OS","Nr.Ord.Serv.","Ser.Ord.No.","S","SO8","","S"
"SOC","1","OC_FILIAL+OC_CODSER+OC_CODVEI","Servico + Moto","Servicio + Moto","Service + Motorcycle","S","SO1+SV1","","S"
"SP0","1","P0_FILIAL+P0_RELOGIO","Relogio","Reloj","Clock","S","","","S"
"SP0","2","P0_FILIAL+P0_DESC","Descricao","Descripcion","Description","S","","","S"
"SP1","1","P1_FILIAL+P1_CODREF+P1_SEQ","Codigo + Seq. de Ref.","Codigo + Sec. de Ref.","Code + Ref.Sequence","S","","","S"
"SP1","2","P1_FILIAL+P1_CODREF+P1_TIPOREF","Codigo + Tipo de Ref.","Codigo + Tipo de Com.","Code + Refer.Type","S","","","S"
"SP1","3","P1_FILIAL+P1_DESC","Descricao","Descripcion","Description","S","","","S"
"SP2","1","P2_FILIAL+DTOS(P2_DATA)+P2_TURNO+P2_TIPODIA","Data Inicial + Turno + Tipo do Dia","Fch  Inicial + Turno + Tipo de Dia","Initial Date + Shift + Day Type","S","","","S"
"SP2","2","P2_FILIAL+DTOS(P2_DATA)+P2_CC+P2_TIPODIA","Data Inicial + Centro Custo + Tipo do Dia","Fch  Inicial + Centro Costo + Tipo de Dia","Initial Date + Cost Center + Day Type","S","XXX+SI3","","S"
"SP2","3","P2_FILIAL+P2_MAT+P2_CC+P2_TURNO+DTOS(P2_DATA)+P2_TIPODIA","Matricula + Centro Custo + Turno + Data Inicial + Tipo do Dia","Matricula + Centro Costo + Turno + Fch  Inicial + Tipo de Dia","Registration + Cost Center + Shift + Initial Date + Day Type","S","CAD+SI3+SR6","","S"
"SP3","1","P3_FILIAL+Dtos(P3_DATA)","Data","Fecha","Date","S","","","S"
"SP3","2","P3_FILIAL+P3_MESDIA+P3_FIXO","Mes/Dia Feri + Feriado Fixo","Mes/Dia Feri + Feriado Fijo","M/D Holiday + Fix. Holiday","S","","","S"
"SP4","1","P4_FILIAL+P4_TURNO+P4_TIPO","Turno + Tipo","Turno + Tipo","Shift + Type","S","","","S"
"SP5","1","P5_FILIAL+P5_MAT+DTOS(P5_DATA)+STR(P5_HORA,5,2)","Matricula + Data + Horario","Matricula + Fecha + Hora","Registration + Date + Time","S","","","S"
"SP5","2","P5_FILIAL+P5_MAT+DTOS(P5_DATA)+P5_TIPOREF+STR(P5_HORA,5,2)+P5_SEQMARC","Matricula + Data + Tipo de Ref. + Horario + Seq. Marc.","Matricula + Fecha + Tipo de Ref. + Hora + Sec. Marc.","Registration + Date + Ref.Type + Time + Mark.Seq.","S","","","S"
"SP6","1","P6_FILIAL+P6_CODIGO","Codigo","Codigo","Code","S","","","S"
"SP8","1","P8_FILIAL+P8_MAT+P8_ORDEM+Dtos(P8_DATA)+Str(P8_HORA,5,2)","Matricula + Ordem + Data + Horario","Matricula + Orden + Fecha + Hora","Registration + Order + Date + Time","S","","","S"
"SP8","2","P8_FILIAL+P8_MAT+DTOS(P8_DATA)+STR(P8_HORA,5,2)","Matricula + Data + Horario","Matricula + Fecha + Hora","Registration + Date + Time","S","","","S"
"SP9","1","P9_FILIAL+P9_CODIGO","Codigo","Codigo","Code","S","","","S"
"SP9","2","P9_FILIAL+P9_IDPON+P9_CODIGO","Ident.Ponto + Codigo","Ident.Punto + Codigo","Ident.Wk Reg + Code","S","X20","","S"
"SP9","3","P9_FILIAL+P9_TIPOCOD+P9_CODIGO","Tipo do Cod. + Codigo","Tipo de Cod. + Codigo","Code Type + Code","S","","","S"
"SP9","4","P9_FILIAL+P9_CODFOL+P9_CODIGO","Cod.p/ Folha + Codigo","Cod.p/Pl.Hab + Codigo","Payroll Code + Code","S","","","S"
"SP9","5","P9_FILIAL+P9_DESC+P9_CODIGO","Descricao + Codigo","Descripcion + Codigo","Description + Code","S","","","S"
"SPA","1","PA_FILIAL+PA_CODIGO","Código","Codigo","Code","S","","","S"
"SPB","1","PB_FILIAL+PB_MAT+PB_PD+PB_CC","Matricula + Codigo Verba + Centro Custo","Matricula + Concepto + Centro Costo","Registration + Allowance Cd + Cost Center","S","CAD+SP9","","S"
"SPC","1","PC_FILIAL+PC_MAT+PC_PD+DTOS(PC_DATA)+PC_TPMARCA+PC_CC","Matricula + Cod.Evento + Data + Tipo da Marc + Centro Custo","Matricula + Evento + Fecha + Tipo Marcac. + Centro Costo","Registration + Event Code + Date + Mark.Type + Cost Center","S","XXX+SP9","","S"
"SPC","2","PC_FILIAL+PC_MAT+DTOS(PC_DATA)+PC_PD+PC_TPMARCA+PC_CC","Matricula + Data + Cod.Evento + Tipo da Marc + Centro Custo","Matricula + Fecha + Evento + Tipo Marcac. + Centro Costo","Registration + Date + Event Code + Mark.Type + Cost Center","S","","","S"
"SPD","1","PD_FILIAL+PD_TIPO+PD_TURNO","Tipo + Turno","Tipo + Turno","Type + Shift","S","XXX+SR6","","S"
"SPE","1","PE_FILIAL+PE_MAT+DTOS(PE_DATAINI)","Matricula + Data Inicial","Matricula + Fch Inicial","Registration + Initial Date","S","CAD","","S"
"SPE","2","PE_FILIAL+PE_MATPROV+DTOS(PE_DATAINI)","Provisorio + Data Inicial","Provisional + Fch Inicial","Temporary + Initial Date","S","XXX+CAD","","S"
"SPE","3","PE_FILIAL+PE_MATPROV+PE_MAT+DTOS(PE_DATAINI)","Provisorio + Matricula + Data Inicial","Provisional + Matricula + Fch Inicial","Temporary + Registration + Initial Date","S","XXX+CAD","","S"
"SPF","1","PF_FILIAL+PF_MAT+DTOS(PF_DATA)","Matricula + Data","Matricula + Fecha","Registration + Date","S","CAD","","S"
"SPG","1","PG_FILIAL+PG_MAT+PG_ORDEM+Dtos(PG_DATA)+Str(PG_HORA,5,2)","Matricula + Ordem + Data + Horario","Matricula + Orden Clasif + Fecha + Horario","Registration + Order + Date + Time","S","CAD","","S"
"SPG","2","PG_FILIAL+PG_MAT+DTOS(PG_DATA)+STR(PG_HORA,5,2)","Matricula + Data + Horario","Matricula + Fecha + Horario","Registration + Date + Time","S","","","S"
"SPH","1","PH_FILIAL+PH_MAT+PH_PD+DTOS(PH_DATA)+PH_TPMARCA+PH_CC","Matricula + Cod.Evento + Data + Tipo da Marc + Centro Custo","Matricula + Evento + Fecha + Tipo Marcac. + Centro Costo","Registration + Event Code + Date + Mark.Type + Cost Center","S","CAD","","S"
"SPH","2","PH_FILIAL+PH_MAT+DTOS(PH_DATA)+PH_PD+PH_TPMARCA+PH_CC","Matricula + Data + Cod.Evento + Tipo da Marc + Centro Custo","Matricula + Fecha + Evento + Tipo Marcac. + Centro Costo","Registration + Date + Event Code + Mark.Type + Cost Center","S","","","S"
"SPI","1","PI_FILIAL+PI_MAT+PI_PD+Dtos(PI_DATA)","Matricula + Cód.Evento + Data","Matricula + Evento + Fecha","Registration + Occurrence + Date","S","CAD+SP9","","S"
"SPI","2","PI_FILIAL+PI_MAT+Dtos(PI_DATA)+PI_PD","Matricula + Data + Cód.Evento","Matricula + Fecha + Evento","Registration + Date + Occurrence","S","CAD+XXX+SP9","","S"
"SPJ","1","PJ_FILIAL+PJ_TURNO+PJ_SEMANA+PJ_DIA","Turno + Sequencia + Dia Semana","Turno + Secuencia + Dia Semana","Shift + Sequence + Week Days","S","","","S"
"SPK","1","PK_FILIAL+PK_MAT+DTOS(PK_DATA)+PK_CODABO+STR(PK_HORINI,5,2)+PK_CC","Matricula + Data + Cod.Abono + Hora Inicial + Centro Custo","Matricula + Fecha + Cod.Abono + Hora Inicial + Centro Costo","Registration + Date + Day Out Reas + Initial Time + Cost Center","S","","","S"
"SPK","2","PK_FILIAL+PK_MAT+DTOS(PK_DATA)+PK_CODEVE+STR(PK_HORINI,5,2)+PK_CC","Matricula + Data + Cod.Eve.Ab. + Hora Inicial + Centro Custo","Matricula + Fecha + Cod.Eve.Ab. + Hora Inicial + Centro Costo","Registration + Date + Day Out Code + Initial Time + Cost Center","S","","","S"
"SPL","1","PL_FILIAL+PL_MAT+PL_PD+PL_CC","Matricula + Codigo Verba + Centro Custo","Matricula + Concepto + Centro Costo","Registration + Allowance Cd + Cost Center","S","CAD+SP9","","S"
"SPM","1","PM_FILIAL+PM_TIPOREF","Tipo de Ref.","Tipo de Com.","Meal Type","S","","","S"
"SPM","2","PM_FILIAL+PM_DESCREF","Desc.Tip.Ref","Desc.Tip.Com","Meal Tp.Des.","S","","","S"
"SPN","1","PN_FILIAL+PN_MAT+DTOS(PN_DATA)+STR(PN_HORA,5,2)","Matricula + Data + Horario","Matricula + Fecha + Hora","Registration + Date + Time","S","","","S"
"SPN","2","PN_FILIAL+PN_MAT+DTOS(PN_DATA)+PN_TIPOREF+STR(PN_HORA,5,2)+PN_SEQMARC","Matricula + Data + Tipo de Ref. + Horario + Seq. Marc.","Matricula + Fecha + Tipo Comida + Hora + Sec. Marc.","Registration + Date + Ref.Type + Time + Mark.Seq.","S","","","S"
"SPO","1","PO_FILIAL+PO_FLAGFEC+DTOS(PO_DATAINI)","Flag. Fecham + Data Inicial","Flag Cierre + Fch. Inicial","Clos.Flag + Initial Date","S","","","S"
"SPO","2","PO_FILIAL+DTOS(PO_DATAINI)","Data Inicial","Fch. Inicial","Initial Date","S","","","S"
"SPO","3","PO_FILIAL+DTOS(PO_DATAFIM)","Data Final","Fecha Final","Final Date","S","","","S"
"SPP","1","PP_FILIAL+PP_CODMSG","Codigo","Codigo","Code","S","","","S"
"SPP","2","PP_FILIAL+PP_MSG","Descricao","Descripcion","Description","S","","","S"
"SPQ","1","PQ_FILIAL+PQ_CODOCOR","Codigo","Codigo","Code","S","","","S"
"SPQ","2","PQ_FILIAL+PQ_OCORR","Descricao","Descripcion","Description","S","","","S"
"SPR","1","PR_FILIAL+PR_CODOCOR+PR_ITOCOR+PR_TPMARCA","Codigo + Item + Tipo da Marc","Codigo + Item + Tipo Marcac.","Code + Item + Mark.Type","S","","","S"
"SPS","1","PS_FILIAL+PS_MAT+DTOS(PS_DATA)","Matricula + Data","Matricula + Fecha","Registration + Date","S","","","S"
"SPT","1","PT_FILIAL+PT_MAT+DTOS(PT_DATAREF)+DTOS(PT_DATA)+STR(PT_HORINI,5,2)","Matricula + Data Ref. + PT_DATA+Hor.Inicial","Inscripcion + Fecha Ref. + PT_DATA+Hor.Inicial","Registration + Ref.Date. + PT_DATA+Initial Time","S","","","S"
"SPU","1","PU_FILIAL+PU_CODIGO","Codigo","Codigo","Code","S","","","S"
"SPU","2","PU_FILIAL+PU_TITULO","Titulo","Titulo","Title","S","","","S"
"SPV","1","PV_FILIAL+PV_CODIGO+PV_GRUPO+PV_DADO","Codigo + Grupo + Dado","Codigo + Grupo + Dato","Code + Group + Data","S","","","S"
"SPW","1","PW_FILIAL+PW_VISITA","Visitante","Visitante","Guest","S","","","S"
"SPW","2","PW_FILIAL+PW_NOMFULL","Nome Complet","Nombre Compl","Compl. Name","S","","","S"
"SPW","3","PW_FILIAL+PW_RG","R.G.","R.G.","ID Nr.","S","","","S"
"SPW","4","PW_FILIAL+PW_CPF","C.P.F.","C.P.F.","C.P.F.","S","","","S"
"SPW","5","PW_FILIAL+PW_PIS","P.I.S.","P.I.S.","P.I.S.","S","","","S"
"SPW","6","PW_FILIAL+PW_HABILIT","Cart.Habil.","Lic.Conducir","Driving Lic.","S","","","S"
"SPW","7","PW_FILIAL+PW_RESERVI","Nr.Reservis.","Num. Reserva","Reservist","S","","","S"
"SPW","8","PW_FILIAL+PW_TITULOE","Tit.Eleit.","Tit. Elector","Voting Card","S","","","S"
"SPW","9","PW_FILIAL+PW_OUTRDOC","Outro Docto","Otro Docto","Other Doc.","S","","","S"
"SPW","A","PW_FILIAL+PW_NUMCP","Cart.Profis.","Cart.Profes.","Labor Card","S","","","S"
"SPX","1","PX_FILIAL+PX_CODIGO+PX_GRUPO","Codigo + Grupo","Codigo + Grupo","Code + Group","S","","","S"
"SPX","2","PX_FILIAL+PX_CODIGO+PX_DESC","Codigo + Descricao","Codigo + Descripcion","Code + Description","S","","","S"
"SPY","1","PY_FILIAL+PY_VISITA+DTOS(PY_DTVISIT)+PY_CRACHA+PY_NUMERO","Visitante + Data Visita + Nr. Cracha + Numero","Visitante + Fecha Visita + Nr. Credenc. + Numero","Guest + Visit Date + Badge Number + Number","S","","","S"
"SPY","2","PY_FILIAL+PY_CRACHA+DTOS(PY_DTVISIT)+PY_NUMERO","Nr. Cracha + Data Visita + Numero","Nr. Credenc. + Fecha Visita + Numero","Badge Number + Visit Date + Number","S","","","S"
"SPY","3","PY_FILIAL+DTOS(PY_DTVISIT)+PY_CRACHA+PY_NUMERO","Data Visita + Nr. Cracha + Numero","Fecha Visita + Nr. Credenc. + Numero","Visit Date + Badge Number + Number","S","","","S"
"SPY","4","PY_FILIAL+PY_NUMERO","Numero","Numero","Number","S","","","S"
"SPY","5","PY_FILIAL+DTOS(PY_DTBAIXA)+PY_CRACHA+PY_NUMERO","Data Baixa + Nr. Cracha + Numero","Fecha Baixa + Nr. Credenc. + Numero","Post. Date + Badge Number + Number","S","","","S"
"SPY","6","PY_FILIAL+PY_NOMEMP+DTOS(PY_DTVISIT)","Nome Empresa + Data Visita","Nomb Empresa + Fecha Visita","Comp.Name + Visit Date","S","","","S"
"SPZ","1","PZ_FILIAL+PZ_NUMERO+DTOS(PZ_DATA)+STR(PZ_HORA,5,2)+PZ_TPMARCA","Numero + Data + Horario + Tp Marcacao","Numero + Fecha + Horario + Tp Marcacion","Number + Date + Time + Annot. type","S","","","S"
"SPZ","2","PZ_FILIAL+PZ_VISITA+PZ_CRACHA+PZ_NUMERO+DTOS(PZ_DATA)+STR(PZ_HORA,5,2)+PZ_TPMARCA","Visitante + Nr. Cracha + Numero + Data + Horario + Tp Marcacao","Visitante + Nr. Credenc. + Numero + Fecha + Horario + Tp Marcacion","Guest + Badge Number + Number + Date + Time + Annot. type","S","","","S"
"SQ0","1","Q0_FILIAL+Q0_GRUPO","Grupo","Grupo","Group","S","","","S"
"SQ0","2","Q0_FILIAL+Q0_DESCRIC","Descricao","Descripcion","Description","S","","","S"
"SQ1","1","Q1_FILIAL+Q1_GRUPO+Q1_FATOR","Grupo + Fator","Grupo + Factor","Group + Factor","S","","","S"
"SQ1","2","Q1_FILIAL+Q1_DESCSUM","Desc.Sumaria","Ds.Sumaria","Summ. Descr.","S","","","S"
"SQ1","3","Q1_FILIAL+Q1_FATOR","Fator","Factor","Factor","S","","","S"
"SQ2","1","Q2_FILIAL+Q2_GRUPO+Q2_FATOR+Q2_GRAU","Grupo + Fator + Grau","Grupo + Factor + Grado","Group + Factor + Degree","S","","","S"
"SQ2","2","Q2_FILIAL+Q2_FATOR+Q2_GRAU","Fator + Grau","Factor + Grado","Factor + Degree","S","","","S"
"SQ2","3","Q2_FILIAL+Q2_GRAU","Grau","Grado","Degree","S","","","S"
"SQ3","1","Q3_FILIAL+Q3_CARGO+Q3_CC","Cargo + Centro Custo","Funcion + Centro Costo","Position + Cost Center","S","","","S"
"SQ3","2","Q3_FILIAL+Q3_GRUPO+Q3_DEPTO+Q3_CARGO+Q3_CC","Grupo + Departamento + Cargo + Centro Custo","Grupo + Departamento + Funcion + Centro Costo","Group + Department + Position + Cost Center","S","SQ0+XXX","","S"
"SQ3","3","Q3_FILIAL+Q3_DESCSUM+Q3_CC","Desc.Sumaria + Centro Custo","Ds.Sumaria + Centro Costo","Summ. Descr. + Cost Center","S","","","S"
"SQ3","4","Q3_FILIAL+Q3_CLASSE+Q3_CARGO+Q3_CC","Classe + Cargo + Centro Custo","Clase + Funcion + Centro Costo","Salary Categ + Position + Cost Center","S","RBF+SQ3+CTT","","S"
"SQ4","1","Q4_FILIAL+Q4_CARGO+Q4_FATOR","Cargo + Fator","Funcion + Factor","Position + Factor","S","XXX+SQ1","","S"
"SQ4","2","Q4_FILIAL+Q4_CARGO+Q4_CC+Q4_FATOR","Cargo + Centro Custo + Fator","Funcion + Centro Costo + Factor","Position + Cost Center + Factor","S","","","S"
"SQ5","1","Q5_FILIAL+Q5_CARGO+Q5_NIVEL","Cargo + Nivel","Cargo + Nivel","Position + Level","S","","","S"
"SQ6","1","Q6_FILIAL+Q6_INFORM","Informante","Informante","Informer","S","","","S"
"SQ7","1","Q7_FILIAL+Q7_INFORM+Q7_GRUPO+Q7_FATOR","Informante + Grupo + Fator","Informante + Grupo + Factor","Informer + Group + Factor","S","","","S"
"SQ7","2","Q7_FILIAL+Q7_GRUPO+Q7_FATOR+Q7_INFORM","Grupo + Fator + Informante","Grupo + Factor + Informante","Group + Factor + Informer","S","","","S"
"SQ8","1","Q8_FILIAL+Q8_MAT+Q8_FATOR","Matricula + Fator","Matricula + Factor","Registration + Factor","S","XXX+SQ1","","S"
"SQ9","1","Q9_FILIAL+Q9_MAT+Dtos(Q9_DATA)","Matricula + Data Termino","Matricula + Fecha","Registration + Conc.Date","S","","","S"
"SQ9","2","Q9_FILIAL+Q9_MAT+Q9_CURSO+DTOS(Q9_DATA)","Matricula + Cod. Curso + Data Termino","Matricula + Cod. Curso + Fecha","Registration + Course Cod + Conc.Date","S","","","S"
"SQA","1","QA_FILIAL+QA_CARGO","Cargo","Cargo","Position","S","","","S"
"SQB","1","QB_FILIAL+QB_DEPTO","Departamento","Sector","Department","S","","","S"
"SQB","2","QB_FILIAL+QB_DESCRIC","Descricao","Descripcion","Description","S","","","S"
"SQC","1","QC_FILIAL+QC_MAT+DTOS(QC_ADMISSA)","Matricula + Dt.Admissao","Matricula + Fch. Ingreso","Registration + Admission Dt","S","","","S"
"SQD","1","QD_FILIAL+DTOS(QD_DATA)+QD_CURRIC","Data + Codigo","Fecha + Codigo","Date + Code","S","","","S"
"SQD","2","QD_FILIAL+QD_CURRIC+DTOS(QD_DATA)","Codigo + Data","Codigo + Fecha","Code + Date","S","","","S"
"SQD","3","QD_FILIAL+QD_VAGA+QD_CURRIC+DTOS(QD_DATA)","Cod.Vaga + Codigo + Data","Cod. Vac. + Codigo + Fecha","Cod Vacancy + Code + Date","S","SQS","","S"
"SQE","1","QE_FILIAL+QE_PROCESS","Cod.Processo","Proceso","Cod Process","S","","","S"
"SQE","2","QE_FILIAL+QE_DESCRIC","Descr. Proc.","Desc.Proceso","Descr.Proc.","S","","","S"
"SQG","1","QG_FILIAL+QG_CURRIC","Cod Curric","Curriculo","Curric. Code","S","","","S"
"SQG","2","QG_FILIAL+QG_RG","RG","RG","ID","S","","","S"
"SQG","3","QG_FILIAL+QG_CIC","CIC","CIC","CIC","S","","","S"
"SQG","4","QG_FILIAL+QG_AREA+QG_CURRIC","Cod Area + Cod Curric","Area + Curriculo","Area Code + Curric. Code","S","R1","","S"
"SQG","5","QG_FILIAL+QG_NOME","Nome","Nombre","Name","S","","","S"
"SQH","1","QH_FILIAL+QH_CAMPO","Campo - Siga","Campo - Siga","Field - Siga","S","","","S"
"SQH","2","QH_FILIAL+QH_XML","Campo - XML","Campo - XML","Field - XML","S","","","S"
"SQI","1","QI_FILIAL+QI_CURRIC+QI_FATOR+QI_GRAU","Cod Curric + Cod Fator + Grau","Curriculo + Factor + Grado","Curric. Code + Factor Code + Degree","S","SQG+R0","","S"
"SQL","1","QL_FILIAL+QL_CURRIC+DTOS(QL_DTADMIS)","Cod Curric + Dt Admissao","Curriculo + Fch Ingreso","Curric. Code + Admission Dt","S","SQG","","S"
"SQL","2","QL_FILIAL+QL_AREA+QL_CURRIC+DTOS(QL_DTADMIS)","Cod Area + Cod Curric + Dt Admissao","Area + Curriculo + Fch Ingreso","Area Code + Curric. Code + Admission Dt","S","R1","","S"
"SQM","1","QM_FILIAL+QM_CURRIC","Cod Curric","Curriculo","Curric. Code","S","SQG","","S"
"SQM","2","QM_FILIAL+QM_CURSO","Cod Curso","Curso","Course Code","S","SQT","","S"
"SQN","1","QN_FILIAL+QN_GRUPO+QN_FATOR+QN_GRAU","Cod Grupo + Cod Fator + Grau","Grupo + Factor + Grado","Group Code + Factor Code + Degree","S","SQ0+R0","","S"
"SQO","1","QO_FILIAL+QO_QUESTAO","Questao","Pregunta","Question","S","","","S"
"SQO","2","QO_FILIAL+QO_TIPO+QO_AREA+QO_TOPICO+QO_NIVEL","Tipo + Cod Area + Topico + Nivel","Tipo + Area + Topico + Nivel","Type + Area Code + Subject + Level","S","RJ+R1+R2+RL","","S"
"SQO","3","QO_FILIAL+QO_ESCALA+QO_QUESTAO","Alternativa + Questao","Alternativa + Pregunta","Alternative + Question","S","","","S"
"SQP","1","QP_FILIAL+QP_QUESTAO+QP_ALTERNA","Questao + Alternativa","Pregunta + Alternativa","Question + Alternative","S","","","S"
"SQQ","1","QQ_FILIAL+QQ_TESTE+QQ_ITEM+QQ_QUESTAO","Avaliacao + Item + Questao","Evaluacion + Item + Pregunta","Evaluation + Item + Question","S","XXX+XXX+SQO","","S"
"SQR","1","QR_FILIAL+QR_CURRIC+QR_TESTE+QR_TOPICO+QR_QUESTAO+QR_ALTERNA","Cod Curric + Avaliacao + Topico + Questao + Alt Selec","Curriculo + Evaluacion + Topico + Pregunta + Alt Selec","Curric. Code + Evaluation + Subject + Question + Select Alt.","S","SQG+XXX+R2","","S"
"SQS","1","QS_FILIAL+QS_VAGA","Cod Vaga","Codigo Vac.","Vacancy Code","S","","","S"
"SQS","2","QS_FILIAL+QS_AREA+QS_FUNCAO+QS_VAGA","Cod Area + Cod Funcao + Cod Vaga","Area + Funcion + Codigo Vac.","Area Code + Function + Vacancy Code","S","R1+SRJ","","S"
"SQS","3","QS_FILIAL+QS_CLIENTE+QS_VAGA","Cod Cliente + Cod Vaga","Cliente + Codigo Vac.","Customer + Vacancy Code","S","","","S"
"SQT","1","QT_FILIAL+QT_CURSO+QT_TIPO","Cod Curso + Tipo","Curso + Tipo","Course Code + Type","S","","","S"
"SQT","2","QT_FILIAL+QT_DESCRIC","Descricao","Descripcion","Description","S","","","S"
"SQT","3","QT_FILIAL+QT_TIPO+QT_CURSO","Tipo + Cod Curso","Tipo + Curso","Type + Course Code","S","","","S"
"SQU","1","QU_FILIAL+QU_CODIGO","Cod Pesquisa","Cod.Busqued.","Research Cd.","S","","","S"
"SQU","2","QU_FILIAL+QU_DESCRIC","Descricao","Descripcion","Description","S","","","S"
"SQV","1","QV_FILIAL+QV_FATOR+QV_GRAU","Fator + Grau","Factor + Grado","Factor + Degree","S","","","S"
"SQV","2","QV_FILIAL+QV_DESCFAT","Desc.Fator","Desc.Factor","Factor Descr","S","","","S"
"SQW","1","QW_FILIAL+QW_MODELO+QW_SEQ+QW_AREA+QW_TOPICO","Cod. Modelo + Sequencia + Cod. Area + Topico","Cod. Modelo + Secuencia + Cod. Area + Topico","Model Code + Sequence + Area Code + Topic","S","XXX+XX+R1+R2","","S"
"SQW","2","QW_FILIAL+QW_DESCRIC","Descricao","Descripcion","Description","S","","","S"
"SQW","3","QW_FILIAL+QW_TIPO+QW_MODELO","Tipo Quest. + Cod. Modelo","Tipo Utiliz. + Cod. Modelo","Quest.Type + Model Code","S","RJ","","S"
"SQW","4","QW_FILIAL+QW_AREA+QW_MODELO","Cod. Area + Cod. Modelo","Cod. Area + Cod. Modelo","Area Code + Model Code","S","R1","","S"
"SQX","1","QX_FILIAL+QX_CODIGO","Cod. Tipo","Cod. Tipo","Type Code","S","","","S"
"SQX","2","QX_FILIAL+QX_DESC","Desc. Tipo","Desc. Tipo","Type Descr.","S","","","S"
"SR0","1","R0_FILIAL+R0_MAT+R0_MEIO","Matricula + Meio Transp.","Matricula + Medio Transp","Registration + Transp.Means","S","XXX+SRN","","S"
"SR0","2","R0_FILIAL+R0_MEIO+R0_MAT","Meio Transp. + Matricula","Medio Transp + Matricula","Transp.Means + Registration","S","SRN","","S"
"SR1","1","R1_FILIAL+R1_MAT+R1_SEMANA+R1_PD","Matricula + Nr. Semana + Codigo Verba","Matricula + Num. Semana + Codigo Conc.","Registration + Week Number + Allowance Cd","S","CAD+XXX+SRV","","S"
"SR2","1","R2_FILIAL+R2_MAT","Matricula","Matricula","Registration","S","CAD","","S"
"SR2","2","R2_FILIAL+R2_NOME","Nome","Nombre","Name","S","","","S"
"SR2","3","R2_FILIAL+R2_CGC+R2_PIS","CNPJ + PIS","CNPJ + PIS Empresa","CNPJ + Soc.Dev.Plan","S","","","S"
"SR2","4","R2_FILIAL+R2_CEI+R2_MAT","CEI + Matricula","CEI + Matricula","CEI + Registration","S","","","S"
"SR3","1","R3_FILIAL+R3_MAT+DTOS(R3_DATA)+R3_TIPO+R3_PD","Matricula + Data Aumento + Tipo Aumento + Prov./Desc.","Matricula + Fch Aumento + Tipo Aumento + Ingr./Dsct.","Registration + Increase Dt. + Incr. Type + Income/Disc.","S","XXX+XXX+41+SRV","","S"
"SR4","1","R4_FILIAL+R4_MAT+R4_CPFCGC+R4_CODRET+R4_MES+R4_TIPOREN","Matricula + CNPJ/CPF + Cod.Retencao + Mes Pagto. + Tipo Renda","Matricula + CNPJ/CPF + Cod. Retenc. + Mes Pago + Tipo Renta","Registration + CNPJ/CPF + Retent.Code + Payment Mnth + Income Type","S","CAD+XXX+37+XXX+36","","S"
"SR5","1","R5_FILIAL+R5_ARQUIVO+R5_REG+R5_ORDEM","Arquivo + N. Registro + Ordem","Archivo + Nro.Registro + Orden","File + Registr.No. + Order","S","","","S"
"SR5","2","R5_FILIAL+R5_ARQUIVO+R5_POSICAO","Arquivo + Posicao","Archivo + Posicion","File + Position","S","","","S"
"SR6","1","R6_FILIAL+R6_TURNO","Turno","Turno","Shift","S","","","S"
"SR7","1","R7_FILIAL+R7_MAT+DTOS(R7_DATA)+R7_TIPO","Matricula + Data Aumento + Tipo Aumento","Matricula + Fch Aumento + Tipo Aumento","Registration + Increase Dt. + Increase Ty.","S","XXX+XXX+41","","S"
"SR8","1","R8_FILIAL+R8_MAT+DTOS(R8_DATAINI)+R8_TIPO","Matricula + Dt. Afastam. + Tipo Afastam","Matricula + Fch Licencia + Tipo Licenc.","Registration + Absence Date + Absence Type","S","XXX+XXX+30","","S"
"SR9","1","R9_FILIAL+R9_MAT+R9_CAMPO+DTOS(R9_DATA)","Matricula + Campo Alt. + Dt.Alteracao","Matricula + Campo Modif. + Fch Modifica","Registration + Field Alter. + Alter.Date","S","","","S"
"SRA","1","RA_FILIAL+RA_MAT","Matricula","Matricula","Registration","S","","","S"
"SRA","2","RA_FILIAL+RA_CC+RA_MAT","Centro Custo + Matricula","Centro Costo + Matricula","Cost Center + Registration","S","SI3","","S"
"SRA","3","RA_FILIAL+RA_NOME+RA_MAT","Nome + Matricula","Nombre + Matricula","Name + Registration","S","","","S"
"SRA","4","RA_FILIAL+RA_TNOTRAB+RA_SEQTURN+RA_REGRA+RA_MAT","Turno Trab. + Seq.Ini.Turn + Regra Apont. + Matricula","Turno Trab. + Sec.Ini.Turn + Regla Apunte + Matricula","Work Shift + Ini.Shift Se + Annotat.Rule + Registration","S","SR6","","S"
"SRA","5","RA_FILIAL+RA_CIC","C.P.F.","C.P.F.","C.P.F.","S","","","S"
"SRA","6","RA_FILIAL+RA_PIS","P.I.S.","P.I.S","PIS","S","","","S"
"SRA","7","RA_FILIAL+RA_CODFUNC","Cod. Funcao","Funcion","Function","S","SRJ","","S"
"SRA","8","RA_FILIAL+RA_CC + RA_NOME","Centro Custo + Nome","Centro Costo + Nombre","Cost Center + Name","S","SI3","","S"
"SRA","9","RA_CRACHA+RA_FILIAL","Nr. Cracha + Filial","Nr. Credenc. + Sucursal","Badge Number + Branch","S","","","S"
"SRA","A","RA_APELIDO","Apelido","Apodo","Alias","S","","","S"
"SRA","B","RA_FILIAL+RA_CODIGO","Cod Profiss","Cod. profes.","Prof.Code","S","","","S"
"SRA","C","RA_FILIAL+RA_CARGO","Cargo","Cargo","Position","S","SQ3","","S"
"SRA","D","RA_MAT","Matricula","Matricula","Registration","S","","","N"
"SRA","E","RA_NOME","Nome","Nombre","Name","S","","","N"
"SRB","1","RB_FILIAL+RB_MAT","Matricula","Matricula","Registration","S","","","S"
"SRC","1","RC_FILIAL+RC_MAT+RC_PD+RC_CC+RC_SEMANA+RC_SEQ","Matricula + Codigo Verba + Centro Custo + Nro. Semana + Seq. Verba","Matricula + Codigo Conc. + Centro Costo + Nº Semana + Sec.Concept.","Registration + Allocat.Code + Cost Center + Week No. + Allowan.Seq.","S","CAD+SRV+SI3","","S"
"SRC","2","RC_FILIAL+RC_CC+RC_MAT+RC_PD+RC_SEMANA+RC_SEQ","Centro Custo + Matricula + Codigo Verba + Nro. Semana + Seq. Verba","Centro Costo + Matricula + Codigo Conc. + Nº Semana + Sec.Concept.","Cost Center + Registration + Allocat.Code + Week No. + Allowan.Seq.","S","SI3+CAD+SRV","","S"
"SRC","3","RC_FILIAL+RC_PD+RC_MAT+RC_SEQ","Codigo Verba + Matricula + Seq. Verba","Codigo Conc. + Matricula + Sec.Concept.","Allocat.Code + Registration + Allowan.Seq.","S","SRV+CAD","","S"
"SRD","1","RD_FILIAL+RD_MAT+RD_DATARQ+RD_PD+RD_SEMANA+RD_SEQ+RD_CC","Matricula + Dt.Arq. + Codigo Verba + Semana + Seq. Verba + Centro Cust","Matricula + Fch Archivo + Cod. Recurso + Semana + Sec. Fondos + Centro","Registration + File Date + Allow.Code + Week + Allowan.Seq. + Cost Cen","S","XXX+XXX+SRV","","S"
"SRD","2","RD_FILIAL+RD_CC+RD_MAT+RD_DATARQ+RD_PD+RD_SEMANA+RD_SEQ","Centro Custo + Matricula + Dt.Arq. + Codigo Verba + Semana + Seq. Verb","Centro Costo + Matricula + Fch Archivo + Cod. Recurso + Semana + Sec.","Cost Center + Registration + File Date + Allow.Code + Week + Allowan.S","S","","","S"
"SRE","1","RE_EMPD+RE_FILIALD+RE_MATD+DTOS(RE_DATA)","Empr. Origem + Fil.  Origem + Mat.  Origem + Dt.Transfer.","De   Empresa + Sucursal + Matr. Origen + Fecha Transf","Sourc.Cia. + Orig. Branch + Orig.Regist. + Trans.Date","S","","","S"
"SRE","2","RE_EMPP+RE_FILIALP+RE_MATP","Empr.Destino + Fil. Destino + Mat. Destino","Para Empresa + Sucursal + Matr.Destino","To Destinat. + Dest. Branch + Dest.Regist.","S","","","S"
"SRE","3","RE_FILIAL+DTOS(RE_DATA)","Dt.Transfer.","Fecha Transf","Trans.Date","S","","","N"
"SRF","1","RF_FILIAL+RF_MAT+DTOS(RF_DATABAS)","Matricula + Dt.Bas.Fer.","Matricula + Fch Bs.Vacac","Registration + Vacat.Bas.Dt","S","","","S"
"SRG","1","RG_FILIAL+RG_MAT+DTOS(RG_DTGERAR)","Matricula + Data Geracao","Matricula + Fch Generac.","Registration + Generat.Date","S","","","S"
"SRH","1","RH_FILIAL+RH_MAT+DTOS(RH_DATABAS)+DTOS(RH_DATAINI)","Matricula + Base Fer.Ini + Inic. Ferias","Matricula + Bs.InicVacac + Inic.Vacac.","Registration + Beg.Vac.Date + Beg.Vacation","S","","","S"
"SRH","2","RH_FILIAL+RH_MAT+DTOS(RH_DATAINI)","Matricula + Inic. Ferias","Matricula + Inic.Vacac.","Registration + Beg.Vacation","S","","","S"
"SRI","1","RI_FILIAL+RI_MAT+RI_PD","Matricula + Codigo Verba","Matricula + Codigo Conc.","Registration + Allowance Cd","S","XXX+SRV","","S"
"SRI","2","RI_FILIAL+RI_CC+RI_MAT+RI_PD","Centro Custo + Matricula + Codigo Verba","Centro Costo + Matricula + Codigo Conc.","Cost Center + Registration + Allowance Cd","S","SI3+XXX+SRV","","S"
"SRJ","1","RJ_FILIAL+RJ_FUNCAO","Funcao","Funcion","Function","S","","","S"
"SRJ","2","RJ_FILIAL+RJ_CODCBO","CBO 2002","CBO 2002","CBO 2002","S","","","S"
"SRJ","3","RJ_FILIAL+RJ_DESC","Descricao","Descripcion","Description","S","","","S"
"SRJ","4","RJ_FILIAL+RJ_CARGO","Cargo","Cargo","Position","S","SQ3","","S"
"SRK","1","RK_FILIAL+RK_MAT+RK_PD","Matricula + Codigo Verba","Matricula + Codigo Fondo","Registration + Allowance Cd","S","XXX+SRV","","S"
"SRL","1","RL_FILIAL+RL_MAT+RL_TIPOFJ+RL_CPFCGC+RL_CODRET","Matricula + Tipo Fis/Jur + CPF/CNPJ Ben + Cd. Retencao","Matricula + Tipo Fis/Jur + CPF/CNPJ Ben + Cod. Retenc.","Registration + Nat/Leg Ty. + Ben.CPF/CNPJ + With.Code","S","XXX+XXX+XXX+37","","S"
"SRL","2","RL_FILIAL+RL_CGCFONT+RL_CODRET+RL_TIPOFJ+RL_CPFCGC","CNPJ Fnt Pag + Cd. Retencao + Tipo Fis/Jur + CPF/CNPJ Ben","CNPJ FtePago + Cod. Retenc. + Tipo Fis/Jur + CPF/CNPJ Ben","Payer CNPJ + With.Code + Nat/Leg Ty. + Ben.CPF/CNPJ","S","XXX+37","","S"
"SRM","1","RM_FILIAL+RM_CALCULO+RM_SEQ+RM_SUBSEQ","Roteiro + Seq. Calculo + Seq. Formula","Procedimient + Sec. Calculo + Sec. Formula","Sequence + Calcul.Seq. + Seq.Formula","S","","","S"
"SRN","1","RN_FILIAL+RN_COD","Cod.M.Trans.","Medio Trans.","Trans.M.Code","S","","","S"
"SRO","1","RO_FILIAL+RO_MAT+DTOS(RO_DATA)+RO_CODTAR","Matricula + Dt.Tarefa De + Cod. Tarefa","Matricula + De Fch.Tarea + Tarea","Registration + From Task Dt + Code of Task","S","XXX+XXX+X59","","S"
"SRO","2","RO_FILIAL+RO_MAT+RO_CODTAR+DTOS(RO_DATA)","Matricula + Cod. Tarefa + Dt.Tarefa De","Matricula + Tarea + De Fch.Tarea","Registration + Code of Task + From Task Dt","S","XXX+X59","","S"
"SRP","1","RP_FILIAL+RP_MAT+RP_TIPO+RP_PD+RP_DATARQ","Matricula + Tipo + Codigo Verba + MM/AA Comp.","Matricula + Tipo + Codigo Conc. + MM/AA Comp.","Registration + Type + Allowance Cd + Month/Year C","S","","","S"
"SRQ","1","RQ_FILIAL+RQ_MAT+RQ_ORDEM+RQ_SEQUENC","Matricula + Ordem Benef. + Seq. Verbas","Matricula + Orden Benef. + Sec.Gastos","Registration + Benef. Order + All. Amt Seg","S","","","S"
"SRR","1","RR_FILIAL+RR_MAT+RR_TIPO3+DTOS(RR_DATA)+RR_PD+RR_CC","Matricula + Referencia + Data Geracao + Codigo Verba + C. de Custo","Matricula + Referencia + Fecha + Codigo Conc. + C. de Costo","Registration + Reference + Date + Allowance Cd + Cost Center","S","XXX+XXX+XXX+SRV","","S"
"SRR","2","RR_FILIAL+RR_CC+RR_MAT+RR_TIPO3+DTOS(RR_DATA)+RR_PD","C. de Custo + Matricula + Referencia + Data Geracao + Codigo Verba","C. de Costo + Matricula + Referencia + Fecha + Codigo Conc.","Cost Center + Registration + Reference + Date + Allowance Cd","S","","","S"
"SRS","1","RS_FILIAL+RS_MAT+RS_ANO+RS_MES","Matricula + Ano + Mes","Matricula + Ano + Mes","Registration + Year + Month","S","","","S"
"SRT","1","RT_FILIAL+RT_MAT+RT_CC+DTOS(RT_DATACAL)+RT_TIPPROV+RT_VERBA","Matricula + Centro Custo + Data Calculo + Provisao + Verba","Matricula + Centro Costo + Fch.Calculo + Provision + Fondo","Registration + Cost Center + Calc. Date + Provision + Allowance","S","","","S"
"SRT","2","RT_FILIAL+RT_CC+RT_MAT+DTOS(RT_DATACAL)+RT_TIPPROV+RT_VERBA","Centro Custo + Matricula + Data Calculo + Provisao + Verba","Centro Costo + Matricula + Fch.Calculo + Provision + Fondo","Cost Center + Registration + Calc. Date + Provision + Allowance","S","","","S"
"SRU","1","RU_FILIAL+RU_CODIGO+RU_SEQUE","Codigo Pesq. + Sequencia","Codigo Encu. + Secuencia","Search Code + Sequence","S","","","S"
"SRV","1","RV_FILIAL+RV_COD","Codigo Verba","Concepto","Allowance Cd","S","","","S"
"SRV","2","RV_FILIAL+RV_CODFOL","Id.p/Calculo","Idenf. Calc.","Calc.Ident.","S","X05","","S"
"SRV","3","RV_FILIAL+RV_DESC","Descricao","Descripcion","Description","S","","","S"
"SRV","4","RV_FILIAL+RV_TIPOCOD+RV_COD","Tipo do Cod. + Codigo Verba","Tipo de Cod. + Concepto","Code Type + Allowance Cd","S","","","S"
"SRW","1","RW_FILIAL+RW_PROCESS+RW_ALIAS+RW_IDUSER","Processo + Arquivo + ID Usuario","Proceso + Archivo + ID Usuario","Process + File + User ID","S","","","S"
"SRX","1","RX_FILIAL+RX_TIP+RX_COD","Tipo + Codigo","Tipo + Codigo","Type + Code","S","","","S"
"SRX","2","RX_TIP+RX_COD","Tipo + Codigo","Tipo + Codigo","Type + Code","S","","","S"
"SRY","1","RY_FILIAL+RY_CALCULO","Roteiro","Procedimient","Sequence","S","","","S"
"SRY","2","RY_FILIAL+RY_DESC","Desc.Rot.","Desc. Proc.","Circ.Descr.","S","","","S"
"SRZ","1","RZ_FILIAL+RZ_CC+RZ_PD+RZ_TPC","Centro Custo + Codigo Verba + Tp.Contrato","Centro Costo + Codigo Fondo + Tipo Contrat","Cost Center + Allowance Cd + Contract Ty.","S","SI3","","S"
"SRZ","2","RZ_FILIAL+RZ_PD+RZ_CC","Codigo Verba + Centro Custo","Codigo Fondo + Centro Costo","Allowance Cd + Cost Center","S","XXX+SI3","","S"
"ST0","1","T0_FILIAL+T0_ESPECIA","Especial.","Especial.","Skills","S","","","S"
"ST0","2","T0_FILIAL+T0_NOME","Nome","Nombre","Name","S","","","S"
"ST1","1","T1_FILIAL+T1_CODFUNC","Matricula","Matricula","Registration","S","","","S"
"ST1","2","T1_FILIAL+T1_NOME","Nome","Nombre","Name","S","","","S"
"ST1","3","T1_FILIAL+T1_CCUSTO","Centro Custo","Centro Costo","Cost Center","S","","","S"
"ST1","4","T1_FILIAL+T1_CONTRAT+T1_CODFUNC","Contrato + Matricula","Contrato + Matricula","Contract + Registration","S","","","S"
"ST1","5","T1_FILIAL+T1_TURNO","Turno","Turno","Shift","S","","","S"
"ST2","1","T2_FILIAL+T2_CODFUNC+T2_ESPECIA","Matricula + Especial.","Matricula + Especial.","Registration + Skill","S","","","S"
"ST2","2","T2_FILIAL+T2_ESPECIA+T2_CODFUNC","Especial. + Matricula","Especial. + Matricula","Skill + Registration","S","","","S"
"ST3","1","T3_FILIAL+T3_CODBEM+T3_MOTIVO","Bem + Motivo","Bien + Motivo","Asset + Reason","S","","","S"
"ST3","2","T3_FILIAL+T3_ORDEM+T3_PLANO","Ordem + Plano","Orden + Plan","Order + Plan","S","","","S"
"ST3","3","T3_FILIAL+T3_CODBEM+DTOS(T3_DTINI)","Bem + DT Inicial","Bien + Fch. Inicial","Asset + Initial Date","S","","","S"
"ST4","1","T4_FILIAL+T4_SERVICO","Servico","Servicio","Service","S","","","S"
"ST4","2","T4_FILIAL+T4_NOME","Nome","Nombre","Name","S","","","S"
"ST4","3","T4_FILIAL+T4_CODAREA","Area Manut.","Area Manten.","Maint. Area","S","","","S"
"ST4","4","T4_FILIAL+T4_TIPOMAN","Tipo Manut.","Tipo Manten.","Maint. Type","S","","","S"
"ST4","5","T4_FILIAL+T4_DOCTO","Procedimento","Procedimient","Procedure","S","","","S"
"ST5","1","T5_FILIAL+T5_CODBEM+T5_SERVICO+T5_SEQRELA+T5_TAREFA","Bem + Servico + Sequencia + Tarefa","Bien + Servicio + Secencia + Tarea","Asset + Service + Sequence + Task","S","","","S"
"ST5","2","T5_FILIAL+T5_CODBEM+T5_TAREFA+T5_SERVICO","Bem + Tarefa + Servico","Bien + Tarea + Servicio","Asset + Task + Service","S","","","S"
"ST5","3","T5_FILIAL+T5_DOCFIL+T5_DOCTO","Filial Proc. + Procedimento","Suc. Proc. + Procedimient","Proc.Branch + Procedure","S","","","S"
"ST5","4","T5_FILIAL+T5_DOCTO","Procedimento","Procedimient","Procedure","S","","","S"
"ST6","1","T6_FILIAL+T6_CODFAMI","Familia","Grupo","Family","S","","","S"
"ST6","2","T6_FILIAL+T6_NOME","Nome do Bem","Nombre Bien","Asset Name","S","","","S"
"ST7","1","T7_FILIAL+T7_FABRICA","Fabricante","Fabricante","Manufacturer","S","","","S"
"ST7","2","T7_FILIAL+T7_NOME","Nome","Nombre","Name","S","","","S"
"ST8","1","T8_FILIAL+T8_CODOCOR+T8_TIPO","Ocorrencia + Tipo Carac.","Evento + Tipo Carac.","Occurrence + Charac. Type","S","","","S"
"ST8","2","T8_FILIAL+T8_NOME","Nome Ocorre.","Nom. Evento","Occur. Name","S","","","S"
"ST8","3","T8_FILIAL+T8_TIPO+T8_CODOCOR","Tipo Carac. + Ocorrencia","Tipo Carac. + Evento","Charac. Type + Occurrence","S","","","S"
"ST9","1","T9_FILIAL+T9_CODBEM","Bem","Bien","Asset","S","","","S"
"ST9","2","T9_FILIAL+T9_CCUSTO+T9_CENTRAB+T9_CODFAMI+T9_CODBEM","Centro Custo + C.Trabalho + Familia + Bem","Centro Costo + C. Trabajo + Familia + Bien","Cost Center + Work Center + Family + Asset","S","","","S"
"ST9","3","T9_FILIAL+T9_CCUSTO+T9_CODBEM","Centro Custo + Bem","Centro Costo + Bien","Cost Center + Asset","S","","","S"
"ST9","4","T9_FILIAL+T9_CODFAMI+T9_CODBEM","Familia + Bem","Familia + Bien","Family + Asset","S","","","S"
"ST9","5","T9_FILIAL+T9_NOME","Nome do Bem","Nom. de Bien","Asset Name","S","","","S"
"ST9","6","T9_FILIAL+T9_FABRICA+T9_CODBEM","Fabricante + Bem","Fabricante + Bien","Manufacturer + Asset","S","","","S"
"ST9","7","T9_FILIAL+T9_CODESTO","Estoque","Stock","Inventory","S","","","S"
"ST9","8","T9_FILIAL+T9_CODIMOB","Imobilizado","Inmovilizado","Fixed Asset","S","","","S"
"ST9","9","T9_FILIAL+T9_CALENDA","Turno","Turno","Shift","S","","","S"
"ST9","A","T9_FILIAL+T9_CENTRAB","C.Trabalho","C. Trabajo","Work Center","S","","","S"
"ST9","B","T9_FILIAL+T9_FORNECE+T9_LOJA","Fornecedor + Loja","Proveedor + Tienda","Supplier + Unit","S","","","S"
"ST9","C","T9_FILIAL+T9_CLIENTE+T9_LOJACLI","Cliente + Loja Cliente","Cliente + Tda. Cliente","Customer + Cust. Unit","S","","","S"
"ST9","D","T9_FILIAL+T9_FERRAME+T9_RECFERR","Tipo (PCP) + Recur/Ferram","+Tipo (PCP)? + Recur/Herram","Cost Ac/PCP? + Resour/Toll","S","","","S"
"STA","1","TA_FILIAL+TA_ORDEM+TA_PLANO+TA_TAREFA+TA_TIPOREG+TA_CODIGO+TA_DESCRIC","Ordem Serv. + Plano + Tarefa + Tipo Insumo + Cod. Insumo + Descricao","Ord. Serv. + Plan + Tarea + Tipo Insumo + Cod. Insumo + Descripcion","SO + Plan + Task + Input Type + Input Code + Description","S","","","S"
"STA","2","TA_FILIAL+TA_ORDEM+TA_PLANO+TA_TIPOREG","Ordem Serv. + Plano + Tipo Insumo","Ord. Serv. + Plan + Tipo Insumo","SO + Plan + Input Type","S","","","S"
"STB","1","TB_FILIAL+TB_CODBEM+TB_CARACTE","Bem + Caract.","Bien + Caract.","Asset + Charac.","S","","","S"
"STB","2","TB_FILIAL+TB_CARACTE+TB_CODBEM","Caract. + Bem","Caract. + Bien","Charac. + Asset","S","","","S"
"STB","3","TB_FILIAL+TB_UNIDADE","Unidade","Unidad","Unit","S","","","S"
"STC","1","TC_FILIAL+TC_CODBEM+TC_COMPONE+TC_TIPOEST+TC_LOCALIZ","Bem + Componente + Tipo + Localizacao","Bien + Componente + Tipo + Ubicacion","Asset + Component + Type + Location","S","","","S"
"STC","2","TC_FILIAL+TC_CODBEM+TC_SEQRELA","Bem + Sequencia","Bien + Secuencia","Asset + Sequence","S","","","S"
"STC","3","TC_FILIAL+TC_COMPONE+TC_CODBEM","Componente + Bem","Componente + Bien","Component + Asset","S","","","S"
"STC","4","TC_FILIAL+TC_LOCALIZ","Localizacao","Ubicacion","Location","S","","","S"
"STD","1","TD_FILIAL+TD_CODAREA","Area Manut.","Area Manten.","Maint. Area","S","","","S"
"STD","2","TD_FILIAL+TD_NOME","Nome","Nombre","Name","S","","","S"
"STE","1","TE_FILIAL+TE_TIPOMAN","Tipo Manut.","Tipo Manten.","Maint. Group","S","","","S"
"STE","2","TE_FILIAL+TE_NOME","Nome","Nombre","Name","S","","","S"
"STF","1","TF_FILIAL+TF_CODBEM+TF_SERVICO+TF_SEQRELA","Bem + Servico + Sequencia","Bien + Servicio + Secuencia","Asset + Service + Sequence","S","","","S"
"STF","2","TF_FILIAL+TF_CODAREA+TF_CODBEM+TF_SERVICO+TF_SEQRELA","Area Manut. + Bem + Servico + Sequencia","Area Manten. + Bien + Servicio + Secuencia","Maint. Area + Asset + Service + Sequence","S","","","S"
"STF","3","TF_FILIAL+TF_SERVICO+TF_CODBEM","Servico + Bem","Servicio + Bien","Service + Asset","S","","","S"
"STF","4","TF_FILIAL+TF_SERVICO+TF_CODAREA+TF_TIPO","Servico + Area Manut. + Tipo de Man.","Servicio + Area Manten. + Tipo Manten.","Service + Maint. Area + Maint. Type","S","","","S"
"STF","5","TF_FILIAL+TF_DOCFIL+TF_DOCTO","Filial Proc. + Procedimento","Suc. Proc. + Procedimient","Proc.Branch + Procedure","S","","","S"
"STF","6","TF_FILIAL+TF_CALENDA","Calendario","Calendario","Calendar","S","","","S"
"STF","7","TF_FILIAL+TF_DOCTO","Procedimento","Procedimient","Procedure","S","","","S"
"STG","1","TG_FILIAL+TG_CODBEM+TG_SERVICO+TG_SEQRELA+TG_TAREFA+TG_TIPOREG+TG_CODIGO","Bem + Servico + Sequencia + Tarefa + TP + Codigo","Bien + Servicio + Secuen.Rel. + Tarea + TP + Codigo","Asset + Service + Sequence + Task + Type + Code","S","","","S"
"STG","2","TG_FILIAL+TG_TIPOREG+TG_CODIGO+TG_CODBEM+TG_SERVICO+TG_SEQRELA+TG_TAREFA","TP + Codigo + Bem + Servico + Sequencia + Tarefa","TP + Codigo + Bien + Servicio + Secuen.Rel. + Tarea","Type + Code + Asset + Service + Sequence + Task","S","","","S"
"STH","1","TH_FILIAL+TH_CODBEM+TH_SERVICO+TH_SEQRELA+TH_TAREFA+TH_ETAPA","Bem + Servico + Sequencia + Tarefa + Etapa","Bien + Servicio + Secuencia + Tarea + Etapa","Asset + Service + Sequence + Task + Phase","S","","","S"
"STH","2","TH_FILIAL+TH_ETAPA","Etapa","Etapa","Phase","S","","","S"
"STH","3","TH_FILIAL+TH_CODBEM+TH_SERVICO+TH_SEQRELA+TH_TAREFA+TH_SEQETA+TH_ETAPA","Bem + Servico + Sequencia + Tarefa + Seq. Etapa + Etapa","Bien + Servicio + Secuencia + Tarea + Sec. Etapa + Etapa","Asset + Service + Sequence + Task + Stage Seq. + Phase","S","","","S"
"STI","1","TI_FILIAL+TI_PLANO","Plano","Plan","Plan","S","","","S"
"STI","2","TI_FILIAL+DTOS(TI_DATAPLA)+TI_PLANO","Data Plano + Plano","Fecha Plan + Plan","Plan Date + Plan","S","","","S"
"STI","3","TI_FILIAL+DTOS(TI_DATAINI)","Data Inicio","Fecha Inicio","Initial Date","S","","","S"
"STI","4","TI_FILIAL+TI_CCUSINI","C.Custo Ini.","C.Costo Ini.","CC-Beginning","S","","","S"
"STI","5","TI_FILIAL+TI_CCUSFIM","C.Custo Fim","C.Costo Fin","CC - End","S","","","S"
"STI","6","TI_FILIAL+TI_CTRAINI","C.Trab.Ini","C.Trab.Ini","WC-Beginning","S","","","S"
"STI","7","TI_FILIAL+TI_CTRAFIM","C.Trab.Fim","C.Trab.Fin","WC - End","S","","","S"
"STJ","1","TJ_FILIAL+TJ_ORDEM+TJ_PLANO+TJ_TIPOOS+TJ_CODBEM+TJ_SERVICO+TJ_SEQRELA","Ordem Serv. + Plano Manut. + Tipo OS + Bem + Servico + Sequencia","Ord. Serv. + Plan Manten. + Tipo OS + Bien + Servicio + Secuencia","Serv.Order + Maint.Plan + S.O. Type + Asset + Service + Rel.Seq.","S","","","S"
"STJ","2","TJ_FILIAL+TJ_TIPOOS+TJ_CODBEM+TJ_SERVICO+TJ_SEQRELA+TJ_ORDEM+TJ_PLANO","Tipo OS + Bem + Servico + Sequencia + Ordem Serv. + Plano Manut.","Tipo OS + Bien + Servicio + Secuencia + Ord. Serv. + Plan Manten.","S.O. Type + Asset + Service + Rel.Seq. + Serv.Order + Maint.Plan","S","","","S"
"STJ","3","TJ_FILIAL+TJ_PLANO+TJ_ORDEM+TJ_TIPOOS+TJ_CODBEM+TJ_SERVICO+TJ_SEQRELA","Plano Manut. + Ordem Serv. + Tipo OS + Bem + Servico + Sequencia","Plan Manten. + Ord. Serv. + Tipo OS + Bien + Servicio + Secuencia","Maint.Plan + Serv.Order + S.O. Type + Asset + Service + Rel.Seq.","S","","","S"
"STJ","4","TJ_FILIAL+TJ_SERVICO+TJ_TIPOOS+TJ_CODBEM+TJ_SEQRELA+TJ_ORDEM+TJ_PLANO","Servico + Tipo OS + Bem + Sequencia + Ordem Serv. + Plano Manut.","Servicio + Tipo OS + Bien + Secuencia + Ord. Serv. + Plan Manten.","Service + S.O. Type + Asset + Rel.Seq. + Serv.Order + Maint.Plan","S","","","S"
"STJ","5","TJ_FILIAL+TJ_PLANO+TJ_CCUSTO+TJ_CENTRAB+TJ_PRIORID+TJ_ORDEM+TJ_TIPOOS+TJ_CODBEM","Plano Manut. + Centro Custo + Centro Trab. + Prioridade + Ordem Serv.","Plan Manten. + Centro Costo + Centro Trab. + Prioridad + Ord. Serv. +","Maint.Plan + Cost Center + Work Center + Priority + Serv.Order + S.O.","S","","","S"
"STJ","6","TJ_FILIAL+TJ_TIPOOS+TJ_CODBEM+TJ_SERVICO+TJ_SEQRELA+DTOS(TJ_DTORIGI)","Tipo OS + Bem + Servico + Sequencia + Dt Original","Tipo OS + Bien + Servicio + Secuencia + Fch.Original","S.O. Type + Asset + Service + Rel.Seq. + Original Dt.","S","","","S"
"STJ","7","TJ_FILIAL+TJ_CCUSTO+TJ_CENTRAB+TJ_SERVICO","Centro Custo + Centro Trab. + Servico","Centro Costo + Centro Trab. + Servicio","Cost Center + Work Center + Service","S","","","S"
"STJ","8","TJ_FILIAL+DTOS(TJ_DTMPINI)+TJ_ORDEM+TJ_PLANO","Dt.Man.Pr.I. + Ordem Serv. + Plano Manut.","Fch.Man.Pr.I + Ord. Serv. + Plan Manten.","Est.M.In.Dt + Serv.Order + Maint.Plan","S","","","S"
"STJ","9","TJ_FILIAL+TJ_PLANO+TJ_TIPOOS+TJ_CODBEM+DTOS(TJ_DTMPINI)+TJ_SEQRELA","Plano Manut. + Tipo OS + Bem + Dt.Man.Pr.I. + Sequencia","Plan Manten. + Tipo OS + Bien + Fch.Man.Pr.I + Secuencia","Maint.Plan + S.O. Type + Asset + Est.M.In.Dt + Rel.Seq.","S","","","S"
"STJ","A","TJ_FILIAL+TJ_CCUSTO+TJ_TERMINO+TJ_SITUACA","Centro Custo + Termino + Situacao","Centro Costo + Termino + Situacion","Cost Center + End + Status","S","","","S"
"STJ","B","TJ_FILIAL+TJ_ORDEPAI+TJ_TIPOOS+TJ_CODBEM","Ordem Pai + Tipo OS + Bem","Orden Princ. + Tipo OS + Bien","Main Order + S.O. Type + Asset","S","","","S"
"STJ","C","TJ_FILIAL+TJ_TIPOOS+TJ_CODBEM+TJ_TERMINO+DTOS(TJ_DTMRFIM)","Tipo OS + Bem + Termino + Dt.Man.Re.F.","Tipo OS + Bien + Termino + Fch.Man.Re.F","S.O. Type + Asset + End + R.Mai.F.Date","S","","","S"
"STJ","D","TJ_FILIAL+TJ_TIPOOS+TJ_CODBEM+TJ_CCUSTO","Tipo OS + Bem + Centro Custo","Tipo OS + Bien + Centro Costo","S.O. Type + Asset + Cost Center","S","","","S"
"STJ","E","TJ_FILIAL+TJ_BEMPAI+TJ_SITUACA+TJ_TERMINO","Bem Pai + Situacao + Termino","Bien Princ. + Situacion + Termino","Main Asset + Status + End","S","","","S"
"STJ","F","TJ_FILIAL+TJ_TIPOOS+TJ_CODBEM+DTOS(TJ_DTORIGI)+TJ_SUBSTIT","Tipo OS + Bem + Dt Original + Substit. O.S","Tipo OS + Bien + Fch.Original + Sustit. O.S","S.O. Type + Asset + Original Dt. + S.O.Subst.","S","","","S"
"STK","1","TK_FILIAL+TK_ORDEM+TK_PLANO+TK_TAREFA+TK_CODFUNC","Ordem Serv. + Plano Manut. + Tarefa + Matricula","Orden Serv. + Plan Manten. + Tarea + Matricula","Serv.Ord. + Maint. Plan + Task + Registration","S","","","S"
"STK","2","TK_FILIAL+TK_CODFUNC+DTOS(TK_DATAINI)+TK_HORAINI","Matricula + Dt.Bloqueio + Hora Inicio","Matricula + Fch. Bloqueo + Hora Inicio","Registration + Block. Date + Initial Time","S","","","S"
"STL","1","TL_FILIAL+TL_ORDEM+TL_PLANO+TL_TAREFA+TL_TIPOREG+TL_CODIGO+TL_SEQRELA","Ordem + Plano + Tarefa + Tipo Insumo + Codigo + Sequencia","Orden + Plan + Tarea + Tipo Insumo + Codigo + Secuencia","Order + Plan + Task + Input Type + Code + Sequence","S","","","S"
"STL","2","TL_FILIAL+TL_TIPOREG+TL_SEQRELA+TL_CODIGO+TL_ORDEM+TL_PLANO","Tipo Insumo + Sequencia + Codigo + Ordem + Plano","Tipo Insumo + Secuencia + Codigo + Orden + Plan","Input Type + Sequence + Code + Order + Plan","S","","","S"
"STL","3","TL_FILIAL+TL_ORDEM+TL_PLANO+TL_SEQRELA+TL_TAREFA+TL_TIPOREG+TL_CODIGO","Ordem + Plano + Sequencia + Tarefa + Tipo Insumo + Codigo","Orden + Plan + Secuencia + Tarea + Tipo Insumo + Codigo","Order + Plan + Sequence + Task + Input Type + Code","S","","","S"
"STL","4","TL_FILIAL+TL_ORDEM+TL_PLANO+TL_TIPOREG+TL_CODIGO","Ordem + Plano + Tipo Insumo + Codigo","Orden + Plan + Tipo Insumo + Codigo","Order + Plan + Input Type + Code","S","","","S"
"STL","5","TL_FILIAL+TL_TIPOREG+TL_SEQRELA+DTOS(TL_DTFIM)","Tipo Insumo + Sequencia + Data Fim","Tipo Insumo + Secuencia + Fecha Fin","Input Type + Sequence + Ending Date","S","","","S"
"STL","6","TL_FILIAL+DTOS(TL_DTINICI)","Data Inicio","Fecha Inicio","Initial Date","S","","","S"
"STL","7","TL_FILIAL+TL_NUMSEQ","Num.Seq.SD3","Num.Sec.SD3","SD3 Seq. No.","S","","","S"
"STL","8","TL_FILIAL+TL_TIPOREG+TL_CODIGO","Tipo Insumo + Codigo","Tipo Insumo + Codigo","Input Type + Code","S","","","S"
"STL","9","TL_FILIAL+TL_NUMSC+TL_ITEMSC","Numero da SC + Item da SC","N. Solc.Comp + Item Sl.Comp","Pur.Req.No. + Pur.Req.Item","S","","","S"
"STL","A","TL_FILIAL+TL_NUMOP+TL_ITEMOP","Numero da OP + Item da OP","Nr.Ord.Prod. + Item","Prod.Or.No. + Item","S","","","S"
"STL","B","TL_FILIAL+TL_CODBEM+TL_SERVICO+TL_SEQRMAN+DTOS(TL_DTINICI)","Bem + Servico + Seq. Manut. + Data Inicio","Bien + Servicio + Sec. Mant. + Fecha Inicio","Asset + Service + Maint.Seq. + Initial Date","S","","","S"
"STL","C","TL_FILIAL+TL_SERVICO+TL_SEQRMAN+TL_CODBEM+DTOS(TL_DTINICI)","Servico + Seq. Manut. + Bem + Data Inicio","Servicio + Sec. Mant. + Bien + Fecha Inicio","Service + Maint.Seq. + Asset + Initial Date","S","","","S"
"STL","D","TL_FILIAL +TL_LOCALIZ","Localizacao","Ubicacion","Address","S","","","S"
"STM","1","TM_FILIAL+TM_CODBEM+TM_SERVICO+TM_SEQRELA+TM_TAREFA+TM_DEPENDE","Bem + Servico + Sequecia + Tarefa + Dependencia","Bien + Servicio + Secuencia + Tarea + Dependencia","Asset + Service + Sequence + Task + Pending","S","","","S"
"STN","1","TN_FILIAL+TN_ORDEM+TN_PLANO+TN_TAREFA+TN_SEQRELA+TN_CODOCOR","Ordem + Plano + Tarefa + Sequencia + Ocorrencia","Orden + Plan + Tarea + Secuencia + Evento","Order + Plan + Task + Sequence + Occurrence","S","","","S"
"STN","2","TN_FILIAL+TN_ORDEM+TN_TAREFA","Ordem + Tarefa","Orden + Tarea","Order + Task","S","","","S"
"STN","3","TN_FILIAL+TN_CODOCOR","Ocorrencia","Evento","Occurrence","S","","","S"
"STN","4","TN_FILIAL+TN_CAUSA","Causa","Causa","Cause","S","","","S"
"STN","5","TN_FILIAL+TN_SOLUCAO","Solucao","Solucion","Solution","S","","","S"
"STO","1","TO_FILIAL+TO_PLANO","Plano","Plan","Plan","S","","","S"
"STO","2","TO_FILIAL+DTOS(TO_DATAINI)","Data Inicio","Fecha Inicio","Initial Date","S","","","S"
"STO","3","TO_FILIAL+TO_CCUSINI","C.Custo Ini.","C.Costo Ini.","CC - Beginn.","S","","","S"
"STO","4","TO_FILIAL+TO_CCUSFIM","C.Custo Fim","C.Costo Fin","CC - End","S","","","S"
"STO","5","TO_FILIAL+TO_CTRAINI","C.Trab.Ini.","C.Trab.Ini.","WC - Initial","S","","","S"
"STO","6","TO_FILIAL+TO_CTRAFIM","C.Trab.Fim","C.Trab.Fin","WC - Fin.","S","","","S"
"STP","1","TP_FILIAL+TP_ORDEM+TP_PLANO+TP_CODBEM+DTOS(TP_DTORIGI)","Ordem Serv. + Plano Acomp. + Bem + Dt Original","Orden Serv. + Plan Acomp. + Bien + Fch.Original","Serv.Order + Follow-up Pl + Asset + Original Dt.","S","","","S"
"STP","2","TP_FILIAL+TP_CODBEM+DTOS(TP_DTORIGI)+DTOS(TP_DTLEITU)+TP_HORA","Bem + Dt Original + Data Leitura + Hora lancam.","Bien + Fch.Original + Fch. Lectura + Hora asiento","Asset + Original Dt. + Reading Date + Entry Time","S","","","S"
"STP","3","TP_FILIAL+TP_PLANO+TP_ORDEM+TP_CODBEM","Plano Acomp. + Ordem Serv. + Bem","Plan Acomp. + Orden Serv. + Bien","Follow-up Pl + Serv.Order + Asset","S","","","S"
"STP","4","TP_FILIAL+TP_PLANO+TP_CCUSTO+TP_CENTRAB+DTOS(TP_DTREAL)+TP_CODBEM","Plano Acomp. + Centro Custo + Centro Trab. + Data Plano + Bem","Plan Acomp. + Centro Costo + Centro Trab. + Fecha Plan + Bien","Follow-up Pl + Cost Center + Work Center + Plan Date + Asset","S","","","S"
"STP","5","TP_FILIAL+TP_CODBEM+DTOS(TP_DTLEITU)+TP_HORA","Bem + Data Leitura + Hora lancam.","Bien + Fch. Lectura + Hora asiento","Asset + Reading Date + Entry Time","S","","","S"
"STP","6","TP_FILIAL+TP_CCUSTO","Centro Custo","Centro Costo","Cost Center","S","","","S"
"STP","7","TP_FILIAL+TP_CENTRAB","Centro Trab.","Centro Trab.","Work Center","S","","","S"
"STQ","1","TQ_FILIAL+TQ_ORDEM+TQ_PLANO+TQ_TAREFA+TQ_ETAPA","Ordem + Plano + Tarefa + Etapa","Orden + Plan + Tarea + Etapa","Order + Plan + Task + Phase","S","","","S"
"STQ","2","TQ_FILIAL+TQ_ETAPA+TQ_TAREFA","Etapa + Tarefa","Etapa + Tarea","Phase + Task","S","","","S"
"STQ","3","TQ_FILIAL+TQ_ORDEM+TQ_PLANO+TQ_TAREFA+TQ_SEQETA+TQ_ETAPA","Ordem + Plano + Tarefa + Seq. Etapa + Etapa","Orden + Plan + Tarea + Sec. Etapa + Etapa","Order + Plan + Task + Stage Seq. + Phase","S","","","S"
"STR","1","TR_FILIAL+TR_BEMFAMI+TR_CODBEM+TR_PRODUTO","Familia + Bem + Produto","Familia + Bien + Producto","Family + Asset + Product","S","","","S"
"STR","2","TR_FILIAL+TR_CODBEM","Bem","Bien","Asset","S","","","S"
"STR","3","TR_FILIAL+TR_PRODUTO","Produto","Producto","Product","S","","","S"
"STS","1","TS_FILIAL+TS_ORDEM+TS_PLANO+TS_TIPOOS+TS_CODBEM+TS_SERVICO+TS_SEQRELA","Ordem Serv. + Plano Manut. + Tipo OS + Bem + Servico + Sequencia","Orden Serv. + Plan Manten. + Tipo OS + Bien + Servicio + Secuencia","Serv.Ord. + Maint. Plan + S.O. Type + Asset + Service + Sequence","S","","","S"
"STS","2","TS_FILIAL+TS_TIPOOS+TS_CODBEM+TS_SERVICO+TS_SEQUENC","Tipo OS + Bem + Servico + Sequnecia","Tipo OS + Bien + Servicio + Secuencia","S.O. Type + Asset + Service + Sequence","S","","","S"
"STS","3","TS_FILIAL+TS_PLANO+TS_ORDEM","Plano Manut. + Ordem Serv.","Plan Manten. + Orden Serv.","Maint. Plan + Serv.Ord.","S","","","S"
"STS","4","TS_FILIAL+TS_CCUSTO","Centro Custo","Centro Costo","Cost Center","S","","","S"
"STS","5","TS_FILIAL+TS_SERVICO","Servico","Servicio","Service","S","","","S"
"STS","6","TS_FILIAL+TS_ORDEPAI","Ordem Pai","Orden Princ.","Main Order","S","","","S"
"STS","7","TS_FILIAL+TS_CENTRAB","Centro Trab.","Centro Trab.","Work Center","S","","","S"
"STS","8","TS_FILIAL+TS_TIPOOS+TS_CODBEM+TS_TERMINO+DTOS(TS_DTMRFIM)","Tipo OS + Bem + Termino + Dt.Man.Re.F.","Tipo OS + Bien + Termino + Fch.Man.Re.F","S.O. Type + Asset + Finish + Re.Ma.Fi.Dt.","S","","","S"
"STS","9","TS_FILIAL+TS_TIPOOS+TS_CODBEM+TS_CCUSTO","Tipo OS + Bem + Centro Custo","Tipo OS + Bien + Centro Costo","S.O. Type + Asset + Cost Center","S","","","S"
"STS","A","TS_FILIAL+TS_PLANO+TS_CCUSTO+TS_CENTRAB","Plano Manut. + Centro Custo + Centro Trab.","Plan Manten. + Centro Costo + Centro Trab.","Maint. Plan + Cost Center + Work Center","S","","","S"
"STT","1","TT_FILIAL+TT_ORDEM+TT_PLANO+TT_TAREFA+TT_TIPOREG+TT_CODIGO+TT_SEQRELA","Ordem + Plano + Tarefa + Tipo Retorno + Codigo + Sequencia","Orden + Plan + Tarea + Tipo Retorno + Codigo + Secuencia","Order + Plan + Task + Return Type + Code + Sequence","S","","","S"
"STT","2","TT_FILIAL+TT_ORDEM+TT_PLANO+TT_TIPOREG+TT_CODIGO","Ordem + Plano + Tipo Retorno + Codigo","Orden + Plan + Tipo Retorno + Codigo","Order + Plan + Return Type + Code","S","","","S"
"STT","3","TT_FILIAL+TT_TIPOREG+TT_CODIGO","Tipo Retorno + Codigo","Tipo Retorno + Codigo","Return Type + Code","S","","","S"
"STT","4","TT_FILIAL+TT_TIPOREG+TT_SEQRELA+DTOS(TT_DTFIM)","Tipo Retorno + Sequencia + Data Fim","Tipo Retorno + Secuencia + Fecha Fin","Return Type + Sequence + Date - End","S","","","S"
"STT","5","TT_FILIAL+DTOS(TT_DTINICI)","Data Inicio","Fecha Inicio","Initial Date","S","","","S"
"STT","6","TT_FILIAL+TT_LOCALIZ","Localizacao","Ubicacion","Address","S","","","S"
"STU","1","TU_FILIAL+TU_ORDEM+TU_PLANO+TU_TAREFA+TU_SEQRELA","Ordem + Plano + Tarefa + Sequencia","Orden + Plan + Tarea + Secuencia","Order + Plan + Task + Sequence","S","","","S"
"STV","1","TV_FILIAL+TV_ORDEM+TV_PLANO+TV_TAREFA+TV_TIPOREG+TV_CODIGO","Ordem Serv. + Plano + Tarefa + Tipo Insumo + Cod. Insumo","Orden Serv. + Plan + Tarea + Tipo Insumo + Cod. Insumo","SO + Plan + Task + Input Type + Input Code","S","","","S"
"STW","1","TW_FILIAL+DTOS(TW_DTREAL)+TW_CODBEM+TW_ORDEM+TW_PLANO","Data Plano + Bem + Ordem Serv. + Plano Acomp.","Fecha Plan + Bien + Orden Serv. + Plan Acomp.","Plan Date + Asset + Serv.Ord. + Follow-up Pl","S","","","S"
"STW","2","TW_FILIAL+DTOS(TW_DTREAL)+TW_ORDEM+TW_PLANO+TW_CODBEM","Data Plano + Ordem Serv. + Plano Acomp. + Bem","Fecha Plan + Orden Serv. + Plan Acomp. + Bien","Plan Date + Serv.Ord. + Follow-up Pl + Asset","S","","","S"
"STW","3","TW_FILIAL+TW_ORDEM+DTOS(TW_DTORIGI)","Ordem Serv. + Dt Original","Orden Serv. + Fch.Original","Serv.Ord. + Original Dt.","S","","","S"
"STW","4","TW_FILIAL+TW_PLANO+TW_ORDEM","Plano Acomp. + Ordem Serv.","Plan Acomp. + Orden Serv.","Follow-up Pl + Serv.Ord.","S","","","S"
"STW","5","TW_FILIAL+TW_CODBEM+DTOS(TW_DTLEITU)+TW_HORAC1","Bem + Data Leitura + Hora C. 1","Bien + Fch.Lectura + Hora C. 1","Asset + Reading Date + Counter1Time","S","","","S"
"STW","6","TW_FILIAL+TW_CCUSTO","Centro Custo","Centro Costo","Cost Center","S","","","S"
"STW","7","TW_FILIAL+TW_CENTRAB","Centro Trab.","Centro Trab.","Work Center","S","","","S"
"STX","1","TX_FILIAL+TX_ORDEM+TX_PLANO+TX_TAREFA+TX_ETAPA","Ordem + Plano + Tarefa + Etapa","Orden + Plan + Tarea + Etapa","Order + Plan + Task + Phase","S","","","S"
"STX","2","TX_FILIAL+TX_ETAPA","Etapa","Etapa","Phase","S","","","S"
"STX","3","TX_FILIAL+TX_ORDEM+TX_PLANO+TX_TAREFA+TX_SEQETA+TX_ETAPA","Ordem + Plano + Tarefa + Seq. Etapa + Etapa","Orden + Plan + Tarea + Sec. Etapa + Etapa","Order + Plan + Task + Stage Seq. + Phase","S","","","S"
"STY","1","TY_FILIAL+TY_CODBEM+TY_PRODUTO+DTOS(TY_DATAINI)+TY_HORAINI+DTOS(TY_DATAFIM)+TY_HORAFIM","Bem + Produto + Data Inicio + Hora inicio + Data Fim + Hora fim","Bien + Producto + Fecha Inicio + Hora inicio + Fecha Fin + Hora fin","Asset + Product + Initial Date + Initial Hour + Date - Fin. + Final Ho","S","","","S"
"STY","2","TY_FILIAL+TY_CODBEM+DTOS(TY_DATAINI)+TY_HORAINI","Bem + Data Inicio + Hora inicio","Bien + Fecha Inicio + Hora inicio","Asset + Initial Date + Initial Hour","S","","","S"
"STY","3","TY_FILIAL+TY_PRODUTO","Produto","Producto","Product","S","","","S"
"STZ","1","TZ_FILIAL+TZ_CODBEM+TZ_TIPOMOV","Bem + Tipo Movto.","Bien + Tipo Movto.","Asset + Mov. Type","S","","","S"
"STZ","2","TZ_FILIAL+TZ_CODBEM+DTOS(TZ_DATAMOV)+TZ_TIPOMOV+TZ_HORAENT","Bem + Data Movto. + Tipo Movto. + Hora Implant","Bien + Fecha Movto. + Tipo Movto. + Hora Implant","Asset + Mov. Date + Mov. Type + Impla. Time","S","","","S"
"STZ","3","TZ_FILIAL+TZ_BEMPAI+TZ_LOCALIZ+DTOS(TZ_DATAMOV)","Bem Pai + Localizacao + Data Movto.","Bien Princ. + Localizacion + Fecha Movto.","Main Asset + Localization + Mov. Date","S","","","S"
"STZ","4","TZ_FILIAL+TZ_BEMPAI+DTOS(TZ_DATAMOV)+TZ_HORACO1","Bem Pai + Data Movto. + Hora cont. 1","Bien Princ. + Fecha Movto. + Hora cont. 1","Main Asset + Mov. Date + Counter1Time","S","","","S"
"SU0","1","U0_FILIAL+U0_CODIGO","Grupo","Grupo","Position","S","","","S"
"SU0","2","U0_FILIAL+U0_NOME","Descricao","Descripcion","Description","S","","","S"
"SU1","1","U1_FILIAL+U1_CODACE+U1_ACESSOR","Cod. Acesso. + Acessorio","Cod.Accesor. + Accesorio","Access Code + Accessory","S","","","S"
"SU2","1","U2_FILIAL+U2_COD+U2_CONCOR","Produto + Concorrente","Producto + Competidor","Product + Competitor","S","PRT","","S"
"SU3","1","U3_FILIAL+U3_COD","Uso Interno","Codigo","Code","S","","","S"
"SU3","2","U3_FILIAL+U3_CLIENTE+U3_PRODUTO+U3_VEND","Uso Interno + Uso Interno + Uso Interno","Cliente + Producto + Cod.Vendedor","Customer + Product + Sl.Repr.Code","S","SA1+PRT+SA3","","S"
"SU3","3","U3_FILIAL+U3_PRODUTO+U3_CLIENTE+U3_VEND","Uso Interno + Uso Interno + Uso Interno","Producto + Cliente + Cod.Vendedor","Product + Customer + Sl.Repr.Code","S","SA3+SA1+PRT","","S"
"SU3","4","U3_FILIAL+U3_VEND+U3_CLIENTE+U3_PRODUTO","Uso Interno + Uso Interno + Uso Interno","Cod.Vendedor + Cliente + Producto","Sl.Repr.Code + Customer + Product","S","SA3+SA1+PRT","","S"
"SU3","5","U3_FILIAL+DTOS(U3_DTFIM)","Uso Interno","Fecha final","Final Date","S","","","S"
"SU4","1","U4_FILIAL+U4_LISTA+DTOS(U4_DATA)","Codigo + Data","Codigo + Fecha","Code + Date","S","","","S"
"SU4","2","U4_FILIAL+U4_DESC","Nome Lista","Nombre Lista","List Name","S","","","S"
"SU4","3","U4_FILIAL+DTOS(U4_DATA)+U4_STATUS","Data + Status","Fecha + Estatus","Date + Status","S","","","S"
"SU4","4","U4_FILIAL+U4_CODLIG","Cod.Ligacao","Cod.Llamada","Link Code","S","","","S"
"SU4","5","U4_FILIAL+U4_OPERAD+U4_STATUS","Operador + Status","Operador + Estatus","Operator + Status","S","","","S"
"SU5","1","U5_FILIAL+U5_CODCONT","Contato","Contacto","Contact","S","XXX","","S"
"SU5","2","U5_FILIAL+U5_CONTAT","Nome","Nombre","Name","S","","","S"
"SU5","3","U5_FILIAL+U5_FONE+U5_DDD+U5_CODPAIS","Fone Resid. + DDD + DDI","Telefono + DDN + DDI","Home Phone + LDC + Country Code","S","","","S"
"SU5","4","U5_FILIAL+U5_CELULAR+U5_DDD+U5_CODPAIS","Celular + DDD + DDI","Celular + DDN + DDI","Cell Phone + LDC + Country Code","S","","","S"
"SU5","5","U5_FILIAL+U5_FCOM1+U5_DDD+U5_CODPAIS","Fone Com.1 + DDD + DDI","Tel. Com.1 + DDN + DDI","Work Phone 1 + LDC + Country Code","S","","","S"
"SU5","6","U5_FILIAL+U5_FCOM2+U5_DDD+U5_CODPAIS","Fone Com.2 + DDD + DDI","Tel. Com.2 + DDN + DDI","Work Phone 2 + LDC + Country Code","S","","","S"
"SU5","7","U5_FILIAL+U5_FAX+U5_DDD+U5_CODPAIS","Fax + DDD + DDI","Fax + DDN + DDI","Fax + LDC + Country Code","S","","","S"
"SU5","8","U5_FILIAL+U5_CPF","CPF","CPF","CPF","S","","","S"
"SU6","1","U6_FILIAL+U6_LISTA+U6_CODIGO","Codigo Lista + Codigo","Codigo Lista + Codigo","List Code + Code","S","","","S"
"SU6","2","U6_FILIAL+DTOS(U6_DATA)+U6_CONTATO","Data + Contato","Fecha + Contacto","Date + Contact","S","","","S"
"SU7","1","U7_FILIAL+U7_COD","Codigo","Codigo","Code","S","","","S"
"SU7","2","U7_FILIAL+U7_CGC","CPF/CNPJ","CPF/CNPJ","CPF/CNPJ","S","","","S"
"SU7","3","U7_FILIAL+U7_NOME","Nome","Nombre","Name","S","","","S"
"SU7","4","U7_FILIAL+U7_CODUSU","Cod. Usuario","Cod. Usuario","User Code","S","","","N"
"SU8","1","U8_FILIAL+U8_CRONUM+U8_CONTATO","Lista + Item Lista","Lista + Item Lista","List + List Item","S","","","S"
"SU8","2","U8_FILIAL+DTOS(U8_DATA)+U8_CONTATO","Data + Item Lista","Fecha + Item Lista","Date + List Item","S","","","S"
"SU9","1","U9_FILIAL+U9_ASSUNTO+U9_CODIGO","Assunto + Codigo","Asunto + Codigo","Subject + Code","S","","","S"
"SU9","2","U9_FILIAL+U9_CODIGO","Codigo","Codigo","Code","S","","","S"
"SUA","1","UA_FILIAL+UA_NUM","Atendimento","Nro. Llamada","Servicing","S","","","S"
"SUA","2","UA_FILIAL+UA_SERIE+UA_DOC","Serie + Nota Fiscal","Serie + Num. Factura","Series + Invoice","S","","","S"
"SUA","3","UA_FILIAL+UA_VEND+DTOS(UA_EMISSAO)+UA_NUM","Vendedor + Data + Atendimento","Vendedor + Fecha + Nro. Llamada","Seller + Date + Servicing","S","SA3","","S"
"SUA","4","UA_FILIAL+DTOS(UA_EMISSAO)","Data","Fecha","Date","S","","","S"
"SUA","5","UA_FILIAL+UA_OPERADO+DTOS(UA_EMISSAO)","Operador + Data","Operador + Fecha","Operator + Date","S","","","S"
"SUA","6","UA_FILIAL+UA_CLIENTE+UA_LOJA+DTOS(UA_EMISSAO)","Cliente + Loja + Data","Cliente + Tienda + Fecha","Customer + Unit + Date","S","SA1","","S"
"SUA","7","UA_FILIAL+UA_CLIENTE+UA_LOJA+STR(UA_DIASDAT,8,0)+STR(UA_HORADAT,8,0)","Cliente + Loja + Num Dias + Num. Horas","Cliente + Tienda + Num Dias + Nro. Horas","Customer + Unit + Days of Call + Time","S","SA1","","S"
"SUA","8","UA_FILIAL+UA_NUMSC5","Ped SIGAFAT","Nro. Pedido","SIGAFAT Ord.","S","","","S"
"SUA","9","UA_FILIAL+UA_CODLIG","Ocorrencia","Ocurrencia","Occurrence","S","","","S"
"SUB","1","UB_FILIAL+UB_NUM+UB_ITEM+UB_PRODUTO","No Orcamento + Item + Produto","Nro. Presup. + Num. Item + Producto","Budget Numb. + Item Number + Product","S","XXX+XXX+PRT","","S"
"SUB","2","UB_FILIAL+UB_PRODUTO+DTOS(UB_EMISSAO)","Produto + Dt Emissao","Producto + Fch Emision","Product + Issue Date","S","PRT","","S"
"SUB","3","UB_FILIAL+UB_NUMPV+UB_ITEMPV","Pedido + Item Pedido","Pedido + Item pedido","Order + Order Item","S","","","S"
"SUC","1","UC_FILIAL+UC_CODIGO","Atendimento","Atencion","Servicing","S","","","S"
"SUC","2","UC_FILIAL+UC_ENTIDAD+UC_CHAVE","Tabela + Chave","Tabla + Clave","Table + Key","S","","","S"
"SUC","3","UC_FILIAL+DTOS(UC_DATA)","Data","Fecha","Date","S","","","S"
"SUC","4","UC_FILIAL+UC_OPERADO+DTOS(UC_DATA)+UC_STATUS","Operador + Data + Status","Operador + Fecha + Estatus","Operator + Date + Status","S","","","S"
"SUC","5","UC_FILIAL+UC_ENTIDAD+UC_CHAVE+STR(UC_DIASDAT,8,0)+STR(UC_HORADAT,8,0)","Tabela + Chave + N.Dias Ligac + Hora Histor.","Tabla + Clave + Nr.Dia Llam. + Hora","Table + Key + Call Date + Time","S","","","S"
"SUC","6","UC_FILIAL+UC_CODCONT","Contato","Contacto","Contact","S","","","S"
"SUD","1","UD_FILIAL+UD_CODIGO+UD_ITEM","Codigo + Item","Codigo + Item Llamada","Code + Item","S","","","S"
"SUD","2","UD_FILIAL+UD_CODIGO+UD_ASSUNTO+UD_OCORREN","Codigo + Assunto + Ocorrencia","Codigo + Asunto + Evento","Code + Subject + Occurrence","S","","","S"
"SUD","3","UD_FILIAL+UD_OCORREN","Ocorrencia","Evento","Occurrence","S","","","S"
"SUE","1","UE_FILIAL+UE_CODIGO","Configuração","Configurac.","Setting","S","","","S"
"SUF","1","UF_FILIAL+UF_CODIGO+UF_ITEM","Codigo + Item","Codigo + Item Llamada","Code + Item","S","","","S"
"SUG","1","UG_FILIAL+UG_CODACE","Código","Codigo","Code","S","","","S"
"SUG","2","UG_FILIAL+UG_PRODUTO","Produto","Producto","Product","S","","","S"
"SUH","1","UH_FILIAL+UH_MIDIA","Midia","Media","Media","S","","","S"
"SUH","2","UH_FILIAL+UH_DESC","Descrição","Descripcion","Description","S","","","S"
"SUK","1","UK_FILIAL+UK_CODIGO","Código","Codigo","Code","S","","","S"
"SUL","1","UL_FILIAL+UL_TPCOMUN","Comunicação","Comunicacion","Communicat.","S","","","S"
"SUL","2","UL_FILIAL+UL_DESC","Descrição","Descripcion","Description","S","","","S"
"SUM","1","UM_FILIAL+UM_CARGO","Cargo","Funcion","Position","S","","","S"
"SUM","2","UM_FILIAL+UM_DESC","Descrição","Descripcion","Description","S","","","S"
"SUN","1","UN_FILIAL+UN_ENCERR","Encerramento","Cierre","Closing","S","","","S"
"SUN","2","UN_FILIAL+UN_DESC","Descrição","Descripcion","Description","S","","","S"
"SUO","1","UO_FILIAL+UO_CODCAMP","Campanha","Campana","Campaign","S","","","S"
"SUP","1","UP_FILIAL+UP_CODCAMP+UP_IDTREE+UP_CARGO","Script + Cod. Tree + Codigo Int.","Script + Cod. Tree + Codigo Int.","Script + Tree + Position","S","","","S"
"SUP","2","UP_FILIAL+UP_CODCAMP+UP_CARGO","Script + Codigo Int.","Script + Codigo Int.","Script + Position","S","","","S"
"SUQ","1","UQ_FILIAL+UQ_SOLUCAO","Acao","Accion","Action","S","","","S"
"SUQ","2","UQ_FILIAL+UQ_DESC","Descricao","Descripcion","Description","S","","","S"
"SUR","1","UR_FILIAL+UR_CODREC+UR_IDTREE+UR_IDCODE","Ocorrencia + Cod. Tree + Cod. Interno","Evento + Cod. Tree + Cod. Interno","Occurrence + Tree Code + Internal Cd.","S","SUI","","S"
"SUS","1","US_FILIAL+US_COD+US_LOJA","Codigo + Loja","Codigo + Tienda","Prospect + Unit","S","","","S"
"SUS","2","US_FILIAL+US_NOME","Razao Social","Razon Social","Com. name","S","","","S"
"SUS","3","US_FILIAL+US_TEL+US_DDD+US_DDI","Telefone + DDD + DDI","Telefono + DDD + DDI","Phone + DDD Code aer + DDI Code are","S","","","S"
"SUS","4","US_FILIAL+US_CGC","CNPJ","CNPJ","CNPJ","S","","","S"
"SUS","5","US_FILIAL+US_CODCLI+US_LOJACLI","Cliente + Loja do Cl.","Cliente + Tiend. Clien","Customer + Cust. Unit","S","","","S"
"SUV","1","UV_FILIAL+UV_USUARIO","Operador","Operador","Operator","S","","","S"
"SUV","2","UV_FILIAL+UV_RAMAL","Ramal","Extension","Extension","S","","","S"
"SUW","1","UW_FILIAL+UW_CODCAMP+UW_CODSCRI","Campanha + Script","Campana + Script","Campaign + Script","S","","","S"
"SUZ","1","UZ_FILIAL+UZ_CODSCRI","Script","Script","Script","S","","","S"
"SUZ","2","UZ_FILIAL+UZ_DESC","Titulo","Titulo","Title","S","","","S"
"SV1","1","V1_FILIAL+V1_CODIGO","Codigo","Codigo","Code","S","","","S"
"SV2","1","V2_FILIAL+V2_CODIGO+V2_CHASSI+V2_REVENDA+V2_LOJAREV","Codigo + Chassi + Revenda + Loja","Codigo + Chasis + Revendedor + Tienda","Code + Chassis + Resale + Unit","S","","","S"
"SV3","1","V3_FILIAL+V3_CODIGO+V3_CHASSI+V3_SERIEC+V3_NFCOM","Codigo + Chassi + Serie NF + NF de Compra","Codigo + Chasis + Serie Fact. + Fact. Compra","Code + Chassis + Inv.Series + Purchase Inv","S","","","S"
"SV3","2","V3_FILIAL+V3_CODIGO+V3_CHASSI+V3_SERIEV+V3_NFVEN","Codigo + Chassi + Serie NF + NF de Venda","Codigo + Chasis + Serie Fact. + Fact. Venta","Code + Chassis + Inv.Series + Sales Inv.","S","","","S"
"SV3","3","V3_FILIAL+V3_CHASSI","Chassi","Chasis","Chassis","S","","","S"
"SV3","4","V3_FILIAL+V3_SERIEV+V3_NFVEN","Serie NF + NF de Venda","Serie Fact. + Fact. Venta","Inv.Series + Sales Inv.","S","","","S"
"SV4","1","V4_FILIAL+V4_VEICULO+V4_CHASSI","Veiculo + Chassi","Vehiculo + Chasis","Vehicle + Chassis","S","","","S"
"SV8","1","V8_FILIAL+V8_VEICULO+V8_CHASSI","Moto + Chassi","Vehiculo + Chasis","Vehicle + Chassis","S","SV1+VEI","","S"
"SV8","2","V8_FILIAL+V8_VEICULO+V8_ANOFAB+V8_MODFAB","Moto + Ano + Modelo","Vehiculo + Ano + Modelo","Vehicle + Year + Model","S","SV1","","S"
"SV9","1","V9_FILIAL+V9_TIPOOS","Tipo de OS","Tipo O.S.","Type S.Order","S","","","S"
"SW0","1","W0_FILIAL+W0__CC+W0__NUM","Cod.Unid.Req + No. da S.I.","Cod.Unid.Sol + Nro. S.I.","Unit Requis. + Import Req N","S","","","S"
"SW0","2","W0_FILIAL+DTOS(W0__DT)","Data da S.I.","Fecha S.I.","Imp.Req.Date","S","","","S"
"SW0","3","W0_FILIAL+W0_SIKIT","No. do Kit","Nro. Kit","Kit Numb.","S","","","S"
"SW1","1","W1_FILIAL+W1_CC+W1_SI_NUM+W1_COD_I","Unid.Requis. + No. da S.I. + Codigo Item","Unid.Solic. + Nro. S.I. + Codigo Item","Reques.Unit + Numb.of S.I. + Item Code","S","","","S"
"SW1","2","W1_FILIAL+W1_PO_NUM+W1_POSICAO+W1_CC+W1_SI_NUM","No. do P.O. + Posicao + Unid.Requis. + No. da S.I.","Nro. P.O. + Posicion + Unid.Solic. + Nro. S.I.","Numb. of P.O + Status + Reques.Unit + Numb.of S.I.","S","","","S"
"SW1","3","W1_FILIAL+W1_COD_I","Codigo Item","Codigo Item","Item Code","S","","","S"
"SW1","4","W1_FILIAL+STR(W1_SEQ,2,0)+STR(W1_SALDO_Q,13,3)+W1_SI_NUM","Sequencia + Saldo Qtde + No. da S.I.","Secuencia + Saldo Ctd. + Nro. S.I.","Sequence + Qty Balance + Numb.of S.I.","S","","","S"
"SW2","1","W2_FILIAL+W2_PO_NUM","No. P.O.","Num. P.O.","P.O. Number","S","","","S"
"SW2","2","W2_FILIAL+W2_FORN+DTOS(W2_PO_DT)","Cod.Forneced + Data P.O.","Cod.Proveed. + Fch.P.O.","Supplier + P.O. Date","S","","","S"
"SW2","3","W2_FILIAL+W2_COND_PA+W2_PO_NUM","Cond. Pagto + No. P.O.","Cond. Pago + Num. P.O.","Payment Term + P.O. Number","S","","","S"
"SW2","4","W2_FILIAL+DTOS(W2_PO_DT)","Data P.O.","Fch.P.O.","P.O. Date","S","","","S"
"SW2","5","W2_FILIAL+DTOS(W2_ENV_ORI)","Envio Orient","Envio Orient","Orient. Delv","S","","","S"
"SW3","1","W3_FILIAL+W3_PO_NUM+W3_CC+W3_SI_NUM+W3_COD_I","No. do P.O. + Unid.Requis. + No. da S.I. + Codigo Item","Nro. P.O. + Unid.Solic. + Nro. S.I. + Codigo Item","Purc.Or.Numb + Reques.Unit + S.I. Number + Item Code","S","","","S"
"SW3","2","W3_FILIAL+W3_PGI_NUM","No. da PLI","Nro. PLI","PLI Number","S","","","S"
"SW3","3","W3_FILIAL+W3_COD_I","Codigo Item","Codigo Item","Item Code","S","","","S"
"SW3","4","W3_FILIAL+W3_CC+W3_SI_NUM","Unid.Requis. + No. da S.I.","Unid.Solic. + Nro. S.I.","Reques.Unit + S.I. Number","S","","","S"
"SW3","5","W3_FILIAL+DTOS(W3_DT_EMB)","Dt Embarque","Fch.Embarque","Shipm.Date","S","","","S"
"SW3","6","W3_FILIAL+STR(W3_SEQ,2,0)+STR(W3_SALDO_Q,13,3)+W3_SI_NUM","Sequencia + Saldo Qtde + No. da S.I.","Secuencia + Saldo Ctd. + Nro. S.I.","Sequence + Qty Balance + S.I. Number","S","","","S"
"SW3","7","W3_FILIAL+W3_PO_NUM+STR(W3_SEQ,2)+STR(W3_NR_CONT,3)","No. do P.O. + Sequencia + No. Controle","Nro. P.O. + Secuencia + Nro. Control","Purc.Or.Numb + Sequence + Control No.","S","","","S"
"SW3","8","W3_FILIAL+W3_PO_NUM+W3_POSICAO","No. do P.O. + Posicao","Nro. P.O. + Situacion","Purc.Or.Numb + Status","S","","","S"
"SW4","1","W4_FILIAL+W4_PGI_NUM","No. da PLI","Nro. PLI","Nr PLI","S","","","S"
"SW4","2","W4_FILIAL+W4_GI_NUM","No. da L.I.","Nro. L.I.","Imp.Lic.Nbr","S","","","S"
"SW4","3","W4_FILIAL+DTOS(W4_DT_VEN)","Dt Vencto","Fch.Vencim.","Due Date","S","","","S"
"SW4","4","W4_FILIAL+DTOS(W4_DTSDCEX)+DTOS(W4_DTEDCEX)+DTOS(W4_DT_SUFR)","Dt Sai.DECEX + Dt Ent.DECEX + Data Suframa","Fch.Sal.DECE + Fch.Ent.DECE + Fch.Z.Libre","SEDEX OutfDt + SEDEX Inf.Dt + Suframa Date","S","","","S"
"SW5","1","W5_FILIAL+W5_PGI_NUM+W5_CC+W5_SI_NUM+W5_COD_I","No. PLI + Unid.Requis. + No. da S.I. + Codigo Item","Nro. PLI + Unid.Solic. + Nro. S.I. + Codigo Item","PLI Number + Reques.Unit + S.I. Number + Item Code","S","","","S"
"SW5","2","W5_FILIAL+W5_HAWB","Processo","Proceso","Process","S","","","S"
"SW5","3","W5_FILIAL+W5_PO_NUM+W5_COD_I","No. do P.O. + Codigo Item","Nro. P.O. + Codigo Item","P.O. Nr. + Item Code","S","","","S"
"SW5","4","W5_FILIAL+W5_CC+W5_SI_NUM","Unid.Requis. + No. da S.I.","Unid.Solic. + Nro. S.I.","Reques.Unit + S.I. Number","S","","","S"
"SW5","5","W5_FILIAL+W5_COD_I","Codigo Item","Codigo Item","Item Code","S","","","S"
"SW5","6","W5_FILIAL+STR(W5_SEQ,2,0)+STR(W5_SALDO_Q,13,3)+W5_SI_NUM","Sequencia + Saldo Qtde + No. da S.I.","Secuencia + Saldo Ctd. + Nro. S.I.","Sequence + Balance Qty + S.I. Number","S","","","S"
"SW5","7","W5_FILIAL+W5_PGI_NUM+W5_SEQ_LI+STR(W5_SEQ,2)+W5_COD_I+STR(W5_PRECO,15,5)","No. PLI + Sequencia LI + Sequencia + Codigo Item + Preco","Nro. PLI + Secuencia LI + Secuencia + Codigo Item + Precio","PLI Number + Imp.Lic.Seq. + Sequence + Item Code + Price","S","","","S"
"SW5","8","W5_FILIAL+W5_PGI_NUM+W5_PO_NUM+W5_POSICAO","No. PLI + No. do P.O. + Posicao","Nro. PLI + Nro. P.O. + Situacion","PLI Number + P.O. Nr. + Position","S","","","S"
"SW5","9","W5_FILIAL+W5_AC+W5_COD_I","Ato Concess. + Codigo Item","Acto Conces. + Codigo Item","Gran. act + Item Code","S","","","S"
"SW6","1","W6_FILIAL+W6_HAWB","Processo","Proceso","Process","S","","","S"
"SW6","2","W6_FILIAL+DTOS(W6_DT_DESE)+DTOS(W6_DT)+DTOS(W6_CHEG)+DTOS(W6_DT_EMB)","Dt Desembar. + W6_DT+Dt Atracacao + Dt Embarque","Fch.Desemb. + W6_DT+Fch.Fondeo + Fch.Embarque","Unloading Dt + W6_DT+Berthing Dt. + Shipm.Date","S","","","S"
"SW6","3","W6_FILIAL+DTOS(W6_DT_EMB)","Dt Embarque","Fch.Embarque","Shipm.Date","S","","","S"
"SW6","4","W6_FILIAL+DTOS(W6_DT_ENTR)","Dt Entrega","Fch.Entrega","Deliv.Date","S","","","S"
"SW6","5","W6_FILIAL+DTOS(W6_CHEG)","Dt Atracacao","Fch.Fondeo","Berthing Dt.","S","","","S"
"SW6","6","W6_FILIAL+DTOS(W6_DTRECDO)","Receb. Docto","Recib.Docum.","Doc.Receipt","S","","","S"
"SW6","7","W6_FILIAL+DTOS(W6_DA_CHEG)+STR(W6_DA_NUM,6,0)","Da_cheg + Da_num","Da_cheg + Da_num","From_Arrival + Fr_num","S","","","S"
"SW6","8","W6_FILIAL+DTOS(W6_ENV_ORI)","Envio Orient","Envio Orient","Techn. Delv.","S","","","S"
"SW6","9","W6_FILIAL+W6_REF_DES","Ref.Despach.","Ref. Tramit.","Frwd.Ag. Ref","S","","","S"
"SW6","A","W6_FILIAL+W6_HOUSE","House / B.L.","House / B.L.","House/B.L.","S","","","S"
"SW6","B","W6_FILIAL+W6_DI_NUM","No. da DI/DA","Num. DI/DA","IS Number","S","","","S"
"SW7","1","W7_FILIAL+W7_HAWB+W7_PGI_NUM+W7_CC+W7_SI_NUM+W7_COD_I","Processo + No. PLI + Unid.Requis. + No. da S.I. + Codigo Item","Proceso + Nro. PLI + Unid.Solic. + Nro. S.I. + Codigo Item","Process + PLI Number + Reques.Unit + Imp.Req.Nr. + Item Code","S","","","S"
"SW7","2","W7_FILIAL+W7_PO_NUM+W7_HAWB","No. do P.O. + Processo","Nro. P.O. + Proceso","Purc.Ord.Nr. + Process","S","","","S"
"SW7","3","W7_FILIAL+W7_CC+W7_SI_NUM","Unid.Requis. + No. da S.I.","Unid.Solic. + Nro. S.I.","Reques.Unit + Imp.Req.Nr.","S","","","S"
"SW7","4","W7_FILIAL+W7_HAWB+W7_PO_NUM+W7_POSICAO+W7_PGI_NUM","Processo + No. do P.O. + Posicao + No. PLI","Proceso + Nro. P.O. + Situacion + Nro. PLI","Process + Purc.Ord.Nr. + Status + PLI Number","S","","","S"
"SW8","1","W8_FILIAL+W8_HAWB+W8_INVOICE+W8_FORN","Processo + Invoice + Fornecedor","Proceso + Invoice + Proveedor","Process + Invoice + Supplier","S","","","S"
"SW8","2","W8_FILIAL+W8_INVOICE+W8_FORN","Invoice + Fornecedor","Invoice + Proveedor","Invoice + Supplier","S","","","S"
"SW8","3","W8_FILIAL+W8_HAWB+W8_PGI_NUM+W8_PO_NUM+W8_SI_NUM+W8_CC+W8_COD_I+STR(W8_REG,4,0)","Processo + No. PLI + No. do P.O. + No. da S.I. + Cliente Int. + Codigo","Proceso + Nro. PLI + Nro. P.O. + Nro. S.I. + Cliente Int. + Codigo Ite","Process + Nr.PGI + Prod.Or.Nr. + S.I. Number + Int.Customer + Item Cod","S","","","S"
"SW8","4","W8_FILIAL+W8_HAWB+W8_ADICAO","Processo + Adicao","Proceso + Incremento","Process + Increase","S","","","S"
"SW8","5","W8_FILIAL+W8_AC+W8_COD_I","Ato Concess. + Codigo Item","Acto Conces. + Codigo Item","Gran. act + Item Code","S","","","S"
"SW8","6","W8_FILIAL+W8_HAWB+W8_INVOICE+W8_PO_NUM+W8_POSICAO+W8_PGI_NUM","Processo + Invoice + No. do P.O. + Posicao + No. PLI","Proceso + Invoice + Nro. P.O. + Situacion + Nro. PLI","Process + Invoice + Prod.Or.Nr. + Status + Nr.PGI","S","","","S"
"SW9","1","W9_FILIAL+W9_INVOICE+W9_FORN","Invoice + Fornecedor","Invoice + Proveedor","Invoice + Supplier","S","","","S"
"SW9","2","W9_FILIAL+W9_FORN","Fornecedor","Proveedor","Supplier","S","","","S"
"SW9","3","W9_FILIAL+W9_HAWB","Processo","Proceso","Process","S","","","S"
"SWA","1","WA_FILIAL+WA_HAWB+WA_PO_DI","Processo/PO + Tipo","Proceso + Tipo","Process + Type","S","","","S"
"SWA","2","WA_FILIAL+WA_PO_DI+WA_HAWB","Tipo + Processo/PO","Tipo + Proceso","Type + Process","S","","","S"
"SWB","1","WB_FILIAL+WB_HAWB+WB_PO_DI+WB_INVOICE+WB_FORN","Processo + Tipo + Invoice + Cod. Forn.","Proceso + Tipo + Invoice + Cod. proveed","Process + Type + Invoice + Sup. code","S","","","S"
"SWB","2","WB_FILIAL+WB_LC_NUM","L/C Nr.","Nro. L/C","L/C Numb.","S","","","S"
"SWB","3","WB_FILIAL+DTOS(WB_CA_DT)+DTOS(WB_DT_VEN)","Liquidacao + Vencimento","Liquidacion + Vencimiento","Settlement + Due Date","S","","","S"
"SWB","4","WB_FILIAL+WB_LOTE+DTOS(WB_CA_DT)","Lote + Liquidacao","Lote + Liquidacion","Lot + Settlement","S","","","S"
"SWB","5","WB_FILIAL+WB_NUMPO","Pedido","Pedido","Request","S","","","S"
"SWC","1","WC_FILIAL+WC_LC_NUM","No. L/C","Num. L/C","L/C Number","S","","","S"
"SWC","2","WC_FILIAL+DTOS(WC_DT_VEN)+WC_LC_NUM","Vencimento + No. L/C","Vencimiento + Num. L/C","Due Date + L/C Number","S","","","S"
"SWC","3","WC_FILIAL+DTOS(WC_DT_NEG)+WC_LC_NUM","Negociacao + No. L/C","Negociacion + Num. L/C","Negotiation + L/C Number","S","","","S"
"SWC","4","WC_FILIAL+DTOS(WC_DT_EMB)+WC_LC_NUM","Embarque + No. L/C","Embarque + Num. L/C","Shipment + L/C Number","S","","","S"
"SWD","1","WD_FILIAL+WD_HAWB+WD_DESPESA+DTOS(WD_DES_ADI)","Processo + Despesa + Data","Proceso + Gasto + Fecha","Freight Inv. + Expense + Date","S","","","S"
"SWD","2","WD_FILIAL+WD_DESPESA+DTOS(WD_DES_ADI)","Despesa + Data","Gasto + Fecha","Expense + Date","S","","","S"
"SWD","3","WD_FILIAL+WD_DESPESA+WD_DOCTO+WD_HAWB","Despesa + Docto + Processo","Gasto + Documento + Proceso","Expense + Document + Freight Inv.","S","","","S"
"SWD","4","WD_FILIAL+WD_DOCTO","Docto","Documento","Document","S","","","S"
"SWD","5","WD_FILIAL+WD_HAWB+WD_OCORREN","Processo + Ocorrencia","Proceso + Evento","Freight Inv. + Occurrence","S","","","S"
"SWE","1","WE_FILIAL+WE_PGI_NUM+WE_COD_I","Pgi_num + Codigo Item","Pgi_num + Codigo Item","Pgi_num + Item Code","S","","","S"
"SWE","2","WE_FILIAL+WE_COD_I","Codigo Item","Codigo Item","Item Code","S","","","S"
"SWF","1","WF_FILIAL+WF_TAB","Tabela","Tabla","Table","S","","","S"
"SWF","2","WF_FILIAL+WF_VIA+WF_TAB","Via Transp. + Tabela","Medio Transp + Tabla","Transp. Mean + Table","S","","","S"
"SWG","1","WG_FILIAL+WG_TIPPRO+WG_PROCNU","Tipo de Proc + Processo","Tipo de Proc + Proceso","Type of Proc + Process","S","","","S"
"SWG","2","WG_FILIAL+WG_CODEMP+WG_CC+WG_TIPPRO+WG_PROCNU","Empresa + Unid.Requis. + Tipo de Proc + Processo","Empresa + Unid.Solic. + Tipo de Proc + Proceso","Company + Request.Unit + Type of Proc + Process","S","","","S"
"SWG","3","WG_FILIAL+WG_CODEMP+WG_TIPPRO+WG_PROCNU","Empresa + Tipo de Proc + Processo","Empresa + Tipo de Proc + Proceso","Company + Type of Proc + Process","S","","","S"
"SWG","4","WG_FILIAL+WG_ROF","R.O.F.","R.O.F.","R.O.F.","S","","","S"
"SWG","5","WG_FILIAL+WG_LC","Nr. L/C","Nro. L/C","License Nr.","S","","","S"
"SWH","1","WH_FILIAL+WH_PO_NUM+STR(WH_NR_CONT,3,0)+WH_DESPESA","Po_num + Nr_cont + Despesa","Po_num + Nr_cont + Gasto","Po_num + Nr_Cont + Expense","S","","","S"
"SWI","1","WI_FILIAL+WI_TAB+WI_DESP","Codigo + Despesa","Codigo + Gasto","Code + Expense","S","","","S"
"SWI","2","WI_FILIAL+WI_VIA+WI_TAB+WI_DESP","Via Transp. + Codigo + Despesa","Medio Transp + Codigo + Gasto","Transp. Mean + Code + Expense","S","","","S"
"SWJ","1","WJ_FILIAL+WJ_TIPO+WJ_ANO+WJ_CODIGO+WJ_FORN","Tipo + Ano + Codigo + Fornecedor","Tipo + Ano + Codigo + Proveedor","Type + Year + Code + Supplier","S","","","S"
"SWK","1","WK_FILIAL+WK_TIPO+WK_ANO+WK_CODIGO","Tipo + Ano + Codigo","Tipo + Ano + Codigo","Type + Year + Code","S","","","S"
"SWL","1","WL_FILIAL+WL_TIPPRO+WL_PROCNU+WL_PARCELA","Tipo de Proc + Processo + Parcela","Tipo de Proc + Proceso + Cuota","Type of Proc + Process + Installment","S","","","S"
"SWM","1","WM_FILIAL+WM_RC+WM_ROFLC","ROF/LC + Contrato","ROF/LC + Contrato","ROF/LC + Contract","S","","","S"
"SWM","2","WM_FILIAL+WM_RC+WM_CODEMP+WM_BANCO","ROF/LC + Empresa + Banco","ROF/LC + Empresa + Banco","ROF/LC + Company + Bank","S","","","S"
"SWN","1","WN_FILIAL+WN_DOC+WN_SERIE+WN_TEC+WN_EX_NCM+WN_EX_NBM","No. N.F.E. + Série N.F.E. + T.E.C. + Ex-NCM + Ex-NBM","Nro.Fact.Ent + Ser.Fact.Ent + T.E.C. + Ex-NCM + Ex-NBM","Infl.Inv.Nr. + Inf.Inv.Seri + TEC + Ex-NBM + Ex-NBM","S","","","S"
"SWN","2","WN_FILIAL+WN_DOC+WN_SERIE+WN_FORNECE+WN_LOJA","No. N.F.E. + Série N.F.E. + Fornecedor + Loja","Nro.Fact.Ent + Ser.Fact.Ent + Proveedor + Tienda","Infl.Inv.Nr. + Inf.Inv.Seri + Supplier + Unit","S","","","S"
"SWN","3","WN_FILIAL+WN_HAWB+WN_TIPO_NF","No. Conhec. + Tipo N.F.","Num. Fact.Fl + Tipo Factura","Inv.Freg.Nr. + Type Invocie","S","","","S"
"SWO","1","WO_FILIAL+WO_PO_NUM","No. P.O.","Nro. P.O.","Purc.Ord.Nr.","S","","","S"
"SWP","1","WP_FILIAL+WP_PGI_NUM+WP_SEQ_LI+WP_NR_MAQ","No. da PLI + Sequencia + No. Maquina","Nro. PLI + Secuencia + Nro. Maquina","PLI Nr. + Sequence + Machine Numb","S","","","S"
"SWP","2","WP_FILIAL+DTOS(WP_VENCTO)","Vencto LI","Vencimiento","Imp.Lic.Due","S","","","S"
"SWP","3","WP_FILIAL+WP_NR_MAQ+WP_MICRO","No. Maquina + No. do Micro","Nro. Maquina + Nro.Computad","Machine Numb + Computer Nr","S","","","S"
"SWP","4","WP_FILIAL+DTOS(WP_ENV_ORI)","Envio Orient","Envio Orient","Delv.Orient.","S","","","S"
"SWP","5","WP_FILIAL+WP_REGIST","No. PLI/Reg.","Nro. PLI/Reg","PLI/Reg.Nr.","S","","","S"
"SWQ","1","WQ_FILIAL+WQ_NR_SUFR","Suframa","Z.Libre Com.","Suframa","S","","","S"
"SWR","1","WR_FILIAL+WR_NR_CONC","Concorrencia","Competidor","Competition","S","","","S"
"SWS","1","WS_FILIAL+WS_NR_CONC","Cotacao","Nro.Cotizac.","Quote","S","","","S"
"SWS","2","WS_FILIAL+WS__CC+WS_SI_NUM+WS_COD_I","Unid. Req. + No. S.I. + Codigo Item","Unid.Solic. + Nro. S.I. + Codigo Item","Petitioner + Imp Req Nr + Item Code","S","","","S"
"SWT","1","WT_FILIAL+WT_NR_CONC","Cotacao","Nro.Cotizac.","Quote","S","","","S"
"SWT","2","WT_FILIAL+WT_NR_CONC+WT_COD_I+WT_FORN","Cotacao + Codigo Item + Cod. Forn.","Nro.Cotizac. + Codigo Item + Cod.Proveed.","Quote + Item Code + Supplier","S","","","S"
"SWU","1","WU_FILIAL+WU_COD","Cod. Modelo","Cod. Modelo","Model Code","S","","","S"
"SWV","1","WV_FILIAL+WV_HAWB+WV_PGI_NUM+WV_PO_NUM+WV_CC+WV_SI_NUM+WV_COD_I+STR(WV_REG,4)","Processo + No. da PLI + No. P.O. + Unid.Requis. + No. da S.I. + Cod. I","Proceso + Num. de PLI + Num. P.O + Unid.Solicit + Num. de S.I. + Cod.","Process + PLI Number + PO Number + Unit Req. + SI Number + Item Code +","S","","","S"
"SWV","2","WV_FILIAL+WV_HAWB+WV_INVOICE+WV_PGI_NUM+WV_PO_NUM+WV_POSICAO","Processo + Invoice + No. da PLI + No. P.O. + Posicao","Proceso + Invoice + Num. de PLI + Num. P.O + Situacion","Process + Invoice + PLI Number + PO Number + Status","S","","","S"
"SWW","1","WW_FILIAL+WW_NF_COMP+WW_SE_NFC+WW_FORNECE+WW_LOJA+WW_PO_NUM+WW_NR_CONT","N§ NF Compl. + Série NF Com + Fornecedor + Loja + No. do P.O. + No. Co","Nr.Fact.Comp + Ser.Fact.Com + Proveedor + Tienda + Nro. P.O. + Nro. Co","Compl Inv Nr + Compl Inv Se + Supplier + Unit + P.O. Numb. + Control N","S","","","S"
"SWW","2","WW_FILIAL+WW_HAWB+WW_TIPO_NF","No. Conhec. + Tipo N.F.","Num. Fact.Fl + Tipo Factura","Waybill Nr. + Type Invoice","S","","","S"
"SWX","1","WX_FILIAL+WX_COD","C.F.O.","C.F.O.","C.F.O.","S","","","S"
"SWX","2","WX_FILIAL+WX_DESC","Finalidade","Finalidad","Purpose","S","","","S"
"SWZ","1","WZ_FILIAL+WZ_CFO+WZ_OPERACA","C.F.O. + Operacao","C.F.O. + Operacion","C.F.O. + Operation","S","","","S"
"SWZ","2","WZ_FILIAL+WZ_OPERACA","Operacao","Operacion","Operation","S","","","S"
"SWZ","3","WZ_FILIAL+WZ_DESC","Descricao","Descripcion","Description","S","","","S"
"SX5","1","X5_FILIAL+X5_TABELA+X5_CHAVE","Tabela + Chave","Tabla + Clave","Table + Key","S","","","S"
"SY0","1","Y0_FILIAL+Y0_CHVDTHR","Chave Dt/Hor","Clave Fc/Hor","Key Dt/Time","S","","","S"
"SY0","2","Y0_FILIAL+Y0_DOC+Y0_CHVDTHR","Documento + Chave Dt/Hor","Documento + Clave Fc/Hor","Document + Key Dt/Time","S","","","S"
"SY0","3","Y0_FILIAL+Y0_USUARIO+Y0_CHVDTHR","Usuario + Chave Dt/Hor","Usuario + Clave Fc/Hor","User + Key Dt/Time","S","","","S"
"SY0","4","Y0_FILIAL+Y0_PROCESS+Y0_FASE+Y0_CODRPT","Processo + Fase + Cod.Doc.","Proceso + Fase + Cod.Doc.","Process + Phase + Doc. Code","S","","","S"
"SY0","5","Y0_FILIAL+Y0_PROCESS+Y0_DOC+Y0_CHVDTHR","Processo + Documento + Chave Dt/Hor","Proceso + Documento + Clave Fc/Hor","Process + Document + Key Dt/Time","S","","","S"
"SY1","1","Y1_FILIAL+Y1_COD","Codigo","Codigo","Code","S","","","S"
"SY1","2","Y1_FILIAL+Y1_NOME","Nome","Nombre","Name","S","","","S"
"SY1","3","Y1_FILIAL+Y1_USER","Cod. Usuario","Cod. Usuario","User´s Code","S","","","S"
"SY2","1","Y2_FILIAL+Y2_SIGLA","Sigla","Sigla","Abbrev.","S","","","S"
"SY2","2","Y2_FILIAL+Y2_DESC","Descricao","Descripcion","Description","S","","","S"
"SY3","1","Y3_FILIAL+Y3_COD","Codigo","Codigo","Code","S","","","S"
"SY3","2","Y3_FILIAL+Y3_DESC","Descricao","Descripcion","Description","S","","","S"
"SY4","1","Y4_FILIAL+Y4_COD","Codigo","Codigo","Code","S","","","S"
"SY4","2","Y4_FILIAL+Y4_NOME","Razao Social","Razon Social","Trade Name","S","","","S"
"SY5","1","Y5_FILIAL+Y5_COD","Codigo","Codigo","Code","S","","","S"
"SY5","2","Y5_FILIAL+Y5_NOME","Razão Social","Razon Social","Trade Name","S","","","S"
"SY5","3","Y5_FILIAL+Y5_TIPOAGE+Y5_COD","Classif. + Codigo","Clasif. + Codigo","Classif. + Code","S","","","S"
"SY6","1","Y6_FILIAL+Y6_COD+STR(Y6_DIAS_PA,3,0)","Codigo + No. de Dias","Codigo + Nro. Dias","Code + Nr. of Days","S","","","S"
"SY7","1","Y7_FILIAL+Y7_COD","Codigo","Codigo","Code","S","","","S"
"SY7","2","Y7_FILIAL+Y7_DESC_ME","Descricao","Descripcion","Description","S","","","S"
"SY7","3","Y7_FILIAL+Y7_POGI+Y7_COD","Tipo Mensag. + Codigo","Tipo Mensaje + Codigo","Message Type + Code","S","","","S"
"SY8","1","Y8_FILIAL+Y8_COD","Fundamento","Fundamentos","Legal Basis","S","","","S"
"SY8","2","Y8_FILIAL+Y8_DES","Descricao","Descripcion","Description","S","","","S"
"SY9","1","Y9_FILIAL+Y9_COD","Codigo","Codigo","Code","S","","","S"
"SY9","2","Y9_FILIAL+Y9_SIGLA","Sigla","Sigla","Abbrv.","S","","","S"
"SY9","3","Y9_FILIAL+Y9_DESCR","Descricao","Descripcion","Description","S","","","N"
"SYA","1","YA_FILIAL+YA_CODGI","Cod. do Pais","Cod. Pais","Country Code","S","","","S"
"SYA","2","YA_FILIAL+YA_DESCR","Descricao","Descripcion","Description","S","","","S"
"SYB","1","YB_FILIAL+YB_DESP","Despesa","Gasto","Expense","S","","","S"
"SYB","2","YB_FILIAL+YB_DESCR","Descricao","Descripcion","Description","S","","","S"
"SYC","1","YC_FILIAL+YC_COD","Codigo","Codigo","Code","S","","","S"
"SYC","2","YC_FILIAL+YC_NOME","Descricao","Descripcion","Description","S","","","S"
"SYC","3","YC_FILIAL+YC_COD_RL+YC_IDIOMA+YC_COD","Grupo + Idioma + Codigo","Grupo + Idioma + Codigo","Group + Language + Code","S","","","S"
"SYC","4","YC_FILIAL+YC_IDIOMA+YC_COD","Idioma + Codigo","Idioma + Codigo","Language + Code","S","","","S"
"SYD","1","YD_FILIAL+YD_TEC+YD_EX_NCM+YD_EX_NBM","TEC + Ex-NCM + Ex-NBM","TEC + Ex-NCM + Ex-NBM","TEC + Ex-NBM + Ex-NBM","S","","","S"
"SYD","2","YD_FILIAL+YD_DESC_P","Descricao","Descripcion","Description","S","","","S"
"SYE","1","YE_FILIAL+DTOS(YE_DATA)+YE_MOEDA","Data + Moeda","Fecha + Moneda","Date + Currency","S","","","S"
"SYE","2","YE_FILIAL+YE_MOEDA+DTOS(YE_DATA)","Moeda + Data","Moneda + Fecha","Currency + Date","S","","","S"
"SYF","1","YF_FILIAL+YF_MOEDA","Moeda","Moneda","Currency","S","","","S"
"SYF","2","YF_FILIAL+YF_DESC_SI","Des.Singular","Des.Singular","Sing.Des.","S","","","S"
"SYF","3","YF_FILIAL+YF_COD_GI","Cod.SISCOMEX","Cod.SISCOMEX","SISCOMEX Cod","S","","","S"
"SYG","1","YG_FILIAL+YG_IMPORTA+YG_FABRICA+YG_ITEM","Importador + Fabricante + Item","Importador + Fabricante + Item","Importer + Manufacturer + Item","S","","","S"
"SYH","1","YH_FILIAL+YH_LC_NUM+YH_PO_GI","No. L/C + Docto Base","Num. L/C + Docto. Base","L/C Number + Base Docum.","S","","","S"
"SYH","2","YH_FILIAL+YH_PO_GI+YH_LC_NUM","Docto Base + No. L/C","Docto. Base + Num. L/C","Base Docum. + L/C Number","S","","","S"
"SYI","1","YI_FILIAL+YI_PAGI_NU","No.Prov.Adit","Nr.Prov.Adic","Temp.Adit.Nr","S","","","S"
"SYI","2","YI_FILIAL+YI_GI_NUM+DTOS(YI_AGI_VEN)","No. da GI + Vencto Adit.","Nro. GI + Venc.Adicion","Imp.Form Nr + Addictive Du","S","","","S"
"SYI","3","YI_FILIAL+YI_AGI_NUM","No. Aditivo","Nro.Adiciona","Addictive Nr","S","","","S"
"SYI","4","YI_FILIAL+DTOS(YI_DTSDCEX)+DTOS(YI_DTEDCEX)+DTOS(YI_DT_SUFR)","Saida DECEX + Entr. DECEX + Data Suframa","Salida DECEX + Entr. DECEX + Fch.Z.Libre","DECEX Outfl. + DECEX Inflw. + Date Suframa","S","","","S"
"SYI","5","YI_FILIAL+DTOS(YI_AGI_VEN)","Vencto Adit.","Venc.Adicion","Addictive Du","S","","","S"
"SYJ","1","YJ_FILIAL+YJ_COD","Codigo","Codigo","Code","S","","","S"
"SYJ","2","YJ_FILIAL+YJ_DESCR","Descricao","Descripcion","Description","S","","","S"
"SYK","1","YK_FILIAL+YK_COD_EMB","Codigo Emb.","Cod.Embarque","Ship.Code","S","","","S"
"SYL","1","YL_FILIAL+YL_COD","Codigo","Codigo","Code","S","","","S"
"SYM","1","YM_FILIAL+YM_COD+YM_COLUNA","Codigo + Coluna","Codigo + Columna","Code + Column","S","","","S"
"SYM","2","YM_FILIAL+YM_CAMPO+YM_COD","Campo + Codigo","Campo + Codigo","Field + Code","S","","","S"
"SYN","1","YN_FILIAL+YN_TITULO","Titulo","Titulo","Bill","S","","","S"
"SYN","2","YN_FILIAL+YN_CAMPO","Campo","Campo","Field","S","","","S"
"SYO","1","YO_FILIAL+YO_CAMPO","Campo","Campo","Field","S","","","S"
"SYP","1","YP_FILIAL+YP_CHAVE+YP_SEQ","Chave + Sequencia","Clave + Secuencia","Key + Sequence","S","","","S"
"SYQ","1","YQ_FILIAL+YQ_VIA","Via","Medio","Via","S","","","S"
"SYR","1","YR_FILIAL+YR_VIA+YR_ORIGEM+YR_DESTINO+YR_TIPTRAN","Via + Origem + Destino + Tipo Transp.","Medio + Origen + Destino + Tipo Transp.","Via + Source + Destination + Transp. Type","S","","","S"
"SYR","2","YR_FILIAL+YR_VIA+YR_DESTINO+YR_ORIGEM","Via + Destino + Origem","Medio + Destino + Origen","Via + Destination + Source","S","","","S"
"SYR","3","YR_FILIAL+YR_ORIGEM","Origem","Origen","Source","S","","","S"
"SYR","4","YR_FILIAL+YR_DESTINO","Destino","Destino","Destination","S","","","S"
"SYR","5","YR_FILIAL+YR_ORIGEM+YR_DESTINO+YR_VIA","Origem + Destino + Via","Origen + Destino + Medio","Source + Destination + Via","S","","","N"
"SYS","1","YS_FILIAL+YS_TPMODU+YS_TIPO+YS_HAWB+YS_FORN+YS_MOEDA+YS_INVOICE+YS_CC","Tipo Modulo + Tipo + Processo + Fornecedor + Moeda + Invoice + Unid.Re","Tipo Modulo + Tipo + Proceso + Proveedor + Moneda + Invoice + Unid.Sol","Mod. Type + Type + Process + Supplier + Currency + Invoice + Request.U","S","","","S"
"SYS","2","YS_FILIAL+YS_TPMODU+YS_TIPO+YS_PREEMB+YS_FORN+YS_MOEDA+YS_INVEXP+YS_CC","Tipo Modulo + Tipo + Processo + Fornecedor + Moeda + Invoice + Unid.Re","Tipo Modulo + Tipo + Proceso + Proveedor + Moneda + Invoice + Unid.Sol","Mod. Type + Type + Process + Supplier + Currency + Invoice + Request.U","S","","","S"
"SYT","1","YT_FILIAL+YT_COD_IMP","Código","Codigo","Code","S","","","S"
"SYT","2","YT_FILIAL+YT_NOME","Nome","Nombre","Name","S","","","S"
"SYT","3","YT_FILIAL+YT_CGC","CNPJ","CNPJ","CNPJ","S","","","S"
"SYU","1","YU_FILIAL+YU_DESP+YU_TIP_CAD+YU_EASY","Despachante + Tipo Cadast. + Codigo Easy","Agente + Tipo Regist. + Cod. Easy","Customs Brok + Registr.Type + Easy Code","S","","","S"
"SYU","2","YU_FILIAL+YU_DESP+YU_TIP_CAD+YU_GIP_1","Despachante + Tipo Cadast. + Cod. GipLite","Agente + Tipo Regist. + Cod. GipLite","Customs Brok + Registr.Type + Cod.Gip-lite","S","","","S"
"SYV","1","YV_FILIAL+YV_MACHINE+YV_TYP_MOD+YV_COD_ZFM","Produto/Kit + Serie + Codigo ZFM","Producto/Kit + Serie + Cod.Z.Libre","Product/kit + Series + ZFM Code","S","","","S"
"SYV","2","YV_FILIAL+YV_COD_ZFM","Codigo ZFM","Cod.Z.Libre","ZFM Code","S","","","S"
"SYW","1","YW_FILIAL+YW_COD","Codigo","Codigo","Code","S","","","S"
"SYX","1","YX_FILIAL+YX_MACHINE+YX_TYP_MOD+YX_COD_ZFM+YX_COD_I","Produto/Kit + Serie + Codigo ZFM + Codigo Item","Producto/Kit + Serie + Cod.Z.Libre + Codigo Item","Product/kit + Type MOD + ZFM Code + Item Code","S","","","S"
"SYX","2","YX_FILIAL+YX_COD_I+YX_MACHINE+YX_TYP_MOD","Codigo Item + Produto/Kit + Serie","Codigo Item + Producto/Kit + Serie","Item Code + Product/kit + Type MOD","S","","","S"
"SYX","3","YX_FILIAL+YX_COD_ZFM+YX_COD_I","Codigo ZFM + Codigo Item","Cod.Z.Libre + Codigo Item","ZFM Code + Item Code","S","","","S"
"SYZ","1","YZ_FILIAL+YZ_CODIGO","Codigo ZFM","Cod.Z.Libre","ZFM Code","S","","","S"
"SYZ","2","YZ_FILIAL+YZ_DESCR","Descricao","Descripcion","Description","S","","","S"
"TA0","1","TA0_FILIAL+TA0_CODLEG","Codigo","Codigo","Code","S","","","S"
"TA0","2","TA0_FILIAL+TA0_EMENTA","Tema da Lei","Tema de Ley","Law Topic","S","","","S"
"TA1","1","TA1_FILIAL+TA1_CODAVA","Cod. Avalia.","Cod. Eval.","Evalua. Code","S","","","S"
"TA1","2","TA1_FILIAL+TA1_DESCRI","Descricao","Descripcion","Description","S","","","S"
"TA2","1","TA2_FILIAL+TA2_CODAVA+TA2_CODOPC","Cod. Aval. + Cod Opcao","Cod. Eval. + Cod. Opcion","Evalua. Code + Option Code","S","","","S"
"TA3","1","TA3_FILIAL+TA3_CODFOR","Cod. Formula","Cod. Formula","Formula Code","S","","","S"
"TA3","2","TA3_FILIAL+TA3_DESCRI","Desc Formula","Desc Formula","Formula Desc","S","","","S"
"TA4","1","TA4_FILIAL+TA4_CODASP","Cod. Aspecto","Cod. Aspecto","Aspect Code","S","","","S"
"TA4","2","TA4_FILIAL+TA4_DESCRI","Desc Aspecto","Desc Aspecto","Aspect Descr","S","","","S"
"TA5","1","TA5_FILIAL+STR(TA5_RESULT)+TA5_CODLEG+DTOS(TA5_DTRESU)","Resultado + Cod. Legisl. + Dt. Result.","Resultado + Cod. Legisl. + Fecha Result","Result + Legisl. Code + Result Date","S","","","S"
"TA6","1","TA6_FILIAL+TA6_CODAVA","Cod. Aval.","Cod. Eval.","Evalua. Code","S","","","S"
"TA6","2","TA6_FILIAL+TA6_DESCRI","Descricao","Descripcion","Description","S","","","S"
"TA7","1","TA7_FILIAL+TA7_CODAVA+TA7_CODOPC","Cod. Avalia. + Cod. Opcao","Cod. Evaluac + Cod. Opcion","Evaluat.Code + Option Code","S","","","S"
"TA8","1","TA8_FILIAL+TA8_CODCLA","Cod. Classe","Cod. Clase","Class Code","S","","","S"
"TA8","2","TA8_FILIAL+TA8_DESCRI","Desc. Classe","Desc. Clase","Desc. Catego","S","","","S"
"TA9","1","TA9_FILIAL+TA9_CODASP+TA9_CODAVA+DTOS(TA9_DTRESU)","Cod. Aspecto + Cod. Avalia. + Data Result.","Cod. Aspecto + Cod. Eval. + Fecha Result","Aspect Code + Evalua. Code + Result Date","S","","","S"
"TA9","2","TA9_FILIAL+TA9_CODAVA+TA9_CODOPC","Cod. Avalia. + Cod. Opcao","Cod. Eval. + Cod. Opcion","Evalua. Code + Option Code","S","","","S"
"TAA","1","TAA_FILIAL+TAA_CODPLA+DTOS(TAA_DTIMPL)","Cod. Plano + Dt. Implant.","Cod. Plan + Fch. Implant","Plan Code + Implem. Date","S","","","S"
"TAA","2","TAA_FILIAL+TAA_NOME","Nome Plano","Nombre Plan","Plan Name","S","","","S"
"TAB","1","TAB_FILIAL+TAB_ORDEM+TAB_CODASP","Ordem + Cod. Aspecto","Orden + Cod. Aspecto","Order + Aspect Code","S","","","S"
"TAB","2","TAB_FILIAL+TAB_CODPLA","Cod. Plano","Cod. Plan","Plan Code","S","","","S"
"TAB","3","TAB_FILIAL+TAB_CODCLA","Cod. Classe","Cod. Clase","Class Code","S","","","S"
"TAB","4","TAB_FILIAL+TAB_CODASP+TAB_CODIMP","Cod. Aspecto + Cod. Impacto","Cod. Aspecto + Cod. Impacto","Aspect Code + Impact Code","S","","","S"
"TAB","5","TAB_FILIAL+TAB_CODIMP","Cod. Impacto","Cod. Impacto","Impact Code","S","","","S"
"TAC","1","TAC_FILIAL+TAC_CODLEG+TAC_CODAVA+DTOS(TAC_DTRESU)","Cod. Legisl. + Cod. Aval. + Dt Resultado","Cod. Legisl. + Cod. Eval. + Fch.Resultad","Legisl. Code + Evalua. Code + Result Dt.","S","","","S"
"TAC","2","TAC_FILIAL+TAC_CODAVA+TAC_CODOPC","Cod. Aval. + Cod. Opcao","Cod. Eval. + Cod. Opcion","Evalua. Code + Option Code","S","","","S"
"TAD","1","TAD_FILIAL+TAD_ORDEM+TAD_CODAVA+TAD_CODOPC","N. Ordem + Cod. Aval. + Cod. Opcao","N. Orden + Cod. Eval. + Cod. Opcion","Order No. + Evalua. Code + Option Code","S","","","S"
"TAD","2","TAD_FILIAL+TAD_CODAVA","Cod. Aval.","Cod. Eval.","Evalua. Code","S","","","S"
"TAE","1","TAE_FILIAL+TAE_CODIMP","Cod. Impacto","Cod. Impacto","Impact Code","S","","","S"
"TAE","2","TAE_FILIAL+TAE_DESCRI","Desc Impacto","Desc Impacto","Imp. Desc.","S","","","S"
"TAF","1","TAF_FILIAL+TAF_CODEST+TAF_NIVSUP","Cod. Estrut. + C. Nivel Sup","Cod. Estruct + C. Nivel Sup","Struct. Code + Sup.Lev.Cd.","S","","","S"
"TAF","2","TAF_FILIAL+TAF_CODEST+TAF_CODNIV+TAF_NOMNIV","Cod. Estrut. + Cod. Nivel + Nome Nivel","Cod. Estruct + Cod. Nivel + Nombre Nivel","Struct. Code + Level Code + Level Name","S","","","S"
"TAF","3","TAF_FILIAL+TAF_MODSGA+TAF_NIVSUP","Usado SGA + C. Nivel Sup","Usado SGA + C. Nivel Sup","SGA Used + Sup.Lev.Cd.","S","","","S"
"TAF","4","TAF_FILIAL+TAF_MODMNT+TAF_NIVSUP","Usado MNT + C. Nivel Sup","Usado MNT + C. Nivel Sup","MNT Used + Sup.Lev.Cd.","S","","","S"
"TAF","5","TAF_FILIAL+TAF_MODMDT+TAF_NIVSUP","Usado MDT + C. Nivel Sup","Usado MDT + C. Nivel Sup","MDT Used + Sup.Lev.Cd.","S","","","S"
"TAF","6","TAF_FILIAL+TAF_MODMNT+TAF_INDCON+TAF_CODCON","Usado MNT + Ind Conteudo + Cod Conteudo","Usado MNT + Ind Contenid + Cod Contenid","MNT Used + Content Ind. + Content Code","S","","","S"
"TAF","7","TAF_FILIAL+TAF_MODMNT+TAF_INDCON+TAF_CODNIV","Usado MNT + Ind Conteudo + Cod. Nivel","Usado MNT + Ind Contenid + Cod. Nivel","MNT Used + Content Ind. + Level Code","S","","","S"
"TAF","8","TAF_FILIAL+TAF_CODNIV","Cod. Nivel","Cod. Nivel","Level Code","S","","","S"
"TAF","9","TAF_FILIAL+TAF_NOMNIV","Nome Nivel","Nombre Nivel","Level Name","S","","","S"
"TAG","1","TAG_FILIAL+TAG_CODASP+TAG_CODEST+TAG_CODNIV","Cod. Aspecto + Cod. Estrut. + Cod. Nivel","Cod. Aspecto + Cod. Estruct + Cod. Nivel","Aspect Code + Struct. Code + Level Code","S","","","S"
"TAG","2","TAG_FILIAL+TAG_CODEST+TAG_CODNIV","Cod. Estrut. + Cod. Nivel","Cod. Estruct + Cod. Nivel","Struct. Code + Level Code","S","","","S"
"TAH","1","TAH_FILIAL+TAH_ORDEM+TAH_CODFOR","Ordem + Cod. Formula","Orden + Cod. Formula","Order + Form. Code","S","","","S"
"TAI","1","TAI_FILIAL+TAI_CODIMP+TAI_CODLEG","Cod. Impacto + Cod. Legisl.","Cod. Impacto + Cod. Legisl.","Imp.Code + Legisl.Code","S","","","S"
"TAI","2","TAI_FILIAL+TAI_CODLEG","Cod. Legisl.","Cod. Legisl.","Legisl.Code","S","","","S"
"TAJ","1","TAJ_FILIAL+TAJ_CODASP+TAJ_CODLEG","Cod. Aspecto + Cod. Legisl.","Cod. Aspecto + Cod. Legisl.","Aspect Code + Legis. Code","S","","","S"
"TAJ","2","TAJ_FILIAL+TAJ_CODLEG","Cod. Legisl.","Cod. Legisl.","Legis. Code","S","","","S"
"TAK","1","TAK_FILIAL+TAK_CODEST+TAK_CODNIV+TAK_MAT","Cod. Estrut. + Cod. Nivel + Cod. Partici","Cod. Estruc. + Cod. Nivel + Cod. Partic.","Struc.Code + Level Code + Atten.Code","S","","","S"
"TAK","2","TAK_FILIAL+TAK_CODEST+TAK_CODNIV+TAK_CODFUN","Cod. Estrut. + Cod. Nivel + Cod. Funcao","Cod. Estruc. + Cod. Nivel + Cod funcion","Struc.Code + Level Code + Function Cd.","S","","","S"
"TAL","1","TAL_FILIAL+TAL_CODEST+TAL_CODNIV+TAL_FILDOC+TAL_DOCTO","Cod. Estrutu + Cod. Nivel + Filial Docum + Documento","Cod. Estruc. + Cod. Nivel + Sucursal Doc + Documento","Struc.Code + Level Code + Branch Doc + Document","S","","","S"
"TAM","1","TAM_FILIAL+TAM_CODLEG+TAM_DTALTE+TAM_HRALTE","Codigo + Data Alterac + Hora Alterac","Codigo + Fch Modific + Hora Modific","Code + Edition Date + Edition time","S","","","S"
"TAN","1","TAN_FILIAL+TAN_ORDEM+TAN_MAT","Ordem + Mat. Funcion","Orden + Mat. Funcion","Order + Reg.Employ","S","","","S"
"TAN","2","TAN_FILIAL+TAN_ORDEM+TAN_CODFUN","Ordem + Cod. Funcao","Orden + Cod funcion","Order + Function Cod","S","","","S"
"TAO","1","TAO_FILIAL+TAO_CODHIS+TAO_ORDEM","Cod. Histor. + Ordem","Cod. Histor. + Orden","Hist. Cod. + Order","S","","","S"
"TAO","2","TAO_FILIAL+TAO_CODASP+TAO_CODIMP","Cod. Aspecto + Cod. Impacto","Cod. Aspecto + Cod. Impacto","Aspect Cod. + Impact Cod.","S","","","S"
"TAP","1","TAP_FILIAL+TAP_CODHIS+TAP_ORDEM+TAP_CODAVA","Cod. Histor. + Ordem + Cod. Avaliac","Cod. Histor. + Orden + Cod. Evaluac","Histor. Cod. + Order + Evaluat. Cod","S","","","S"
"TAQ","1","TAQ_FILIAL+TAQ_USUARI+DTOS(TAQ_DATA)+TAQ_ORDEM","Usuario + Data + Ordem","Usuario + Fecha + Orden","User + Date + Order","S","","","S"
"TAQ","2","TAQ_FILIAL+TAQ_PENDEN","Pendencia","Pendencia","Dispute","S","","","S"
"TAR","1","TAR_FILIAL+TAR_CODATI","Cod. Ativ.","Cod. Activ.","Activ.cod.","S","","","S"
"TAS","1","TAS_FILIAL+TAS_CODATI","Cod. Ativ.","Cod. Activ.","Acti.Cod.","S","","","S"
"TAT","1","TAT_FILIAL+TAT_CODATI+TAT_CODPRO+TAT_CODMAT","Cod. Ativ. + Cod. Produto + Cod. Materia","Cod. Activ. + Cod. Product + Cod. Materia","Acti.Cod. + Product Code + Raw Mat.Code","S","","","S"
"TAU","1","TAU_FILIAL+TAU_CODPOL","Cod. Polit.","Cod. Polit.","Policy Code","S","","","S"
"TAV","1","TAV_FILIAL+TAV_CODRES+TAV_CODEST+TAV_CODNIV","Cod. Residuo + Cod. Estrut. + Cod. Nivel","Cod. Residuo + Cod. Estrut. + Cod. Nivel","Residue Cod. + Struct. Cod. + Level Code","S","","","S"
"TAV","2","TAV_FILIAL+TAV_CODEST+TAV_CODNIV","Cod. Estrut. + Cod. Nivel","Cod. Estrut. + Cod. Nivel","Struct. Cod. + Level Code","S","","","S"
"TAW","1","TAW_FILIAL+TAW_CODCLA","Cod. Class.","Cod. Clas.","Classif.Code","S","","","S"
"TAW","2","TAW_FILIAL+TAW_DESCLA","Desc. Class.","Desc. Clas.","Class. Desc.","S","","","S"
"TAX","1","TAX_FILIAL+TAX_CODRES","Residuo","Residuo","Residue","S","","","S"
"TAX","2","TAX_FILIAL+TAX_DESCRE","Desc. Resid.","Desc. Resid.","Residue Desc","S","","","S"
"TAY","1","TAY_FILIAL+TAY_CODHIS","Cod. Hist.","Cod. Hist.","Hist. Code","S","","","S"
"TAZ","1","TAZ_FILIAL+TAZ_CODCRI","Criterio","Criterio","Criterion","S","","","S"
"TAZ","2","TAZ_FILIAL+TAZ_DESCRI","Desc. Crit.","Desc. Crit.","Criter.Desc.","S","","","S"
"TB0","1","TB0_FILIAL+TB0_CODOCO","Cod. Ocor.","Cod. Ocurr.","Occurr. Code","S","","","S"
"TB1","1","TB1_FILIAL+TB1_CODOCO+TB1_CODCRI","Cod. Ocor. + Cod. Crit.","Cod. Ocurr. + Cod. Crit.","Occurr. Code + Crit. Code","S","","","S"
"TB2","1","TB2_FILIAL+TB2_CODDES","Cod. Destino","Cod. Destino","Destin. Code","S","","","S"
"TB3","1","TB3_FILIAL+TB3_CODCLA","Cod. Clas.","Cod. Clas.","Class Cod.","S","","","S"
"TB3","2","TB3_FILIAL+TB3_DESCLA","Desc. Cals.","Desc. Clas.","Class. Desc.","S","","","S"
"TB4","1","TB4_FILIAL+TB4_CODRES+TB4_CODDES","Cod. Residuo + Destino","Cod. Residuo + Destino","Residue Cod + Destination","S","","","S"
"TB5","1","TB5_FILIAL+TB5_FORNEC+TB5_CODPRO","Fornecedor + Produto","Proveedor + Producto","Supplier + Product","S","","","S"
"TB6","1","TB6_FILIAL+TB6_CODTIP+TB6_TIPO","Cod. Tipo + Tipo","Cod. Tipo + Tipo","Type Cod. + Type","S","","","S"
"TB6","2","TB6_FILIAL+TB6_DESCRI","Descricao","Descripcion","Description","S","","","S"
"TB7","1","TB7_FILIAL+TB7_CODRES","Cod. Residuo","Cod. Residuo","Residue Cod.","S","","","S"
"TB8","1","TB8_FILIAL+TB8_CODTRA","Transporte","Transporte","Transport","S","","","S"
"TB8","2","TB8_FILIAL+TB8_DESCRI","Descricao","Descripcion","Description","S","","","S"
"TB9","1","TB9_FILIAL+TB9_CODRES","Cod. Residuo","Cod. Residuo","Residue Cod.","S","","","S"
"TBA","1","TBA_FILIAL+TBA_CODRES+DTOS(TBA_DTTRAN)+TBA_HRTRAN","Cod. Residuo + Data Transf. + Hora Transf.","Cod. Residuo + Fecha Transf + Hora Transf.","Residue Cod. + Transf. Date + Transf. Time","S","","","S"
"TM0","1","TM0_FILIAL+TM0_NUMFIC","Ficha Medica","Ficha Medica","Medical File","S","","","S"
"TM0","2","TM0_FILIAL+TM0_NOMFIC","Nome","Nombre","Name","S","","","S"
"TM0","3","TM0_FILFUN+TM0_MAT+TM0_NUMDEP","Filial Func + Matricula + Dependente","Suc. Empl. + Matricula + Dependiente","Empl. Branch + Registration + Dependant","S","","","S"
"TM0","4","TM0_FILIAL+TM0_FICANT","Ficha Anter.","Ficha Anter.","Prev. Card","S","","","S"
"TM0","5","TM0_FILIAL+TM0_CANDID","Candidato","Candidato","Applicant","S","","","S"
"TM0","6","TM0_FILIAL+TM0_RG","R.G.","DNI","ID","S","","","S"
"TM0","7","TM0_FILIAL+TM0_CC+TM0_NUMFIC","Centro Custo + Ficha Medica","Centro Costo + Ficha Medica","Cost Center + Medical File","S","","","S"
"TM0","8","TM0_FILIAL+TM0_CLIENT+TM0_LOJA+TM0_NUMFIC","Cliente + Loja + Ficha Medica","Cliente + Tienda + Ficha Medica","Customer + Unit + Medical File","S","","","S"
"TM0","9","TM0_FILIAL+TM0_CODFUN+TM0_NUMFIC","Funcao + Ficha Medica","Funcion + Ficha Medica","Function + Medical File","S","","","S"
"TM1","1","TM1_FILIAL+TM1_CODMED","Medicamento","Medicamento","Medication","S","","","S"
"TM1","2","TM1_FILIAL+TM1_NOMEDI","Nome","Nombre","Name","S","","","S"
"TM2","1","TM2_FILIAL+TM2_NUMFIC+DTOS(TM2_DTCONS)+TM2_HRCONS+TM2_CODMED","Ficha Medica + Dt. Consulta + Hr. Consulta + Medicamento","Ficha Medica + Fch.Consulta + Hr. Consulta + Medicamento","Medical File + Appoin.Dt. + Consult.Time + Medication","S","","","S"
"TM2","2","TM2_FILIAL+TM2_NUMFIC+TM2_CODMED","Ficha Medica + Medicamento","Ficha Medica + Medicamento","Medical File + Medication","S","","","S"
"TM2","3","TM2_FILIAL+TM2_CODMED","Medicamento","Medicamento","Medication","S","","","S"
"TM3","1","TM3_FILIAL+TM3_SEQMOV+TM3_CODMED+DTOS(TM3_DTMOVI)","Seq. Movto + Medicamento + Dt. Movto","Sec. Movto + Medicamento + Fch. Movto","Mov. Seq. + Medication + Mov. Date","S","","","S"
"TM3","2","TM3_FILIAL+DTOS(TM3_DTMOVI)+TM3_CODMED","Dt. Movto + Medicamento","Fch. Movto + Medicamento","Mov. Date + Medication","S","","","S"
"TM3","3","TM3_FILIAL+TM3_SEQMOV","Seq. Movto","Sec. Movto","Mov. Seq.","S","","","S"
"TM3","4","TM3_FILIAL+TM3_CODMED","Medicamento","Medicamento","Medication","S","","","S"
"TM4","1","TM4_FILIAL+TM4_EXAME","Exame","Examen","Test","S","","","S"
"TM4","2","TM4_FILIAL+TM4_NOMEXA","Nome Exame","Nomb Examen","Test Name","S","","","S"
"TM5","1","TM5_FILIAL+TM5_NUMFIC+DTOS(TM5_DTPROG)+TM5_EXAME","Ficha Medica + Data Exame + Cod. Exame","Ficha Medica + Fecha Examen + Cod. Examen","Medical File + Test Date + Test Code","S","","","S"
"TM5","2","TM5_FILIAL+TM5_EXAME+TM5_FORNEC","Cod. Exame + Fornecedor","Cod. Examen + Proveedor","Test Code + Supplier","S","","","S"
"TM5","3","TM5_FILIAL+TM5_PCMSO+TM5_NUMFIC+TM5_EXAME+DTOS(TM5_DTPROG)","Num.PCMSO + Ficha Medica + Cod. Exame + Data Exame","NUM. PCMSO + Ficha Medica + Cod. Examen + Fecha Examen","PCMSO Number + Medical File + Test Code + Test Date","S","","","S"
"TM5","4","TM5_FILIAL+TM5_NUMASO","Num. ASO","NUM. ASO","ASO Number","S","","","S"
"TM5","5","TM5_FILIAL+TM5_CODRES","Concl.Result","Concl.Result","Result Conc.","S","","","S"
"TM5","6","TM5_FILIAL+TM5_NUMFIC+TM5_EXAME+DTOS(TM5_DTPROG)","Ficha Medica + Cod. Exame + Data Exame","Ficha Medica + Cod. Examen + Fecha Examen","Medical File + Test Code + Test Date","S","","","S"
"TM5","7","TM5_FILIAL+TM5_CC+TM5_EXAME","Centro Custo + Cod. Exame","Centro Costo + Cod. Examen","Cost Center + Test Code","S","","","S"
"TM6","1","TM6_FILIAL+TM6_NUMFIC+DTOS(TM6_DTPROG)+TM6_EXAME+TM6_ITEM","Ficha Medica + Data Exame + Exame + Item Exame","Ficha Medica + Fecha Examen + Examen + Item Examen","Medical File + Test Date + Test + Test Item","S","","","S"
"TM7","1","TM7_FILIAL+TM7_EQPTO","Equipamento","Equipo","Equipment","S","","","S"
"TM7","2","TM7_FILIAL+TM7_NOEQTO","Nome Eqpto","Nomb Equipo","Equipment","S","","","S"
"TM8","1","TM8_FILIAL+TM8_EXAME+TM8_ITEM","Exame + Item Exame","Examen + Item Examen","Test + Test Item","S","","","S"
"TM8","2","TM8_FILIAL+TM8_NOMITE","Nome Item","Nomb Item","Item Name","S","","","S"
"TM9","1","TM9_FILIAL+TM9_NUMFIC+DTOS(TM9_DTPROG)+TM9_EXAME","Ficha Medica + Data Exame + Exame","Ficha Medica + Fecha Examen + Examen","Medical File + Test Date + Test","S","","","S"
"TM9","2","TM9_FILIAL+TM9_EQPTO","Equipamento","Equipo","Equipment","S","","","S"
"TMA","1","TMA_FILIAL+TMA_AGENTE","Agente Risco","Agent.Riesgo","Risk Agent","S","","","S"
"TMA","2","TMA_FILIAL+TMA_NOMAGE","Nome Agente","Nomb Agente","Agent´s Name","S","","","S"
"TMB","1","TMB_FILIAL+TMB_AGENTE+TMB_EXAME","Agente + Exame","Agente + Examen","Agent + Test","S","","","S"
"TMB","2","TMB_FILIAL+TMB_EXAME+TMB_AGENTE","Exame + Agente","Examen + Agente","Test + Agent","S","","","S"
"TMC","1","TMC_FILIAL+TMC_NUMASO+TMC_AGENTE","Num. ASO + Agente","Num. ASO + Agente","ASO Number + Agent","S","","","S"
"TMC","2","TMC_FILIAL+TMC_AGENTE","Agente","Agente","Agent","S","","","S"
"TMD","1","TMD_FILIAL+TMD_FORNEC+TMD_LOJA+TMD_EXAME+DTOS(TMD_DTINIC)","Fornecedor + Loja + Exame + Inicio","Proveedor + Tienda + Examen + Inicio","Supplier + Unit + Test + Start","S","","","S"
"TMD","2","TMD_FILIAL+TMD_EXAME+DTOS(TMD_DTINIC)","Exame + Inicio","Examen + Inicio","Test + Start","S","","","S"
"TME","1","TME_FILIAL+TME_RESTRI","Restricao","Restriccion","Restriction","S","","","S"
"TME","2","TME_FILIAL+TME_NOMRES","Nome Restric","Nomb Restric","Restr. Name","S","","","S"
"TMF","1","TMF_FILIAL+TMF_NUMFIC+TMF_RESTRI+DTOS(TMF_DTINIC)","Ficha Medica + Restricao + Inicio","Ficha Medica + Restriccion + Inicio","Medical File + Restriction + Start","S","","","S"
"TMF","2","TMF_FILIAL+TMF_RESTRI","Restricao","Restriccion","Restriction","S","","","S"
"TMG","1","TMG_FILIAL+TMG_QUESTI","Questionario","Cuestionario","Quetionnaire","S","","","S"
"TMH","1","TMH_FILIAL+TMH_QUESTI+TMH_QUESTA","Quetionario + Questao","Cuestionario + Cuestion","Quetionnaire + Question","S","","","S"
"TMI","1","TMI_FILIAL+TMI_NUMFIC+DTOS(TMI_DTREAL)+TMI_QUESTI+TMI_QUESTA","Ficha Medica + Realizacao + Questionario + Questao","Ficha Medica + Realizacion + Cuestionario + Cuestion","Medical File + Execution + Quetionnaire + Question","S","","","S"
"TMI","2","TMI_FILIAL+TMI_QUESTI","Questionario","Cuestionario","Quetionnaire","S","","","S"
"TMJ","1","TMJ_FILIAL+TMJ_CODUSU+DTOS(TMJ_DTCONS)+TMJ_HRCONS","Atendente + Dt. Consulta + Hr.Cons","Atendedor + Fch.Consulta + Hr.Cons","Doctor + Appoin.Dt. + Consult. Tm.","S","","","S"
"TMJ","2","TMJ_FILIAL+TMJ_NUMFIC","Ficha Medica","Ficha Medica","Medical File","S","","","S"
"TMJ","3","TMJ_FILIAL+TMJ_PCMSO+TMJ_CONVOC+DTOS(TMJ_DTCONS)+TMJ_HRCONS","PCMSO + Convocacao + Dt. Consulta + Hr.Cons","PCMSO + Convocacion + Fch.Consulta + Hr.Cons","PCMSO + Call + Appoin.Dt. + Consult. Tm.","S","","","S"
"TMJ","4","TMJ_FILIAL+TMJ_MOTIVO","Motivo","Motivo","Reason","S","","","S"
"TMJ","5","TMJ_FILIAL+TMJ_PCMSO+TMJ_CODUSU+DTOS(TMJ_DTCONS)+TMJ_HRCONS","PCMSO + Atendente + Dt. Consulta + Hr.Cons","PCMSO + Atendedor + Fch.Consulta + Hr.Cons","PCMSO + Doctor + Appoin.Dt. + Consult. Tm.","S","","","S"
"TMJ","6","TMJ_FILIAL+DTOS(TMJ_DTCONS)+TMJ_HRCONS","Dt. Consulta + Hr.Cons","Fch.Consulta + Hr.Cons","Appoin.Dt. + Consult. Tm.","S","","","S"
"TMJ","7","TMJ_FILIAL+TMJ_CODUSU+DTOS(TMJ_DTCONS)+TMJ_NUMFIC+TMJ_EXAME","Atendente + Dt. Consulta + Ficha Medica + Exame","Atendedor + Fch.Consulta + Ficha Medica + Examen","Doctor + Appoin.Dt. + Medical File + Test","S","","","S"
"TMJ","8","TMJ_FILIAL+TMJ_NUMFIC+DTOS(TMJ_DTPROG)+TMJ_EXAME","Ficha Medica + Dt. Program. + Exame","Ficha Medica + Fch.Program. + Examen","Medical File + Sched.Date + Test","S","","","S"
"TMJ","9","TMJ_FILIAL+TMJ_MAT","Matricula","Matricula","Registration","S","","","S"
"TMK","1","TMK_FILIAL+TMK_CODUSU","Usuario","Usuario","User","S","","","S"
"TMK","2","TMK_FILIAL+TMK_NOMUSU","Nome","Nombre","Name","S","","","S"
"TMK","3","TMK_FILIAL+TMK_INDFUN","Funcao","Funcion","Job","S","","","S"
"TML","1","TML_FILIAL+TML_CODUSU","Usuario","Usuario","User","S","","","S"
"TML","2","TML_FILIAL+TML_CALEND","Calendario","Calendario","Calendar","S","","","S"
"TMN","1","TMN_FILIAL+TMN_CODPRO+TMN_NUMFIC","Prog. Saude + Ficha Medica","Prog. Salud + Ficha Medica","Health Prog. + Medical File","S","","","S"
"TMN","2","TMN_FILIAL+TMN_NUMFIC+TMN_CODPRO","Ficha Medica + Prog. Saude","Ficha Medica + Prog. Salud","Medical File + Health Prog.","S","","","S"
"TMO","1","TMO_FILIAL+TMO_CODPRO","Prog. Saude","Prog. Salud","Health Prog.","S","","","S"
"TMO","2","TMO_FILIAL+TMO_NOMPRO","Nome","Nombre","Name","S","","","S"
"TMQ","1","TMQ_FILIAL+TMQ_FAIXA","Faixa","Banda","Range","S","","","S"
"TMR","1","TMR_FILIAL+TMR_CID","C.I.D.","C.I.D.","C.I.D.","S","","","S"
"TMR","2","TMR_FILIAL+TMR_DOENCA","Desc. Doenca","Desc.Enferm.","Disease Des.","S","","","S"
"TMS","1","TMS_FILIAL+TMS_MOTIVO","Motivo","Motivo","Reason","S","","","S"
"TMS","2","TMS_FILIAL+TMS_NOMOTI","Nome Motivo","Nomb Motivo","Reason Name","S","","","S"
"TMT","1","TMT_FILIAL+TMT_NUMFIC","Ficha Medica","Ficha Medica","Medical File","S","","","S"
"TMT","2","TMT_FILIAL+TMT_CODUSU+DTOS(TMT_DTCONS)+TMT_HRCONS","Medico + Dt. Consulta + Hr. Consulta","Medico + Fch.Consulta + Hr. Consulta","Doctor + Consul. Date + Consul. Time","S","","","S"
"TMT","3","TMT_FILIAL+TMT_NUMFIC+DTOS(TMT_DTCONS)+TMT_HRCONS","Ficha Medica + Dt. Consulta + Hr. Consulta","Ficha Medica + Fch.Consulta + Hr. Consulta","Medical File + Consul. Date + Consul. Time","S","","","S"
"TMT","4","TMT_FILIAL+TMT_CID","CID Princip.","CID Princip.","Main ICD","S","","","S"
"TMT","5","TMT_FILIAL+TMT_CODFUN+TMT_CID","Funcao + CID Princip.","Funcion + CID Princip.","Job + Main ICD","S","","","S"
"TMT","6","TMT_FILIAL+TMT_CC","Centro Custo","Centro Costo","Cost Center","S","","","S"
"TMT","7","TMT_FILIAL+TMT_ACIDEN+TMT_NUMFIC","Acidente + Ficha Medica","Accidente + Ficha Medica","Accident + Medical File","S","","","S"
"TMU","1","TMU_FILIAL+TMU_CODRES","Cod.Result.","Cod.Result.","Result Code","S","","","S"
"TMU","2","TMU_FILIAL+TMU_RESULT","Desc.Result.","Desc.Result.","Result Desc.","S","","","S"
"TMV","1","TMV_FILIAL+TMV_PCMSO+TMV_CONVOC+TMV_CODUSU","PCMSO + Convocacao + Medico","PCMSO + Convocacion + Medico","PCMSO + Call + Doctor","S","","","S"
"TMV","2","TMV_FILIAL+TMV_CODUSU+TMV_CONVOC","Medico + Convocacao","Medico + Convocacion","Doctor + Call","S","","","S"
"TMV","3","TMV_FILIAL+TMV_CODUSU+TMV_PCMSO+TMV_CONVOC","Medico + PCMSO + Convocacao","Medico + PCMSO + Convocacion","Doctor + PCMSO + Call","S","","","S"
"TMV","4","TMV_FILIAL+TMV_CALEND","Calendario","Calendario","Calendar","S","","","S"
"TMV","5","TMV_FILIAL+TMV_CC","Centro Custo","Centro Costo","Cost Center","S","","","S"
"TMV","6","TMV_FILIAL+TMV_CODFUN","Funcao","Funcion","Job","S","","","S"
"TMW","1","TMW_FILIAL+TMW_PCMSO","PCMSO","PCMSO","PCMSO","S","","","S"
"TMW","2","TMW_FILIAL+TMW_CODUSU","Medic Respon","Medic Respon","Doctor Resp.","S","","","S"
"TMW","3","TMW_FILIAL+DTOS(TMW_DTINIC)","Dt. Inicio","Fch.Inicio","Begin. Date","S","","","S"
"TMW","4","TMW_FILIAL+DTOS(TMW_DTFIM)","Dt. Termino","Fch.Termino","Ending Date","S","","","S"
"TMW","5","TMW_FILIAL+TMW_DESCRI","Observacao","Observacion","Note","S","","","S"
"TMW","6","TMW_FILIAL+TMW_CCDE","De C. Custo","De C. Costo","From C.Cent.","S","","","S"
"TMW","7","TMW_FILIAL+TMW_CCATE","Ate C. Custo","A C. Costo","To C. Cent.","S","","","S"
"TMW","8","TMW_FILIAL+TMW_CLIDE","De Cliente","De Cliente","From Custom.","S","","","S"
"TMW","9","TMW_FILIAL+TMW_CLIATE","Ate Cliente","A Cliente","To Customer","S","","","S"
"TMX","1","TMX_FILIAL+TMX_NUMASO+TMX_NUMRIS","Num. ASO + Num. Risco","Num. ASO + Num. Riesgo","ASO Number + Risk Number","S","","","S"
"TMX","2","TMX_FILIAL+TMX_NUMRIS","Num. Risco","Num. Riesgo","Risk Number","S","","","S"
"TMY","1","TMY_FILIAL+TMY_NUMASO","Numero ASO","Numero ASO","ASO Number","S","","","S"
"TMY","2","TMY_FILIAL+TMY_NUMFIC+TMY_NUMASO","Ficha Medica + Numero ASO","Ficha Medica + Numero ASO","Medical File + ASO Number","S","","","S"
"TMY","3","TMY_FILIAL+TMY_NUMFIC+DTOS(TMY_DTPROG)","Ficha Medica + Dt.Programac","Ficha Medica + Fch.Program.","Medical File + Sched. Date","S","","","S"
"TMY","4","TMY_FILIAL+TMY_CODUSU","Medico Resp.","Medico Resp.","Doctor Resp.","S","","","S"
"TMZ","1","TMZ_FILIAL+TMZ_TERMO","Cod. Termo","Cod  Acta","Term Code","S","","","S"
"TN0","1","TN0_FILIAL+TN0_NUMRIS","Num. Risco","Num. Riesgo","Risk Number","S","","","S"
"TN0","2","TN0_FILIAL+TN0_AGENTE+TN0_NUMRIS","Agente + Num. Risco","Agente + Num. Riesgo","Agent + Risk Number","S","","","S"
"TN0","3","TN0_FILIAL+TN0_FONTE+TN0_AGENTE","Fonte Gerad. + Agente","Fuente Gener + Agente","Gener.Source + Agent","S","","","S"
"TN0","4","TN0_FILIAL+TN0_CODTAR","Tarefa","Tarea","Task","S","","","S"
"TN0","5","TN0_FILIAL+TN0_CC+TN0_CODFUN+TN0_CODTAR","Centro Custo + Funcao + Tarefa","Centro Costo + Funcion + Tarea","Cost Center + Job + Task","S","","","S"
"TN0","6","TN0_FILIAL+TN0_CODAMB","Ambiente","Ambiente","Environment","S","","","S"
"TN0","7","TN0_FILIAL+TN0_CODFUN","Funcao","Funcion","Job","S","","","S"
"TN1","1","TN1_FILIAL+TN1_SEQGER","Sequencia","Secuencia","Sequence","S","","","S"
"TN2","1","TN2_FILIAL+TN2_NUMRIS+TN2_EXAME+TN2_FAIXA","Risco + Exame + Faixa","Riesgo + Examen + Intervalo","Risk + Test + Range","S","","","S"
"TN2","2","TN2_FILIAL+TN2_EXAME+TN2_NUMRIS","Exame + Risco","Examen + Riesgo","Test + Risk","S","","","S"
"TN2","3","TN2_FILIAL+TN2_FAIXA","Faixa","Intervalo","Range","S","","","S"
"TN2","4","TN2_FILIAL+TN2_SEQGER","Sequencia","Secuencia","Sequence","S","","","S"
"TN3","1","TN3_FILIAL+TN3_FORNEC+TN3_LOJA+TN3_CODEPI+TN3_NUMCAP","Fornecedor + Loja + Codigo + Num. C.A.","Proveedor + Tienda + Codigo + Num. C.A.","Supplier + Unit + Code + AC Number","S","","","S"
"TN3","2","TN3_FILIAL+TN3_CODEPI","Codigo","Codigo","Code","S","","","S"
"TN4","1","TN4_FILIAL+TN4_NUMFIC+DTOS(TN4_DTPROG)+TN4_EXAME+TN4_AGENTE","Ficha Medic + Dt. Program. + Exame + Agente","Ficha Medic + Fch. Program + Examen + Agente","Medical File + Schedul. Dt. + Test + Agent","S","","","S"
"TN4","2","TN4_FILIAL+TN4_AGENTE","Agente","Agente","Agent","S","","","S"
"TN5","1","TN5_FILIAL+TN5_CODTAR","Tarefa Risco","Tarea Riesgo","Risk Task","S","","","S"
"TN5","2","TN5_FILIAL+TN5_NOMTAR","Nome Tarefa","Nombre Tarea","Task Name","S","","","S"
"TN6","1","TN6_FILIAL+TN6_CODTAR+TN6_MAT+DTOS(TN6_DTINIC)","Tarefa Risco + Matricula + Dt. Inicio","Tarea Riesgo + Matricula + Fch. Inicio","Risk Task + Registration + Ending Date","S","","","S"
"TN6","2","TN6_FILIAL+TN6_MAT","Matricula","Matricula","Registration","S","","","S"
"TN7","1","TN7_FILIAL+TN7_FONTE","Fonte Gerad.","Fuente.Gener","Gener. Sour.","S","","","S"
"TN7","2","TN7_FILIAL+TN7_NOMFON","Nome Fonte","Nomb Fuente","Source Name","S","","","S"
"TN8","1","TN8_FILIAL+TN8_CODPRO+TN8_EXAME+TN8_FAIXA","Programa + Exame + Faixa","Programa + Examen + Banda","Program + Test + Range","S","","","S"
"TN8","2","TN8_FILIAL+TN8_EXAME+TN8_CODPRO","Exame + Programa","Examen + Programa","Test + Program","S","","","S"
"TN8","3","TN8_FILIAL+TN8_FAIXA","Faixa","Banda","Range","S","","","S"
"TN9","1","TN9_FILIAL+TN9_EXAME+TN9_FAIXA","Exame + Faixa","Examen + Banda","Test + Range","S","","","S"
"TN9","2","TN9_FILIAL+TN9_FAIXA","Faixa","Banda","Range","S","","","S"
"TNA","1","TNA_FILIAL+TNA_NUMFIC+TNA_CID+DTOS(TNA_DTINIC)","Ficha Medica + CID + Dt. Inicio","Ficha Medica + CID + Fch. Inicio","Medical File + ICD + Begin. Date","S","","","S"
"TNA","2","TNA_FILIAL+TNA_CID+TNA_NUMFIC","CID + Ficha Medica","CID + Ficha Medica","ICD + Medical File","S","","","S"
"TNB","1","TNB_FILIAL+TNB_CODFUN+TNB_CODEPI","Funcao + Codigo","Cargo + Codigo","Job + Code","S","","","S"
"TNB","2","TNB_FILIAL+TNB_CODFUN","Funcao","Cargo","Job","S","","","S"
"TNB","3","TNB_FILIAL+TNB_CODEPI","Codigo","Codigo","Code","S","","","S"
"TNC","1","TNC_FILIAL+TNC_ACIDEN","Acidente","Accidente","Accident","S","","","S"
"TNC","2","TNC_FILIAL+TNC_NUMRIS","Num. Risco","Num. Riesgo","Risk Number","S","","","S"
"TNC","3","TNC_FILIAL+TNC_TIPACI","Tipo Acident","Tipo Acciden","Accid. Type","S","","","S"
"TNC","4","TNC_FILIAL+TNC_CODOBJ","Obj.Causador","Obj.Causador","Cause","S","","","S"
"TNC","5","TNC_FILIAL+TNC_CC","Centro Custo","Centro Costo","Cost Center","S","","","S"
"TNC","6","TNC_FILIAL+TNC_CODFUN","Funcao","Funcion","Job","S","","","S"
"TNC","7","TNC_FILIAL+TNC_NUMFIC+TNC_ACIDEN","Ficha Medica + Acidente","Ficha Medica + Accidente","Medical File + Accident","S","","","S"
"TNC","8","TNC_FILIAL+TNC_DESACI","Descricao","Descripcion","Description","S","","","S"
"TND","1","TND_FILIAL+TND_CAUSA","Causa Aciden","Causa Accid.","Accid.Causes","S","","","S"
"TND","2","TND_FILIAL+TND_NOME","Nome Causa","Nomb Causa","Cause Name","S","","","S"
"TNE","1","TNE_FILIAL+TNE_CODAMB","Ambiente","Ambiente","Environment","S","","","S"
"TNF","1","TNF_FILIAL+TNF_FORNEC+TNF_LOJA+TNF_CODEPI+TNF_NUMCAP+TNF_MAT+DTOS(TNF_DTENTR)+TNF_HRENTR","Fornecedor + Loja + Codigo + Num. C. A. + Matricula + Dt. Entrega + Hr","Proveedor + Tienda + Codigo + Num. C. A. + Matricula + Fch. Entrega +","Supplier + Unit + Code + App.Cert.No. + Registration + Delivery Dt. +","S","","","S"
"TNF","2","TNF_FILIAL+TNF_CODEPI","Codigo","Codigo","Code","S","","","S"
"TNF","3","TNF_FILIAL+TNF_MAT+TNF_CODEPI+DTOS(TNF_DTENTR)+TNF_HRENTR","Matricula + Codigo + Dt. Entrega + Hr. Entregue","Matricula + Codigo + Fch. Entrega + Hr. Entrega","Registration + Code + Delivery Dt. + Deliv.Hour","S","","","S"
"TNF","4","TNF_FILIAL+TNF_CODFUN","Funcao","Cargo","Job","S","","","S"
"TNF","5","TNF_FILIAL+TNF_MAT+DTOS(TNF_DTENTR)+TNF_HRENTR+TNF_CODEPI","Matricula + Dt. Entrega + Hr. Entregue + Codigo","Matricula + Fch. Entrega + Hr. Entrega + Codigo","Registration + Delivery Dt. + Deliv.Hour + Code","S","","","S"
"TNG","1","TNG_FILIAL+TNG_TIPACI","Tipo Aciden.","Tipo Acciden","Accid. Type","S","","","S"
"TNG","2","TNG_FILIAL+TNG_DESTIP","Descricao","Descripcion","Description","S","","","S"
"TNH","1","TNH_FILIAL+TNH_CODOBJ","Cod. Objeto","Cod. Objeto","Cause Code","S","","","S"
"TNH","2","TNH_FILIAL+TNH_DESOBJ","Descricao","Descripcion","Description","S","","","S"
"TNI","1","TNI_FILIAL+TNI_CODPLA","Cod. Plano","Cod. Plan","Plan Code","S","","","S"
"TNI","2","TNI_FILIAL+TNI_CC","C.Custo","C. Costos","Cost Center","S","","","S"
"TNI","3","TNI_FILIAL+TNI_MAT","Func. Resp.","Empl. respon","Resp. emp.","S","","","S"
"TNI","4","TNI_FILIAL+TNI_FUNRES","Func. Respon","Empl.Respons","Resp.Empl.","S","","","S"
"TNJ","1","TNJ_FILIAL+TNJ_NUMRIS+TNJ_CODPLA","Num. Risco + Cod. Plano","Num. Riesgo + Cod. Plan","Risk Number + Plan Code","S","","","S"
"TNJ","2","TNJ_FILIAL+TNJ_CODPLA","Cod. Plano","Cod. Plan","Plan Code","S","","","S"
"TNK","1","TNK_FILIAL+TNK_CODAMB+TNK_AGENTE","Ambiente + Agente Risco","Ambiente + Agent.Riesgo","Environment + Risk Agent","S","","","S"
"TNL","1","TNL_FILIAL+TNL_CODDES","Cod. Despesa","Cod. Gastos","Expense Code","S","","","S"
"TNL","2","TNL_FILIAL+TNL_NOMDES","Nome Despesa","Nombre Gasto","Expense Name","S","","","S"
"TNM","1","TNM_FILIAL+TNM_ACIDEN+TNM_CODDES","Acidente + Cod. Despesa","Accidente + Cod. Gastos","Accident + Expense Code","S","","","S"
"TNM","2","TNM_FILIAL+TNM_CODDES","Cod. Despesa","Cod. Gastos","Expense Code","S","","","S"
"TNN","1","TNN_FILIAL+TNN_MANDAT","Cod. Mandato","Cod. Mandato","Mandate Code","S","","","S"
"TNN","2","TNN_FILIAL+TNN_DESCRI","Descricao","Descripcion","Description","S","","","S"
"TNO","1","TNO_FILIAL+TNO_MANDAT+TNO_MAT+DTOS(TNO_DTCAND)","Cod. Mandato + Matricula + Dt. Candidat","Cod. Mandato + Matricula + Fch. Candid.","Mandate Code + Regist.No. + Candid.Date","S","","","S"
"TNO","2","TNO_FILIAL+TNO_MAT","Matricula","Matricula","Regist.No.","S","","","S"
"TNP","1","TNP_FILIAL+TNP_EMITEN","Cod. Medico","Cod. Medico","Doctor Code","S","","","S"
"TNP","2","TNP_FILIAL+TNP_NOME","Nome Medico","Nomb Medico","Doc.Name","S","","","S"
"TNQ","1","TNQ_FILIAL+TNQ_MANDAT+TNQ_MAT+DTOS(TNQ_DTSAID)","Cod. Mandato + Matricula + Dt. Saida","Cod. Mandato + Matricula + Fc. Salida","Mandate Code + Regist.No. + Outflow Date","S","","","S"
"TNQ","2","TNQ_FILIAL+TNQ_MAT+TNQ_MANDAT","Matricula + Cod. Mandato","Matricula + Cod. Mandato","Regist.No. + Mandate Code","S","","","S"
"TNR","1","TNR_FILIAL+TNR_MANDAT+DTOS(TNR_DTREUN)","Cod. Mandato + Dt. Reuniao","Cod. Mandato + Fch. Reunion","Mandate Code + Meeting Date","S","","","S"
"TNS","1","TNS_FILIAL+TNS_MANDAT+DTOS(TNS_DTREUN)+TNS_HRREUN+TNS_MAT","Cod. Mandato + Dt. Reuniao + Hora Reuniao + Matricula","Cod. Mandato + Fc. Reunion + Hora Reunion + Matricula","Mandate Code + Meeting Date + Meeting Time + Regist.No.","S","","","S"
"TNS","2","TNS_FILIAL+TNS_MAT","Matricula","Matricula","Regist.No.","S","","","S"
"TNT","1","TNT_FILIAL+TNT_ACIDEN+TNT_MANDAT+TNT_CODPLA","Acidente + Cod. Mandato + Cod. Plano","Accidente + Cod. Mandato + Cod. Plan","Accident + Mandate Code + Plan Code","S","","","S"
"TNU","1","TNU_FILIAL+TNU_ACIDEN+TNU_MANDAT","Acidente + Cod. Mandato","Accidente + Cod. Mandato","Accident + Mandate Code","S","","","S"
"TNV","1","TNV_FILIAL+TNV_MANDAT+TNV_CODPLA","Cod. Mandato + Cod. Plano","Cod. Mandato + Cod. Plan","Mandate Code + Plan Code","S","","","S"
"TNW","1","TNW_FILIAL+TNW_SEQUEN+TNW_CODUSU","Sequencial + Usuario","Secuencial + Usuario","Sequential + User","S","","","S"
"TNW","2","TNW_FILIAL+TNW_CODUSU+TNW_SEQUEN","Usuario + Sequencial","Usuario + Secuencial","User + Sequential","S","","","S"
"TNW","3","TNW_FILIAL+TNW_LOGIN+TNW_SEQUEN","Login Usuar + Sequencial","Login Usuar + Secuencial","User Login + Sequential","S","","","S"
"TNX","1","TNX_FILIAL+TNX_NUMRIS+TNX_EPI","Num. Risco + Cod. EPI","Num. Riesgo + Cod. EPI","Risk Number + EPI Code","S","","","S"
"TNX","2","TNX_FILIAL+TNX_NUMRIS","Num. Risco","Num. Riesgo","Risk Number","S","","","S"
"TNX","3","TNX_FILIAL+TNX_EPI","Cod. EPI","Cod. EPI","EPI Code","S","","","S"
"TNY","1","TNY_FILIAL+TNY_NUMFIC+DTOS(TNY_DTINIC)+TNY_HRINIC","Ficha Medica + Dt.Inic.Afas + Hr. Ini.Afas","Ficha Medica + Fc.Inic.Lic. + Hr.Ini.Lic.","Medical File + Abs.Init.Dt. + Abs.Init.Tm.","S","","","S"
"TNZ","1","TNZ_FILIAL+TNZ_ACIDEN+TNZ_CAUSA","Acidente + Causa Aciden","Accidente + Causa Accid.","Accident + Accid.Causes","S","","","S"
"TO0","1","TO0_FILIAL+TO0_LAUDO","Laudo","Informe","Report","S","","","S"
"TO0","2","TO0_FILIAL+TO0_CLIENT+TO0_LOJA","Cliente + Loja","Cliente + Tienda","Customer + Unit","S","","","S"
"TO0","3","TO0_FILIAL+TO0_CODUSU","Responsavel","Responsable","Responsible","S","","","S"
"TO0","4","TO0_FILIAL+TO0_TERMO","Termo Respon","Acta Respons","Liabil.Term","S","","","S"
"TO1","1","TO1_FILIAL+TO1_LAUDO+TO1_NUMRIS","Laudo + Risco","Informe + Riesgo","Report + Risk","S","","","S"
"TO1","2","TO1_FILIAL+TO1_NUMRIS","Risco","Riesgo","Risk","S","","","S"
"TO2","1","TO2_FILIAL+TO2_LAUDO+TO2_EQPTO","Laudo + Equipamento","Informe + Equipo","Report + Equipment","S","","","S"
"TO2","2","TO2_FILIAL+TO2_EQPTO","Equipamento","Equipo","Equipment","S","","","S"
"TO3","1","TO3_FILIAL+TO3_LAUDO+TO3_CONTRO","Laudo + Med.Control.","Informe + Med.Control.","Report + Contr.Meas.","S","","","S"
"TO3","2","TO3_FILIAL+TO3_CONTRO","Med.Control.","Med.Control.","Contr.Meas.","S","","","S"
"TO4","1","TO4_FILIAL+TO4_CONTRO","Controle","Control","Control","S","","","S"
"TO5","1","TO5_FILIAL+TO5_LAUDO+TO5_SEQUEN","Laudo + Sequencia","Informe + Secuencia","Report + Sequence","S","","","S"
"TO5","2","TO5_FILIAL+TO5_CODAMB","Ambiente","Ambiente","Environment","S","","","S"
"TO5","3","TO5_FILIAL+TO5_CODFUN","Funcao","Funcion","Function","S","","","S"
"TO6","1","TO6_FILIAL+TO6_ACIDEN+DTOS(TO6_DTREAL)+TO6_QUESTI+TO6_QUESTA","Acidente + Realizacao + Questionario + Questao","Accidente + Realizacion + Cuestionario + Cuestion","Accident + Accompl. + Quetionnaire + Question","S","","","S"
"TO6","2","TO6_FILIAL+TO6_QUESTI+TO6_QUESTA","Questionario + Questao","Cuestionario + Cuestion","Quetionnaire + Question","S","","","S"
"TO7","1","TO7_FILIAL+TO7_CODOCO","Ocorrencia","Evento","Occurrence","S","","","S"
"TO8","1","TO8_FILIAL+TO8_CODOCO+TO8_MAT+DTOS(TO8_DTOCOR)","Ocorrencia + Matricula + Dt. Ocorrenc","Evento + Matricula + Fch. evento","Occurrence + Registration + Occur.Date","S","","","S"
"TO8","2","TO8_FILIAL+TO8_MAT","Matricula","Matricula","Registration","S","","","S"
"TO9","1","TO9_FILIAL+TO9_NUMRIS+TO9_EPC","Num. Risco + Codigo EPC","Num. Riesgo + Codigo EPC","Risk No. + EPC Code","S","","","S"
"TOA","1","TOA_FILIAL+TOA_CODREQ+TOA_TIPREQ+TOA_CODIGO","Requisito + Tipo Requis. + Necessidade","Exigencia + TipoRequisit + Necesidad","Requisite + Req. Type + Necessity","S","","","S"
"TOB","1","TOB_FILIAL+TOB_CODFUN+TOB_CC","Funcao + Centro Custo","Funcion + Centro Costo","Function + Cost Center","S","","","S"
"TOB","2","TOB_FILIAL+TOB_CC+TOB_CODFUN","Centro Custo + Funcao","Centro Costo + Funcion","Cost Center + Function","S","","","S"
"TOB","3","TOB_FILIAL+TOB_CODRES+TOB_CODFUN","Responsavel + Funcao","Responsable + Funcion","Responsible + Function","S","","","S"
"TOC","1","TOC_FILIAL+TOC_CODFUN+TOC_CC+TOC_MAT","Funcao + Centro Custo + Matricula","Funcion + Centro Costo + Inscripcion","Function + Cost Center + Registration","S","","","S"
"TOC","2","TOC_FILIAL+TOC_MAT","Matricula","Inscripcion","Registration","S","","","S"
"TOC","3","TOC_FILIAL+TOC_CC+TOC_CODFUN+TOC_MAT","Centro Custo + Funcao + Matricula","Centro Costo + Funcion + Inscripcion","Cost Center + Function + Registration","S","","","S"
"TOE","1","TOE_FILIAL+TOE_CNAE","CNAE","CNAE","CNAE","S","","","S"
"TOE","2","TOE_FILIAL+TOE_DESCRI","Descricao","Descripcion","Description","S","","","S"
"TOF","1","TOF_FILIAL+TOF_NUMFIC+DTOS(TOF_DTULME)","Ficha Medica + Dt. Ult. Me.","Ficha Medica + FchUlt.Menst","Medic. Rept. + Lst.Mens.Dt.","S","","","S"
"TOF","2","TOF_FILIAL+DTOS(TOF_DTULME)+TOF_NUMFIC","Dt. Ult. Me. + Ficha Medica","FchUlt.Menst + Ficha Medica","Lst.Mens.Dt. + Medic. Rept.","S","","","S"
"TOG","1","TOG_FILIAL+TOG_CODESP","Cod. Especi.","Cod. Espec.","Spec. Code","S","","","S"
"TOG","2","TOG_FILIAL+TOG_NOME","Nome Especi.","Nombre Espec","Spec. Name","S","","","S"
"TOH","1","TOH_FILIAL+TOH_CC+TOH_CODEPI","C.Custo + EPI","C.Costo + EPI","Cost Center + EPI","S","","","S"
"TOH","2","TOH_FILIAL+TOH_CODEPI+TOH_CC","EPI + C.Custo","EPI + C.Costo","EPI + Cost Center","S","","","S"
"TP1","1","TP1_FILIAL+TP1_CODBEM+TP1_SERVIC+TP1_SEQREL+TP1_TAREFA+TP1_ETAPA+TP1_OPCAO","Bem + Servico + Sequencia + Tarefa + Etapa + Opcao","Bien + Servicio + Secuencia + Tarea + Etapa + Opcion","Asset + Service + Sequence + Task + Phase + Option","S","","","S"
"TP1","2","TP1_FILIAL+TP1_ETAPA+TP1_OPCAO","Etapa + Opcao","Etapa + Opcion","Phase + Option","S","","","S"
"TP2","1","TP2_FILIAL+TP2_CODFAM+TP2_SERVIC+TP2_SEQREL+TP2_TAREFA+TP2_ETAPA+TP2_OPCAO","Familia + Servico + Sequencia + Tarefa + Etapa + Opcao","Grupo + Servicio + Secencia + Tarea + Etapa + Opcion","Family + Service + Sequence + Task + Phase + Option","S","","","S"
"TP2","2","TP2_FILIAL+TP2_ETAPA+TP2_OPCAO","Etapa + Opcao","Etapa + Opcion","Phase + Option","S","","","S"
"TP3","1","TP3_FILIAL+TP3_CONTRA","Contrato","Contrato","Contract","S","","","S"
"TP3","2","TP3_FILIAL+TP3_FORNEC+TP3_LOJA+TP3_CONTRA","Fornecedor + Loja + Contrato","Proveedor + Tienda + Contrato","Supplier + Unit + Contract","S","","","S"
"TP5","1","TP5_FILIAL+TP5_CODFAM+TP5_SERVIC+TP5_SEQREL+TP5_TAREFA","Familia + Servico + Sequen.Rel. + Tarefa","Grupo + Servicio + Sec. Relac. + Tarea","Family + Service + Rel.Seq.. + Task","S","","","S"
"TP5","2","TP5_FILIAL+TP5_DOCTO","Procedimento","Procedimient","Procedure","S","","","S"
"TP9","1","TP9_FILIAL+TP9_CODFAM","Familia","Familia","Family","S","","","S"
"TP9","2","TP9_FILIAL+TP9_FABRIC","Fabricante","Fabricante","Manufacturer","S","","","S"
"TP9","3","TP9_FILIAL+TP9_CCUSTO","Centro Custo","Centro Costo","Cost Center","S","","","S"
"TP9","4","TP9_FILIAL+TP9_CALEND","Turno","Turno","Shift","S","","","S"
"TP9","5","TP9_FILIAL+TP9_CODEST","Estoque","Stock","Stock","S","","","S"
"TP9","6","TP9_FILIAL+TP9_CENTRA","C.Trabalho","C. Trabajo","Work Center","S","","","S"
"TP9","7","TP9_FILIAL+TP9_FORNEC+TP9_LOJA","Fornecedor + Loja","Proveedor + Tienda","Supplier + Unit","S","","","S"
"TPA","1","TPA_FILIAL+TPA_ETAPA","Etapa","Etapa","Phase","S","","","S"
"TPA","2","TPA_FILIAL+TPA_DESCRI","Descricao","Descripcion","Description","S","","","S"
"TPA","3","TPA_FILIAL+TPA_DOCFIL+TPA_DOCTO","Filial Docto + Documento","Suc. Docto. + Documento","Doc.Branch + Document","S","","","S"
"TPA","4","TPA_FILIAL+TPA_CDAREA+TPA_ETAPA","Area Manut. + Etapa","Area Manten. + Etapa","Maint. Area + Phase","S","","","S"
"TPA","5","TPA_FILIAL+TPA_DOCTO","Documento","Documento","Document","S","","","S"
"TPB","1","TPB_FILIAL+TPB_CODFAM+TPB_CARACT","Familia + Caract.","Grupo + Caract.","Family + Feature","S","","","S"
"TPB","2","TPB_FILIAL+TPB_CARACT+TPB_CODFAM","Caract. + Familia","Caract. + Grupo","Feature + Family","S","","","S"
"TPB","3","TPB_FILIAL+TPB_UNIDAD","Unidade","Unidad","Unit","S","","","S"
"TPC","1","TPC_FILIAL+TPC_ETAPA+TPC_OPCAO","Etapa + Opcao","Etapa + Opcion","Phase + Option","S","","","S"
"TPD","1","TPD_FILIAL+TPD_CODBEM+TPD_ETAPA+DTOS(TPD_DTULTM)","Bem + Etapa + Dt.Ult.Manut","Bien + Etapa + Fch.Ult.Mant","Asset + Phase + Last Maint.","S","","","S"
"TPE","1","TPE_FILIAL+TPE_CODBEM","Bem","Bien","Asset","S","","","S"
"TPF","1","TPF_FILIAL+TPF_CODFAM+TPF_SERVIC+TPF_SEQREL","Familia + Servico + Sequen.Rel.","Grupo + Servicio + Sec. Relac.","Family + Service + Rel.Seq..","S","","","S"
"TPF","2","TPF_FILIAL+TPF_CALEND","Calendario","Calendario","Calendar","S","","","S"
"TPF","3","TPF_FILIAL+TPF_DOCTO","Procedimento","Procedimient","Procedure","S","","","S"
"TPG","1","TPG_FILIAL+TPG_CODFAM+TPG_SERVIC+TPG_SEQREL+TPG_TAREFA+TPG_TIPORE+TPG_CODIGO","Familia + Servico + Sequen.Rel. + Tarefa + Tipo Inform. + Codigo","Grupo + Servicio + Sec. Relac. + Tarea + Tipo Inform. + Codigo","Family + Service + Rel.Seq.. + Task + Inform.Type + Code","S","","","S"
"TPG","2","TPG_FILIAL+TPG_TIPORE+TPG_CODIGO","Tipo Inform. + Codigo","Tipo Inform. + Codigo","Inform.Type + Code","S","","","S"
"TPH","1","TPH_FILIAL+TPH_CODFAM+TPH_SERVIC+TPH_SEQREL+TPH_TAREFA+TPH_ETAPA","Familia + Servico + Sequen.Rel. + Tarefa + Etapa","Grupo + Servicio + Sec. Relac. + Tarea + Etapa","Family + Service + Rel.Seq.. + Task + Phase","S","","","S"
"TPH","2","TPH_FILIAL+TPH_ETAPA","Etapa","Etapa","Phase","S","","","S"
"TPH","3","TPH_FILIAL+TPH_DOCFIL+TPH_DOCTO","Filial Docto + Documento","Suc.Docto + Documento","Doc.Branch + Document","S","","","S"
"TPH","4","TPH_FILIAL+TPH_DOCTO","Documento","Documento","Document","S","","","S"
"TPH","5","TPH_FILIAL+TPH_CODFAM+TPH_SERVIC+TPH_SEQREL+TPH_TAREFA+TPH_SEQETA+TPH_ETAPA","Familia + Servico + Sequen.Rel. + Tarefa + Seq. Etapa + Etapa","Grupo + Servicio + Sec. Relac. + Tarea + Sec. Etapa + Etapa","Family + Service + Rel.Seq.. + Task + Stage Seq. + Phase","S","","","S"
"TPI","1","TPI_FILIAL+TPI_CODBEM+TPI_SERVIC+TPI_SEQREL","Bem + Servico + Sequencia","Bien + Servicio + Secuencia","Asset + Service + Sequence","S","","","S"
"TPJ","1","TPJ_FILIAL+TPJ_CODMOT","Motivo","Motivo","Reason","S","","","S"
"TPK","1","TPK_FILIAL+TPK_CODFAM+TPK_CODPRO","Familia + Codigo","Grupo + Codigo","Family + Product","S","","","S"
"TPK","2","TPK_FILIAL+TPK_CODPRO","Codigo","Codigo","Product","S","","","S"
"TPL","1","TPL_FILIAL+TPL_ORDEM+TPL_CODMOT+DTOS(TPL_DTINIC)+TPL_HOINIC+DTOS(TPL_DTFIM)+TPL_HOFIM","Ordem + Motivo + Data Inicio + Hora Inicio + Data Fim + Hora Fim","Orden + Motivo + Fecha Inicio + Hora Inicio + Fecha Fin + Hora Fin","Order + Reason + Initial Date + Initial Time + Final Date + Final Time","S","","","S"
"TPL","2","TPL_FILIAL+TPL_ORDEM+TPL_CODMOT","Ordem + Motivo","Orden + Motivo","Order + Reason","S","","","S"
"TPL","3","TPL_FILIAL+TPL_CODMOT","Motivo","Motivo","Reason","S","","","S"
"TPM","1","TPM_FILIAL+TPM_CODFAM+TPM_SERVIC+TPM_SEQREL+TPM_TAREFA+TPM_DEPEND","Familia + Servico + Sequen.Rel. + Tarefa + Dependencia","Grupo + Servicio + Sec. Relac. + Tarea + Dependencia","Family + Service + Rel.Seq.. + Task + Dependence","S","","","S"
"TPN","1","TPN_FILIAL+TPN_CODBEM+DTOS(TPN_DTINIC)+TPN_HRINIC","Bem + Data Inicio + Hora Inicio","Bien + Fecha Inicio + Hora Inicio","Asset + Initial Date + Initial Time","S","","","S"
"TPN","2","TPN_FILIAL+TPN_CODBEM+TPN_CCUSTO+TPN_CTRAB+DTOS(TPN_DTINIC)+TPN_HRINIC","Bem + Centro Custo + C.Trabalho + Data Inicio + Hora Inicio","Bien + Centro Costo + C.Trabajo + Fecha Inicio + Hora Inicio","Asset + Cost Center + Work Center + Initial Date + Initial Time","S","","","S"
"TPN","3","TPN_FILIAL+TPN_CCUSTO","Centro Custo","Centro Costo","Cost Center","S","","","S"
"TPN","4","TPN_FILIAL+TPN_CTRAB","C.Trabalho","C.Trabajo","Work Center","S","","","S"
"TPO","1","TPO_FILIAL+TPO_FORNEC+TPO_LOJA+TPO_SERVIC","Fornecedor + Loja + Servico","Proveedor + Tienda + Servicio","Supplier + Unit + Service","S","","","S"
"TPP","1","TPP_FILIAL+TPP_ORDEM+TPP_PLANO+TPP_CODBEM+TPP_SERVIC+TPP_SEQREL+DTOS(TPP_DTORIG)","Ordem Serv. + Plano Acomp. + Bem + Servico + Sequencia + Dt Original","Orden Serv. + Plan Seguim. + Bien + Servicio + Secuencia + Fc. Origina","Serv.Order + Foll.Up Plan + Asset + Service + Sequence + Orig.Date","S","","","S"
"TPP","2","TPP_FILIAL+TPP_CODBEM+DTOS(TPP_DTORIG)+DTOS(TPP_DTLEIT)","Bem + Dt Original + Data Leitura","Bien + Fc. Original + Fch.Lectura","Asset + Orig.Date + Reading Date","S","","","S"
"TPP","3","TPP_FILIAL+TPP_PLANO+TPP_ORDEM+TPP_CODBEM+TPP_SERVIC+TPP_SEQREL","Plano Acomp. + Ordem Serv. + Bem + Servico + Sequencia","Plan Seguim. + Orden Serv. + Bien + Servicio + Secuencia","Foll.Up Plan + Serv.Order + Asset + Service + Sequence","S","","","S"
"TPP","4","TPP_FILIAL+TPP_PLANO+TPP_CCUSTO+TPP_CENTRA+DTOS(TPP_DTREAL)+TPP_CODBEM","Plano Acomp. + Centro Custo + Centro Trab. + Data Plano + Bem","Plan Seguim. + Centro Costo + Centro Trab. + Fecha Plan + Bien","Foll.Up Plan + Cost Center + Work Center + Plan Date + Asset","S","","","S"
"TPP","5","TPP_FILIAL+TPP_CODBEM+DTOS(TPP_DTLEIT)+TPP_HORA","Bem + Data Leitura + Hora lancam.","Bien + Fch.Lectura + Hora asiento","Asset + Reading Date + Entry Time","S","","","S"
"TPP","6","TPP_FILIAL+TPP_CCUSTO","Centro Custo","Centro Costo","Cost Center","S","","","S"
"TPP","7","TPP_FILIAL+TPP_CENTRA","Centro Trab.","Centro Trab.","Work Center","S","","","S"
"TPQ","1","TPQ_FILIAL+TPQ_ORDEM+TPQ_PLANO+TPQ_TAREFA+TPQ_ETAPA+TPQ_OPCAO","Ordem + Plano + Tarefa + Etapa + Opcao","Orden + Plan + Tarea + Etapa + Opcion","Order + Plan + Task + Phase + Option","S","","","S"
"TPQ","2","TPQ_FILIAL+TPQ_ORDEM+TPQ_ETAPA+TPQ_OPCAO","Ordem + Etapa + Opcao","Orden + Etapa + Opcion","Order + Phase + Option","S","","","S"
"TPQ","3","TPQ_FILIAL+TPQ_ETAPA+TPQ_OPCAO+TPQ_ORDEM+TPQ_PLANO","Etapa + Opcao + Ordem + Plano","Etapa + Opcion + Orden + Plan","Phase + Option + Order + Plan","S","","","S"
"TPR","1","TPR_FILIAL+TPR_CODCAR","Caracterist.","Caracterist.","Features","S","","","S"
"TPR","2","TPR_FILIAL+TPR_NOME","Nome","Nombre","Name","S","","","S"
"TPS","1","TPS_FILIAL+TPS_CODLOC","Local","Lugar","Address","S","","","S"
"TPU","1","TPU_FILIAL+TPU_CODROT","Roteiro","Itinerario","Itinerary","S","","","S"
"TPV","1","TPV_FILIAL+TPV_CODROT+TPV_CODBEM+TPV_SEQREL","Roteiro + Bem + Sequencia","Itinerario + Bien + Secuencia","Itinerary + Asset + Sequence","S","","","S"
"TPV","2","TPV_FILIAL+TPV_CODBEM","Bem","Bien","Asset","S","","","S"
"TPW","1","TPW_FILIAL+DTOS(TPW_DTREAL)+TPW_CODBEM+TPW_SERVIC+TPW_SEQREL+TPW_ORDEM+TPW_PLANO","Data Plano + Bem + Servico + Sequencia + Ordem Serv. + Plano Acomp.","Fecha Plan + Bien + Servicio + Secuencia + Orden Serv. + Plan Seguim.","Plan Date + Asset + Service + Sequence + Serv.Order + Foll.Up.Plan","S","","","S"
"TPW","2","TPW_FILIAL+DTOS(TPW_DTREAL)+TPW_ORDEM+TPW_PLANO+TPW_CODBEM+TPW_SERVIC+TPW_SEQREL","Data Plano + Ordem Serv. + Plano Acomp. + Bem + Servico + Sequencia","Fecha Plan + Orden Serv. + Plan Seguim. + Bien + Servicio + Secuencia","Plan Date + Serv.Order + Foll.Up.Plan + Asset + Service + Sequence","S","","","S"
"TPW","3","TPW_FILIAL+TPW_ORDEM+DTOS(TPW_DTORIG)","Ordem Serv. + Dt Original","Orden Serv. + Fch.Original","Serv.Order + Original Dt.","S","","","S"
"TPW","4","TPW_FILIAL+TPW_PLANO+TPW_ORDEM","Plano Acomp. + Ordem Serv.","Plan Seguim. + Orden Serv.","Foll.Up.Plan + Serv.Order","S","","","S"
"TPW","5","TPW_FILIAL+TPW_CODBEM+DTOS(TPW_DTLEIT)+TPW_HORA","Bem + Data Leitura + Hora lancam.","Bien + Fch.Lectura + Hora asiento","Asset + Reading Date + Entry Time","S","","","S"
"TPW","6","TPW_FILIAL+TPW_CCUSTO","Centro Custo","Centro Costo","Cost Center","S","","","S"
"TPW","7","TPW_FILIAL+TPW_CENTRA","Centro Trab.","Centro Trab.","Work Center","S","","","S"
"TPX","1","TPX_FILIAL+TPX_ORDEM+TPX_PLANO+TPX_TAREFA+TPX_ETAPA+TPX_OPCAO","Ordem + Plano + Tarefa + Etapa + Opcao","Orden + Plan + Tarea + Etapa + Opcion","Order + Plan + Task + Phase + Option","S","","","S"
"TPX","2","TPX_FILIAL+TPX_ORDEM+TPX_ETAPA+TPX_OPCAO","Ordem + Etapa + Opcao","Orden + Etapa + Opcion","Order + Phase + Option","S","","","S"
"TPX","3","TPX_FILIAL+TPX_ETAPA+TPX_OPCAO+TPX_ORDEM+TPX_PLANO","Etapa + Opcao + Ordem + Plano","Etapa + Opcion + Orden + Plan","Phase + Option + Order + Plan","S","","","S"
"TPY","1","TPY_FILIAL+TPY_CODBEM+TPY_CODPRO","Bem + Codigo","Bien + Codigo","Asset + Code","S","","","S"
"TPY","2","TPY_FILIAL+TPY_CODPRO","Codigo","Codigo","Code","S","","","S"
"TPZ","1","TPZ_FILIAL+TPZ_CODBEM+TPZ_TIPORE+TPZ_CODIGO+TPZ_LOCGAR+TPZ_ORDEM+TPZ_PLANO+TPZ_SEQREL","Bem + Tipo Insumo + Codigo + Local Garant + Ordem + Plano + Sequencia","Bien + Tipo Insumo + Codigo + Lugar Garant + Orden + Plan + Secuencia","Asset + Input Type + Code + Warr.Locat. + Order + Plan + Sequence","S","","","S"
"TPZ","2","TPZ_FILIAL+TPZ_ORDEM+TPZ_PLANO+TPZ_SEQREL","Ordem + Plano + Sequencia","Orden + Plan + Secuencia","Order + Plan + Sequence","S","","","S"
"TPZ","3","TPZ_FILIAL+TPZ_LOCGAR","Local Garant","Lugar Garant","Warr.Locat.","S","","","S"
"TPZ","4","TPZ_FILIAL+TPZ_CODIGO","Codigo","Codigo","Code","S","","","S"
"TQ0","1","TQ0_FILIAL+TQ0_DESENH","Esquema","Esquema","Scheme","S","","","S"
"TQ0","2","TQ0_FILIAL+TQ0_ANEXO1","Fam. Anexo 1","Fam. Anexo 1","Annex 1 Fam.","S","","","S"
"TQ0","3","TQ0_FILIAL+TQ0_ANEXO2","Fam. Anexo 2","Fam. Anexo 2","Annex 2 Fam.","S","","","S"
"TQ0","4","TQ0_FILIAL+TQ0_ANEXO3","Fam. Anexo 3","Fam. Anexo 3","Annex 3 Fam.","S","","","S"
"TQ1","1","TQ1_FILIAL+TQ1_DESENH+TQ1_SEQREL","Esquema + Sequencia","Esquema + Secuencia","Scheme + Sequence","S","","","S"
"TQ1","2","TQ1_FILIAL+TQ1_LOCPN1","Loc.Rodado 1","Loc.Recorr.1","Tire 1 Posit","S","","","S"
"TQ1","3","TQ1_FILIAL+TQ1_LOCPN2","Loc.Rodado 2","Loc.Recorr.2","Tire 2 Posit","S","","","S"
"TQ1","4","TQ1_FILIAL+TQ1_LOCPN3","Loc.Rodado 3","Loc.Recorr.3","Tire 3 Posit","S","","","S"
"TQ1","5","TQ1_FILIAL+TQ1_LOCPN4","Loc.Rodado 4","Loc.Recorr.4","Tire 4 Posit","S","","","S"
"TQ1","6","TQ1_FILIAL+TQ1_FAMIL1","Familia L. 1","Familia L. 1","Pos.Fam.1","S","","","S"
"TQ1","7","TQ1_FILIAL+TQ1_FAMIL2","Familia L. 2","Familia L. 2","Posit.Faml.2","S","","","S"
"TQ1","8","TQ1_FILIAL+TQ1_FAMIL3","Familia L. 3","Familia L. 3","Posit.Fam.3","S","","","S"
"TQ1","9","TQ1_FILIAL+TQ1_FAMIL4","Familia L. 4","Familia L. 4","Fam. Loc. 4","S","","","S"
"TQA","1","TQA_FILIAL+TQA_ORDEM+TQA_PLANO","Ordem + Plano","Orden + Plan","Order + Plan","S","","","S"
"TQA","2","TQA_FILIAL+TQA_CODBEM+DTOS(TQA_DTORIG)+DTOS(TQA_DTLEI1)","Bem + Dt.Original + Dt. Cont. 1","Bien + Fch.Original + Fch Cont. 1","Asset + Orig. Date + CounterDate1","S","","","S"
"TQA","3","TQA_FILIAL+TQA_PLANO+TQA_CCUSTO+TQA_CENTRA+TQA_CODBEM","Plano + Centro custo + Centro trab. + Bem","Plan + Centro costo + Centro trab. + Bien","Plan + Cost Center + Work Center + Asset","S","","","S"
"TQA","4","TQA_FILIAL+TQA_CODBEM+DTOS(TQA_DTLEI1)+TQA_HORAC1","Bem + Dt. Cont. 1 + Hora Cont.1","Bien + Fch Cont. 1 + Hora Cont.1","Asset + CounterDate1 + CounterTime1","S","","","S"
"TQA","5","TQA_FILIAL+TQA_PLANO+TQA_RETORN","Plano + Retorno","Plan + Retorno","Plan + Return","S","","","S"
"TQA","6","TQA_FILIAL+TQA_CODBEM+DTOS(TQA_DTORIG)+TQA_SITUAC","Bem + Dt.Original + Situacao","Bien + Fch.Original + Situacion","Asset + Orig. Date + Status","S","","","S"
"TQA","7","TQA_FILIAL+TQA_CCUSTO","Centro custo","Centro costo","Cost Center","S","","","S"
"TQA","8","TQA_FILIAL+TQA_CENTRA","Centro trab.","Centro trab.","Work Center","S","","","S"
"TQB","1","TQB_FILIAL+TQB_SOLICI","Solicitacao","","","S","","","S"
"TQB","2","TQB_FILIAL+DTOS(TQB_DTABER)+TQB_HOABER+TQB_SOLICI","Dt.Abertura + Ho.Abertura + Solicitacao","+  +","+  +","S","","","S"
"TQB","3","TQB_FILIAL+TQB_FUNEXE+TQB_SOLICI","Supervisor + Solicitacao","Supervisor +","Supervisor +","S","","","S"
"TQB","4","TQB_FILIAL+TQB_ORDEM","O.S Manut.","","","S","","","S"
"TQB","5","TQB_FILIAL+TQB_CODBEM","Bem/Localiz.","Bien","Asset/Locl.","S","","","S"
"TQB","6","TQB_FILIAL+TQB_USUARI","Solicitante","Solicitante","Petit. Name","S","","","S"
"TQB","7","TQB_FILIAL+TQB_CCUSTO","Centro Custo","Centro Costo","Cost Center","S","","","S"
"TQC","1","TQC_FILIAL+TQC_PROGRA","Programa","Programa","Program Code","S","","","S"
"TQD","1","TQD_FILIAL+TQD_CHADOR+TQD_SEQREL+TQD_CHAADO","Chamador + Sequencia + Chamado","Llamador + Secuencia + Llamado","Caller + Sequence + Prog. Name","S","","","S"
"TQD","2","TQD_FILIAL+TQD_CHAADO+TQD_CHADOR","Chamado + Chamador","Llamado + Llamador","Prog. Name + Caller","S","","","S"
"TQE","1","TQE_FILIAL+TQE_ORDEM+TQE_PLANO","Ordem + Plano","Orden + Plan","Order + Health plan","S","","","S"
"TQE","2","TQE_FILIAL+TQE_SITUAC+TQE_PRIORI+TQE_CODFUN","Situacao + Prioridade + Funcionario","Situacion + Prioridad + Funcionario","Status + Priority + Employee","S","","","S"
"TQE","3","TQE_FILIAL+TQE_CODFUN+TQE_PRIORI+TQE_SITUAC","Funcionario + Prioridade + Situacao","Funcionario + Prioridad + Situacion","Employee + Priority + Status","S","","","S"
"TQE","4","TQE_FILIAL+TQE_PRIORI+TQE_SITUAC+TQE_CODFUN","Prioridade + Situacao + Funcionario","Prioridad + Situacion + Funcionario","Priority + Status + Employee","S","","","S"
"VA0","1","VA0_FILIAL+VA0_CODIGO","Codigo","Codigo","Code","S","","","S"
"VA0","2","VA0_FILIAL+VA0_CODPAI+VA0_CODIGO","Cod. Pai + Codigo","Cod.Princip. + Codigo","Main Code + Code","S","","","S"
"VA1","1","VA1_FILIAL+VA1_MARCA+VA1_MODVEI+VA1_ANOMOD+VA1_COMBUS","Marca + Modelo + Ano Modelo + Combustivel","Marca + Modelo + Ano Modelo + Combustible","Brand + Model + Model Year + Fuel","S","","","S"
"VA2","1","VA2_FILIAL+VA2_MARCA+VA2_MODVEI+VA2_ANOMOD+VA2_GRUPO","Marca + Modelo + Ano Modelo + Cod.Grupo","Marca + Modelo + Ano Modelo + Cod.Grupo","Brand + Model + Model Year + Group Code","S","","","S"
"VA3","1","VA3_FILIAL+VA3_CODIGO","Codigo","Codigo","Code","S","","","S"
"VA4","1","VA4_FILIAL+VA4_CODIGO","Codigo","Codigo","Code","S","","","S"
"VA5","1","VA5_FILIAL+VA5_MARCA+VA5_MODVEI+VA5_ITEM+VA5_AVARIA","Marca + Modelo + Item + Avaria","Marca + Modelo + Item + Averia","Brand + Model + Item + Damage","S","","","S"
"VA6","1","VA6_FILIAL+VA6_CODIGO","Codigo","Codigo","Code","S","","","S"
"VA6","2","VA6_FILIAL+VA6_PAI+VA6_CODIGO","Prox.Angulo + Codigo","Prox. angulo + Codigo","Next ang. + Code","S","","","S"
"VA7","1","VA7_FILIAL+VA7_CODAVA","Avaliacao","Evaluacion","Evaluation","S","","","S"
"VA8","1","VA8_FILIAL+VA8_NUMOSV","Numero OS","Numero OS","SO No.","S","","","S"
"VA9","1","VA9_FILIAL+VA9_CODAVA+VA9_CODOPC","Avaliacao + Opcional","Evaluacion + Opcional","Evaluation + Optional","S","","","S"
"VAA","1","VAA_FILIAL+VAA_CODAVA+VAA_CODGRU+VAA_ITEM+VAA_AVARIA","Avaliacao + Grupo Gener. + Item + Avaria","Evaluacion + Grupo Gener. + Item + Averia","Evaluation + Gener. Group + Item + Damage","S","","","S"
"VAB","1","VAB_FILIAL+VAB_CODAVA+VAB_CODPEC","Avaliacao + Peca","Evaluacion + Repuesto","Evaluation + Part","S","","","S"
"VAC","1","VAC_FILIAL+VAC_CODAVA+VAC_TIPAVA","Avaliacao + Ocorrencia","Evaluacion + Evento","Evaluation + Occurrence","S","","","S"
"VAD","1","VAD_FILIAL+VAD_CODAVA+VAD_CODIGO","Avaliacao + Tipo Ocorr.","Evaluacion + Tipo Evento","Evaluation + Occur. Type","S","","","S"
"VAE","1","VAE_FILIAL+VAE_CODIGO","Codigo","Codigo","Code","S","VAE","","S"
"VAF","1","VAF_FILIAL+VAF_CODIGO","Codigo","Codigo","Code","S","","","S"
"VAG","1","VAG_FILIAL+VAG_CODMAR+VAG_MODVEI+VAG_SEGMOD+VAG_CODIGO","Marca + Mod Veiculo + Segmento + Codigo","Marca + Mod Vehiculo + Segmento + Codigo","Trademark + Vehic. Model + Segment + Code","S","","","S"
"VAH","1","VAH_FILIAL+VAH_NUMTRA+VAH_CODIGO","Transacao + Codigo","Transaccion + Codigo","Transaction + Code","S","","","S"
"VAJ","1","VAJ_FILIAL+VAJ_CODMAR+VAJ_CODGRU+VAJ_CODINC+VAJ_TIPTEM+VAJ_CODMOD+VAJ_CODSEG+VAJ_TIPSER+VAJ_CODSER+VAJ_GRUPEC+VAJ_CODPEC","Marca + Cod do Grupo + Inconvenient + Tp de Tempo + Mod Veiculo + Segm","Marca + Cod del grup + Inconvenient + Tp de Tiempo + Mod Vehiculo + Se","Brand + Group Code + Inconven. + Time Type + Vehic.Model + Segment + T","S","","","S"
"VAK","1","VAK_FILIAL+VAK_CODCLI+VAK_LOJCLI+VAK_CHASSI+DTOS(VAK_DATLIB)","Cod Cliente + Loja Cliente + Chassi + Dt.Liberacao","Cod Cliente + Tienda Clien + Chasi + Fc.Liberacio","Custom. Code + Cust. Unit + Chassis + Releas. Date","S","","","S"
"VAM","1","VAM_FILIAL+VAM_IBGE","IBGE","IBGE","IBGE","S","","","S"
"VAM","2","VAM_FILIAL+VAM_DESCID+VAM_ESTADO","Desc Cidade + UF","Desc. Ciudad + Provincia","City Desc. + ST","S","","","S"
"VAN","1","VAN_FILIAL+VAN_GRUITE+VAN_CODITE","Grupo + Cod.Item","Grupo + Cod.Item","Group + Item Code","S","","","S"
"VC0","1","VC0_FILIAL+VC0_TIPCON","Tipo Contato","Tipo Contac.","Type Contact","S","","","S"
"VC1","1","VC1_FILIAL+VC1_TIPAGE+DTOS(VC1_PROCON)+VC1_CODCLI+VC1_LOJA","Tipo Agenda + Prox Contato + Cliente + Loja","Tipo Agenda + Prox.Contact + Cliente + Tienda","Type Agenda + Next Contact + Customer + Unit","S","","","S"
"VC1","2","VC1_FILIAL+VC1_TIPAGE+DTOS(VC1_PROCON)+VC1_CODVEN","Tipo Agenda + Prox Contato + Cod Vendedor","Tipo Agenda + Prox.Contact + Vendedor","Type Agenda + Next Contact + Sales Code","S","","","S"
"VC1","3","VC1_FILIAL+VC1_TIPAGE+VC1_CODCLI+VC1_LOJA+DTOS(VC1_DATAGE)","Tipo Agenda + Cliente + Loja + Data Agenda","Tipo Agenda + Cliente + Tienda + Fch.Agenda","Type Agenda + Customer + Unit + Agenda Date","S","","","S"
"VC1","4","VC1_FILIAL+VC1_TIPAGE+VC1_CODVEN+DTOS(VC1_DATAGE)","Tipo Agenda + Cod Vendedor + Data Agenda","Tipo Agenda + Vendedor + Fch.Agenda","Type Agenda + Sales Code + Agenda Date","S","","","S"
"VC1","5","VC1_FILIAL+VC1_TIPAGE+DTOS(VC1_DATVIS)+VC1_CODCLI+VC1_LOJA","Tipo Agenda + Data Visita + Cliente + Loja","Tipo Agenda + Fch.Visita + Cliente + Tienda","Type Agenda + Visit Date + Customer + Unit","S","","","S"
"VC1","6","VC1_FILIAL+VC1_TIPAGE+DTOS(VC1_DATAGE)+VC1_CODVEN+VC1_CODCLI+VC1_LOJA","Tipo Agenda + Data Agenda + Cod Vendedor + Cliente + Loja","Tipo Agenda + Fch.Agenda + Vendedor + Cliente + Tienda","Type Agenda + Agenda Date + Sales Code + Customer + Unit","S","","","S"
"VC2","1","VC2_FILIAL+VC2_CODCLI+VC2_LOJA+VC2_NOMCON","Cliente + Loja + Pess Contato","Cliente + Tienda + Pers.Contact","Customer + Unit + Contact","S","","","S"
"VC2","2","VC2_FILIAL+DTOS(VC2_DATNAS)+VC2_CODCLI+VC2_LOJA","Dt Nascto + Cliente + Loja","Fch.Nacim. + Cliente + Tienda","Date  Birth + Customer + Unit","S","","","S"
"VC3","1","VC3_FILIAL+VC3_CODCLI+VC3_LOJA+VC3_CODMAR+VC3_MODVEI+VC3_FABMOD","Cliente + Loja + Marca + Mod Veiculo + Ano Fabr/Mod","Cliente + Tienda + Marca + Mod.Vehiculo + A±o Fabr/Mod","Customer + Unit + Brand + Vehicle Mod. + Yr Manuf/Mak","S","","","S"
"VC4","1","VC4_FILIAL+VC4_CHASSI","Chassi","Chasis","Chassis","S","","","S"
"VC4","2","VC4_FILIAL+VC4_CONCES","Concessionar","Concesionar.","Concession.","S","","","S"
"VC5","1","VC5_FILIAL+VC5_TIPAGE","Tipo Agenda","Tipo Agenda","Type Agenda","S","","","S"
"VC6","1","VC6_FILIAL+VC6_CODCLI+VC6_LOJA+VC6_TIPSEG+DTOS(VC6_DATVIG)","Cliente + Loja + Tipo Seguro + Dt Vigencia","Cliente + Tienda + Tipo Seguro + Fch.Vigencia","Customer + Unit + Type Insur. + Valid.Date","S","","","S"
"VC6","2","VC6_FILIAL+VC6_CODCLI+VC6_LOJA+VC6_CODMAR+VC6_MODVEI+DTOS(VC6_DATVIG)","Cliente + Loja + Marca + Mod Veiculo + Dt Vigencia","Cliente + Tienda + Marca + Mod.Vehiculo + Fch.Vigencia","Customer + Unit + Brand + Vehicle Mod. + Valid.Date","S","","","S"
"VC6","3","VC6_FILIAL+DTOS(VC6_DATVIG)+VC6_CODCLI+VC6_LOJA","Dt Vigencia + Cliente + Loja","Fch.Vigencia + Cliente + Tienda","Valid.Date + Customer + Unit","S","","","S"
"VC7","1","VC7_FILIAL+VC7_PREPAG","Pref Pagto","Pref.Pago","Payment Pref","S","","","S"
"VC8","1","VC8_FILIAL+VC8_TIPSEG","Tipo Seguro","Tipo Seguro","Type Insuran","S","","","S"
"VC9","1","VC9_FILIAL+VC9_SEGURA","Seguradora","Aseguradora","Insurance Co","S","","","S"
"VCA","1","VCA_FILIAL+VCA_CODABO","Cd Abordagem","Abordaje","Approach Cd","S","","","S"
"VCB","1","VCB_FILIAL+VCB_CODREG","Cod Regiao","Region","Area Code","S","","","S"
"VCC","1","VCC_FILIAL+VCC_EMPCON+VCC_CODGRU+VCC_NUMCOT","Cod Consorc + Grupo + Nro Cota","Consorcio + Grupo + Num. Cuota","Consort.Code + Group + Quota Number","S","","","S"
"VCC","2","VCC_FILIAL+VCC_CODCLI+VCC_LOJA+VCC_EMPCON+VCC_CODGRU+VCC_NUMCOT","Cod Cliente + Loja + Cod Consorc + Grupo + Nro Cota","Cliente + Tienda + Consorcio + Grupo + Num. Cuota","Customer Cd + Unit + Consort.Code + Group + Quota Number","S","","","S"
"VCD","1","VCD_FILIAL+VCD_CODREG+VCD_TIPAGE+VCD_CODVEN","Regiao + Tipo Agenda + Vendedor","Region + Tipo Agenda + Vendedor","Area + Agenda Tp. + Seller","S","","","S"
"VCE","1","VCE_FILIAL+VCE_LISTA","Codigo","Codigo","Code","S","","","S"
"VCF","1","VCF_FILIAL+VCF_CODCLI+VCF_LOJCLI","Cod.Cliente + Loja Cliente","Cod.Cliente + Tienda Clien","Custm.Code + Cust.Unit","S","","","S"
"VCG","1","VCG_FILIAL+VCG_CORRET","Cod.Corretor","Cod.Corredor","Broker code","S","","","S"
"VCH","1","VCH_FILIAL+VCH_CODSEG","Cod.Segmento","Cod.Segmento","Mk.Actv.Cod.","S","","","S"
"VCI","1","VCI_FILIAL+VCI_CODOPE","Cod.Operac","Cod.Operac","Oper.Code","S","","","S"
"VE0","1","VE0_FILIAL+VE0_GRUITE","Cod Grupo","Cod Grupo","Group Code","S","","","S"
"VE0","2","VE0_FILIAL+VE0_DESGRU","Desc Grupo","Desc Grupo","Group Descr.","S","","","S"
"VE1","1","VE1_FILIAL+VE1_CODMAR","Marca","Marca","Brand","S","","","S"
"VE2","1","VE2_FILIAL+VE2_CODMAR+VE2_CODCAI","Marca + C.A.I.","Marca + C.A.I.","Brand + C.A.I.","S","","","S"
"VE3","1","VE3_FILIAL+VE3_GRUITE+VE3_CODITE+VE3_MODVEI+VE3_SEGMOD","Grupo Item + Codigo Item + Mod Veiculo + Segmento","Grupo Item + Codigo Item + Mod Vehiculo + Segmento","Item Group + Item Code + Vehicle Mod. + Segment","S","","","S"
"VE4","1","VE4_FILIAL+VE4_PREFAB+VE4_CGCFAB","Marca + CNPJ Montad.","Marca + CNPJ Ensamb.","Brand + Assemb.CNPJ","S","","","S"
"VE4","2","VE4_FILIAL+VE4_CGCFAB","CNPJ Montad.","CNPJ Ensamb.","Assemb.CNPJ","S","","","S"
"VE5","1","VE5_FILIAL+VE5_CODMAR+VE5_GRUDST","Marca + Grupo Descto","Marca + Grupo Descto","Brand + Disc. Group","S","","","S"
"VE6","1","VE6_FILIAL+VE6_INDREG+DTOS(VE6_DATREG)+VE6_HORREG+VE6_NUMOSV+VE6_GRUITE+VE6_CODITE","Ind Registro + Data + Hora + Nro OS + Grupo Item + Codigo Item","Ind Registro + Fecha + Hora + Num. OS + Grupo Item + Codigo Item","Record Ind. + Date + Time + SO Number + Item Group + Item Code","S","","","S"
"VE6","2","VE6_FILIAL+VE6_INDREG+VE6_FORPED+VE6_GRUITE+VE6_CODITE","Ind Registro + Forma Pedido + Grupo Item + Codigo Item","Ind Registro + Forma Pedido + Grupo Item + Codigo Item","Record Ind. + Order Modal. + Item Group + Item Code","S","","","S"
"VE6","3","VE6_FILIAL+VE6_INDREG+DTOS(VE6_DATREG)","Ind Registro + Data","Ind Registro + Fecha","Record Ind. + Date","S","","","S"
"VE7","1","VE7_FILIAL+VE7_INDREG+VE7_CODMOT","Ind Registro + Motivo","Ind Registro + Motivo","Record Ind. + Reason","S","","","S"
"VE8","1","VE8_FILIAL+VE8_GRUKIT+VE8_CODKIT+VE8_GRUITE+VE8_CODITE","Grupo Kit + Codigo Kit + Grupo + Cod Item","Grupo Kit + Codigo Kit + Grupo + Cod Item","Kit Group + Kit Code + Group + Item Code","S","","","S"
"VE8","2","VE8_FILIAL+VE8_GRUITE+VE8_CODITE+VE8_GRUKIT+VE8_CODKIT","Grupo + Cod Item + Grupo Kit + Codigo Kit","Grupo + Cod Item + Grupo Kit + Codigo Kit","Group + Item Code + Kit Group + Kit Code","S","","","S"
"VE9","1","VE9_FILIAL+VE9_NROSEQ","Nro Seq","Num. Sec","Sequence Nr.","S","","","S"
"VE9","2","VE9_FILIAL+VE9_NROSUB","Nro Subst","Nro. Sust","Substit. Nr.","S","","","S"
"VE9","3","VE9_FILIAL+VE9_ITEANT","Cd Item","Cd Item","Old Item Cd.","S","","","S"
"VE9","4","VE9_FILIAL+VE9_ITENOV","Cd Item Novo","Cd Item Nuev","New Item Cd.","S","","","S"
"VE9","5","VE9_FILIAL+VE9_GRUITE+VE9_ITEANT","Grupo Item + Cd Item","Grupo Item + Cd Item","Item Group + Old Item Cd.","S","","","S"
"VE9","6","VE9_FILIAL+VE9_GRUITE+VE9_ITENOV","Grupo Item + Cd Item Novo","Grupo Item + Cd Item Nuev","Item Group + New Item Cd.","S","","","S"
"VEA","1","VEA_FILIAL+VEA_ITEANT","Item Antigo","Item Antiguo","Old Item","S","","","S"
"VEA","2","VEA_FILIAL+VEA_ITENOV","Item Novo","Item Nuevo","New Item","S","","","S"
"VEA","3","VEA_FILIAL+VEA_NROSUB","Nro Subst","Nro. Sust","Substit. Nr.","S","","","S"
"VEB","1","VEB_FILIAL+VEB_CODOPE","Cd Operacao","Cd Operacion","Operat. Code","S","","","S"
"VEC","1","VEC_FILIAL+VEC_NUMORC+VEC_GRUITE+VEC_CODITE","Nro Orcamto + Grupo + Cod Item","Nr.Presupues + Grupo + Cod Item","Budget No. + Group + Item Code","S","","","S"
"VEC","2","VEC_FILIAL+VEC_GRUITE+VEC_CODITE+DTOS(VEC_DATVEN)+VEC_BALOFI","Grupo + Cod Item + Dt da Venda + Balcao/Ofic","Grupo + Cod Item + Fc.de Venta + Mostrad/Ofic","Group + Item Code + Sale Date + Count/Repair","S","","","S"
"VEC","3","VEC_FILIAL+DTOS(VEC_DATVEN)+VEC_GRUITE+VEC_CODITE","Dt da Venda + Grupo + Cod Item","Fc.de Venta + Grupo + Cod Item","Sale Date + Group + Item Code","S","","","S"
"VEC","4","VEC_FILIAL+VEC_NUMNFI+VEC_SERNFI+VEC_GRUITE+VEC_CODITE","Nro NFiscal + Serie NFisc + Grupo + Cod Item","Num. Factura + Serie Fact. + Grupo + Cod Item","Invoice Nr. + Inv.Series + Group + Item Code","S","","","S"
"VEC","5","VEC_FILIAL+VEC_NUMOSV+VEC_TIPTEM+VEC_GRUITE+VEC_CODITE","Nro Ord Srvc + Tpo de Tempo + Grupo + Cod Item","Num.Ord Serv + Tpo Tiempo + Grupo + Cod Item","SO Number + Time Type + Group + Item Code","S","","","S"
"VEG","1","VEG_FILIAL+VEG_CODIGO","Codigo","Codigo","Code","S","","","S"
"VEG","2","VEG_FILIAL+VEG_GRUFOR+VEG_CODIGO","Grp Formula + Codigo","Grp Formula + Codigo","Formula Gr. + Code","S","","","S"
"VEH","1","VEH_FILIAL+VEH_GRUKIT+VEH_CODKIT","Grupo Kit + Codigo Kit","Grupo Kit + Codigo Kit","Kit Group + Kit Code","S","","","S"
"VEI","1","VEI_FILIAL+VEI_CODMAR+VEI_NUM","Cod. Marca + Numero PC","Cod. Marca + Nr.PedCompra","Tradem.Code + PO Number","S","","","S"
"VEI","2","VEI_FILIAL+VEI_CODMAR+VEI_PEDFAB","Cod. Marca + Cod. Pedido","Cod. Marca + Cod. Pedido","Tradem.Code + Order Code","S","","","S"
"VEJ","1","VEJ_FILIAL+VEJ_CODMAR+VEJ_TIPPED","Marca + Tipo Pedido","Marca + Tipo Pedido","Brand + Order Type","S","","","S"
"VEK","1","VEK_FILIAL+VEK_CODVEN+VEK_TIPCOM+VEK_GRUITE+DTOS(VEK_DATCOM)","Cod Vendedor + Tip Comissao + Grupo Item + Dt Comissao","Vendedor + Tip Comision + Grupo Item + Fch Comision","Sales Assist + Commis. Type + Item Group + Commiss.Date","S","","","S"
"VEK","2","VEK_FILIAL+VEK_CODVEN+VEK_TIPCOM+VEK_TIPTEM+DTOS(VEK_DATCOM)","Cod Vendedor + Tip Comissao + Tipo Tempo + Dt Comissao","Vendedor + Tip Comision + Tipo Tiempo + Fch Comision","Sales Assist + Commis. Type + Time Type + Commiss.Date","S","","","S"
"VEK","3","VEK_FILIAL+VEK_CODVEN+VEK_TIPCOM+VEK_TIPVEN+DTOS(VEK_DATCOM)","Cod Vendedor + Tip Comissao + Tipo Venda + Dt Comissao","Vendedor + Tip Comision + Tipo Venta + Fch Comision","Sales Assist + Commis. Type + Sales Type + Commiss.Date","S","","","S"
"VEL","1","VEL_FILIAL+VEL_CODOPE+VEL_ORIGEM","Cd Operacao + Origem","Cd Operacion + Origen","Operat. Code + Source","S","","","S"
"VEM","1","VEM_FILIAL+VEM_CODMAR+VEM_CENCUS","Marca + Cent.Receita","Marca + Cent.Ingreso","Brand + Income Cent.","S","","","S"
"VEN","1","VEN_FILIAL+VEN_CODMAR+VEN_CENCUS","Marca + Cent.Receita","Marca + Cent.Ingreso","Brand + Income Cent.","S","","","S"
"VEN","2","VEN_FILIAL+VEN_CODMAR+VEN_CENCUS+VEN_GRUITE+VEN_CODITE","Marca + Cent.Receita + Grupo Peca + Codigo Peca","Marca + Cent.Ingreso + Grp Repuesto + Cod.Repuesto","Brand + Income Cent. + Part Group + Part Code","S","","","S"
"VEN","3","VEN_FILIAL+VEN_CODMAR+VEN_CENCUS+VEN_CODCAI","Marca + Cent.Receita + Codigo CAI","Marca + Cent.Ingreso + Cod.CAI","Brand + Income Cent. + CAI Code","S","","","S"
"VEN","4","VEN_FILIAL+VEN_CODMAR+VEN_CENCUS+VEN_GRUPEC","Marca + Cent.Receita + Grupo Peca","Marca + Cent.Ingreso + Grp Repuesto","Brand + Income Cent. + Part Group","S","","","S"
"VEN","5","VEN_FILIAL+VEN_CODMAR+VEN_CENCUS+VEN_GRUDES","Marca + Cent.Receita + Grp Desconto","Marca + Cent.Ingreso + Grp Descuent","Brand + Income Cent. + Disc.Group","S","","","S"
"VEN","6","VEN_FILIAL+VEN_CODMAR+VEN_CENCUS+VEN_CLAFIN","Marca + Cent.Receita + Clas.Financ.","Marca + Cent.Ingreso + Clas.Financ.","Brand + Income Cent. + Fin.Class.","S","","","S"
"VEN","7","VEN_FILIAL+VEN_CODMAR+VEN_CENCUS+VEN_MODVEI","Marca + Cent.Receita + Modelo Veic.","Marca + Cent.Ingreso + Modelo Vehic","Brand + Income Cent. + Vehic.Model","S","","","S"
"VEO","1","VEO_FILIAL+VEO_CODMAR+VEO_GRUITE+VEO_CODITE+VEO_NPEDFB","Marca + Grupo Item + Cod Item + NroPed Fabr","Marca + Grupo Item + Cod Item + Nro.Ped Fabr","Brand + Item gr. + Item code + Fac.Ord.No.","S","","","S"
"VEO","2","VEO_FILIAL+VEO_CODMAR+VEO_NPEDFB+VEO_GRUITE+VEO_CODITE","Marca + NroPed Fabr + Grupo Item + Cod Item","Marca + Nro.Ped Fabr + Grupo Item + Cod Item","Brand + Fac.Ord.No. + Item gr. + Item code","S","","","S"
"VEP","1","VEP_FILIAL+VEP_CODMAR+VEP_CODSTA","Marca + Cod Status","Marca + Cod Estatus","Brand + Status code","S","","","S"
"VEQ","1","VEQ_FILIAL+VEQ_CODMAR+VEQ_TIPBKO","Marca + Cod Status","Marca + Cod Estatus","Brand + Status code","S","","","S"
"VER","1","VER_FILIAL+VER_PREFIX+VER_ANO+VER_MES","Prefixo + Ano + Mes","Prefijo + Ano + Mes","Prefix + Year + Month","S","","","S"
"VF0","1","VF0_FILIAL+VF0_CODMAR+VF0_CODPLA","Marca + Cod Plano","Marca + Cod Plan","Brand + Plan Code","S","","","S"
"VF1","1","VF1_FILIAL+VF1_CODMAR+VF1_CODPLA+VF1_ORDCRO+VF1_CODREV","Marca + Codigo Plano + Ordem + Cod Revisao","Marca + Codig. Plan + Orden + Cod Revision","Brand + Plan Code + Order + Revision Cd.","S","","","S"
"VF1","2","VF1_FILIAL+VF1_CODMAR+VF1_CODPLA+STR(VF1_KILREV)","Marca + Codigo Plano + Km","Marca + Codig. Plan + Km","Brand + Plan Code + Km","S","","","S"
"VF1","3","VF1_FILIAL+VF1_CODMAR+VF1_CODPLA+VF1_CODREV+STR(VF1_KILREV)","Marca + Codigo Plano + Cod Revisao + Km","Marca + Codig. Plan + Cod Revision + Km","Brand + Plan Code + Revision Cd. + Km","S","","","S"
"VF2","1","VF2_FILIAL+VF2_CODCLI+VF2_LOJA+VF2_CATACO","Cod Cliente + Loja + Categ Acordo","Cod Cliente + Tienda + Categ Acuerd","Customer Cod + Unit + Agreem.Categ","S","","","S"
"VF3","1","VF3_FILIAL+VF3_NUMOSV","Nro OS","Num. OS","SO Number","S","","","S"
"VF3","2","VF3_FILIAL+DTOS(VF3_DATPOS)+VF3_CHAINT+VF3_NUMNFI+VF3_SERNFI","Data OS + Chassi Inter + Nr NF + Serie NF","Fecha OS + Chasis Inter + Num. Factura + Serie Fact.","SO Date + Int.Chassis + Invoice Numb + Inv. Series","S","","","S"
"VF3","3","VF3_FILIAL+VF3_CHAINT+DTOS(VF3_DATPOS)+VF3_NUMNFI+VF3_SERNFI","Chassi Inter + Data OS + Nr NF + Serie NF","Chasis Inter + Fecha OS + Num. Factura + Serie Fact.","Int.Chassis + SO Date + Invoice Numb + Inv. Series","S","","","S"
"VF4","1","VF4_FILIAL+VF4_CHAINT+DTOS(VF4_DATKIL)","Chassi Inter + Data Km","Chasis Inter + Fecha Km","Int.Chassis + Km Date","S","","","S"
"VF4","2","VF4_FILIAL+VF4_CHAINT","Chassi Inter","Chasis Inter","Int.Chassis","S","","","S"
"VF4","3","VF4_FILIAL+VF4_PROVEI+VF4_LOJPRO+VF4_CHAINT+DTOS(VF4_DATKIL)","Proprietario + Loja + Chassi Inter + Data Km","Propietario + Tienda + Chasis Inter + Fecha Km","Owner + Unit + Int.Chassis + Km Date","S","","","S"
"VF4","4","VF4_FILIAL+VF4_NUMOSV","Nro OSv","Num. OSv","SO Number","S","","","S"
"VF5","1","VF5_FILIAL+VF5_CODMAR+VF5_TIPOPE","Marca + Tp Operacao","Marca + Tp Operacion","Brand + Type Operat.","S","","","S"
"VF6","1","VF6_FILIAL+VF6_CODMAR+VF6_MODVEI+VF6_GRUITE+VF6_CODCOM","Marca + Mod Veiculo + Grupo + Componente","Marca + Mod Vehiculo + Grupo + Componente","Brand + Vehic. Model + Group + Component","S","","","S"
"VF7","1","VF7_FILIAL+VF7_CODMAR+VF7_MODVEI+VF7_GRUITE+VF7_CODCOM+VF7_NUMIDE","Marca + Mod Veiculo + Grupo Item + Codigo Item + Nro Identif","Marca + Mod Vehiculo + Grupo Item + Codigo Item + Nro. Identif","Brand + Vehic. Model + Item Group + Item Code + Ident.Numb.","S","","","S"
"VF7","2","VF7_FILIAL+VF7_NUMIDE","Nro Identif","Nro. Identif","Ident.Numb.","S","","","S"
"VF8","1","VF8_FILIAL+VF8_CODMAR+VF8_MODVEI+VF8_CODCOM+VF8_GRUITE+VF8_CODITE","Marca + Mod Veiculo + Componente + Grupo Item + Codigo Item","Marca + Mod Vehiculo + Componente + Grupo Item + Codigo Item","Brand + Vehic. Model + Component + Item Group + Item Code","S","","","S"
"VF9","1","VF9_FILIAL+VF9_CHAINT+VF9_NUMIDE+VF9_GRUITE+VF9_CODCOM","Chassi Inter + Nro Identif + Grupo + Componente","Chasis Inter + Num. Identif + Grupo + Componente","Int.Chassis + Ident.Number + Group + Component","S","","","S"
"VFA","1","VFA_FILIAL+VFA_CODCLI+VFA_LOJA+VFA_CATACO+STR(VFA_KILFAI)","Cod Cliente + Loja + Categ Acordo + Kil da Faixa","Cod. Cliente + Tienda + Cat Acuerdo + Km de Banda","Customer Cd. + Unit + Agreem.Categ + Band Miles","S","","","S"
"VFA","2","VFA_FILIAL+VFA_CODCLI+VFA_LOJA+STR(VFA_KILFAI)+VFA_CATACO","Cod Cliente + Loja + Kil da Faixa + Categ Acordo","Cod. Cliente + Tienda + Km de Banda + Cat Acuerdo","Customer Cd. + Unit + Band Miles + Agreem.Categ","S","","","S"
"VFB","1","VFB_FILIAL+VFB_CODCLI+VFB_LOJA+VFB_CHAINT+VFB_SERPEC+VFB_GRUITE+VFB_CODITE+DTOS(VFB_DATAPL)+VFB_NUMOSV","Cod Cliente + Loja + Chassi Inter + Serv / Peca + Grupo Item + Codigo","Cod. Cliente + Tienda + Chasis Inter + Serv / Pieza + Grupo Item + Cod","Cust.Code + Unit + Int.Chassis + Serv./Part. + Item Group + Item Code","S","","","S"
"VFB","2","VFB_FILIAL+VFB_CODCLI+VFB_LOJA+VFB_CHAINT+VFB_SERPEC+VFB_GRUITE+VFB_CODITE+DTOS(VFB_DATFEC)+VFB_NUMOSV","Cod Cliente + Loja + Chassi Inter + Serv / Peca + Grupo Item + Codigo","Cod. Cliente + Tienda + Chasis Inter + Serv / Pieza + Grupo Item + Cod","Cust.Code + Unit + Int.Chassis + Serv./Part. + Item Group + Item Code","S","","","S"
"VFB","3","VFB_FILIAL+VFB_CODCLI+VFB_LOJA+VFB_CHAINT+VFB_NUMOSV+VFB_SERPEC","Cod Cliente + Loja + Chassi Inter + Nro OS + Serv / Peca","Cod. Cliente + Tienda + Chasis Inter + Num. OS + Serv / Pieza","Cust.Code + Unit + Int.Chassis + SO Number + Serv./Part.","S","","","S"
"VFB","4","VFB_FILIAL+VFB_CODCLI+VFB_LOJA+VFB_CHAINT+VFB_SERPEC+VFB_CODSER+DTOS(VFB_DATAPL)+VFB_NUMOSV","Cod Cliente + Loja + Chassi Inter + Serv / Peca + Cod Servico + Dt Apl","Cod. Cliente + Tienda + Chasis Inter + Serv / Pieza + Cod Servicio + F","Cust.Code + Unit + Int.Chassis + Serv./Part. + Service Code + Applic.D","S","","","S"
"VFB","5","VFB_FILIAL+VFB_CODCLI+VFB_LOJA+VFB_CHAINT+VFB_SERPEC+VFB_CODSER+DTOS(VFB_DATFEC)+VFB_NUMOSV","Cod Cliente + Loja + Chassi Inter + Serv / Peca + Cod Servico + Dt Fec","Cod. Cliente + Tienda + Chasis Inter + Serv / Pieza + Cod Servicio + F","Cust.Code + Unit + Int.Chassis + Serv./Part. + Service Code + Closing","S","","","S"
"VFB","6","VFB_FILIAL+VFB_CODCLI+VFB_LOJA+VFB_CHAINT+VFB_SERPEC+DTOS(VFB_DATAPL)+VFB_CODSER+VFB_NUMOSV","Cod Cliente + Loja + Chassi Inter + Serv / Peca + Dt Aplicacao + Cod S","Cod. Cliente + Tienda + Chasis Inter + Serv / Pieza + Fc.Aplicac. + Co","Cust.Code + Unit + Int.Chassis + Serv./Part. + Applic.Date + Service C","S","","","S"
"VFB","7","VFB_FILIAL+VFB_CODCLI+VFB_LOJA+VFB_CHAINT+VFB_SERPEC+VFB_ORDCRO+VFB_CODSER","Cod Cliente + Loja + Chassi Inter + Serv / Peca + Ord Cronolog + Cod S","Cod. Cliente + Tienda + Chasis Inter + Serv / Pieza + Ord Cronolog + C","Cust.Code + Unit + Int.Chassis + Serv./Part. + Time Order + Service Co","S","","","S"
"VFB","8","VFB_FILIAL+VFB_CHAINT+STR(VFB_KILOME)","Chassi Inter + Km","Chasis Inter + Km","Int.Chassis + Odometer","S","","","S"
"VFB","9","VFB_FILIAL+VFB_CHAINT+DTOS(VFB_DATAPL)","Chassi Inter + Dt Aplicacao","Chasis Inter + Fc.Aplicac.","Int.Chassis + Applic.Date","S","","","S"
"VFB","A","VFB_FILIAL+VFB_GRUITE+VFB_CODITE","Grupo Item + Codigo Item","Grupo Item + Cod Item","Item Group + Item Code","S","","","S"
"VFC","1","VFC_FILIAL+VFC_CODCLI+VFC_LOJA+VFC_CODMAR+VFC_MODVEI+VFC_GRUITE+VFC_CODCOM","Cod Cliente + Loja + Marca + Mod Veiculo + Grupo + Componente","Cod Cliente + Tienda + Marca + Mod Vehiculo + Grupo + Componente","Cust.Code + Unit + Brand + Vehic. Model + Group + Component","S","","","S"
"VFD","1","VFD_FILIAL+VFD_CODCLI+VFD_LOJA+VFD_CODMAR+VFD_MODVEI","Cod Cliente + Loja + Marca + Mod Veiculo","Cod Cliente + Tienda + Marca + Mod Vehiculo","Customer Cod + Unit + Brand + Vehic. Model","S","","","S"
"VFE","1","VFE_FILIAL+VFE_NUMORC","N. Orcamento","Nro. Presup.","Budget No.","S","","","S"
"VG0","1","VG0_FILIAL+VG0_CODMAR+VG0_CODDEF","Marca + Cod. Defeito","Marca + Cod. Defecto","Brand + Defic.Code","S","","","S"
"VG1","1","VG1_FILIAL+VG1_CODMAR+VG1_CODGAR","Marca + Cod Garantia","Marca + Cod.Garantia","Brand + Warranty Cod","S","","","S"
"VG2","1","VG2_FILIAL+VG2_CODMAR+VG2_CODREV+VG2_GRUREV","Marca + Cod. Revisao + Grp Revisao","Marca + Cod.Revision + Grp Revision","Brand + Revision Cod + Revis.Group","S","","","S"
"VG3","1","VG3_FILIAL+VG3_CODMAR+VG3_CODREC","Marca + Cd Reclamac.","Marca + Cod. Reclamo","Brand + Complaint Cd","S","","","S"
"VG4","1","VG4_FILIAL+VG4_ANONRO+VG4_CODMAR","Ano + Marca","Ano + Marca","Year + Brand","S","","","S"
"VG5","1","VG5_FILIAL+VG5_CODMAR+VG5_NUMOSV+VG5_PECINT+VG5_SERINT","Marca + Numero da OS + Cod. Int. PC + Cod.Int.Serv","Marca + Num. de OS + Cod. Int. PC + Cod.Int.Serv","Brand + SO Number + Pat.Int.Code + Serv.In.Code","S","","","S"
"VG5","2","VG5_FILIAL+VG5_CODMAR+VG5_NUMNFI+VG5_SERIEN+VG5_PECINT+VG5_SERINT","Marca + Numero da NF + Serie NF + Cod. Int. PC + Cod.Int.Serv","Marca + Num. de Fact + Serie Fact. + Cod. Int. PC + Cod.Int.Serv","Brand + Invoice Nr. + Inv. Series + Pat.Int.Code + Serv.In.Code","S","","","S"
"VG5","3","VG5_FILIAL+VG5_CODMAR+VG5_NUMOSV+VG5_ORDITE+VG5_PECINT+VG5_SERINT","Marca + Numero da OS + Ordem Item + Cod. Int. PC + Cod.Int.Serv","Marca + Num. de OS + Orden Item + Cod. Int. PC + Cod.Int.Serv","Brand + SO Number + Item Order + Pat.Int.Code + Serv.In.Code","S","","","S"
"VG5","4","VG5_FILIAL+VG5_CODMAR+VG5_NUMNFI+VG5_SERIEN+VG5_ORDITE+VG5_PECINT+VG5_SERINT","Marca + Numero da NF + Serie NF + Ordem Item + Cod. Int. PC + Cod.Int.","Marca + Num. de Fact + Serie Fact. + Orden Item + Cod. Int. PC + Cod.I","Brand + Invoice Nr. + Inv. Series + Item Order + Pat.Int.Code + Serv.I","S","","","S"
"VG6","1","VG6_FILIAL+VG6_CODMAR+VG6_NUMOSV+VG6_PECINT","Marca + Numero da OS + Cod.Int. Pc.","Marca + Numero de OS + Cod.Int. Pc.","Brand + SO Number + Pat.Int.Code","S","","","S"
"VG6","2","VG6_FILIAL+VG6_CODMAR+VG6_NUMOSV+VG6_SERINT","Marca + Numero da OS + Cod.Int.Ser.","Marca + Numero de OS + Cod.Int.Ser.","Brand + SO Number + Ser.In.Code","S","","","S"
"VG6","3","VG6_FILIAL+VG6_CODMAR+VG6_NUMOSV+VG6_PECINT+VG6_ANORRC+VG6_NUMRRC","Marca + Numero da OS + Cod.Int. Pc. + Ano da RR + Numero da RR","Marca + Numero de OS + Cod.Int. Pc. + Ano de RR + Numero de RR","Brand + SO Number + Pat.Int.Code + RR Year + RR Number","S","","","S"
"VG6","4","VG6_FILIAL+VG6_CODMAR+VG6_NUMOSV+VG6_SERINT+VG6_ANORRC+VG6_NUMRRC","Marca + Numero da OS + Cod.Int.Ser. + Ano da RR + Numero da RR","Marca + Numero de OS + Cod.Int.Ser. + Ano de RR + Numero de RR","Brand + SO Number + Ser.In.Code + RR Year + RR Number","S","","","S"
"VG6","5","VG6_FILIAL+VG6_CODMAR+VG6_NUMOSV+VG6_ANORRC+VG6_NUMRRC","Marca + Numero da OS + Ano da RR + Numero da RR","Marca + Numero de OS + Ano de RR + Numero de RR","Brand + SO Number + RR Year + RR Number","S","","","S"
"VG7","1","VG7_FILIAL+VG7_CODMAR+VG7_CODFOR","Marca + Cod Forneced","Marca + Cod Proveed.","Brand + Sup. code","S","","","S"
"VG8","1","VG8_FILIAL+VG8_CODMAR+VG8_NUMOSV+VG8_ANORRC+VG8_NUMRRC","Marca + Numero da OS + Ano da RR + Numero da RR","Marca + Nro. OS + Ano de RR + Nro. RR","Brand + Ser.Or.No. + RR Year + RR No.","S","","","S"
"VG8","2","VG8_FILIAL+VG8_CODMAR+VG8_ANORRC+VG8_NUMRRC","Marca + Ano da RR + Numero da RR","Marca + Ano de RR + Nro. RR","Brand + RR Year + RR No.","S","","","S"
"VG9","1","VG9_FILIAL+VG9_CODMAR+VG9_NUMOSV+VG9_ANORRC+VG9_NUMRRC","Marca + Numero da OS + Ano da RR + Numero da RR","Marca + Nro. de OS + Ano de RR + Num. de RR","Brand + Ser.Or.No. + RR Year + RR Number","S","","","S"
"VGA","1","VGA_FILIAL+VGA_CODMAR+VGA_NUMOSV+VGA_ESPGAR","Marca + Numero da OS + Especie Gar.","Marca + Nro. OS + Especie Gar.","Brand + Ser.Or.No. + Tp.of Warr.","S","","","S"
"VGA","2","VGA_FILIAL+VGA_CODMAR+VGA_NUMNFI+VGA_SERIEN","Marca + Numero da NF + Serie NF","Marca + Num. Factura + Serie Fact.","Brand + Invoice Nr. + Inv. Series","S","","","S"
"VGB","1","VGB_FILIAL+VGB_CODMAR+VGB_CHASSI+VGB_CODREV","Cod. Marca + Chassi + Cod. Revisao","Cod. Marca + Chasis + Cod.Revision","Brand Cd + Chassis + Revision Cod","S","","","S"
"VGB","2","VGB_FILIAL+VGB_CODMAR+VGB_NUMOSV","Cod. Marca + Numero da OS","Cod. Marca + Num. OS","Brand Cd + SO Number","S","","","S"
"VGC","1","VGC_FILIAL+VGC_CODMAR+VGC_NUMOSV","Marca + Numero da OS","Marca + Nro. OS","Brand + Ser.Or.No.","S","","","S"
"VGD","1","VGD_FILIAL+VGD_CODMAR+VGD_CODERR","Marca + Cod Erro","Marca + Cod. Error","Brand + Error Code","S","","","S"
"VH0","1","VH0_FILIAL+VH0_CODMAR+VH0_CODGRU","Marca + Cod Grupo","Marca + Cod. Grupo","Brand + Group Code","S","","","S"
"VH0","2","VH0_FILIAL+VH0_SEGMEN+VH0_CODMAR","Segmento + Marca","Segmento + Marca","Segment + Brand","S","","","S"
"VH1","1","VH1_FILIAL+VH1_CODMAR+VH1_CODGRU+VH1_ORDCAM","Marca + Cod Grupo + Ordem","Marca + Cod. Grupo + Orden","Brand + Group Code + Order","S","","","S"
"VH1","2","VH1_FILIAL+VH1_SEGMEN+VH1_CODMAR","Segmento + Marca","Segmento + Marca","Segment + Brand","S","","","S"
"VH2","1","VH2_FILIAL+VH2_CODMAR+VH2_CODPAR","Marca + Cod Assunto","Marca + Cod Asunto","Brand + Subject Code","S","","","S"
"VH3","1","VH3_FILIAL+VH3_CODMAR+VH3_CODPAR+VH3_SEQUEN+VH3_TIPREG","Marca + Cd Parametro + Sequencia + Tp Registro","Marca + CodParametro + Secuencia + TipoRegistro","Brand + Parameter Cd + Sequence + Record Type","S","","","S"
"VH3","2","VH3_FILIAL+VH3_CODMAR+VH3_CODGRU","Marca + Cod do Grupo","Marca + Cod de Grupo","Brand + Group Code","S","","","S"
"VH4","1","VH4_FILIAL+VH4_CODMAR+VH4_CODOPE","Marca + Cod Operacao","Marca + Cod Operac.","Brand + Operation Cd","S","","","S"
"VH5","1","VH5_FILIAL+VH5_CODMAR+VH5_CODOPE+VH5_CODPAR+DTOS(VH5_DATVAL)","Marca + Cod Operacao + Cd Parametro + Dt Validade","Marca + Cod Operac. + CodParametro + Fc.Validez","Brand + Oper. Code + Parameter Cd + Validity Dt.","S","","","S"
"VH6","1","VH6_FILIAL+VH6_CODMAR+VH6_CODOPE","Marca + Cod Assunto","Marca + Cod Asunto","Brand + Subject Code","S","","","S"
"VH7","1","VH7_FILIAL+VH7_NOMARQ","Nome Arquivo","Nomb Archivo","File Name","S","","","S"
"VH8","1","VH8_FILIAL+VH8_NOMPRO+VH8_NUMPRO","Nome Process + Nro. Process","Nom. Proceso + Nro. Proceso","Proc. name + Process No.","S","","","S"
"VH9","1","VH9_FILIAL+VH9_PREFIX","Prefixo","Prefijo","Prefix","S","","","S"
"VI0","1","VI0_FILIAL+VI0_CODMAR+VI0_SERNFI+VI0_NUMNFI","Cod. Marca + Serie NF + Nota Fiscal","Cod. Marca + Serie Fact. + Factura","Brand Co + Inv. Series + Invoice","S","","","S"
"VI1","1","VI1_FILIAL+VI1_CODMAR+VI1_TIPREG+VI1_NUMOSV+VI1_ANORRC+VI1_NUMRRC+VI1_CODITE","Cod. Marca + Tip.Registro + Numero da OS + Ano da RR + Numero da RR +","Cod. Marca + TipoRegistro + Num. OS + Ano de RR + Num. RR + Cod. Item","Brand Cd + Record Type + SO Number + RR Year + RR Number + Item Code","S","","","S"
"VI1","2","VI1_FILIAL+VI1_CODMAR+VI1_NUMOSV+VI1_ANORRC+VI1_NUMRRC","Cod. Marca + Numero da OS + Ano da RR + Numero da RR","Cod. Marca + Num. OS + Ano de RR + Num. RR","Brand Cd + SO Number + RR Year + RR Number","S","","","S"
"VI2","1","VI2_FILIAL+VI2_CODMAR+VI2_CODITE","Cod. Marca + Cod. Item","Cod. Marca + Cod. Item","Brand Cd + Item Code","S","","","S"
"VI3","1","VI3_FILIAL+VI3_CODMAR+VI3_CODITE","Cod. Marca + Cod. Item","Cod. Marca + Cod. Item","Brand Co + Item Code","S","","","S"
"VI4","1","VI4_FILIAL+VI4_CODMAR+VI4_ITEOLD","Cod. Marca + Item Velho","Cod. Marca + Item Antiguo","Brand Co + Old Item","S","","","S"
"VI5","1","VI5_FILIAL+VI5_CODMAR+VI5_CODPED","Cod. Marca + Cod. Pedido","Cod. Marca + Cod. Pedido","Tradem.Code + Order Code","S","","","S"
"VI6","1","VI6_FILIAL+VI6_CODMAR+VI6_NUMOSV+VI6_ANORRC+VI6_NUMRRC","Cod. Marca + Ord. Servico + Ano Reclamac + Nro.Reclamac","Cod.Marca + Ord.Servicio + Ano Reclamo + Nro.Reclamac","Brand Co + Serv. Ord. + Complaint Yr + Compl. No.","S","","","S"
"VI6","2","VI6_FILIAL+VI6_CODMAR+VI6_ANORRC+VI6_NUMRRC","Cod. Marca + Ano Reclamac + Nro.Reclamac","Cod.Marca + Ano Reclamo + Nro.Reclamac","Brand Co + Complaint Yr + Compl. No.","S","","","S"
"VI7","1","VI7_FILIAL+VI7_CODMAR+DTOS(VI7_DTAVDA)+VI7_CHASSI","Cod. Marca + Data Venda + Chassi","Cod. Marca + Fecha Venta + Chasis","Brand Cd + Sale Date + Chassis","S","","","S"
"VI8","1","VI8_FILIAL+VI8_CODMAR+VI8_CGCCLI","Cod. Marca + CNPJ Cliente","Cod. Marca + CNPJ Cliente","Brand Cd + Cust.CNPJ","S","","","S"
"VI9","1","VI9_FILIAL+VI9_CODMAR+VI9_TIPREG+VI9_CODITE","Cod. Marca + Tip. Regist. + Cod. Item","Cod. Marca + TipoRegistro + Cod. Item","Tradem. Code + Record Type + Item Code","S","","","S"
"VIA","1","VIA_FILIAL+VIA_CODMAR+VIA_SERNFI+VIA_NUMNFI+VIA_CODITE+VIA_PEDCON","Cod. Marca + Serie NF + Nota Fiscal + Cod. Item + Nro.Ped.Con.","Cod. Marca + Serie Fact. + Factura + Cod. Item + Nro.Ped.Conc","Tradem.Code + Invoice Ser. + Invoice + Item Code + Car Ord. No.","S","","","S"
"VIA","2","VIA_FILIAL+VIA_CODMAR+VIA_CODITE","Cod. Marca + Cod. Item","Cod. Marca + Cod. Item","Tradem.Code + Item Code","S","","","S"
"VIB","1","VIB_FILIAL+VIB_CODMAR+VIB_CODPED+VIB_CODITE","Cod. Marca + Cod. Pedido + Cod. Item","Cod. Marca + Cod. Pedido + Cod. Item","Brand Cd + Order Code + Item Code","S","","","S"
"VIC","1","VIC_FILIAL+VIC_CODMAR+VIC_NUMOSV+VIC_ANORRC+VIC_NUMRRC+VIC_CODITE","Cod. Marca + Nro. OS + Ano RR + Nro. da RR + Cod. Item","Cod. Marca + Num. OS + Ano RR + Num. RR + Cod. Item","Brand Co + SO Number + RR Year + RR Number + Item Code","S","","","S"
"VIC","2","VIC_FILIAL+VIC_CODMAR+VIC_NUMOSV+VIC_ANORRC+VIC_NUMRRC+VIC_CODSER","Cod. Marca + Nro. OS + Ano RR + Nro. da RR + Cod. Servico","Cod. Marca + Num. OS + Ano RR + Num. RR + Cod.Servicio","Brand Co + SO Number + RR Year + RR Number + Service Code","S","","","S"
"VIC","3","VIC_FILIAL+VIC_CODMAR+VIC_ANORRC+VIC_NUMRRC","Cod. Marca + Ano RR + Nro. da RR","Cod. Marca + Ano RR + Num. RR","Brand Co + RR Year + RR Number","S","","","S"
"VIC","4","VIC_FILIAL+VIC_CODMAR+VIC_NUMOSV+VIC_ANORRC+VIC_NUMRRC+VIC_ORDENS+VIC_ITEESP+VIC_CODITE","Cod. Marca + Nro. OS + Ano RR + Nro. da RR + Ordem + It. Especial + Co","Cod. Marca + Num. OS + Ano RR + Num. RR + Orden + Itm Especial + Cod.","Brand Co + SO Number + RR Year + RR Number + Order + Special Item + It","S","","","S"
"VIC","5","VIC_FILIAL+VIC_CODMAR+VIC_NUMOSV+VIC_ANORRC+VIC_NUMRRC+VIC_ORDENS+VIC_SERESP+VIC_CODSER","Cod. Marca + Nro. OS + Ano RR + Nro. da RR + Ordem + Sv. Especial + Co","Cod. Marca + Num. OS + Ano RR + Num. RR + Orden + Srv.Especial + Cod.S","Brand Co + SO Number + RR Year + RR Number + Order + Spec.Serv. + Serv","S","","","S"
"VID","1","VID_FILIAL+VID_CODMAR+STR(VID_TIPTRA)+VID_CODITE","Cod. Marca + Tipo Transac + Codigo Item","Cod. Marca + Tipo Transac + Codigo Item","Brand Co + Transac.Type + Item Code","S","","","S"
"VIE","1","VIE_FILIAL+VIE_CODMAR+VIE_GRUITE+VIE_CODITE","Cod. Marca + Grupo Item + Codigo Item","Cod. Marca + Grupo Item + Codigo Item","Brand Co + Item Group + Item code","S","","","S"
"VIE","2","VIE_FILIAL+VIE_CODMAR+VIE_NPEDDN+VIE_GRUITE+VIE_CODITE","Cod. Marca + NroPed DN + Grupo Item + Codigo Item","Cod. Marca + Nro. Ped DN + Grupo Item + Codigo Item","Brand Co + Ord.N.C.Deal + Item Group + Item code","S","","","S"
"VIF","1","VIF_FILIAL+VIF_CODMAR+DTOS(VIF_DATEST)+VIF_MODALI","Cod. Marca + Dt. Estoque + Modalidade","Cod. Marca + Fecha Stock + Naturaleza","Brand Co + Inv.Date + Modality","S","","","S"
"VIG","1","VIG_FILIAL+VIG_CODMAR+VIG_GRUSER+VIG_CODSER","Cod. Marca + Grupo Servic + Cod Servico","Cod. Marca + Grupo Serv. + Cod Servicio","Brand Co + Serv. Group + Serv.Code","S","","","S"
"VIH","1","VIH_FILIAL+STR(VIH_NUMDEA)+VIH_CDFOR1","Nro. Dealer + Cod. Fornec.","Nro. Dealer + Cod. Proveed","Dealer No. + Sup. code","S","","","S"
"VII","1","VII_FILIAL+STR(VII_NUMDEA)+VII_CDERR1","Nro. Dealer + Cod Mens Err","Nro. Dealer + Cod.Mens Err","Dealer No. + Er.Mes.Code","S","","","S"
"VIJ","1","VIJ_FILIAL+VIJ_CODCAR+VIJ_CHASSI","Cod. Cartao + Chassi","Cod. Tarjets + Chasis","Card Code + Chassis","S","","","S"
"VIM","1","VIM_FILIAL+VIM_CODIGO","Cod Processo","Cod Proceso","Process Cd.","S","","","S"
"VIM","2","VIM_FILIAL+VIM_CODMAR+VIM_CHAPES","Cod Marca + Chave Pesq","Cod Marca + Clave Buscad","Brand Code + Research Key","S","","","S"
"VIM","3","VIM_FILIAL+VIM_CODMAR+VIM_ARQANT+VIM_SEGMEN+VIM_CHAPES","Cod Marca + Arq. Ant + Segmento + Chave Pesq","Cod Marca + Arch. Ant + Segmento + Clave Buscad","Brand Code + Old File + Segment + Research Key","S","","","S"
"VIM","4","VIM_FILIAL+VIM_CODMAR+VIM_ARQNOV+VIM_SEGMEN+VIM_CHAPES","Cod Marca + Arq. Novo + Segmento + Chave Pesq","Cod Marca + Arch. Novo + Segmento + Clave Buscad","Brand Code + New File + Segment + Research Key","S","","","S"
"VIS","1","VIS_FILIAL+DTOS(VIS_DATLAN)+VIS_NUMOSV","Dt Lancto + Numero da OS","Fch. Asiento + Numero de OS","Entry Date + S.O. No.","S","","","S"
"VIT","1","VIT_DEALER+VIT_MES+VIT_ANO","NUM. DEALER + MES REFERENC + ANO REFERENC","NUM. DEALER + MES REFERENC + ANO REFERENC","DEALER NUM. + REFERENCE MT + REFERENCE YR","S","","","S"
"VIU","1","VIU_FILIAL+VIU_TMA+VIU_CODCAT","Cod Modelo + Cod Catalogo","Cod. modelo + Cod. atalogo","Mod.Code + Catal. Code","S","","","S"
"VIX","1","VIX_FILIAL+VIX_CODPRO","COD PROCESSO","COD PROCESSO","PROCESS CODE","S","","","S"
"VO1","1","VO1_FILIAL+VO1_NUMOSV","Nro OS","Num. OS","SO Number","S","","","S"
"VO1","2","VO1_FILIAL+VO1_STATUS+VO1_NUMOSV","Status OS + Nro OS","Estatus OS + Num. OS","SO Status + SO Number","S","","","S"
"VO1","3","VO1_FILIAL+VO1_PROVEI+VO1_LOJPRO+VO1_STATUS+VO1_NUMOSV","Proprietario + Loja + Status OS + Nro OS","Propietario + Tienda + Estatus OS + Num. OS","Owner + Unit + SO Status + SO Number","S","","","S"
"VO1","4","VO1_FILIAL+VO1_CHAINT+VO1_STATUS+VO1_NUMOSV","Chassi Inter + Status OS + Nro OS","Chasis Inter + Estatus OS + Num. OS","Int.Chassis + SO Status + SO Number","S","","","S"
"VO1","5","VO1_FILIAL+DTOS(VO1_DATABE)+STR(VO1_HORABE)","Dt Abert OS + Hr Abert OS","Fc Abiert OS + Hr Abiert OS","SO Open.Date + SO Open.Time","S","","","S"
"VO1","6","VO1_FILIAL+VO1_PLAVEI","Placa Veic","Chapa Vehic","Vehic.Plate","S","","","S"
"VO1","7","VO1_FILIAL+VO1_CODCOR+VO1_PRISMA","Cor Prisma + Prisma","Color Prisma + Prisma","Prism Code + Prism","S","","","S"
"VO1","8","VO1_FILIAL+VO1_CHASSI","Chassi Veic","Chasis Vehic","Vehic Chassi","S","","","S"
"VO1","9","VO1_FILIAL+VO1_CODFRO","Cod Frota","Cod Flota","Fleet Code","S","","","S"
"VO2","1","VO2_FILIAL+VO2_NUMOSV+VO2_TIPREQ+VO2_NOSNUM","Nro da OS + Tp Requisic + Nosso Nro Rq","NºOS + Tp Requerim. + Nuestro NrRq","SO Number + Requis.Type + Our Req.No.","S","","","S"
"VO2","2","VO2_FILIAL+VO2_NOSNUM","Nosso Nro Rq","Nuestro NrRq","Our Req.No.","S","","","S"
"VO2","3","VO2_FILIAL+DTOS(VO2_DATREQ)","Dt Requisic","Fc.Requerim.","Requis. Date","S","","","S"
"VO3","1","VO3_FILIAL+VO3_NOSNUM+VO3_TIPTEM","Nosso Nro Rq + Tipo Tempo","Nuestro NrRq + Tipo Tiempo","Our Req. No. + Type Time","S","","","S"
"VO3","2","VO3_FILIAL+VO3_GRUITE+VO3_CODITE+VO3_NOSNUM+VO3_TIPTEM","Grupo Item + Codigo Item + Nosso Nro Rq + Tipo Tempo","Grupo Item + Codigo Item + Nuestro NrRq + Tipo Tiempo","Item Group + Item Code + Our Req. No. + Type Time","S","","","S"
"VO3","3","VO3_FILIAL+dtos(VO3_DATFEC)+VO3_TIPTEM","Dt Fecham/o + Tipo Tempo","Fc.Cierre + Tipo Tiempo","Closing Date + Type Time","S","","","S"
"VO3","4","VO3_FILIAL+VO3_TIPTEM+dtos(VO3_DATFEC)","Tipo Tempo + Dt Fecham/o","Tipo Tiempo + Fc.Cierre","Type Time + Closing Date","S","","","S"
"VO3","5","VO3_FILIAL+VO3_NUMNFI+VO3_SERNFI","Nro da NF + Serie da NF","Num. Factura + Serie Factur","Invoice Nr. + Invoice Ser.","S","","","S"
"VO3","6","VO3_FILIAL+VO3_FATPAR+VO3_LOJA+VO3_NOSNUM","Faturar para + Loja + Nosso Nro Rq","Factur. para + Tienda + Nuestro NrRq","Invoice To + Unit + Our Req. No.","S","","","S"
"VO3","7","VO3_FILIAL+VO3_NUMDOC","Documento","Documento","Document","S","","","S"
"VO4","1","VO4_FILIAL+VO4_NOSNUM+VO4_TIPTEM+VO4_CODSER","Nosso Nro Rq + Tipo Tempo + Cod Servico","Nuestro NrRq + Tipo Tiempo + Cod Servicio","Our Req. No. + Type Time + Serv.Code","S","","","S"
"VO4","2","VO4_FILIAL+VO4_CODPRO+DTOS(VO4_DATINI)+STR(VO4_HORINI)","Produtivo + Data Inicial + Hora Inicial","Productivo + Fch. Inicial + Hora Inicial","Product + Initial Date + Initial Time","S","","","S"
"VO4","3","VO4_FILIAL+VO4_CODPRO+DTOS(VO4_DATFIN)+STR(VO4_HORFIN)","Produtivo + Data Final + Hora Final","Productivo + Fch. Final + Hora Final","Product + Final Date + Final Time","S","","","S"
"VO4","4","VO4_FILIAL+VO4_CODSER+VO4_NOSNUM+VO4_SEQUEN","Cod Servico + Nosso Nro Rq + Sequencia","Cod Servicio + Nuestro NrRq + Secuencia","Serv.Code + Our Req. No. + Sequence","S","","","S"
"VO4","5","VO4_FILIAL+VO4_FATPAR+VO4_LOJA+VO4_NOSNUM","Faturar para + Loja + Nosso Nro Rq","Factur. para + Tienda + Nuestro NrRq","Invoice To + Unit + Our Req. No.","S","","","S"
"VO4","6","VO4_FILIAL+VO4_TIPTEM+dtos(VO4_DATFEC)","Tipo Tempo + Dt Fecham/o","Tipo Tiempo + Fc.Cierre","Type Time + Closing Date","S","","","S"
"VO4","7","VO4_FILIAL+VO4_NUMNFI+VO4_SERNFI","Nro da NF + Serie da NF","Num. Factura + Serie Factur","Invoice Nr. + Invoice Ser.","S","","","S"
"VO4","8","VO4_FILIAL+VO4_NOSNUM+VO4_SEQUEN","Nosso Nro Rq + Sequencia","Nuestro NrRq + Secuencia","Our Req. No. + Sequence","S","","","S"
"VO4","9","VO4_FILIAL+VO4_CODCOR+VO4_PRISMA","Cor Prisma + Prisma","Color Prisma + Prisma","Prism Color + Prism","S","","","S"
"VO5","1","VO5_FILIAL+VO5_CHAINT","Chassi Inter","Chasis Inter","Int.Chassis","S","","","S"
"VO6","1","VO6_FILIAL+VO6_SERINT","Cod Int Srv","Cod. Int.Sr.","Int.Srv.Code","S","","","S"
"VO6","2","VO6_FILIAL+VO6_CODMAR+VO6_CODSER","Marca + Servico","Marca + Servicio","Brand + Service","S","","","S"
"VO6","3","VO6_FILIAL+VO6_CODMAR+VO6_GRUSER+VO6_CODSER","Marca + Grupo Servic + Servico","Marca + Grupo Serv. + Servicio","Brand + Serv.Group + Service","S","","","S"
"VO6","4","VO6_FILIAL+VO6_CODSER","Servico","Servicio","Service","S","","","S"
"VO6","5","VO6_FILIAL+VO6_DESSER+VO6_CODMAR+VO6_CODSER","Descric Serv + Marca + Servico","Descr. Serv. + Marca + Servicio","Serv.Descr. + Brand + Service","S","","","S"
"VO7","1","VO7_FILIAL+VO7_CODMAR+VO7_CODSER+VO7_MODVEI+VO7_SEGMOD","Marca + Servico + Mod Veiculo + Segmento","Marca + Servicio + Mod Vehiculo + Segmento","Brand + Service + Vehicle Mod. + Segment","S","","","S"
"VO7","2","VO7_FILIAL+VO7_CODMAR+VO7_MODVEI+VO7_SEGMOD","Marca + Mod Veiculo + Segmento","Marca + Mod Vehiculo + Segmento","Brand + Vehicle Mod. + Segment","S","","","S"
"VO7","3","VO7_FILIAL+VO7_CODMAR+VO7_SEGMOD","Marca + Segmento","Marca + Segmento","Brand + Segment","S","","","S"
"VO8","1","VO8_FILIAL+VO8_CODMAR+VO8_MODVEI+VO8_SEGMOD+VO8_CODSER+VO8_TIPAGR+VO8_CODFER","Marca + Mod Veiculo + Segmento + Cod Servico + Tipo Agrup + Cod Ferram","Marca + Mod Vehiculo + Segmento + Cod Servicio + Tipo Agrup. + Cod Her","Brand + Vehicle Mode + Segment + Serv.Code + Group Type + Tool Code","S","","","S"
"VO8","2","VO8_FILIAL+VO8_CODMAR+VO8_MODVEI+VO8_SEGMOD+VO8_CODSER+VO8_TIPAGR+VO8_SEQUEN+VO8_CODSRV","Marca + Mod Veiculo + Segmento + Cod Servico + Tipo Agrup + Sequencia","Marca + Mod Vehiculo + Segmento + Cod Servicio + Tipo Agrup. + Secuenc","Brand + Vehicle Mode + Segment + Serv.Code + Group Type + Sequence + S","S","","","S"
"VO8","3","VO8_FILIAL+VO8_CODMAR+VO8_MODVEI+VO8_SEGMOD+VO8_CODSER+VO8_TIPAGR+VO8_GRUITE+VO8_CODITE","Marca + Mod Veiculo + Segmento + Cod Servico + Tipo Agrup + Grupo Item","Marca + Mod Vehiculo + Segmento + Cod Servicio + Tipo Agrup. + Grupo I","Brand + Vehicle Mode + Segment + Serv.Code + Group Type + Item Group +","S","","","S"
"VO8","4","VO8_FILIAL+VO8_CODMAR+VO8_MODVEI+VO8_SEGMOD+VO8_GRUITE+VO8_CODITE","Marca + Mod Veiculo + Segmento + Grupo Item + Codigo Item","Marca + Mod Vehiculo + Segmento + Grupo Item + Codigo Item","Brand + Vehicle Mode + Segment + Item Group + Item Code","S","","","S"
"VO9","1","VO9_FILIAL+VO9_CODFER","C.Ferramenta","C.Herramient","Tool Code","S","","","S"
"VO9","2","VO9_FILIAL+VO9_DESFER","Descr Ferram","Descr Herram","Descrip.Tool","S","","","S"
"VO9","3","VO9_FILIAL+VO9_GRUFER+VO9_CODFER","Grupo Ferram + C.Ferramenta","Grupo Herram + C.Herramient","Tool Group + Tool Code","S","","","S"
"VOA","1","VOA_FILIAL+VOA_GRUFER","Cod Grupo","Cod. Grupo","Group Code","S","","","S"
"VOB","1","VOB_FILIAL+VOB_CODFUN+dtos(VOB_DATREF)","Funcionario + Dt Referenc","Empleado + Fc.Referenc","Employee + Dt. Refer.","S","","","S"
"VOB","2","VOB_FILIAL+dtos(VOB_DATREF)+VOB_CODFUN","Dt Referenc + Funcionario","Fc.Referenc + Empleado","Dt. Refer. + Employee","S","","","S"
"VOC","1","VOC_FILIAL+VOC_CODPRO+VOC_CODMAR+VOC_CODSER","Funcionario + Marca + Servico","Empleado + Marca + Servicio","Employee + Brand + Service","S","","","S"
"VOC","2","VOC_FILIAL+VOC_CODMAR+VOC_CODSER+VOC_CODPRO","Marca + Servico + Funcionario","Marca + Servicio + Empleado","Brand + Service + Employee","S","","","S"
"VOD","1","VOD_FILIAL+VOD_CODSEC","Sec Oficina","Sec Taller","Workshop Sec","S","","","S"
"VOE","1","VOE_FILIAL+VOE_CODPRO+dtos(VOE_DATESC)","Cod Func + Data Escala","Cod Empl. + Fecha Escala","Employee Cd. + Scale Date","S","","","S"
"VOE","2","VOE_FILIAL+DTOS(VOE_DATESC)+VOE_CODPRO","Data Escala + Cod Func","Fecha Escala + Cod Empl.","Scale Date + Employee Cd.","S","","","S"
"VOF","1","VOF_FILIAL+VOF_NUMBOX","Nro do Box","Num. Estand","Box Number","S","","","S"
"VOF","2","VOF_FILIAL+VOF_FUNPRO","Funcionario","Empleado","Employee","S","","","S"
"VOF","3","VOF_FILIAL+VOF_CODCOR+VOF_PRISMA+VOF_NUMOSV","Cor Prisma + Prisma + Nro da OS","Color Prisma + Prisma + Num. OS","Prism Code + Prism + SO Number","S","","","S"
"VOG","1","VOG_FILIAL+VOG_CODMOT","Motorista","Conductor","Driver","S","","","S"
"VOG","2","VOG_FILIAL+dtos(VOG_DATNAS)","Dt Nascto","Fc.Nacimient","Birth Date","S","","","S"
"VOH","1","VOH_FILIAL+VOH_CODPER","Periodo","Periodo","Period","S","","","S"
"VOI","1","VOI_FILIAL+VOI_TIPTEM","Tipo Tempo","Tipo Tiempo","Time Type","S","","","S"
"VOI","2","VOI_FILIAL+VOI_CODALM","Cod Armazem","Cod Deposito","Warehouse Cd","S","","","S"
"VOJ","1","VOJ_FILIAL+VOJ_TIPTEM+dtos(VOJ_DATVIG)+VOJ_HORVIG","Tipo Tempo + Dt Vigencia + Hr Vigencia","Tipo Tiempo + Fc.Vigencia + Hr. Vigencia","Type Time + Valid. Date + Effective.Ti","S","","","S"
"VOK","1","VOK_FILIAL+VOK_TIPSER","Tipo Servico","Tipo Servic.","Service Type","S","","","S"
"VOK","2","VOK_FILIAL+VOK_DESSER","DescrTp Serv","Desc.Tp Serv","Ser.Typ.Des.","S","","","S"
"VOL","1","VOL_FILIAL+VOL_TIPSER+VOL_CODSEC","Tipo Servico + Sec Oficina","Tipo Servic. + Sec Taller","Service Type + Workshop Sec","S","","","S"
"VOM","1","VOM_FILIAL+dtos(VOM_DATREF)+VOM_CODOCO","Dt Referenc + Ocorrencia","Fc.Referenc + Ocurrencia","Refer.Date + Occurrence","S","","","S"
"VOM","2","VOM_FILIAL+VOM_CODOCO+dtos(VOM_DATREF)","Ocorrencia + Dt Referenc","Ocurrencia + Fc.Referenc","Occurrence + Refer.Date","S","","","S"
"VON","1","VON_FILIAL+VON_NUMBOX","Nro do Box","NºBox","Box Number","S","","","S"
"VON","2","VON_FILIAL+VON_CODSEC+VON_NUMBOX","Sec Oficina + Nro do Box","Sec Taller + NºBox","Workshop Sec + Box Number","S","","","S"
"VOO","1","VOO_FILIAL+VOO_NUMOSV+VOO_TIPTEM","Nro da OS + Tipo Tempo","Num. OS + Tipo Tiempo","SO Number + Type Time","S","","","S"
"VOO","2","VOO_FILIAL+VOO_TIPTEM+VOO_NUMOSV","Tipo Tempo + Nro da OS","Tipo Tiempo + Num. OS","Type Time + SO Number","S","","","S"
"VOO","3","VOO_FILIAL+VOO_FATPAR+VOO_TIPTEM+VOO_NUMOSV","Faturar para + Tipo Tempo + Nro da OS","Factur. para + Tipo Tiempo + Num. OS","Invoice To + Type Time + SO Number","S","","","S"
"VOO","4","VOO_FILIAL+VOO_NUMNFI+VOO_SERNFI","Nro da NF + Serie da NF","Num.Factura + Serie Fact.","Invoice Nr. + Invoice Ser.","S","","","S"
"VOP","1","VOP_FILIAL+VOP_NUMINT","Numero Inter","Num. Interno","Inter Number","S","","","S"
"VOP","2","VOP_FILIAL+VOP_TIPPEN+VOP_NUMINT","Tp Pendencia + Numero Inter","Tp Pendiente + Num. Interno","Type pend it + Inter Number","S","","","S"
"VOP","3","VOP_FILIAL+VOP_NUMCAM+VOP_TIPPEN","Nro Campanha + Tp Pendencia","Nro.Campana + Tp Pendiente","Campaign No. + Type pend it","S","","","S"
"VOP","4","VOP_FILIAL+VOP_CHAFIN","Chassi Final","Chassi Final","Fianl chassi","S","","","S"
"VOP","5","VOP_FILIAL+VOP_MODFIN","Mod Final","Mod Final","Fina Model","S","","","S"
"VOP","6","VOP_FILIAL+DTOS(VOP_DATFIN)","Data Final","Data Final","Final Date","S","","","S"
"VOQ","1","VOQ_FILIAL+VOQ_CODMAP+VOQ_CLAAVA","Cod do Mapa + Classif Aval","Cod del Mapa + Clasif Eval","Map Code + Evaluat Clas","S","","","S"
"VOR","1","VOR_FILIAL+VOR_NUMOSV+VOR_TIPTEM+VOR_CLAAVA","Nro da O.S. + Tipo Tempo + Classif Aval","Num. O.S. + Tipo Tiempo + Clasif Eval","SO Number + Type Time + Eval.Class","S","","","S"
"VOS","1","VOS_FILIAL+VOS_CODMAR+VOS_CODGRU","Marca + Cod Grupo","Marca + Cod. Grupo","Brand + Group Code","S","","","S"
"VOS","2","VOS_FILIAL+VOS_CODGRU+VOS_DESGRU","Cod Grupo + Descr Grupo","Cod. Grupo + Descr. Grupo","Group Code + Group Descr.","S","","","S"
"VOS","3","VOS_FILIAL+VOS_DESGRU","Descr Grupo","Descr. Grupo","Group Descr.","S","","","S"
"VOT","1","VOT_FILIAL+VOT_CHAINT","Chassi Inter","Chasis Inter","Inter Chass","S","","","S"
"VOT","2","VOT_FILIAL+VOT_CODFRO+DTOS(VOT_DATABA)+VOT_HORABA","Cod Frota + Dt Abastecim + Hr Abastecim","Cod Flota + Fc.Suministr + Hr Suministr","Fleet Code + Supply Dt. + Time Fuel","S","","","S"
"VOT","3","VOT_FILIAL+DTOS(VOT_DATABA)+VOT_HORABA+VOT_CODFRO","Dt Abastecim + Hr Abastecim + Cod Frota","Fc.Suministr + Hr Suministr + Cod Flota","Supply Dt. + Time Fuel + Fleet Code","S","","","S"
"VOU","1","VOU_FILIAL+VOU_NUMINT+VOU_CHASSI","Nro Interno + Chassi","Nro. Interno + Chasis","Internal No. + Chassis","S","","","S"
"VOU","2","VOU_FILIAL+VOU_CHASSI","Chassi","Chasis","Chassis","S","","","S"
"VOV","1","VOV_FILIAL+VOV_GRUITE+VOV_TIPTEM","Grupo Item + Tipo Tempo","Grupo Item + Tipo Tiempo","Item Group + Time Type","S","","","S"
"VOV","2","VOV_FILIAL+VOV_TIPTEM+VOV_GRUITE","Tipo Tempo + Grupo Item","Tipo Tiempo + Grupo Item","Time Type + Item Group","S","","","S"
"VOW","1","VOW_FILIAL+VOW_CODPRO+VOW_TIPTEM","Consultor + Tipo Tempo","Consultor + Tipo Tiempo","Consultant + Time Type","S","","","S"
"VOW","2","VOW_FILIAL+VOW_TIPTEM+VOW_CODPRO","Tipo Tempo + Consultor","Tipo Tiempo + Consultor","Time Type + Consultant","S","","","S"
"VOX","1","VOX_FILIAL+VOX_TIPSER+VOX_TIPTEM","Tp Servico + Tp Tempo","Tp Servicio + Tp Tiempo","Service Type + Time Type","S","","","S"
"VOX","2","VOX_FILIAL+VOX_TIPTEM+VOX_TIPSER","Tp Tempo + Tp Servico","Tp Tiempo + Tp Servicio","Time Type + Service Type","S","","","S"
"VOY","1","VOY_FILIAL+VOY_FUNPRO+VOY_TIPALT+dtos(VOY_DATALT)","Cd Produtivo + Sal/Percent + Dt Alteracao","Matricula + Tipo Aumento + Fch Aumento","Registration + Increase Ty. + Increase Dt.","S","","","S"
"VOZ","1","VOZ_FILIAL+VOZ_NUMOSV+VOZ_TIPTEM+DTOS(VOZ_DATOCO)","Nro da OS + Tipo Tempo + Dt Ocorrenc","Nro. OS + Tipo Tiempo + Fc.Ocurrenc.","SO Number + Time Type + Occur. Date","S","","","S"
"VP1","1","VP1_FILIAL+VP1_CODGRU+VP1_NUMCOT+VP1_CODCLI+VP1_LOJA","Grupo + Nro da Cota + Cliente + Loja","Grupo + Nro. Cuota + Cliente + Tienda","Group + Quota Number + Customer + Unit","S","","","S"
"VP2","1","VP2_FILIAL+VP2_CODGRU+VP2_NUMCOT+VP2_CODCLI+VP2_LOJA+VP2_NUMPAR","Grupo + Nro Cota + Cliente + Loja + Parcela","Grupo + Nro. Cota + Cliente + Tienda + Cuota","Group + Quota Number + Customer + Unit + Installment","S","","","S"
"VP2","2","VP2_FILIAL+VP2_NUMBOL","Nro Boleto","NºBoleta","Ticket No.","S","","","S"
"VP3","1","VP3_FILIAL+VP3_CODGRU","Grupo","Grupo","Group","S","","","S"
"VP4","1","VP4_FILIAL+VP4_CODGRU+VP4_NUMCOT+VP4_CODCLI+VP4_LOJA+DTOS(VP4_DATLAN)","Grupo + Nro Cota + Cliente + Loja + Dt Lanc/Ant","Grupo + Nro. Cota + Cliente + Tienda + Fc Puja/Ant","Group + Quota Number + Customer + Unit + Dt Bid/Ant","S","","","S"
"VP5","1","VP5_FILIAL+VP5_CODGRU+VP5_NUMASS","Grupo + N.Assembleia","Grupo + Num Asamblea","Group + Meeting No.","S","","","S"
"VP6","1","VP6_FILIAL+VP6_CODBEM","Codigo Bem","Codigo Bien","Asset Code","S","","","S"
"VP6","2","VP6_FILIAL+VP6_DESBEM","Descricao","Descripcion","Description","S","","","S"
"VP7","1","VP7_FILIAL+VP7_CODBEM+DTOS(VP7_DATATU)","Bem + Dt Atualizac","Bien + Fc Actualiz.","Asset + Updating Dt","S","","","S"
"VP8","1","VP8_FILIAL+VP8_CODDOC","Cod Docto","Cod. Doc.","Document cod","S","","","S"
"VP9","1","VP9_FILIAL+VP9_CODGRU+VP9_NUMCOT","Cod Grupo + Numero Cota","Cod. Grupo + Nro. Cota","Group Code + Quota Number","S","","","S"
"VPA","1","VPA_FILIAL+VPA_CODGRU+VPA_NUMCOT+VPA_CODDOC","Cod Grupo + Numero Cota + Cod Docto","Cod. Grupo + Nro. Cota + Cod. Doc.","Group Code + Quota Number + Document Cod","S","","","S"
"VPB","1","VPB_FILIAL+VPB_CODGRU+VPB_NUMASS+VPB_NUMCOT","Codigo Grupo + Nro Assembl + Nro da Cota","Codigo Grupo + Nro.Asamblea + Nro. Cota","Group Code + Convent. Nr. + Quota Nr.","S","","","S"
"VS0","1","VS0_FILIAL+VS0_TIPASS+VS0_CODMOT","Tipo Assunto + Cod Motivo","Tipo Asunto + Cod Motivo","Subjct Type + Reason Code","S","","","S"
"VS1","1","VS1_FILIAL+VS1_NUMORC","Nro Orcam/o","Nr.Presupues","Budget No.","S","","","S"
"VS1","2","VS1_FILIAL+VS1_CHAINT+VS1_NUMORC","Chassi Inter + Nro Orcam/o","Chasis Inter + Nr.Presupues","Int.Chassis + Budget No.","S","","","S"
"VS1","3","VS1_FILIAL+VS1_NUMNFI+VS1_SERNFI","Nota Fiscal + Serie","Factura + Serie","Invoice + Series","S","","","S"
"VS1","4","VS1_FILIAL+VS1_CLIFAT+VS1_LOJA","Faturar Para + Loja","Factur. Para + Tienda","Invoice To + Unit","S","XXX+SA1","","S"
"VS1","5","VS1_FILIAL+VS1_TIPORC","Tp Orcamento","Tp Presupues","Budget Type","S","","","S"
"VS1","6","VS1_FILIAL+VS1_NUMOSV","Numero O Srv","Nro. Ord.Srv","SO Number","S","","","S"
"VS2","1","VS2_FILIAL+VS2_CODCLA","Cod Classif","Cod Clasif","Class. Code","S","","","S"
"VS3","1","VS3_FILIAL+VS3_NUMORC+VS3_SEQUEN","Nro Orcam/o + Sequencia","Nr Presupues + Secuencia","Budget No. + Sequence","S","","","S"
"VS3","2","VS3_FILIAL+VS3_NUMORC+VS3_GRUITE+VS3_CODITE","Nro Orcam/o + Grupo Item + Codigo Item","Nr Presupues + Grupo Item + Codigo Item","Budget No. + Item Group + Item Code","S","","","S"
"VS3","3","VS3_FILIAL+VS3_NUMORC","Nro Orcam/o","Nr Presupues","Budget No.","S","","","S"
"VS4","1","VS4_FILIAL+VS4_NUMORC+VS4_SEQUEN","Nro Orcam/o + Sequencia","NrPresupuest + Secuencia","Budget No. + Sequence","S","","","S"
"VS4","2","VS4_FILIAL+VS4_NUMORC+VS4_CODSER","Nro Orcam/o + Cod Servico","NrPresupuest + Cod Servicio","Budget No. + Serv.Code","S","","","S"
"VS4","3","VS4_FILIAL+VS4_NUMORC","Nro Orcam/o","NrPresupuest","Budget No.","S","","","S"
"VS5","1","VS5_FILIAL+VS5_CODMAP","Cod do Mapa","Cod del Mapa","Map Code","S","","","S"
"VS6","1","VS6_FILIAL+VS6_NUMIDE","Nro Identif.","Nro. Identif","Ident. No.","S","","","S"
"VS7","1","VS7_FILIAL+VS7_NUMIDE+VS7_SEQUEN+VS7_TIPAUT","Nro Identif. + Sequencia + Tipo Autoriz","Nro.Identif. + Secuencia + Tipo Autoriz","Ident. No. + Sequence + Auth. Type","S","","","S"
"VS8","1","VS8_FILIAL+VS8_CODPRO+DTOS(VS8_DATA)+VS8_HORA","Codigo Prod + Data Inicial + Hora","Codigo Prod + Fch.Inicial + Hora","Prod. Code + Initial Date + Time","S","","","S"
"VS9","1","VS9_FILIAL+VS9_NUMIDE+VS9_TIPOPE+VS9_TIPPAG+VS9_SEQUEN","Nro Identif. + Tipo Operac + Tipo Pagto + Sequencia","NºIdentif. + Tipo Operac + Tipo Pago + Secuencia","Ident. No. + Operat. Type + Payment Type + Sequence","S","","","S"
"VSA","1","VSA_FILIAL+VSA_TIPPAG","Tipo Pagto","Tipo Pago","Payment Type","S","","","S"
"VSB","1","VSB_FILIAL+VSB_TIPPAG+VSB_SEQUCP","Tipo Pagto + Sequencia","Tipo Pago + Secuencia","Payment Type + Sequence","S","","","S"
"VSC","1","VSC_FILIAL+VSC_NUMOSV+VSC_TIPTEM+VSC_CODSER","Nro Ord Srvc + Tpo de Tempo + Cod Servico","Num Ord Srvc + Tpo de Tiemp + Cod Servicio","SO Number + Time Type + Serv. Code","S","","","S"
"VSC","2","VSC_FILIAL+VSC_CODSER+DTOS(VSC_DATVEN)","Cod Servico + Dt da Venda","Cod Servicio + Fc.de Venta","Serv. Code + Sale Date","S","","","S"
"VSC","3","VSC_FILIAL+VSC_TIPSER+VSC_CODSER+DTOS(VSC_DATVEN)","Tipo Servico + Cod Servico + Dt da Venda","Tipo Servic. + Cod Servicio + Fc.de Venta","Serv. Type + Serv. Code + Sale Date","S","","","S"
"VSC","4","VSC_FILIAL+DTOS(VSC_DATVEN)+VSC_TIPSER+VSC_CODSER","Dt da Venda + Tipo Servico + Cod Servico","Fc.de Venta + Tipo Servic. + Cod Servicio","Sale Date + Serv. Type + Serv. Code","S","","","S"
"VSC","5","VSC_FILIAL+DTOS(VSC_DATVEN)+VSC_CODSER","Dt da Venda + Cod Servico","Fc.de Venta + Cod Servicio","Sale Date + Serv. Code","S","","","S"
"VSC","6","VSC_FILIAL+VSC_NUMNFI+VSC_SERNFI","Nro NFiscal + Serie NFisc","Num. Factura + Serie Fact.","Invoice Nr. + Invoice Ser.","S","","","S"
"VSD","1","VSD_FILIAL+VSD_NUMCAM+VSD_TIPPEN+VSD_GRUITE+VSD_CODITE","Nro Campanha + Tp Pendencia + Grupo Item + Codigo Item","Nro.Campana + Tp Pendiente + Grupo Item + Codigo Item","Campaign No. + Holdover Tp. + Item Group + Item Code","S","","","S"
"VSE","1","VSE_FILIAL+VSE_NUMIDE+VSE_TIPOPE+VSE_TIPPAG+VSE_SEQUEN","Nro Identif. + Tipo Operac + Tipo Pagto + Sequencia","Num.Identif. + Tipo Operac + Tipo Pago + Secuencia","ID Number + Oper. Type + Payment Type + Sequence","S","","","S"
"VSE","2","VSE_FILIAL+VSE_NUMORC","Orcamento","Presupuesto","Budget","S","","","S"
"VSF","1","VSF_FILIAL","Filial","Sucursal","Branch","S","","","S"
"VSG","1","VSG_FILIAL+VSG_NOSNUM+VSG_TIPCOM+VSG_CODVEN","Nosso Nro Rq + Tip Comissao + Cod Vendedor","Nuestro NrRq + Tip Comision + Cod Vendedor","Our Req. No. + Incides Labo + S.Rep.Code","S","","","S"
"VSH","1","VSH_FILIAL+DTOS(VSH_DATCUS)","Dt Custo Adm","Fc Costo Adm","Man. Cost Dt","S","","","S"
"VSI","1","VSI_FILIAL+DTOS(VSI_DATENC)","Dt Encargos","Fc.Cargas","Charges Date","S","","","S"
"VSJ","1","VSJ_FILIAL+VSJ_NUMOSV+VSJ_GRUITE+VSJ_CODITE","Nro da OS + Grupo Item + Codigo Item","Num. OS + Grupo Item + Codigo Item","SO Number + Item Group + Item Code","S","","","S"
"VSJ","2","VSJ_FILIAL+VSJ_NUMORC+VSJ_GRUITE+VSJ_CODITE","Nro Orcam/o + Grupo Item + Codigo Item","Nr.Presupues + Grupo Item + Codigo Item","Budget No. + Item Group + Item Code","S","","","S"
"VSK","1","VSK_FILIAL+VSK_CODMAR+VSK_CODGRU","Marca + Cod Grupo","Marca + Cod Grupo","Brand + Group Code","S","","","S"
"VSL","1","VSL_FILIAL+VSL_CODMAR+VSL_CODGRU+VSL_CODINC","Marca + Cod do Grupo + Inconvenient","Marca + Cod.de Grupo + Inconvenient","Brand + Group Code + Inconvenient","S","","","S"
"VSL","2","VSL_FILIAL+VSL_CODINC","Inconvenient","Inconvenient","Inconvenient","S","","","S"
"VSM","1","VSM_FILIAL+VSM_NUMOSV+VSM_SEQUEN+VSM_CODGRU+VSM_CODINC","Nro da OS + Sequencia + Cod do Grupo + Inconvenient","Num. OS + Secuencia + Cod. grupo + Cod. Inconv.","SO Number + Sequence + Group Code + Inconv. Code","S","","","S"
"VSM","2","VSM_FILIAL+VSM_NUMOSV+VSM_CODGRU+VSM_CODINC","Nro da OS + Cod do Grupo + Inconvenient","Num. OS + Cod. grupo + Cod. Inconv.","SO Number + Group Code + Inconv. Code","S","","","S"
"VSN","1","VSN_FILIAL+VSN_CODCOR+VSN_PRISMA","Cor Prisma + Prisma","Color Prisma + Prisma","Prism Code + Prism","S","","","S"
"VSO","1","VSO_FILIAL+DTOS(VSO_DATAGE)+VSO_GETKEY","Dt Agenda/o + Chv Veiculo","Fecha marcad + Clav.Vehicul","Sched.Date + Vehicle Key","S","","","S"
"VSO","2","VSO_FILIAL+VSO_GETKEY+DTOS(VSO_DATAGE)","Chv Veiculo + Dt Agenda/o","Clav.Vehicul + Fecha marcad","Vehicle Key + Sched.Date","S","","","S"
"VSP","1","VSP_FILIAL+VSP_NUMIDE+VSP_CODGRU+VSP_CODINC","Num Identif + Cod do Grupo + Cod Inconven","Nro.Identif. + Cod. Grupo + Cod. nconv.","Ident. No. + Group Code + Inconv. Code","S","","","S"
"VSQ","1","VSQ_FILIAL+DTOS(VSQ_DATMAN)+VSQ_MOTIVO","Dt Manutenc + Motivo","Fecha Manten + Motivo","Maint.Date + Reason","S","VSQ","","S"
"VSQ","2","VSQ_FILIAL+VSQ_MOTIVO+DTOS(VSQ_DATMAN)","Motivo + Dt Manutenc","Motivo + Fecha Manten","Reason + Maint.Date","S","VSQ","","S"
"VSR","1","VSR_FILIAL+VSR_NUMOSV+VSR_CODGRU+VSR_ITEM+VSR_AVARIA","Numero OS + Grupo Gener. + Item + Avaria","Numero OS + Grupo Gener. + Item + Averia","Serv.Or.No. + Gener. Group + Item + Damage","S","","","S"
"VSY","1","VSY_FILIAL+VSY_NUMIDE+VSY_GRUITE+VSY_CODITE","Nro Identif. + Grupo + Cod Item","Nro. Identif + Grupo + Cod. Item","Ident. No. + Group + Item Code","S","","","S"
"VSY","2","VSY_FILIAL+VSY_NUMOSV+VSY_GRUITE+VSY_CODITE","Nro Ord Srvc + Grupo + Cod Item","Nro.Ord Srvc + Grupo + Cod. Item","Ser.Or.No. + Group + Item Code","S","","","S"
"VSZ","1","VSZ_FILIAL+VSZ_NUMIDE+VSZ_CODSER+VSZ_NUMOSV","Nro Identif. + Cod Servico + Nro Ord Srvc","Nro.Identif + Cod Servicio + NumOrd Srvc","Ident. No. + Service Code + Ser.Or.No.","S","","","S"
"VSZ","2","VSZ_FILIAL+VSZ_NUMOSV+VSZ_CODSER+VSZ_NUMIDE","Nro Ord Srvc + Cod Servico + Nro Identif.","NumOrd Srvc + Cod Servicio + Nro.Identif","Ser.Or.No. + Service Code + Ident. No.","S","","","S"
"VV0","1","VV0_FILIAL+VV0_NUMTRA","Transacao","Transaccion","Transaction","S","","","S"
"VV0","2","VV0_FILIAL+VV0_OPEMOV+DTOS(VV0_DATMOV)","Operacao + Data Movto","Operacion + Fc.Movto","Operation + Transac. Dt.","S","","","S"
"VV0","3","VV0_FILIAL+VV0_CODCLI+VV0_LOJA+DTOS(VV0_DATMOV)","Cliente + Loja + Data Movto","Cliente + Tienda + Fc.Movto","Customer + Unit + Transac. Dt.","S","","","S"
"VV0","4","VV0_FILIAL+VV0_NUMNFI+VV0_SERNFI","Nro NFiscal + Serie NF","Num. Factura + Serie Fact.","Invoice Nr. + Invoice Ser.","S","","","S"
"VV0","5","VV0_FILIAL+VV0_DEVTRA","T. Dev.Saida","Transac Dev.","Ret.tr.-out.","S","","","S"
"VV1","1","VV1_FILIAL+VV1_CHAINT","Chassi Int","Chasis Int","Int Chassis","S","","","S"
"VV1","2","VV1_FILIAL+VV1_CHASSI","Chassi","Chasis","Chassis","S","","","S"
"VV1","3","VV1_FILIAL+VV1_CODMAR+VV1_MODVEI+VV1_CHAINT","Marca + Mod Veiculo + Chassi Int","Marca + Mod Vehiculo + Chasis Int","Brand + Vehic.Model + Int Chassis","S","","","S"
"VV1","4","VV1_FILIAL+VV1_SITVEI+VV1_CODMAR+VV1_MODVEI+VV1_CORVEI","Situacao + Marca + Mod Veiculo + Cor","Situacion + Marca + Mod Vehiculo + Color","Status + Brand + Vehic.Model + Color","S","","","S"
"VV1","5","VV1_FILIAL+VV1_PROATU+VV1_LJPATU+VV1_CODFRO","Propr. Atual + Loja + Codigo Frota","Prop.Actual + Tienda + Codigo Flota","Current Own. + Unit + Fleet Code","S","","","S"
"VV1","6","VV1_FILIAL+VV1_CODFRO+VV1_PROATU+VV1_LJPATU","Codigo Frota + Propr. Atual + Loja","Codigo Flota + Prop.Actual + Tienda","Fleet Code + Current Own. + Unit","S","","","S"
"VV1","7","VV1_FILIAL+VV1_TRACPA","Transac. Cpa","Transac. Cpa","Purch Trans.","S","","","S"
"VV1","8","VV1_FILIAL+VV1_NUMTRA","Transac. Vda","Transac. Vta","Sale Trans.","S","","","S"
"VV1","9","VV1_FILIAL+VV1_PLAVEI","Nro Placa","Matricula","Numberplate","S","","","S"
"VV2","1","VV2_FILIAL+VV2_CODMAR+VV2_MODVEI+VV2_SEGMOD","Marca + Mod Veiculo + Segmento","Marca + Mod Vehiculo + Segmento","Brand + Vehicle Mod. + Segment","S","","","S"
"VV2","2","VV2_FILIAL+VV2_CODMAR+VV2_SEGMOD","Marca + Segmento","Marca + Segmento","Brand + Segment","S","","","S"
"VV2","3","VV2_FILIAL+VV2_CODMAR+VV2_GRUMOD","Marca + Grupo Modelo","Marca + Grupo Modelo","Brand + Model Group","S","","","S"
"VV2","4","VV2_FILIAL+VV2_MODVEI","Mod Veiculo","Mod Vehiculo","Vehicle Mod.","S","","","S"
"VV3","1","VV3_FILIAL+VV3_TIPVEN","Tipo de Vda","Tipo de Vta","Life Type","S","","","S"
"VV3","2","VV3_FILIAL+VV3_DESCRI","Descricao","Descripcion","Description","S","","","S"
"VV4","1","VV4_FILIAL+VV4_EMPCON","Cod Consorc","Cod Adm.Cons","Consort.Code","S","","","S"
"VV4","2","VV4_FILIAL+VV4_DESCRI","Emp Consorc","Emp Adm.Cons","Consort.Comp","S","","","S"
"VV5","1","VV5_FILIAL+VV5_TIPOPE+VV5_CODIGO","Tp Operacao + Codigo","Tp Operacion + Codigo","Operat. Type + Code","S","","","S"
"VV5","2","VV5_FILIAL+VV5_DESCRI","Descricao","Descripcion","Description","S","","","S"
"VV6","1","VV6_FILIAL+VV6_CHAINT+VV6_GRUITE+VV6_CODITE","Chassi Int + Grupo Item + Aces/Opcion","Chasis Int + Grupo Item + Acces/Opcion","Int.Chassis + Item GRoup + Acc./Opt.","S","","","S"
"VV7","1","VV7_FILIAL+VV7_CARROC","Carroceria","Carroceria","Car Body","S","","","S"
"VV7","2","VV7_FILIAL+VV7_DESCRI","Descricao","Descripcion","Description","S","","","S"
"VV8","1","VV8_FILIAL+VV8_TIPVEI","Tipo Veiculo","Tipo Vehicul","Vehicle Type","S","","","S"
"VV8","2","VV8_FILIAL+VV8_DESCRI","Descricao","Descripcion","Description","S","","","S"
"VV9","1","VV9_FILIAL+VV9_CODCLI+VV9_LOJA+VV9_NOMVIS+DTOS(VV9_DATVIS)","Cod Cliente + Loja + Visitante + Data Visita","Cod Cliente + Tienda + Visitante + Fch. Visita","Cust.Code + Unit + Visitor + Date Visit","S","","","S"
"VV9","2","VV9_FILIAL+DTOS(VV9_DATVIS)","Data Visita","Fch. Visita","Date Visit","S","","","S"
"VVA","1","VVA_FILIAL+VVA_NUMTRA+VVA_CHASSI","Transacao + Chassi","Transaccion + Chasis","Transaction + Chassis","S","","","S"
"VVA","2","VVA_FILIAL+VVA_CHASSI+VVA_NUMTRA","Chassi + Transacao","Chasis + Transaccion","Chassis + Transaction","S","","","S"
"VVA","3","VVA_FILIAL+VVA_CHAINT","Chassi Int","Chasis Int","Int.Chassis","S","","","S"
"VVB","1","VVB_FILIAL+VVB_CATVEI","Categoria","Categoria","Category","S","","","S"
"VVB","2","VVB_FILIAL+VVB_DESCRI","Descricao","Descripcion","Description","S","","","S"
"VVC","1","VVC_FILIAL+VVC_CODMAR+VVC_CORVEI","Marca + Codigo Cor","Marca + Codigo Color","Brand + Color Code","S","","","S"
"VVC","2","VVC_FILIAL+VVC_CODMAR+VVC_DESCRI","Marca + Descricao","Marca + Descripcion","Brand + Description","S","","","S"
"VVD","1","VVD_FILIAL+VVD_TRACPA+VVD_CHAINT+VVD_TIPOPE+VVD_CODIGO+DTOS(VVD_DATADR)","Nro Transac + Chassi Int + Tp Operacao + Cod Rec/Desp + Data","Nro.Transac. + Chasis Int + Tp Operacion + Cod Ing/Gast + Fecha","Transac. No. + Int.Chassis + Operat. Type + Rev/Exp Code + Date","S","","","S"
"VVD","2","VVD_FILIAL+VVD_CHAINT+VVD_TRACPA","Chassi Int + Nro Transac","Chasis Int + Nro.Transac.","Int.Chassis + Transac. No.","S","","","S"
"VVD","3","VVD_FILIAL+DTOS(VVD_DATADR)+VVD_CHAINT","Data + Chassi Int","Fecha + Chasis Int","Date + Int.Chassis","S","","","S"
"VVD","4","VVD_FILIAL+VVD_CODFOR+VVD_LOJA+VVD_SERNFI+VVD_NUMNFI","Fornecedor + Loja + Serie NF + Nro NFiscal","Proveedor + Tienda + Serie Fact. + Num.Factura","Supplier + Unit + Inv.Series + Invoice Nr.","S","","","S"
"VVE","1","VVE_FILIAL+VVE_ESPVEI","Cod Especie","Cod Especie","Class Code","S","","","S"
"VVE","2","VVE_FILIAL+VVE_DESCRI","Descricao","Descripcion","Description","S","","","S"
"VVF","1","VVF_FILIAL+VVF_TRACPA","Transacao","Transaccion","Transaction","S","","","S"
"VVF","2","VVF_FILIAL+VVF_OPEMOV+DTOS(VVF_DATMOV)","Operac Movto + Data Movto","Operac Movto + Fecha Movto","Trans.Opert. + Movem.Date","S","","","S"
"VVF","3","VVF_FILIAL+VVF_CODFOR+VVF_LOJA+DTOS(VVF_DATMOV)","Fornecedor + Loja + Data Movto","Proveedor + Tienda + Fecha Movto","Supplier + Unit + Movem.Date","S","","","S"
"VVF","4","VVF_FILIAL+VVF_CODFOR+VVF_LOJA+VVF_NUMNFI+VVF_SERNFI","Fornecedor + Loja + Nro NFiscal + Serie NF","Proveedor + Tienda + Num. Factura + Serie Fact.","Supplier + Unit + Invoice Nr. + Inv. Series","S","","","S"
"VVF","5","VVF_FILIAL+VVF_NUMTRA","NF de Saida","Fact.Salida","Outf.Invoice","S","","","S"
"VVF","6","VVF_FILIAL+VVF_NUMNFI+VVF_SERNFI","Nro NFiscal + Serie NF","Num. Factura + Serie Fact.","Invoice Nr. + Inv. Series","S","","","S"
"VVG","1","VVG_FILIAL+VVG_TRACPA+VVG_CHAINT","Transacao + Chassi Int","Transaccion + Chasis Int","Transaction + Inter.Chassi","S","","","S"
"VVG","2","VVG_FILIAL+VVG_CHAINT+VVG_TRACPA","Chassi Int + Transacao","Chasis Int + Transaccion","Inter.Chassi + Transaction","S","","","S"
"VVH","1","VVH_FILIAL+VVH_CODIND","Cod Indice","Cod Indice","Index Code","S","","","S"
"VVI","1","VVI_FILIAL+VVI_CODIND+DTOS(VVI_DATIND)","Cod Indice + Data Indice","Cod Indice + Fecha Indice","Index Code + Index Date","S","","","S"
"VVJ","1","VVJ_FILIAL+VVJ_EMPCON+DTOS(VVJ_DATVIG)","Cod Consorc + Dt Ini Vig %","Cod Adm.Cons + FchIni Vig%","Consort.Code + Val.In.Date","S","","","S"
"VVK","1","VVK_FILIAL+VVK_CODMAR+VVK_CODCON","Marca + Cod Concess.","Marca + Cod Conces.","Brand + Car Del.Code","S","","","S"
"VVL","1","VVL_FILIAL+VVL_CODMAR+VVL_MODVEI+VVL_SEGMOD+DTOS(VVL_DATGAR)","Marca + Mod Veiculo + Segmento + Dt Garantia","Marca + Mod Vehiculo + Segmento + Fch.Garantia","Brand + Vehic. Model + Segment + Warranty Dt.","S","","","S"
"VVM","1","VVM_FILIAL+VVM_CODMAR+VVM_MODVEI+VVM_SEGMOD+VVM_CODOPC","Marca + Mod Veiculo + Segmento + Cod Opcional","Marca + Mod Vehiculo + Segmento + Cod.Opcional","Brand + Vehic. Model + Segment + Operat. Code","S","","","S"
"VVN","1","VVN_FILIAL+VVN_TPGREX+VVN_CODMAR+VVN_CODGAR","Tp Gar Exten + Marca + Cod Garantia","Tp.gar.exten + Marca + Cod. garant.","Ext.war.Type + Brand + Warr.Code","S","","","S"
"VVO","1","VVO_FILIAL+VVO_CODMAR+VVO_MODVEI+VVO_SEGMOD+DTOS(VVO_DATBON)","Marca + Mod Veiculo + Segmento + Dt Bonus","Marca + Mod Vehiculo + Segmento + Fc.Bonos","Brand + Vehic. Model + Segment + Bonus Date","S","","","S"
"VVP","1","VVP_FILIAL+VVP_CODMAR+VVP_MODVEI+VVP_SEGMOD+DTOS(VVP_DATPRC)","Marca + Mod Veiculo + Segmento + Dt Apl Preco","Marca + Mod Vehiculo + Segmento + Fc Apl Prec.","Brand + Vehic. Model + Segment + Price Ap.Dt.","S","","","S"
"VVQ","1","VVQ_FILIAL+VVQ_DESCRI","Descricao","Descripcion","Description","S","","","S"
"VVQ","2","VVQ_FILIAL+VVQ_GRUCOR","Grupo da Cor","Grupo Color","Color Group","S","","","S"
"VVR","1","VVR_FILIAL+VVR_CODMAR+VVR_DESCRI","Marca + Descricao","Marca + Descripcion","Brand + Description","S","","","S"
"VVR","2","VVR_FILIAL+VVR_CODMAR+VVR_GRUMOD","Marca + Grupo Modelo","Marca + Grupo Modelo","Brand + Model Group","S","","","S"
"VVS","1","VVS_FILIAL+VVS_CHAINT","Chassi Inter","Chasis Inter","Int.Chassis","S","","","S"
"VVT","1","VVT_FILIAL+VVT_CHAINT+VVT_GRUITE+VVT_CODITE","Chassi Int + Grupo Item + Produto","Chasis Int + Grupo Item + Producto","Int.Chassis + Item GRoup + Product","S","","","S"
"VVT","2","VVT_FILIAL+VVT_NUMTRA+VVT_GRUITE+VVT_CODITE","Trans Saida + Grupo Item + Produto","Trans Salida + Grupo Item + Producto","Outfl.Trans. + Item GRoup + Product","S","","","S"
"VVU","1","VVU_FILIAL+VVU_CODIGO","Codigo","Codigo","Code","S","","","S"
"VVV","1","VVV_FILIAL+VVV_CODIGO+VVV_ORDEM","Codigo + Ordem","Codigo + Orden","Code + Order","S","","","S"
"VVW","1","VVW_FILIAL+VVW_CODMAR+VVW_CODOPC","Marca + Cod Opcional","Marca + Cod.Opcional","Brand + Operat. Code","S","","","S"
"VVX","1","VVX_FILIAL+VVX_CODMAR+VVX_SEGMOD","Marca + Codigo Segto","Marca + Codigo Segto","Brand + Segm.Code","S","","","S"
"VVY","1","VVY_FILIAL+VVY_CODMAR+VVY_CODOPC+VVY_SEQUEN","Marca + Cod Opcional + Sequencia","Marca + Cod.Opcional + Secuencia","Trademark + Opt.Code + Sequence","S","","","S"
"VVZ","1","VVZ_FILIAL+VVZ_CHAINT+VVZ_SEQUEN","Chassi Int + Sequencia","Chasis Int + Secuencia","Int.Chassis + Sequence","S","","","S"
"VZ1","1","VZ1_FILIAL+VZ1_NUMOSV+VZ1_TIPTEM+VZ1_PECSER+VZ1_GRUITE+VZ1_CODITE","Num. da OS + Tipo Tempo + Peca/Servico + Grupo Item + Codigo Item","Num. da OS + Tipo Tiempo + Rep./Servico + Grupo Item + Codigo Item","SO Number + Time Type + Part/Service + Item Group + Item Code","S","","","S"
"VZ1","2","VZ1_FILIAL+VZ1_NUMOSV+VZ1_TIPTEM+VZ1_PECSER+VZ1_GRUSER+VZ1_CODSER","Num. da OS + Tipo Tempo + Peca/Servico + Grupo Servic + Cod Servico","Num. da OS + Tipo Tiempo + Rep./Servico + Grupo Servic + Cod Servicio","SO Number + Time Type + Part/Service + Serv. Group + Service Code","S","","","S"
"VZ2","1","VZ2_FILIAL+VZ2_CODMAR+VZ2_CODIGO","Cod. Marca + Cod. Layout","Cod. Marca + Cod. Layout","Brand Cod. + Layout Cod.","S","","","S"
"VZ3","1","VZ3_FILIAL+VZ3_CODMAR+VZ3_CODIGO+VZ3_SEQDIG","Cod. Marca + Cod. Layout + Seq. Digit.","Cod. Marca + Cod. Layout + Sec. Digit.","Brand Cod. + Layout Cod. + Inp. Order","S","","","S"
"VZ3","2","VZ3_FILIAL+VZ3_CODMAR+VZ3_CODIGO+VZ3_GRUCTA+VZ3_CODCTA","Cod. Marca + Cod. Layout + Grupo Conta + Cod. Conta","Cod. Marca + Cod. Layout + Grupo Cuenta + Cod. Cuenta","Brand Cod. + Layout Cod. + Group Acct. + Acct. Cod","S","","","S"
"VZ3","3","VZ3_FILIAL+VZ3_CODMAR+VZ3_CODIGO+VZ3_CODCTA","Cod. Marca + Cod. Layout + Cod. Conta","Cod. Marca + Cod. Layout + Cod. Cuenta","Brand Cod. + Layout Cod. + Acct. Cod","S","","","S"
"VZ4","1","VZ4_FILIAL+VZ4_CODMAR+VZ4_CODIGO+VZ4_ANOREF+VZ4_MESREF+VZ4_GRUCTA+VZ4_CODCTA","Cod. Marca + Cod. Layout + Ano Ref. + Mes Ref. + Grupo Conta + Cod. Co","Cod. Marca + Cod. Layout + Ano Ref. + Mes Ref. + Grupo Cuenta + Cod. C","Brand Cod. + Layout Cod. + Ref. Year + Ref. Month + Acct. Group + Acct","S","","","S"
"VZ4","2","VZ4_FILIAL+VZ4_CODMAR+VZ4_CODIGO+VZ4_GRUCTA+VZ4_CODCTA+VZ4_ANOREF+VZ4_MESREF","Cod. Marca + Cod. Layout + Grupo Conta + Cod. Conta + Ano Ref. + Mes R","Cod. Marca + Cod. Layout + Grupo Cuenta + Cod. Cuenta + Ano Ref. + Mes","Brand Cod. + Layout Cod. + Acct. Group + Acct. Code + Ref. Year + Ref.","S","","","S"
"WF1","1","WF1_FILIAL+WF1_COD","Codigo","Codigo","Code","S","","","S"
"WF2","1","WF2_FILIAL+WF2_PROC+WF2_STATUS","Cod Processo + Cod Status","Cod Proceso + Cod Estatus","Process Code + Status Code","S","","","S"
"WF3","1","WF3_FILIAL+WF3_ID+WF3_STATUS","ID + Cod Status","ID + Cod Estatus","ID + Status Code","S","","","S"
"WF3","2","WF3_FILIAL+WF3_PROC+WF3_ID+WF3_STATUS","Cod Processo + ID + Cod Status","Cod Proceso + ID + Cod Estatus","Process Code + ID + Status Code","S","","","S"
"WF3","3","WF3_FILIAL+WF3_PROC+WF3_STATUS","Cod Processo + Cod Status","Cod Proceso + Cod Estatus","Process Code + Status Code","S","","","S"
"WF3","4","WF3_FILIAL+WF3_ID+DTOS(WF3_DATA)+WF3_HORA","ID + Data + Hora","ID + Fecha + Hora","ID + Date + Time","S","","","S"
"WF3","5","WF3_FILIAL+DTOS(WF3_DATA)+WF3_HORA+WF3_ID","Data + Hora + ID","Fecha + Hora + ID","Date + Time + ID","S","","","S"
"WF3","6","WF3_FILIAL+WF3_STATUS+WF3_PROC","Cod Status + Cod Processo","Cod Estatus + Cod Proceso","Status Code + Process Code","S","","","S"
"WF4","1","WF4_FILIAL+WF4_DE","Do Email","De Email","From E-Mail","S","","","S"
"WF6","1","WF6_FILIAL+WF6_PROPRI+WF6_GRUPO+WF6_STATUS+WF6_PRIORI+DTOS(WF6_DATA)+WF6_HORA","Proprietario + Grupo + Status + Prioridade + Data + Hora","Propietario + Grupo + Estatus + Prioridad + Fecha + Hora","Owner + Group + Status + Priority + Date + Time","S","","","S"
"WF6","2","WF6_FILIAL+WF6_PROPRI+WF6_STATUS","Proprietario + Status","Propietario + Estatus","Owner + Status","S","","","S"
"WF6","3","WF6_FILIAL+WF6_STATUS+WF6_IDENT1","Status + Gerador","Estatus + Generador","Status + Generator","S","","","S"
"WF6","4","WF6_FILIAL+WF6_PROPRI+WF6_FLAG+WF6_STATUS","Proprietario + Flag + Status","Propietario + Flag + Estatus","Owner + Flag + Status","S","","","S"
"WF6","5","WF6_FILIAL+WF6_PROPRI+WF6_IDENT2","Proprietario + Receptor","Propietario + Receptor","Owner + Receiver","S","","","S"
"WF7","1","WF7_FILIAL + WF7_PASTA","Cx Correio","Cj Correo","Mailbox","S","Filial + Conta de e-mail","","S"
"WFA","1","WFA_FILIAL+WFA_TIPO","Tipo","Tipo","Type","S","","","S"
"WFA","2","WFA_FILIAL+WFA_IDENT","Identific.","Identific.","ID","S","","","S"
"WFA","3","WFA_FILIAL+WFA_USRSIG+WFA_TIPO+WFA_IDENT","Usuario + Tipo + Identific.","Usuario + Tipo + Identific.","User + Type + ID","S","","","S"
"WFA","4","WFA_FILIAL+WFA_TIPO+WFA_IDENT","Tipo + Identific.","Tipo + Identific.","Type + ID","S","","","S"
"WFC","1","WFC_FILIAL+WFC_PROCES+WFC_SHAPE","Cod Processo + Shape","Cod Proceso + Shape","Proc.Code + Shape","S","","","S"
"WFC","2","WFC_FILIAL+WFC_PROCES+WFC_NOME","Cod Processo + Nome","Cod Proceso + Nombre","Proc.Code + Name","S","","","S"
"WFD","1","WFD_FILIAL+WFD_PROCES+WFD_PROCID+WFD_SHAPE","Cod Processo + ID do Proces + Shape","Cod Proceso + ID de Proces + Shape","Proc.Code + Proc.ID. + Shape","S","","","S"
"ZA1","1","ZA1_FILIAL + ZA1_COD","INDICE_1","INDICE_1","INDICE_1","U","","INDICE_1",""
"ZA1","2","ZA1_FILIAL + ZA1_CLIENT + ZA1_LOJA","INDICE_2","INDICE_2","INDICE_2","U","","INDICE_2",""
"SZ1","1","Z1_FILIAL+Z1_CODIGO","codigo","codigo","codigo","U","","",""
"SZ2","1","Z2_FILIAL+Z2_CONTAT","contato","contato","contato","U","","",""
"ZZ1","1","ZZ1_FILIAL+ZZ1_CODIGO","Codigo","Codigo","Codigo","U","","",""
"ZZ1","2","ZZ1_FILIAL+ZZ1_FORNEC+ZZ1_LOJAFO","Por Fornecedor","Por Fornecedor","Por Fornecedor","U","","",""
"ZZ1","3","ZZ1_FILIAL+DTOS(ZZ1_VALCER)","Por Validade Certificado","Por Validade Certificado","Por Validade Certificado","U","","",""
"ZZ2","1","ZZ2_FILIAL+ZZ2_CONFOR+DTOS(ZZ2_DATA)+ZZ2_HORA","Controle + Data","Controle + Data","Controle + Data","U","","",""
"ZZ2","2","ZZ2_FILIAL+ZZ2_FORNEC+ZZ2_LOJAFO+DTOS(ZZ2_DATA)","Fornecedor + Data","Fornecedor + Data","Fornecedor + Data","U","","",""
"ZZ2","3","ZZ2_FILIAL+DTOS(ZZ2_DATA)","Por Data","Por Data","Por Data","U","","",""
