"X2_CHAVE","X2_PATH","X2_ARQUIVO","X2_NOME","X2_NOMESPA","X2_NOMEENG","X2_ROTINA","X2_MODO","X2_DELET","X2_TTS","X2_UNICO","X2_PYME"
"AA1","\DATA\","AA1990","CADASTRO DE TECNICOS","ARCHIVO DE TECNICOS","TECHNICIANS FILE","","C","0","","AA1_FILIAL+AA1_CODTEC","S"
"AA2","\DATA\","AA2990","HABILIDADES DO TECNICO","HABILIDADES DEL TECNICO","TECHNICIAN SKILLS","","C","0","","AA2_FILIAL+AA2_CODTEC+AA2_HABIL","S"
"AA3","\DATA\","AA3990","BASE INSTALADA","BASE INSTALADA","INSTALLED BASE","","C","0","","AA3_FILIAL+AA3_CODFAB+AA3_LOJAFA+AA3_CODPRO+AA3_NUMSER","S"
"AA4","\DATA\","AA4990","ACESSORIOS DA BASE INSTALADA","ACCESORIOS DE BASE INSTALADA","INSTALLED BASE ACCESSORIES","","C","0","","AA4_FILIAL+AA4_CODFAB+AA4_LOJAFA+AA4_PRODAC+AA4_NSERAC","S"
"AA5","\DATA\","AA5990","CADASTRO DE SERVICOS","ARCHIVO DE SERVICIOS","SERVICE FILE","","C","0","","AA5_FILIAL+AA5_CODSER","S"
"AA6","\DATA\","AA6990","KITS DE ATENDIMENTO","KIT DE ATENCION","SERVICE KITS","","C","0","","AA6_FILIAL+AA6_CODPRO+AA6_CODPRB+AA6_PRODUT","S"
"AA7","\DATA\","AA7990","PRODUTO X OCORRENCIA","PRODUCTO VS. OCURRENCIA","PRODUCT X OCCURRENCE","","C","0","","AA7_FILIAL+AA7_CODPRO+AA7_CODPRB+AA7_GRPATE","S"
"AA8","\DATA\","AA8990","PLANO DE MANUTENÃAO","PLAN DE MANTENIMIENTO","MAINTENANCE PLAN","","C","0","","AA8_FILIAL+AA8_PLANO","S"
"AA9","\DATA\","AA9990","ITENS DO PLANO DE MANUTENÃAO","ITEMES PLAN MANTENIMIENTO","MAINTENANCE PLAN ITEMS","","C","0","","AA9_FILIAL+AA9_PLANO+AA9_ITEM","S"
"AAA","\DATA\","AAA990","CADASTRO GRUPOS DE COBERTURA","ARCHIVO GRUPOS DE COBERTURA","COVERAGE GROUP FILE","","C","0","","AAA_FILIAL+AAA_CODGRP","S"
"AAB","\DATA\","AAB990","ITENS DO GRUPO DE COBERTURA","ITEMES DEL GRUPO DE COBERTURA","COVERAGE GROUP ITEMS","","C","0","","AAB_FILIAL+AAB_CODGRP+AAB_TIPO+AAB_GRUPO+AAB_CODPRO+AAB_CODSER","S"
"AAC","\DATA\","AAC990","HABILIDADES DA AMARRACAO","HABILIDADES DEL VINCULO","BINDING CHARACTERISTICS","","C","0","","AAC_FILIAL+AAC_CODPRO+AAC_CODPRB+AAC_GRPATE+AAC_HABIL","S"
"AAD","\DATA\","AAD990","INDICES","INDICES","INDEXES","","C","0","","AAD_FILIAL+AAD_CODIND","S"
"AAE","\DATA\","AAE990","INDICES - TAXAS","INDICES - TASAS","INDEXES - RATES","","C","0","","AAE_FILIAL+AAE_CODIND+AAE_DATA","S"
"AAF","\DATA\","AAF990","HISTORICOS","HISTORIALES","HISTORIES","","C","0","","","S"
"AAG","\DATA\","AAG990","CADASTRO DE OCORRENCIA","ARCHIVO DE OCURRENCIA","OCCURRENCE FILE","","C","0","","AAG_FILIAL+AAG_CODPRB","S"
"AAH","\DATA\","AAH990","CONTRATO DE MANUTENCAO","CONTRATO DE MANTENIMIENTO","MAINTENANCE CONTRACT","","C","0","","AAH_FILIAL+AAH_CONTRT","S"
"AAI","\DATA\","AAI990","CADASTRO DO FAQ","ARCHIVO DE FAQ","FREQUENTLY ASKED QUESTIONS FIL","","C","0","","AAI_FILIAL+AAI_CODFAQ+AAI_ITEM","S"
"AAJ","\DATA\","AAJ990","CONTRATO DE PREVENTIVA","CONTRATO DE PREVENTIVO","PREVENTIVE CONTRACT","","C","0","","AAJ_FILIAL+AAJ_CTAPRE","S"
"AAK","\DATA\","AAK990","CADASTRO OBSOLESCENCIA","ARCHIVO OBSOLETOS","OBSOLESCENCE FILE","","C","0","","AAK_FILIAL+AAK_CODFAB+AAK_LOJAFA+AAK_CODPRO","S"
"AAL","\DATA\","AAL990","ITENS EM OBSOLESCENCIA","ITEMES OBSOLETOS","OBSOLETE ITEMS","","C","0","","AAL_FILIAL+AAL_CODFAB+AAL_LOJAFA+AAL_CODPRO+AAL_NUMSER+AAL_CODCOM","S"
"AAM","\DATA\","AAM990","CONTRATO PRESTACAO DE SERVICO","CONTRATO PRESTACION SERVICIOS","SERVICE RENDERING CONTRACT","","C","0","","AAM_FILIAL+AAM_CONTRT","S"
"AAN","\DATA\","AAN990","ITENS PREST.SERVICO PARCERIA","ITEMES PREST.SERVICIO SOCIEDAD","SERVICE REND. ITEM-PARTNERSHIP","","C","0","","AAN_FILIAL+AAN_CONTRT+AAN_ITEM","S"
"AAO","\DATA\","AAO990","ITENS PREST.SERVICO WMS","ITEMES PREST. SERVICIO WMS","SERVICE REND. ITEM-WMS","","C","0","","AAO_FILIAL+AAO_CONTRT+AAO_ITEM","S"
"AAP","\DATA\","AAP990","GRUPO DE ATENDIMENTO","GRUPO DE ATENCION","SERVICE GROUP","","C","0","","AAP_FILIAL+AAP_GRPATE","S"
"AB1","\DATA\","AB1990","CHAMADO TECNICO","LLAMADO TECNICO","TECHNICAL CALL","","E","0","","AB1_FILIAL+AB1_NRCHAM","S"
"AB2","\DATA\","AB2990","ITENS DO CHAMADO TECNICO","ITEMES DEL LLAMADO TECNICO","TECHNICAL CALL ITEMS","","E","0","","AB2_FILIAL+AB2_NRCHAM+AB2_ITEM","S"
"AB3","\DATA\","AB3990","ORCAMENTO TECNICO","PRESUPUESTO TECNICO","TECHNICAL BUDGET","","E","0","","AB3_FILIAL+AB3_NUMORC","S"
"AB4","\DATA\","AB4990","ITENS DO ORCAMENTO TECNICO","ITEMES DEL PRESUPUESTO TECNICO","TECHNICAL BUDGET ITEMS","","E","0","","AB4_FILIAL+AB4_NUMORC+AB4_ITEM","S"
"AB5","\DATA\","AB5990","SUB-ITENS DO ORCAMENTO TECNICO","SUBITEMES DEL PRESUPUES.TECNIC","TECHNICAL BUDGET SUB ITEMS","","E","0","","AB5_FILIAL+AB5_NUMORC+AB5_ITEM+AB5_SUBITE","S"
"AB6","\DATA\","AB6990","ORDEM DE SERVICO","ORDEN DE SERVICIO","SERVICE ORDER","","E","0","","AB6_FILIAL+AB6_NUMOS","S"
"AB7","\DATA\","AB7990","ITENS DA ORDEM DE SERVICO","ITEMES DE LA ORDEN DE SERVICIO","SERVICE ORDER ITEMS","","E","0","","AB7_FILIAL+AB7_NUMOS+AB7_ITEM","S"
"AB8","\DATA\","AB8990","SUB-ITENS DA ORDEM DE SERVICO","SUBITEMES DE ORDEN DE SERVICIO","SERVICE ORDER SUB ITEMS","","E","0","","AB8_FILIAL+AB8_NUMOS+AB8_ITEM+AB8_SUBITE","S"
"AB9","\DATA\","AB9990","APONTAMENTO TECNICO","APUNTE TECNICO","TECHNICAL ANNOTATION","","E","0","","AB9_FILIAL+AB9_NUMOS+AB9_CODTEC+AB9_SEQ","S"
"ABA","\DATA\","ABA990","ITENS DE APONTAMENTO TECNICO","ITEMES DE APUNTE TECNICO","TECHNICAL ANNOTATION ITEMS","","E","0","","ABA_FILIAL+ABA_NUMOS+ABA_CODTEC+ABA_SEQ+ABA_ITEM","S"
"ABB","\DATA\","ABB990","AGENDA DE TECNICOS","AGENDA DE TECNICOS","TECHNICAL AGENDA","","E","0","","ABB_FILIAL+ABB_CODTEC+ABB_DTINI+ABB_HRINI+ABB_DTFIM+ABB_HRFIM","S"
"ABC","\DATA\","ABC990","DESPESAS DO APONTAMENTO TEC.","GASTOS DE APUNTE TEC.","TECHNICIAN NOTES EXPENSES","","E","0","","ABC_FILIAL+ABC_NUMOS+ABC_CODTEC+ABC_SEQ+ABC_ITEM","S"
"ABD","\DATA\","ABD990","PENDENCIAS DA BASE INSTALADA","PENDIENTES DE BASE INSTALADA","INSTALLED BASE PENDINGS","","E","0","","","S"
"ABE","\DATA\","ABE990","MOVIMENTOS DO PLANO DE MANUT.","MOVIMIENTOS DEL PLAN DE MANT.","MAINTENANCE PLAN TRANSACTIONS","","E","0","","ABE_FILIAL+ABE_CODFAB+ABE_LOJAFA+ABE_CODPRO+ABE_NUMSER+ABE_PLANO+ABE_ITEM+ABE_SEQUEN+ABE_DATA","S"
"ABF","\DATA\","ABF990","REPAIR CENTER","REPAIR CENTER","REPAIR CENTER","","E","0","","ABF_FILIAL+ABF_NUMOS+ABF_ITEMOS+ABF_SEQRC","S"
"ABG","\DATA\","ABG990","ITENS DO REPAIR CENTER","ITEMES DEL REPAIR CENTER","REPAIR CENTER ITEMS","","E","0","","ABG_FILIAL+ABG_NUMOS+ABG_ITEMOS+ABG_SEQRC+ABG_ITEM","S"
"ABH","\DATA\","ABH990","PROJETOS","PROYECTOS","PROJECTS","","E","0","","ABH_FILIAL+ABH_PROJET","S"
"ABI","\DATA\","ABI990","ETAPAS DO PROJETO","ETAPAS DEL PROYECTO","PROJECT PHASES","","E","0","","ABI_FILIAL+ABI_PROJET+ABI_ITEM","S"
"ABJ","\DATA\","ABJ990","TAREFAS DA ETAPA","TAREAS DE LA ETAPA","PHASE TASKS","","E","0","","ABJ_FILIAL+ABJ_PROJET+ABJ_ITEM+ABJ_SUBITE","S"
"ABK","\DATA\","ABK990","HELP DESK","HELP DESK","HELPDESK","","E","0","","ABK_FILIAL+ABK_NRCHAM+ABK_SEQ","S"
"ABL","\DATA\","ABL990","FILA DE HELP DESK","FILA DE HELP DESK","HELPDESK QUEUE","","E","0","","ABL_FILIAL+ABL_NRCHAM+ABL_SEQUEN","S"
"ABM","\DATA\","ABM990","HABILIDADES ADICIONAIS H.DESK","HABILIDADES ADICIONALES H.DESK","HELPDESK ADDIT. CHARACTERIST.","","E","0","","ABM_FILIAL+ABM_NRCHAM+ABM_HABIL","S"
"AC1","\DATA\","AC1990","PROCESSOS DE VENDA (PIPELINE)","PROCESOS DE VENTA (PIPELINE)","SALES PROCESSES (PIPELINE)","","C","0","","AC1_FILIAL+AC1_PROVEN","S"
"AC2","\DATA\","AC2990","ESTAGIOS DO PROCESSO DE VENDA","FASES DEL PROCESO DE VENTA","SALES PROCESS PHASES","","C","0","","AC2_FILIAL+AC2_PROVEN+AC2_STAGE","S"
"AC3","\DATA\","AC3990","CONCORRENTES","COMPETIDORES","COMPETITORS","","C","0","","AC3_FILIAL+AC3_CODCON","S"
"AC4","\DATA\","AC4990","PARCEIROS","SOCIOS","BUSINESS PARTNERS","","C","0","","AC4_FILIAL+AC4_PARTNE","S"
"AC5","\DATA\","AC5990","EVENTOS DO CONTATO/VISITA","EVENTOS DE CONTACTO/VISITA","CONTACT/VISIT EVENTS","","C","0","","AC5_FILIAL+AC5_EVENTO","S"
"AC6","\DATA\","AC6990","METAS VENDA/MARKETING","METAS VENTA/MARKETING","GOALS SALES/MARKETING","","C","0","","AC6_FILIAL+AC6_META","S"
"AC7","\DATA\","AC7990","CAMPANHAS X METAS","CAMPANAS VS. METAS","CAMPAIGNS X GOALS","","C","0","","AC7_FILIAL+AC7_META+AC7_CODCAM","S"
"AC8","\DATA\","AC8990","RELACAO DE CONTATOS X ENTIDADE","RELAC. CONTACTOS VS. ENTIDAD","CONTACTS X ENTITIES RELATION.","","C","0","","AC8_FILIAL+AC8_CODCON+AC8_ENTIDA+AC8_FILENT+AC8_CODENT","S"
"AC9","\DATA\","AC9990","RELACAO DE OBJETOS X ENTIDADE","RELAC. DE OBJETOS VS. ENTIDAD","OBJECTS X ENTITY RELATION.","","C","0","","AC9_FILIAL+AC9_CODOBJ+AC9_ENTIDA+AC9_FILENT+AC9_CODENT","S"
"ACA","\DATA\","ACA990","GRUPO DE REPRESENTANTES","GRUPO DE REPRESENTANTES","SALES REPRESENTATIVES GROUP","","C","0","","ACA_FILIAL+ACA_GRPREP","S"
"ACB","\DATA\","ACB990","BANCO DE CONHECIMENTOS","BASE DE CONOCIMIENTOS","KNOWLEDGE BASE","","C","0","","ACB_FILIAL+ACB_CODOBJ","S"
"ACC","\DATA\","ACC990","PALAVRAS CHAVE","PALABRAS CLAVE","KEY WORD","","C","0","","","S"
"ACD","\DATA\","ACD990","CADASTRO DE EVENTOS","REGISTRO DE EVENTOS","EVENTS FILE","","C","0","","ACD_FILIAL+ACD_CODIGO","S"
"ACE","\DATA\","ACE990","GRADE DE EVENTOS","CUADRICULA EVENTOS MARKETING","MARKETING EVENTS GRID","","C","0","","","S"
"ACF","\DATA\","ACF990","TELECOBRANCA","TELECOBRANZA","TELECOLLECTION","","E","0","","ACF_FILIAL+ACF_CODIGO","S"
"ACG","\DATA\","ACG990","ITENS DE TELECOBRANCA","ITEMES TELECOBRANZA","TELECOLLECTION ITEMS","","E","0","","ACG_FILIAL+ACG_CODIGO+ACG_PREFIX+ACG_TITULO+ACG_PARCEL+ACG_TIPO","S"
"ACH","\DATA\","ACH990","CADASTRO DE SUSPECTS","ARCHIVO DE SUSPECTS","SUSPECTS FILE","","C","0","","ACH_FILIAL+ACH_CODIGO","S"
"ACI","\DATA\","ACI990","CAMPANHAS EXECUTADAS","CAMPANAS EJECUTADAS","EXECUTED CAMPAIGNS","","C","0","","ACI_FILIAL+ACI_CODIGO","S"
"ACJ","\DATA\","ACJ990","CODIGOS DDI","CODIGOS DDI","(DDI)TELEPHONE AREA CODE","","C","0","","ACJ_FILIAL+ACJ_DDI","S"
"ACK","\DATA\","ACK990","CABECALHO DAS VERBAS DE VENDAS","ENCABEZ.DE RECURSOS DE VENTAS","SALES ALL. AMT. HEADER","","C","0","","ACK_FILIAL+ACK_CODVER","S"
"ACL","\DATA\","ACL990","ITENS DA VERBA DE VENDAS","ITEMES DE RECURSOS DE VENTAS","SALES ALL.AMT. ITEMS","","C","0","","ACL_FILIAL+ACL_CODVER+ACL_ITEM","S"
"ACM","\DATA\","ACM990","MOVIMENTACAO DE VERBA DE VENDA","MOVIMENTO DE RECURSOS DE VENTA","SALES ALLOC. AMOUNT TRANSACTIO","","E","0","","ACM_FILIAL+ACM_CODVER+ACM_NUMPED+ACM_ITEPED","S"
"ACN","\DATA\","ACN990","DESCONTOS DA REGRA DE NEGOCIO","DESCUENTO DE REGLA DE NEGOCIO","BUSINESS RULE DISCOUNTS","","C","0","","ACN_FILIAL+ACN_CODREG+ACN_ITEM","S"
"ACO","\DATA\","ACO990","REGRAS DE DESCONTO","REGLAS DE DESCUENTO","DISCOUNT RULES","","C","0","","ACO_FILIAL+ACO_CODREG","S"
"ACP","\DATA\","ACP990","ITENS DA REGRA DE DESCONTO","ITEMES DE REGLA DE DESCUENTO","DISCOUNT RULE ITEMS","","C","0","","ACP_FILIAL+ACP_CODREG+ACP_ITEM","S"
"ACQ","\DATA\","ACQ990","REGRAS DE BONIFICACAO","REGLAS DE BONIFICACION","BONUS RULES","","C","0","","ACQ_FILIAL+ACQ_CODREG","S"
"ACR","\DATA\","ACR990","ITENS DA REGRA DE BONIFICACAO","ITEMES DE REGLA BONIFICACION","BONUS RULE ITEMS","","C","0","","ACR_FILIAL+ACR_CODREG+ACR_ITEM","S"
"ACS","\DATA\","ACS990","REGRAS DE NEGOCIO","REGLAS DE NEGOCIO","BUSINESS RULES","","E","0","","ACS_FILIAL+ACS_CODREG","S"
"ACT","\DATA\","ACT990","ITENS DA REGRA DE NEGOCIO","ITEMES DE REGLA DE NEGOCIO","BUSINESS RULE ITEMS","","E","0","","ACT_FILIAL+ACT_CODREG+ACT_ITEM","S"
"ACU","\DATA\","ACU990","CATEGORIA DE PRODUTOS","CATEGORIA DE PRODUCTOS","PRODUCTS CATEGORY","","C","0","","ACU_FILIAL+ACU_COD","S"
"ACV","\DATA\","ACV990","GRUPOS POR CATEGORIA","GRUPOS POR CATEGORIA","GROUPS BY CATEGORY","","C","0","","ACV_FILIAL+ACV_CATEGO+ACV_GRUPO","S"
"ACW","\DATA\","ACW990","RESTRICOES DE ENTREGA/VISITAS","RESTRICC. DE ENTREGA/VISITAS","DELIVERY/INSP.RESTRICTION","","C","0","","ACW_FILIAL+ACW_NUMCTR","S"
"ACX","\DATA\","ACX990","ITENS DA REGRA DE NEGOCIO-PROD","ITEMES REGLA DE NEGOCIO-PROD","BUSINESS-PROD RULE ITEMS","","C","0","","ACX_FILIAL+ACX_CODREG+ACX_ITEM","S"
"ACY","\DATA\","ACY990","GRUPOS DE CLIENTES","GRUPOS DE CLIENTES","CUSTOMERS GROUP","","C","0","","ACY_FILIAL+ACY_GRPVEN","S"
"ACZ","\DATA\","ACZ990","REGRAS DO PROCESSO DE VENDA","REGLAS DEL PROCESO DE VENTA","SALES PROCESS RULES","","C","0","","ACZ_FILIAL+ACZ_PROVEN+ACZ_ITEM","S"
"AD1","\DATA\","AD1990","OPORTUNIDADES DE VENDA","OPORTUNIDADES DE VENTA","SALES OPPORTUNITIES","","E","0","","AD1_FILIAL+AD1_NROPOR","S"
"AD2","\DATA\","AD2990","TIME DE VENDAS","EQUIPO DE VENTAS","SALES TEAM","","E","0","","AD2_FILIAL+AD2_NROPOR+AD2_REVISA+AD2_VEND","S"
"AD3","\DATA\","AD3990","CONCORRENTES","COMPETIDORES","COMPETITORS","","E","0","","AD3_FILIAL+AD3_NROPOR+AD3_REVISA+AD3_CODCON","S"
"AD4","\DATA\","AD4990","PARCEIROS DE VENDA - PARTNER","SOCIOS DE VENTA - PARTNER","SALES BUS. PARTNERS - PARTNER","","E","0","","AD4_FILIAL+AD4_NROPOR+AD4_REVISA+AD4_PARTNE","S"
"AD5","\DATA\","AD5990","APONTAMENTO DO CONTATO/VISITA","APUNTE DE CONTACTO/VISITA","CONTACT/VISIT ANNOTATIONS","","E","0","","AD5_FILIAL+AD5_VEND+AD5_DATA+AD5_SEQUEN","S"
"AD6","\DATA\","AD6990","APONTAMENTO DOS CUSTOS","APUNTE DE LOS COSTOS","COSTS ANNOTATION","","E","0","","AD6_FILIAL+AD6_VEND+AD6_DATA+AD6_SEQUEN+AD6_ITEM","S"
"AD7","\DATA\","AD7990","AGENDA  (CRM)","AGENDA (CRM)","SCHEDULE (CRM)","","E","0","","","S"
"AD8","\DATA\","AD8990","TAREFAS (CRM)","TAREAS (CRM)","TASKS (CRM)","","E","0","","AD8_FILIAL+AD8_TAREFA","S"
"AD9","\DATA\","AD9990","CONTATOS DA OPORTUNIDADE","CONTACTOS DE LA OPORTUNIDAD","OPPORTUNITY CONTACTS","","E","0","","AD9_FILIAL+AD9_NROPOR+AD9_REVISA+AD9_CODCON","S"
"ADA","\DATA\","ADA990","CONTRATO DE PARCERIA ( VENDA )","CONTRATO DE SOCIEDAD (VENTA)","PARTNERSHIP CONTRACT (SALES)","","E","0","","ADA_FILIAL+ADA_NUMCTR","S"
"ADB","\DATA\","ADB990","ITENS DO CONTRATO DE PARCERIA","ITEMES DEL CONTRATO SOCIEDAD","PARTNERSHIP CONTRACT ITEMS","","E","0","","ADB_FILIAL+ADB_NUMCTR+ADB_ITEM","S"
"ADC","\DATA\","ADC990","HISTORICO DE OPORTUNIDADES","HISTORIAL DE OPORTUNIDADES","OPPORTUNITIES HISTORY","","E","0","","ADC_FILIAL+ADC_NROPOR+ADC_REVISA","S"
"ADD","\DATA\","ADD990","Transacöes financeiras","Operaciones financieras","Financial transactions","","E","0","","ADD_FILIAL+ADD_NUMSOL","S"
"AE1","\DATA\","AE1990","COMPOSICOES","COMPOSICIONES","COMPOSITIONS","","E","0","","AE1_FILIAL+AE1_COMPOS","S"
"AE2","\DATA\","AE2990","RECURSOS DA COMPOSICAO","RECURSOS DE LA COMPOSICION","COMPOSITION RESOURCES","","E","0","","AE2_FILIAL+AE2_COMPOS+AE2_ITEM","S"
"AE3","\DATA\","AE3990","DESPESAS DA COMPOSICAO","GASTOS DE LA COMPOSICION","COMPOSITION EXPENSES","","E","0","","AE3_FILIAL+AE3_COMPOS+AE3_ITEM","S"
"AE4","\DATA\","AE4990","SUB-COMPOSICOES","SUBCOMPOSICIONES","SUBCOMPOSITIONS","","E","0","","AE4_FILIAL+AE4_COMPOS+AE4_ITEM","S"
"AE5","\DATA\","AE5990","GRUPOS DE COMPOSICAO","GRUPOS DE COMPOSICION","COMPOSITION GROUPS","","E","0","","AE5_FILIAL+AE5_GRPCOM","S"
"AE7","\DATA\","AE7990","OCORRENCIAS","OCURRENCIAS","OCCURRENCES","","E","0","","AE7_FILIAL+AE7_CODIGO","S"
"AE8","\DATA\","AE8990","RECURSOS DE PROJETOS","RECURSOS DE PROYECTOS","PROJECTS RESOURCES","","E","0","","AE8_FILIAL+AE8_RECURS","S"
"AE9","\DATA\","AE9990","FASES DO ORCAMENTO","FASES DEL PRESUPUESTO","BUDGET PHASES","","E","0","","AE9_FILIAL+AE9_COD","S"
"AEA","\DATA\","AEA990","FASES DO PROJETO","FASES DEL PROYECTO","PROJECT PHASES","","E","0","","AEA_FILIAL+AEA_COD","S"
"AED","\DATA\","AED990","Equipes do Projeto","Equipos del Proyecto","Project Teams","","E","0","","AED_FILIAL+AED_EQUIP","S"
"AF1","\DATA\","AF1990","ORCAMENTOS","PRESUPUESTOS","BUDGETS","","E","0","","AF1_FILIAL+AF1_ORCAME","S"
"AF2","\DATA\","AF2990","TAREFAS DO ORCAMENTO","TAREAS DEL PRESUPUESTO","BUDGET TASKS","","E","0","","AF2_FILIAL+AF2_ORCAME+AF2_TAREFA","S"
"AF3","\DATA\","AF3990","RECURSOS DO ORCAMENTO","RECURSOS DEL PRESUPUESTO","BUDGET RESOURCES","","E","0","","AF3_FILIAL+AF3_ORCAME+AF3_TAREFA+AF3_ITEM","S"
"AF4","\DATA\","AF4990","DESPESAS DO ORCAMENTO","GASTOS DEL PRESUPUESTO","BUDGET EXPENSES","","E","0","","AF4_FILIAL+AF4_ORCAME+AF4_TAREFA+AF4_ITEM","S"
"AF5","\DATA\","AF5990","ESTRUTURA DO ORCAMENTO","ESTRUCTURA DEL PRESUPUESTO","BUDGET STRUCTURE","","E","0","","AF5_FILIAL+AF5_ORCAME+AF5_EDT","S"
"AF7","\DATA\","AF7990","RELAC.TAREFA-TAREFA  (ORC.)","LISTA TAREA-TAREA  (PRESUP.)","RELAC.TASK-TASK (BUDGET)","","E","0","","AF7_FILIAL+AF7_ORCAME+AF7_TAREFA+AF7_ITEM","N"
"AF8","\DATA\","AF8990","PROJETOS","PROYECTOS","PROJECTS","","E","0","","AF8_FILIAL+AF8_PROJET","S"
"AF9","\DATA\","AF9990","TAREFAS DO PROJETO","TAREAS DEL PROYECTO","PROJECT TASKS","","E","0","","AF9_FILIAL+AF9_PROJET+AF9_REVISA+AF9_TAREFA","S"
"AFA","\DATA\","AFA990","RECURSOS DO PROJETO","RECURSOS DEL PROYECTO","PROJECT RESOURCES","","E","0","","AFA_FILIAL+AFA_PROJET+AFA_REVISA+AFA_TAREFA+AFA_ITEM+AFA_PRODUT+AFA_RECURS","S"
"AFB","\DATA\","AFB990","DESPESAS DO PROJETO","GASTOS DEL PROYECTO","PROJECT EXPENSES","","E","0","","AFB_FILIAL+AFB_PROJET+AFB_REVISA+AFB_TAREFA+AFB_ITEM","S"
"AFC","\DATA\","AFC990","ESTRUTURA DO PROJETO","ESTRUCTURA DEL PROYECTO","PROJECT STRUCTURE","","E","0","","AFC_FILIAL+AFC_PROJET+AFC_REVISA+AFC_EDT","S"
"AFD","\DATA\","AFD990","RELACIONAMENTOS (PROJETO)","RELACIONES (PROYECTO)","RELATIONSHIPS (PROJECT)","","E","0","","AFD_FILIAL+AFD_PROJET+AFD_REVISA+AFD_TAREFA+AFD_ITEM","S"
"AFE","\DATA\","AFE990","CONTROLE DE REVISAO DO PROJ.","CONTROL DE REVISION PROYECTO","PROJECT REVISION CONTROL","","E","0","","AFE_FILIAL+AFE_PROJET+AFE_REVISA","S"
"AFF","\DATA\","AFF990","CONFIRMACOES","CONFIRMACIONES","CONFIRMATIONS","","E","0","","AFF_FILIAL+AFF_PROJET+AFF_REVISA+AFF_TAREFA+AFF_DATA","S"
"AFG","\DATA\","AFG990","PROJETO X SOLIC. DE COMPRAS","PROYECTO VS. SOLIC. DE COMPRAS","PROJECT X PURCHS. REQUISITION","","E","0","","AFG_FILIAL+AFG_PROJET+AFG_REVISA+AFG_TAREFA+AFG_NUMSC+AFG_ITEMSC","S"
"AFH","\DATA\","AFH990","PROJETO X SOLIC. AO ARMAZEM","PROYECTO VS. SOLIC.AL DEPOSITO","PROJECT X WAREHOUSE REQUISIT.","","E","0","","AFH_FILIAL+AFH_PROJET+AFH_REVISA+AFH_TAREFA+AFH_NUMSA+AFH_ITEMSA","S"
"AFI","\DATA\","AFI990","PROJETO X MOV. INTERNOS","PROYECTO VS  MOV. INTERNOS","PROJECT X INTERNAL MOVEM.","","E","0","","AFI_FILIAL+AFI_PROJET+AFI_REVISA+AFI_TAREFA+AFI_COD+AFI_LOCAL+AFI_EMISSA+AFI_NUMSEQ","S"
"AFJ","\DATA\","AFJ990","EMPENHOS DO PROJETO","RESERVAS DEL PROYECTO","PROJECT ALLOCATIONS","","E","0","","AFJ_FILIAL+AFJ_PROJET+AFJ_TAREFA+AFJ_TRT","S"
"AFK","\DATA\","AFK990","PLANEJAMENTOS DO PROJETO","PLANEAMIENTOS DE PROYECTO","PROJECT PLANNING","","E","0","","AFK_FILIAL+AFK_PLANEJ","S"
"AFL","\DATA\","AFL990","PROJETO X CONTRATO DE PARCERIA","PROYECTO VS. CONTRATO SOCIEDAD","PROJECT X PARTNERSHIP CONTRACT","","E","0","","AFL_FILIAL+AFL_PROJET+AFL_REVISA+AFL_TAREFA+AFL_NUMCP+AFL_ITEMCP","S"
"AFM","\DATA\","AFM990","PROJETO X ORDENS DE PRODUCAO","PROYECTO VS. ORD.DE PRODUCCION","PROJECT X PRODUCTION ORDERS","","E","0","","AFM_FILIAL+AFM_PROJET+AFM_REVISA+AFM_TAREFA+AFM_NUMOP+AFM_ITEMOP+AFM_SEQOP","S"
"AFN","\DATA\","AFN990","PROJETO X N.F. ENTRADA","PROYECTO VS. FACT. ENTRADA","PROJECT X INFLOW INVOICE","","E","0","","AFN_FILIAL+AFN_PROJET+AFN_REVISA+AFN_TAREFA+AFN_DOC+AFN_SERIE+AFN_FORNEC+AFN_LOJA+AFN_ITEM","S"
"AFO","\DATA\","AFO990","PROJETO X LIBERACOES CQ","PROYECTO vs LIBERACIONES CC","PROJECT X CQ RELEASES","","E","0","","AFO_FILIAL+AFO_PROJET+AFO_REVISA+AFO_TAREFA+AFO_NUMERO+AFO_SEQ","S"
"AFP","\DATA\","AFP990","EVENTOS DO PROJETO","EVENTOS DEL PROYECTO","PROJECT EVENTS","","E","0","","AFP_FILIAL+AFP_PROJET+AFP_REVISA+AFP_TAREFA+AFP_EDT+AFP_ITEM","S"
"AFQ","\DATA\","AFQ990","CONFIRMACOES (EDT)","CONFIRMAC.DE EJECUCIONES (EDT)","CONFIRMATIONS (EDT)","","E","0","","AFQ_FILIAL+AFQ_PROJET+AFQ_REVISA+AFQ_EDT+AFQ_DATA","S"
"AFR","\DATA\","AFR990","PROJETO X DESPESAS FINANCEIRAS","PROYECTO VS.GASTOS FINANCIEROS","PROJECT X FINANC. EXPENSES","","E","0","","AFR_FILIAL+AFR_PROJET+AFR_REVISA+AFR_TAREFA+AFR_PREFIX+AFR_NUM+AFR_PARCEL+AFR_TIPO+AFR_FORNEC+AFR_LOJA","S"
"AFS","\DATA\","AFS990","PROJETO X N.F. SAIDA","PROYECTO VS. FACTURA SALIDA","PROJECT X OUTFLOW INVOICE","","E","0","","AFS_FILIAL+AFS_PROJET+AFS_REVISA+AFS_TAREFA+AFS_COD+AFS_LOCAL+AFS_EMISSA+AFS_NUMSEQ","S"
"AFT","\DATA\","AFT990","PROJETO X RECEITAS FINANCEIRAS","PROYECTO VS. INGRESOS FINANC.","PROJECT X FINANC. REVENUES","","E","0","","AFT_FILIAL+AFT_PROJET+AFT_REVISA+AFT_TAREFA+AFT_PREFIX+AFT_NUM+AFT_PARCEL+AFT_TIPO+AFT_CLIENT+AFT_LOJA","S"
"AFU","\DATA\","AFU990","APONTAMENTO (RECURSOS)","APUNTE (RECURSOS)","ANNOTATION (RESOURCES)","","E","0","","AFU_FILIAL+AFU_CTRRVS+AFU_PROJET+AFU_REVISA+AFU_TAREFA+AFU_RECURS+AFU_DATA+AFU_HORAI+AFU_HORAF","S"
"AFV","\DATA\","AFV990","USUARIOS (TAREFA)","USUARIOS (TAREA)","USERS (TASK)","","E","0","","AFV_FILIAL+AFV_PROJET+AFV_REVISA+AFV_TAREFA+AFV_USER","S"
"AFX","\DATA\","AFX990","USUARIOS (EDT)","USUARIOS (EDT)","USERS (WBS)","","E","0","","AFX_FILIAL+AFX_PROJET+AFX_REVISA+AFX_EDT+AFX_USER","S"
"AFY","\DATA\","AFY990","EXCECOES AO CALENDARIO","EXCEPCIONES AL CALENDARIO","CALENDAR EXCEPTIONS","","E","0","","AFY_FILIAL+AFY_PROJET+AFY_RECURS+AFY_DATA","S"
"AFZ","\DATA\","AFZ990","CRONOGRAMA POR PERIODO","CALENDARIO POR PERIODO","CHRONOGRAM PER PERIOD","","E","0","","AFZ_FILIAL+AFZ_PROJET+AFZ_REVISA+AFZ_TAREFA+AFZ_DATA","S"
"AH1","\DATA\","AH1990","AMARR. DIREITOS x PROPRIETARIO","VINC. DERECHOS VS. PROPIETARIO","RIGHTS X OWNER","","E","0","","AH1_FILIAL+AH1_CONTRA","N"
"AH2","\DATA\","AH2990","REGRAS AMARR. DIREITOS x PROP.","REGLAS VINC. DERECHOS VS PROP.","RIGHTS RULES X OWNER","","E","0","","AH2_FILIAL+AH2_CONTRA+AH2_ITEM","N"
"AH3","\DATA\","AH3990","MOVIMENTACAO DE ADIANTAMENTO","MOVIMIENTO DE ANTICIPO","ADVANCE TRANSACTIONS","","E","0","","","N"
"AH4","\DATA\","AH4990","APURACAO DE DIREITO AUTORAL","CALCULO DE DERECHO DE AUTOR","COPYRIGHT CALCULATION","","E","0","","","N"
"AH5","\DATA\","AH5990","ITENS DA APURACAO DO D.A.","ITEMES DE CALCULO DEL D.A.","D.A. CALCULATION ITEMS","","E","0","","","N"
"AH6","\DATA\","AH6990","VIGENCIAS DO D.A","VIGENCIA DEL D.A","D.A VALIDITY","","E","0","","","N"
"AH7","\DATA\","AH7990","QTDES ACUMULADAS POR MES","CANTIDADES ACUMULADAS POR MES","ACCRUED QUANTITY PER MONTH","","E","0","","","N"
"AH8","\DATA\","AH8990","CADASTRO DO PRODUTO MASTER","ARCHIVO DE PRODUCTO PRINCIPAL","MASTER PRODUCT FILE","","E","0","","AH8_FILIAL+AH8_PRODUT","N"
"AH9","\DATA\","AH9990","CADASTRO DE LICITACAO","ARCHIVO DE LICITACION","BIDDING FILE","","E","0","","AH9_FILIAL+AH9_CODLIC","N"
"AHA","\DATA\","AHA990","ADIANTAMENTO AO AUTOR","ANTICIPO AL AUTOR","ADVANCE TO THE AUTHOR","","E","0","","","N"
"AHB","\DATA\","AHB990","OBRA X EDICOES","OBRA VS EDICIONES","WORK X EDITIONS","","E","0","","AHB_FILIAL+AHB_PRODUT+AHB_EDICAO","N"
"AHC","\DATA\","AHC990","CADASTRO DE REGRAS PADROES","REGISTRO DE REGLAS ESTANDARES","STANDARD RULES FILE","","E","0","","AHC_FILIAL+AHC_REGRA","N"
"AHD","\SYSTEM\","AHD990","ITENS DAS REGRAS PADROES","ITEMES DE REGLAS ESTANDARES","STANDARD RULES ITEMS","","E","0","","AHD_FILIAL+AHD_REGRA+AHD_ITEM","N"
"AHE","\DATA\","AHE990","QUANTIDADES ACUMULADAS","CANTIDADES ACUMULADAS","ACCURED QUANTITIES","","E","0","","","N"
"AHF","\DATA\","AHF990","ADIANTAMENTOS","ANTICIPOS","ADVANCES","","E","0","","","N"
"AI1","\DATA\","AI1990","REGRAS/BONIFICACAO FINANCEIRA","REGLAS/BONIFICACION FINANCIERA","RULES/FINANCIAL ALLOWANCE","","C","0","","AI1_FILIAL+AI1_CODBNF","S"
"AI2","\DATA\","AI2990","ITENS / BONIFICACAO FINANCEIRA","ITEMES / BONIFICAC. FINANCIERA","ITEMS / FINANCIAL ALLOWANCE","","C","0","","AI2_FILIAL+AI2_CODBNF+AI2_ITEM","S"
"AI3","\DATA\","AI3990","USUARIOS DO PORTAL","USUARIOS DEL PORTAL","PORTAL USERS","","E","0","","AI3_FILIAL+AI3_CODUSU","N"
"AI4","\DATA\","AI4990","Usuarios do Portal x Cliente","Usuarios del Portal vs.Cliente","Portal Users X Customer","","E","0","","AI4_FILIAL+AI4_CODUSU+AI4_CODCLI+AI4_LOJCLI","N"
"AI5","\DATA\","AI5990","FORNECEDORES","PROVEEDORES","SUPPLIERS","","E","0","","AI5_FILIAL+AI5_CODUSU+AI5_CODFOR+AI5_LOJFOR","N"
"AI6","\DATA\","AI6990","DIREITOS","DERECHOS","RIGHTS","","E","0","","AI6_FILIAL+AI6_CODUSU+AI6_WEBSRV","N"
"AI7","\DATA\","AI7990","WEB SERVICE","WEB SERVICE","WEB SERVICE","","C","0","","AI7_FILIAL+AI7_WEBSRV","N"
"AI8","\DATA\","AI8990","MENUS DO PORTAL","MENUS DEL PORTAL","PORTAL MENUS","","C","0","","AI8_FILIAL+AI8_PORTAL+AI8_CODMNU","N"
"AI9","\DATA\","AI9990","Portais do Sistema","Portales del Sistema","System Portals","","C","0","","AI9_FILIAL+AI9_PORTAL","N"
"AIA","\DATA\","AIA990","Tabela de Precos Fornecedor","Tabla de Precios Proveedor","Supplier Price List","","E","0","","AIA_FILIAL+AIA_CODFOR+AIA_LOJFOR+AIA_CODTAB","S"
"AIB","\DATA\","AIB990","Itens da tabela de Preco","Itemes de Tabla de Precios","Price List Items","","E","0","","AIB_FILIAL+AIB_CODFOR+AIB_LOJFOR+AIB_CODTAB+AIB_ITEM","S"
"AIC","\DATA\","AIC990","Tolerancia na Entrada Material","Tolerancia en Entrada Material","Tol.while material inflow","","C","0","","AIC_FILIAL+AIC_CODIGO","S"
"AJ1","\DATA\","AJ1990","RELAC.TAREFA-EDT (ORCAMENTOS)","LISTA TAREA-EDT (PRESUPUESTOS)","RELAT.TASK-WBS (BUDGETS)","","E","0","","AJ1_FILIAL+AJ1_ORCAME+AJ1_TAREFA+AJ1_ITEM","N"
"AJ2","\DATA\","AJ2990","RELAC. EDT-TAREFA ( ORC. )","LISTA EDT - TAREA ( PRESUP.)","RELAT.WBS-TASK (BUDGET)","","E","0","","AJ2_FILIAL+AJ2_ORCAME+AJ2_EDT+AJ2_ITEM","N"
"AJ3","\DATA\","AJ3990","RELAC. EDT-EDT ( ORC. )","LISTA EDT - EDT (PRESUP.)","RELAT.WBS-WBS (BUDGET)","","E","0","","AJ3_FILIAL+AJ3_ORCAME+AJ3_EDT+AJ3_ITEM","N"
"AJ4","\DATA\","AJ4990","Relac. Tarefa - EDT (Projeto)","Lista Tarea - EDT (Proyecto)","Relat. Task - WBS (Project)","","E","0","","AJ4_FILIAL+AJ4_PROJET+AJ4_REVISA+AJ4_TAREFA+AJ4_ITEM","N"
"AJ5","\DATA\","AJ5990","Relac. EDT - Tarefa (Projeto)","Lista EDT - Tarea (Proyecto)","Relat. WBS - Task (Project)","","E","0","","AJ5_FILIAL+AJ5_PROJET+AJ5_REVISA+AJ5_EDT+AJ5_ITEM","N"
"AJ6","\DATA\","AJ6990","Relac. EDT - EDT (Projeto)","Lista EDT - EDT (Proyecto)","Relat. WBS - WBS (Project)","","E","0","","AJ6_FILIAL+AJ6_PROJET+AJ6_REVISA+AJ6_EDT+AJ6_ITEM","S"
"AJ7","\DATA\","AJ7990","PROJETO x PEDIDO DE COMPRA","PROYECTO VS. PEDIDO DE COMPRA","PROJECT X PURCHASE ORDER","","E","0","","AJ7_FILIAL+AJ7_PROJET+AJ7_REVISA+AJ7_TAREFA+AJ7_NUMPC+AJ7_ITEMPC","S"
"AJ8","\DATA\","AJ8990","CONS.GERENCIAL PROJ.","CONS. GERENCIAL PROY.","PROJ. MANAGERIAL CON.","","E","0","","AJ8_FILIAL+AJ8_CODPLA+AJ8_CONTAG","S"
"AJ9","\DATA\","AJ9990","CONFIRMACOES X AUT. ENTREGA","CONFIRMACIONES vs. AUT.ENTREGA","CONFIRMATIONS X DELIVERY AUTH.","","E","0","","AJ9_FILIAL+AJ9_PROJET+AJ9_REVISA+AJ9_TAREFA+AJ9_DATA+AJ9_NUMAE+AJ9_ITEMAE","S"
"AJA","\DATA\","AJA990","CONFIRMACOES X LIB. PED.VENDAS","CONFIRM. vs. LIB. PED. VENTAS","CONFIRMATIONS X SALES ORD. REL","","E","0","","AJA_FILIAL+AJA_PROJET+AJA_REVISA+AJA_EDT+AJA_TAREFA+AJA_ITEM+AJA_NUMPV+AJA_ITEMPV+AJA_SEQUEN+AJA_PRODUT","S"
"AJB","\DATA\","AJB990","Simulacoes de Projetos","Simulaciones de Proyectos","Projects Simulation","","E","0","","AJB_FILIAL+AJB_PROJET+AJB_REVISA","S"
"AJC","\DATA\","AJC990","APONTAMENTO DIRETO","APUNTAMIENTO DIRECTO","DIRECT REGISTRATION","","E","0","","AJC_FILIAL+AJC_CTRRVS+AJC_PROJET+AJC_REVISA+AJC_TAREFA+AJC_DATA","N"
"AJD","\DATA\","AJD990","AMARRACAO DOC X PROJETOS","VINCULO DOC. vs. PROYECTOS","DOCUMENT X PROJECTS","","E","0","","AJD_FILIAL+AJD_PROJET+AJD_REVISA+AJD_EDT+AJD_FILDOC+AJD_DOCTO","S"
"AJE","\DATA\","AJE990","Projetos x Mov.Bancaria","Proyectos vs. Mov. Bancarios","Projects x Bank Transaction","","E","0","","AJE_FILIAL+AJE_ID","S"
"AK1","\DATA\","AK1990","Planilhas orcamentarias","Planillas presupuestarias","Budgetary worksheets","","E","0","","AK1_FILIAL+AK1_CODIGO+AK1_VERSAO","N"
"AK2","\DATA\","AK2990","Itens do Orcamento","Items del Presupuesto","Budget items","","E","0","","AK2_FILIAL+AK2_ORCAME+AK2_VERSAO+AK2_CO+AK2_PERIOD+AK2_ID","N"
"AK3","\DATA\","AK3990","Estrutura do Orcamento","Estructura del Presupuesto","Budgetary structure","","E","0","","AK3_FILIAL+AK3_ORCAME+AK3_VERSAO+AK3_PAI+AK3_CO","N"
"AK5","\DATA\","AK5990","Contas Orcamentarias","Cuentas Presupuestarias","Budgetary accounts","","E","0","","AK5_FILIAL+AK5_CODIGO","N"
"AK6","\DATA\","AK6990","Classes Orcamentarias","Clases Presupuestarias","Budgetary classes","","E","0","","AK6_FILIAL+AK6_CODIGO","N"
"AK8","\DATA\","AK8990","Processos de sistema","Procesos de sistema","System processes","","C","0","","AK8_FILIAL+AK8_CODIGO","N"
"AK9","\DATA\","AK9990","Estrutura de Processos","Estructura de Procesos","Processes structure","","E","0","","AK9_FILIAL+AK9_PAI+AK9_PROCES","N"
"AKA","\DATA\","AKA990","Pontos de Bloqueio","Puntos de Bloqueo","Locking points","","E","0","","AKA_FILIAL+AKA_PROCES+AKA_ITEM","S"
"AKB","\DATA\","AKB990","Pontos de Lancamento","Puntos de Registro","Entry points","","E","0","","AKB_FILIAL+AKB_PROCES+AKB_ITEM","N"
"AKC","\DATA\","AKC990","Configuracao de Lancamentos","Configuracion de Registros","Entry configuration","","E","0","","AKC_FILIAL+AKC_PROCES+AKC_ITEM+AKC_SEQ","N"
"AKD","\DATA\","AKD990","Lancamentos (Realizado)","Registros (Realizado)","Entries (accomplished)","","E","0","","AKD_FILIAL+AKD_CO+AKD_DATA+AKD_LOTE+AKD_ID","N"
"AKE","\DATA\","AKE990","Revisoes da plan.orcamentaria","Revisiones de la plan.presup.","Review of budgetary worksheet","","E","0","","AKE_FILIAL+AKE_ORCAME+AKE_REVISA","S"
"AKF","\DATA\","AKF990","Operacoes Orcamentarias","Operaciones Presupuestarias","Budgetary operations","","E","0","","AKF_FILIAL+AKF_CODIGO","S"
"AKG","\DATA\","AKG990","Usuarios da Planilha Orcam.","Usuarios da Planilla de Presup","Budget Worksheet users","","E","0","","AKG_FILIAL+AKG_ORCAME+AKG_CO+AKG_USER","S"
"AKH","\DATA\","AKH990","Configuracao dos Bloqueios","Configuracion de Bloqueos","Block setup","","E","0","","AKH_FILIAL+AKH_PROCES+AKH_ITEM+AKH_SEQ","S"
"AKI","\DATA\","AKI990","Config. Lancamentos Bloqueio","Config. Registros Bloqueo","Lock Entries configuration","","E","0","","AKI_FILIAL+AKI_PROCES+AKI_ITEM+AKI_SEQ","S"
"AKJ","\DATA\","AKJ990","Tipos de Bloqueio","Tipos de Bloqueo","Locking types","","E","0","","AKJ_FILIAL+AKJ_COD","S"
"AKK","\DATA\","AKK990","TOTAIS DA PLANILHA","TOTALES DE LA PLANILLA","WORKSHEET TOTALS","","E","0","","AKK_FILIAL+AKK_COD","S"
"AKL","\DATA\","AKL990","Cab.Config.Visao Gerencial PCO","Cab.Config.Vision Gestion PCO","Cab.Config.Manag. Vision PCO","","E","0","","AKL_FILIAL+AKL_CONFIG","S"
"AKM","\DATA\","AKM990","Itm.Config.Visao Gerencial PCO","Itm.Config.Vision Gestion PCO","Itm.Config.Manag. Vision PCO","","E","0","","AKM_FILIAL+AKM_CONFIG+AKM_ITEM","S"
"AKN","\DATA\","AKN990","Visao Gerencial Orcamentaria","Vision Gestion Presupuestaria","Budgetary Managerial Vision","","E","0","","AKN_FILIAL+AKN_CODIGO","S"
"AKO","\DATA\","AKO990","Conta Gerencial Orcamentaria","Cuenta Gestion Presupuestaria","Budgetary Managerial Account","","E","0","","","S"
"AKP","\DATA\","AKP990","FILTRO CONTA GER.ORCAMENTARIA","FILTRO CTA. GEN.PRESUPUESTARIA","BUDGETARY MAN. ACCT. FILTER","","E","0","","AKP_FILIAL+AKP_CODIGO+AKP_CO+AKP_ITEM+AKP_CONFIG+AKP_ITECFG","S"
"AKQ","\DATA\","AKQ990","Totais Visao Gerencial","Totales Vision de Gestion","Managerial Vision Totals","","E","0","","AKQ_FILIAL+AKQ_COD","S"
"AKR","\DATA\","AKR990","Simulacoes Planilha Orcam.","Simulaciones Planilla Presup.","Budgetary Worksheet simulation","","E","0","","AKR_FILIAL+AKR_ORCAME+AKR_REVISA","S"
"AKS","\DATA\","AKS990","Saldos Mensais-Cubos Gereciais","Saldos Mens-Cubos de Gestion","Mth.Balances-Mang.Cubes","","E","0","","","S"
"AKT","\DATA\","AKT990","Mov. Diarios-Cubo Gerencial","Mov. Diarios-Cubo de Gestion","Daily Movements-Mang.Cube","","E","0","","AKT_FILIAL+AKT_CONFIG+AKT_CHAVE+DTOS(AKT_DATA)","S"
"AKV","\DATA\","AKV990","Controle Acesso Classe Valor","Control Acceso Clase Valor","Value class access control","","E","0","","AKV_FILIAL+AKV_USER","S"
"AKW","\DATA\","AKW990","Entidades do Cubo","Entes del Cubo","Cube Entities","","E","0","","AKW_FILIAL+AKW_COD+AKW_NIVEL","S"
"AKX","\DATA\","AKX990","Controle de Acesso por CC","Control de Acceso por CC","CC Access Control","","E","0","","AKX_FILIAL+AKX_USER","N"
"AKY","\DATA\","AKY990","Controle Acesso Item Contabil","Control Acceso Item Contable","Acctg. item access control","","E","0","","AKY_FILIAL+AKY_USER","S"
"AL1","\DATA\","AL1990","Cubos Gerenciais","Cubos de Gestion","Managerial Cubes","","E","0","","AL1_FILIAL+AL1_CONFIG","S"
"AL2","\DATA\","AL2990","Tipos de Saldos","Tipos de Saldos","Balance Types","","E","0","","AL2_FILIAL+AL2_TPSALD","S"
"AL3","\DATA\","AL3990","Configuracao do Cubo","Configuracion del Cubo","Cube Setup","","E","0","","AL3_FILIAL+AL3_CODIGO","S"
"AL4","\DATA\","AL4990","Configuracao de Cubos-Detalhes","Configuracion de Cubos-Detalle","Cube Setup-Details","","E","0","","AL4_FILIAL+AL4_CODIGO+AL4_CONFIG+AL4_NIVEL","S"
"CA1","\DATA\","CA1990","AGENDA DOS VENDEDORES","AGENDA DE LOS VENDEDORES","SALES REPRES. AGENDA","","C","0","","","S"
"CT1","\DATA\","CT1990","CADASTRO DE PLANO DE CONTAS","ARCHIVO PLAN DE CUENTAS","ACCOUNTS PLAN FILE","","C","0","","CT1_FILIAL+CT1_CONTA","S"
"CT2","\DATA\","CT2990","LANCAMENTOS CONTABEIS","ASIENTOS CONTABLES","ACCOUNTING ENTRIES","","E","0","","CT2_FILIAL+DTOS(CT2_DATA)+CT2_LOTE+CT2_SBLOTE+CT2_DOC+CT2_LINHA+CT2_EMPORI+CT2_FILORI+CT2_MOEDLC","S"
"CT3","\DATA\","CT3990","SALDOS CENTRO DE CUSTO","SALDOS CENTRO DE COSTO","COST CENTER BALANCES","","E","0","","CT3_FILIAL+DTOS(CT3_DATA)+CT3_CUSTO+CT3_CONTA+CT3_MOEDA+CT3_TPSALD+CT3_LP","S"
"CT4","\DATA\","CT4990","SALDOS ITEM CONTABIL","SALDOS ITEM CONTABLES","ACCOUNTING ITEM BALANCES","","E","0","","CT4_FILIAL+DTOS(CT4_DATA)+CT4_ITEM+CT4_CUSTO+CT4_CONTA+CT4_MOEDA+CT4_TPSALD+CT4_LP","S"
"CT5","\DATA\","CT5990","LANCAMENTO PADRAO","ASIENTO ESTANDAR","STANDARD ENTRY","","E","0","","CT5_FILIAL+CT5_LANPAD+CT5_SEQUEN","S"
"CT6","\DATA\","CT6990","TOTAIS DE LOTE","TOTALES DE LOTE","LOT TOTALS","","E","0","","CT6_FILIAL+DTOS(CT6_DATA)+CT6_LOTE+CT6_SBLOTE+CT6_MOEDA+CT6_TPSALD","S"
"CT7","\DATA\","CT7990","SALDOS PLANO DE CONTAS","SALDOS PLAN DE CUENTAS","ACCOUNTS PLAN BALANCE","","E","0","","CT7_FILIAL+DTOS(CT7_DATA)+CT7_CONTA+CT7_MOEDA+CT7_TPSALD+CT7_LP","S"
"CT8","\DATA\","CT8990","CADASTRO HISTORICO PADRAO","ARCHIVO HISTORIAL ESTANDAR","STANDARD HISTORY FILE","","E","0","","CT8_FILIAL+CT8_HIST+CT8_SEQUEN","S"
"CT9","\DATA\","CT9990","CADASTRO RATEIO ON LINE","ARCHIVO PRORRATEO ON LINE","ONLINE PRORATE FILE","","E","0","","CT9_FILIAL+CT9_RAT_ON+CT9_SEQUEN","S"
"CTA","\DATA\","CTA990","REGRAS DE AMARRACAO","REGLAS DE VINCULOS","BINDINGS RULES","","E","0","","CTA_FILIAL+CTA_REGRA","N"
"CTB","\DATA\","CTB990","CADASTRO ROTEIRO CONSOLIDACAO","ARCH.ITINERARIO CONSOLIDACION","CONSOLIDATION ROUTING FILE","","E","0","","CTB_FILIAL+CTB_CODIGO+CTB_ORDEM+CTB_LINHA","N"
"CTC","\DATA\","CTC990","SALDOS DO DOCUMENTO","SALDOS DEL DOCUMENTO","DOCUMENT BALANCES","","E","0","","CTC_FILIAL+DTOS(CTC_DATA)+CTC_LOTE+CTC_SBLOTE+CTC_DOC+CTC_MOEDA+CTC_TPSALD","S"
"CTD","\DATA\","CTD990","CADASTRO ITEM CONTABIL","ARCHIVO ITEM CONTABLE","ACCOUNTING ITEM FILE","","E","0","","CTD_FILIAL+CTD_ITEM","S"
"CTE","\DATA\","CTE990","AMARRACAO MOEDA X CALENDARIO","VINCULO MONEDA VS. CALENDARIO","CURRENCY X CALENDAR","","E","0","","CTE_FILIAL+CTE_MOEDA+CTE_CALEND","S"
"CTF","\DATA\","CTF990","NUMERACAO DE DOCUMENTO","NUMERACION DEL DOCUMENTO","DOCUMENT NUMERATION","","E","0","","CTF_FILIAL+DTOS(CTF_DATA)+CTF_LOTE+CTF_SBLOTE+CTF_DOC","S"
"CTG","\DATA\","CTG990","CALENDARIO CONTABIL","CALENDARIO CONTABLE","ACCOUNTING CALENDAR","","E","0","","CTG_FILIAL+CTG_CALEND+CTG_EXERC+CTG_PERIOD","S"
"CTH","\DATA\","CTH990","CADASTRO CLASSES DE VALOR","ARCHIVO CLASE DE VALORES","VALUE CLASSES FILE","","E","0","","CTH_FILIAL+CTH_CLVL","S"
"CTI","\DATA\","CTI990","SALDOS DA CLASSE DE VALORES","SALDOS DE CLASE DE VALORES","VALUE CLASSES BALANCES","","E","0","","CTI_FILIAL+DTOS(CTI_DATA)+CTI_CLVL+CTI_ITEM+CTI_CUSTO+CTI_CONTA+CTI_MOEDA+CTI_TPSALD+CTI_LP","S"
"CTJ","\DATA\","CTJ990","CRITERIOS DE RATEIO","CRITERIOS DE PRORRATEO","APPORTION CRITERIA","","E","0","","CTJ_FILIAL+CTJ_RATEIO+CTJ_SEQUEN","S"
"CTK","\DATA\","CTK990","ARQUIVO DE CONTRA-PROVA","ARCHIVO DE CONTRAPRUEBA","COUNTERPROOF FILE","","E","0","","","S"
"CTL","\DATA\","CTL990","CADASTRO DE RELACIONAMENTOS","ARCHIVO DE RELACIONES","RELATIONSHIPS FILE","","E","0","","CTL_FILIAL+CTL_LP","S"
"CTM","\DATA\","CTM990","SEGMENTOS ENTIDADES CONTABEIS","SEGMENTOS ENTIDADES CONTABLES","ACCOUNTING ENTITIES SEGMENTS","","E","0","","CTM_FILIAL+CTM_CODIGO+CTM_SEGMEN","S"
"CTN","\DATA\","CTN990","CADASTRO DE CONFIG. DE LIVROS","ARCHIVO DE CONFIG. DE LIBROS","BOOKS CONFIGURATION FILE","","E","0","","CTN_FILIAL+CTN_CODIGO","S"
"CTO","\DATA\","CTO990","CADASTRO MOEDAS CONTABEIS","ARCHIVO MONEDAS CONTABLES","ACCOUNTING CURRENCIES FILE","","E","0","","CTO_FILIAL+CTO_MOEDA","S"
"CTP","\DATA\","CTP990","CAMBIO","CAMBIO","EXCHANGE","","E","0","","CTP_FILIAL+DTOS(CTP_DATA)+CTP_MOEDA","S"
"CTQ","\DATA\","CTQ990","RATEIOS OFF-LINE","PRORRATEOS OFF LINE","OFFLINE APPORTIONS","","E","0","","CTQ_FILIAL+CTQ_RATEIO+CTQ_SEQUEN","S"
"CTR","\DATA\","CTR990","GRUPOS CONTABEIS","GRUPOS CONTABLES","ACCOUNTING GROUPS","","E","0","","CTR_FILIAL+CTR_GRUPO","S"
"CTS","\DATA\","CTS990","VISOES GERENCIAIS","VISIONES GERENCIALES","MANAGERIAL OVERVIEWS","","E","0","","CTS_FILIAL+CTS_CODPLA+CTS_ORDEM+CTS_LINHA","S"
"CTT","\DATA\","CTT990","CENTRO DE CUSTO","CENTRO DE COSTO","COST CENTERS","","E","0","","CTT_FILIAL+CTT_CUSTO","S"
"CTU","\DATA\","CTU990","SALDOS TOTAIS POR ENTIDADE","SALDOS TOTALES POR ENTIDAD","TOTAL BALANCES BY ENTITY","","E","0","","CTU_FILIAL+DTOS(CTU_DATA)+CTU_IDENT+CTU_CODIGO+CTU_MOEDA+CTU_TPSALD+CTU_LP","S"
"CTV","\DATA\","CTV990","SALDOS ITEM / C.CUSTO","SALDOS ITEM / C.COSTO","C.CENTER / ITEM BALANCES","","E","0","","CTV_FILIAL+DTOS(CTV_DATA)+CTV_CUSTO+CTV_ITEM+CTV_MOEDA+CTV_TPSALD+CTV_LP","S"
"CTW","\DATA\","CTW990","SALDOS CL. VALOR / C.CUSTO","SALDOS CL. VALOR / C.COSTO","VAL.CLASS BALANCES / C.CENTER","","E","0","","CTW_FILIAL+DTOS(CTW_DATA)+CTW_CUSTO+CTW_CLVL+CTW_MOEDA+CTW_TPSALD+CTW_LP","S"
"CTX","\DATA\","CTX990","SALDOS CL. VALOR / ITEM","SALDOS CL. VALOR / ITEM","VAL.CLASS BALANCES / ITEM","","E","0","","CTX_FILIAL+DTOS(CTX_DATA)+CTX_ITEM+CTX_CLVL+CTX_MOEDA+CTX_TPSALD+CTX_LP","S"
"CTY","\DATA\","CTY990","SALDOS C.CUSTO/ITEM/CL.VALOR","SALDOS C.COSTO/ITEM/CL. VALOR","C.CENTER BALANCES/ITEM/CL.VALU","","E","0","","CTY_FILIAL+DTOS(CTY_DATA)+CTY_CUSTO+CTY_ITEM+CTY_CLVL+CTY_MOEDA+CTY_TPSALD+CTY_LP","S"
"CTZ","\DATA\","CTZ990","LANCAM.LUC/PERD C/ CTA PONTE","ASIENT.GAN/PER C/CTA PUENTE","P/L ENT. W/ BRIDGE ACC.","","E","0","","CTZ_FILIAL+DTOS(CTZ_DATA)+CTZ_LOTE+CTZ_SBLOTE+CTZ_DOC+CTZ_TPSALD+CTZ_EMPORI+CTZ_FILORI+CTZ_MOEDLC+CTZ_LINHA+CTZ_SEQLIN","S"
"CV1","\DATA\","CV1990","ITENS DO ORCAMENTO","ITEMES DEL PRESUPUESTO","BUDGET ITEMS","","E","0","","CV1_FILIAL+CV1_ORCMTO+CV1_CALEND+CV1_MOEDA+CV1_REVISA+CV1_SEQUEN+CV1_PERIOD","S"
"CV2","\DATA\","CV2990","CABECALHO ORCAMENTOS","Encabezam. de Presupuestos","BUDGET HEADER","","E","0","","CV2_FILIAL+CV2_ORCMTO+CV2_CALEND+CV2_MOEDA+CV2_REVISA","S"
"CV3","\DATA\","CV3990","RASTREAMENTO LANCAMENTO","RASTREO ASIENTO","ENTRY TRACKABILITY","","E","0","","","S"
"CV4","\DATA\","CV4990","RATEIO CONTABILIZADO","PRORRATEO CONTABILIZADO","RECORDED APPORTIONMENT","","E","0","","","S"
"CV5","\DATA\","CV5990","CONFIGURACAO INTERCOMPANY","CONFIGURACION INTERCOMPANY","INTERCOMPANY CONFIGURATION","","C","0","","CV5_FILIAL+CV5_COD+CV5_EMPORI+CV5_FILORI+CV5_EMPDES+CV5_FILDES+CV5_CT1ORI+CV5_CT1FIM+CV5_CTTORI+CV5_CTTFIM+CV5_CTDORI+CV5_CTDFIM+CV5_CTHORI+CV5_CTHFIM","N"
"DA0","\DATA\","DA0990","TABELA DE PRECOS","TABLA DE PRECIOS","PRICE TABLE","","C","0","","DA0_FILIAL+DA0_CODTAB","S"
"DA1","\DATA\","DA1990","ITENS DA TABELA DE PRECOS","ITEMES DE LA TABLA DE PRECIOS","PRICE TABLE ITEMS","","C","0","","DA1_FILIAL+DA1_CODTAB+DA1_ITEM","S"
"DA2","\DATA\","DA2990","DE / PARA DE TES","DE / A TES","TIO FROM / TO","","E","0","","","S"
"DA3","\DATA\","DA3990","CADASTRO DE VEICULOS","ARCHIVO DE VEHICULOS","VEHICLES FILE","","E","0","","DA3_FILIAL+DA3_COD","S"
"DA4","\DATA\","DA4990","CADASTRO DE MOTORISTAS","ARCHIVO DE CONDUCTORES","DRIVERS FILE","","E","0","","DA4_FILIAL+DA4_COD","S"
"DA5","\DATA\","DA5990","CADASTRO DE ZONAS","ARCHIVO DE ZONAS","ZONES FILE","","E","0","","DA5_FILIAL+DA5_COD","S"
"DA6","\DATA\","DA6990","CADASTRO DE SETORES POR ZONA","ARCHIVO DE SECTORES POR ZONA","SECTORS PER ZONE FILE","","E","0","","DA6_FILIAL+DA6_PERCUR+DA6_ROTA","S"
"DA7","\DATA\","DA7990","CADASTRO DE CLIENTES POR SETOR","ARCHIVO DE CLIENTES POR SECTOR","CUSTOMERS PER SECTOR FILE","","E","0","","DA7_FILIAL+DA7_PERCUR+DA7_ROTA+DA7_SEQUEN+DA7_CLIENT+DA7_LOJA+DA7_CEPDE+DA7_CEPATE","S"
"DA8","\DATA\","DA8990","CADASTRO DE ROTAS","ARCHIVO DE RUTAS","ROUTES FILE","","E","0","","DA8_FILIAL+DA8_COD","S"
"DA9","\DATA\","DA9990","CADASTRO DE ZONAS POR ROTA","ARCHIVO DE ZONAS POR RUTA","ZONES PER ROUTE FILE","","E","0","","DA9_FILIAL+DA9_ROTEIR+DA9_SEQUEN+DA9_PERCUR+DA9_ROTA","S"
"DAA","\DATA\","DAA990","CABECALHO JANELA DE ENTREGA","ENCABEZAM.VENTANA DE ENTREGA","DELIVERY WINDOW HEADER","","E","0","","DAA_FILIAL+DAA_CODIGO","S"
"DAB","\DATA\","DAB990","ITENS DA JANELA DE ENTREGA","ITEMES DE VENTANA DE ENTREGA","DELIVERY WINDOW ITEMS","","E","0","","","S"
"DAC","\DATA\","DAC990","GRUPO DE VEICULOS","GRUPO DE VEHICULOS","VEHICLES GROUP","","E","0","","DAC_FILIAL+DAC_CODGRU","S"
"DAD","\DATA\","DAD990","CABECALHO DA REGRA DE ENTREGAS","ENCABEZAM.DE REGLA DE ENTREGAS","DELIVERY RULES HEADER","","E","0","","DAD_FILIAL+DAD_CODIGO","S"
"DAE","\DATA\","DAE990","ITENS DA REGRA DE ENTREGAS","ITEMES DE REGLA DE ENTREGAS","DELIVERY RULES ITEMS","","E","0","","DAE_FILIAL+DAE_CODIGO+DAE_GRUVEI+DAE_CODVEI+DAE_CODCAL+DAE_HRINI+DAE_HRFIM","S"
"DAF","\DATA\","DAF990","CABECALHO SERVICE TIME","ENCABEZAMIENTO SERVICE TIME","SERVICE TIME HEADER","","E","0","","DAF_FILIAL+DAF_CODIGO","S"
"DAG","\DATA\","DAG990","ITENS SERVICE TIME","ITEMES SERVICE TIME","SERVICE TIME ITEMS","","E","0","","DAG_FILIAL+DAG_CODIGO+DAG_ITEM","S"
"DAH","\DATA\","DAH990","APONTAMENTO DE ENTREGA","APUNTE DE ENTREGA","DELIVERY ANNOTATION","","E","0","","DAH_FILIAL+DAH_CODCAR+DAH_SEQCAR+DAH_SEQUEN","N"
"DAI","\DATA\","DAI990","ITENS DA CARGA","ITEMES DE LA CARGA","LOAD ITEMS","","E","0","","DAI_FILIAL+DAI_COD+DAI_SEQCAR+DAI_SEQUEN+DAI_PEDIDO+DAI_CLIENT+DAI_LOJA","S"
"DAK","\DATA\","DAK990","CARGAS","CARGAS","LOADS","","E","0","","DAK_FILIAL+DAK_COD+DAK_SEQCAR","S"
"DAL","\DATA\","DAL990","CALENDARIO DE ROTEIROS","CALENDARIO DE ITINERARIOS","STEP BY STEP CALENDAR","","E","0","","","S"
"DAM","\DATA\","DAM990","MOVIMENTACAO ACERTO FINANCEIRO","MOVIMIENT.AJUSTE FINANCIERO","FINANCIAL ADJUSTMENT TRANSACT.","","E","0","","","S"
"DAN","\DATA\","DAN990","AGENDA DE VEICULOS","AGENDA DE VEICULOS","VEHICLES AGENDA","","E","0","","DAN_FILIAL+DAN_CODVEI+DAN_CODCAR+DAN_SEQCAR","N"
"DAP","\DATA\","DAP990","ACERTO FINANCEIRO","AJUSTE FINANCIERO","FINANCIAL ADJUSTMENT","","E","0","","","S"
"DAQ","\DATA\","DAQ990","EMPREST E VENDA DE VASILHAMES","PRESTAMO Y VENTA DE ENVASES","BOTTLES SALES/LOANS","","E","0","","","S"
"DAR","\DATA\","DAR990","ENTIDADE X COORDENADA GEOPROC,","ENTIDAD vs. COORDENADA GEOPROC","ENTITY X GEOPROC CO-ORDINATED","","C","0","","DAR_FILIAL+DAR_FILENT+DAR_ENTIDA+DAR_CODENT+DAR_LATITU+DAR_LONGIT","N"
"DAU","\DATA\","DAU990","CADASTRO DE AJUDANTES","ARCHIVO DE AYUDANTES","ASSISTANTS FILE","","E","0","","DAU_FILIAL+DAU_COD","S"
"DB0","\DATA\","DB0990","MODELOS DE CARGA","MODELOS DE CARGA","LOAD MODELS","","E","0","","DB0_FILIAL+DB0_CODMOD","S"
"DB1","\DATA\","DB1990","AVISO DE RECEBIMENTO DE CARGA","AVISO DE RECEPCION DE CARGA","LOAD RECEIVING NOTICE","","E","0","","DB1_FILIAL+DB1_NRAVRC","S"
"DB2","\DATA\","DB2990","CABECALHO DOCTO DE RECEBIMENTO","ENCABEZAMIENTO DOC. RECEPCION","RECEIVING DOCUMENT HEADER","","E","0","","DB2_FILIAL+DB2_NRAVRC+DB2_ITEM","S"
"DB3","\DATA\","DB3990","ITENS DO DOCTO DE RECEBIMENTO","ITEMES DOCUMENTO RECEPCION","RECEIVING DOCUMENT ITEMS","","E","0","","DB3_FILIAL+DB3_NRAVRC+DB3_ITDOC+DB3_ITEM","S"
"DBN","\DATA\","DBN990","QUEBRA DE PALLETS","ROTURA DEL PALLETS","PALLETS BREAK","","C","0","","","S"
"DC1","\DATA\","DC1990","UNITIZADOR - SINTETICO","UNITIZADOR - SINTETICO","UNITIZER - SUMMARIZED","","C","0","","DC1_FILIAL+DC1_CODUNI","S"
"DC2","\DATA\","DC2990","NORMA DE PALETIZACAO","NORMA PARA PALETIZAR","PALLETS NORM","","C","0","","DC2_FILIAL+DC2_CODNOR","S"
"DC3","\DATA\","DC3990","SEQUENCIA DE ABASTECIMENTO","SECUENCIA DE SUMINISTRO","SUPPLY SEQUENCE","","C","0","","DC3_FILIAL+DC3_LOCAL+DC3_CODPRO+DC3_ORDEM","S"
"DC4","\DATA\","DC4990","ZONA DE ARMAZENAGEM","ZONA DE ALMACENAJE","WAREHOUSING ZONE","","C","0","","DC4_FILIAL+DC4_CODZON","S"
"DC5","\DATA\","DC5990","SERVICOS x TAREFA","SERVICIOS VS. TAREA","SERVICES x TASK","","C","0","","DC5_FILIAL+DC5_SERVIC+DC5_ORDEM","S"
"DC6","\DATA\","DC6990","TAREFA x ATIVIDADE","TAREA VS. ACTIVIDAD","TASK x ACTIVITY","","C","0","","DC6_FILIAL+DC6_TAREFA+DC6_ORDEM","S"
"DC7","\DATA\","DC7990","CONFIGURACAO CODIGO ENDERECO","CONFIGURACION CODIGO UBICACION","PLACE CODE SETUP","","C","0","","DC7_FILIAL+DC7_CODCFG+DC7_SEQUEN","S"
"DC8","\DATA\","DC8990","ESTRUTURA FISICA","ESTRUCTURA FISICA","PHYSICAL STRUCTURE","","C","0","","DC8_FILIAL+DC8_CODEST","S"
"DC9","\DATA\","DC9990","LOCAL EXTERNO","LUGAR EXTERNO","EXTERNAL PLACE","","C","0","","DC9_FILIAL+DC9_LOCAL","S"
"DCA","\DATA\","DCA990","MOVIMENTACAO DE VEICULOS","MOVIMIENTO DE VEHICULOS","VEHICLES TRANSACTION","","C","0","","DCA_FILIAL+DCA_SEQMOV","S"
"DCB","\DATA\","DCB990","ROTA DE SERVICO","RUTA DE SERVICIO","SERVICE ROUTE","","C","0","","DCB_FILIAL+DCB_SEQROT","S"
"DCC","\DATA\","DCC990","TIPO DE CARGA x LOCAL","TIPO DE CARGA VS. LOCAL","LOAD TYPE x PLACE","","C","0","","","S"
"DCD","\DATA\","DCD990","RECURSOS HUMANOS","RECURSOS HUMANOS","HUMAN RESOURCES","","C","0","","DCD_FILIAL+DCD_CODFUN","S"
"DCE","\DATA\","DCE990","OPERACAO x CLIENTE","OPERACION VS. CLIENTE","OPERATION x CUSTOMER","","C","0","","DCE_FILIAL+DCE_CODFUN","S"
"DCF","\DATA\","DCF990","ORDEM DE SERVICO","ORDEN DE SERVICIO","SERVICE ORDER","","C","0","","DCF_FILIAL+DCF_SERVIC+DCF_DOCTO+DCF_SERIE+DCF_CODPRO+DCF_CLIFOR+DCF_LOJA+DCF_NUMSEQ+DCF_CARGA+DCF_UNITIZ","S"
"DCG","\DATA\","DCG990","PRODUTO x SERVICO","PRODUCTO VS. SERVICIO","PRODUCT X SERVICE","","C","0","","DCG_FILIAL+DCG_CODPRO+DCG_SERVIC","S"
"DCH","\DATA\","DCH990","PRODUTO X ZONA","PRODUCTO VS. ZONA","PRODUCT X ZONE","","C","0","","DCH_FILIAL+DCH_CODPRO+DCH_CODZON","S"
"DCI","\DATA\","DCI990","RECURSO HUMANO x FUNCAO","RECURSO HUMANO VS FUNCION","HUMAN RESOURCE X FUNCTION","","C","0","","DCI_FILIAL+DCI_CODFUN+DCI_FUNCAO","S"
"DCJ","\DATA\","DCJ990","ITENS DA MOVIMENTACAO VEICULO","ITEMES DE MOVIMIENTO VEHICULO","VEHICLE TRANSACTION ITEMS","","C","0","","DCJ_FILIAL+DCJ_SEQMOV+DCJ_SEQUEN+DCJ_ESTFIS","S"
"DCK","\DATA\","DCK990","AMARRACAO COD CLI x COD OL","VINCULO COD CLI vs. COD OL","CUST.CODE X OL CODE","","E","0","","DCK_FILIAL+DCK_FILCLI+DCK_CODCLI+DCK_LOJCLI+DCK_CODOPL+DCK_LOJOPL+DCK_CGC","S"
"DCL","\DATA\","DCL990","EXCECAO A ATIVIDADES","EXCEPCION DE ACTIVIDADES","ACTIVITIES EXCEPTION","","C","0","","DCL_FILIAL+DCL_CODIGO","S"
"DCM","\DATA\","DCM990","CADASTRO DE OCORRENCIAS","ARCHIVO DE OCURRENCIAS","OCCURENCY FILES","","C","0","","DCM_FILIAL+DCM_OCORRE","S"
"DCN","\DATA\","DCN990","REGISTRO DE OCORRENCIAS","REGISTRO DE OCURRENCIAS","OCCURENCY RECORDS","","C","0","","DCN_FILIAL+DCN_NUMERO+DCN_OCORR","N"
"DCO","\DATA\","DCO990","UNITIZADOR - ANALITICO","UNITIZADOR - ANALITICO","UNITIZER - DETAILED","","C","0","","DCO_FILIAL+DCO_UNITIZ+DCO_CODANA","S"
"DCP","\DATA\","DCP990","Percent. de Ocupacao da Norma","Porcentaje Ocupacion Norma","Norm Ocupat. Percentage","","C","0","","DCP_FILIAL+DCP_LOCAL+DCP_ENDERE+DCP_ESTFIS+DCP_NORMA+DCP_CODPRO","N"
"DE0","\DATA\","DE0990","EDI - CABECALHO DE LAYOUT","EDI - ENCABEZAMIENTO DE LAYOUT","EDI - LAYOUT HEADER","","C","0","","","S"
"DE1","\DATA\","DE1990","EDI - ITENS DE LAYOUT","EDI - ITEMS DE LAYOUT","EDI - LAYOUT ITEMS","","C","0","","","S"
"DE2","\DATA\","DE2990","EDI - ARQUIVO DE LOG","EDI - ARCHIVO DE LOG","EDI - LOG FILE","","C","0","","","S"
"DE3","\DATA\","DE3990","EDI - REGISTROS","EDI - REGISTROS","EDI - RECORDS","","C","0","","","S"
"DE4","\DATA\","DE4990","AGRUPAMENTOS DE CNPJ","AGRUPACIONES DE CNPJ","CNPJ GROUPING","","C","0","","","S"
"DE5","\DATA\","DE5990","NOTAS FISCAIS EDI","FACTURAS EDI","EDI INVOICES","","C","0","","","N"
"DE6","\DATA\","DE6990","OCORREN.TRANSP. x EMBARCADORA","OCURREN.TRANSP. vs EMBARCADOR","TRANSP.OCCUR. x SHIPPER","","C","0","","","S"
"DE7","\DATA\","DE7990","PRODUTO TRANSP. x EMBARCADORA","PRODUCTO TRANSP.vs EMBARCADORA","TRANSP.PROD. x SHIPPER","","C","0","","","S"
"DE8","\DATA\","DE8990","REGISTROS COMPLEMENTARES","REGISTROS COMPLEMENTARIOS","COMPL.RECORDS","","C","0","","","N"
"DE9","\DATA\","DE9990","EDI - LAYOUT","EDI - LAYOUT","EDI - LAYOUT","","C","0","","","S"
"DEA","\DATA\","DEA990","MUNICIPIO x REGIAO","MUNICIPIO vs REGION","CITY x AREA","","C","0","","","S"
"DEC","\DATA\","DEC990","CADASTRO DE CLIENTE X LAYOUT","ARCHIVO CLIENTE vs LAYOUT","CUSTOMER FILE X LAYOUT","","C","0","","","S"
"DED","\DATA\","DED990","Complem. Configuração Layout","Complem. Configuracion Layout","Layout Setup Compl.","","C","0","","","N"
"DEE","\DATA\","DEE990","Itens Compl.Config.de Layout","Items Compl.Config.de Layout","Layout Setup Compl.Items","","C","0","","","N"
"DF0","\DATA\","DF0990","AGENDAMENTO","AGENDAMIENTO","SCHEDULING","","C","0","","","N"
"DF1","\DATA\","DF1990","ITENS DO AGENDAMENTO","ITEMS DEL AGENDAMIENTO","SCHEDULING ITEMS","","C","0","","","N"
"DF2","\DATA\","DF2990","PRODUTOS POR AGENDAMENTO","PRODUCTOS POR AGENDAMIENTO","PRODUCTS PER SCHEDULING","","C","0","","","N"
"DF3","\DATA\","DF3990","VALOR INFORMADO POR PRODUTO","VALOR INFORMADO POR PRODUCTO","INFORMED VALUE BY PRODUCT","","C","0","","","N"
"DF4","\DATA\","DF4990","CUBAGEM POR AGENDAMENTO","CUBICACION POR AGENDAMIENTO","DIMENSION PER SCHEDUL.","","C","0","","","N"
"DF5","\DATA\","DF5990","TIPOS DE VEICULO POR AGEND.","TIPOS DE VEHICULO POR AGEND.","VEHICLE TYPE PER SCHED.","","C","0","","","N"
"DT0","\DATA\","DT0990","TABELA DE FRETE","TABLA DE FLETE","FREIGHT TABLE","","C","0","","","S"
"DT1","\DATA\","DT1990","ITENS DE TABELA DE FRETE","ITEMS DE TABLA DE FLETE","FREIGHT TABLE ITEMS","","C","0","","","S"
"DT2","\DATA\","DT2990","TABELA DE OCORRENCIAS","TABLA DE OCURRENCIAS","OCCURRENCE TABLE","","C","0","","","S"
"DT3","\DATA\","DT3990","COMPONENTES DE FRETE","COMPONENTES DE FLETE","FREIGHT COMPONENTS","","C","0","","","S"
"DT4","\DATA\","DT4990","COTACAO DE FRETE","COTIZACION DE FLETE","FREIGHT QUOTATION","","E","0","","","N"
"DT5","\DATA\","DT5990","SOLICITACAO DE COLETA","SOLICITUD DE RECOLECCION","COLLECT.REQUEST","","E","0","","","S"
"DT6","\DATA\","DT6990","DOCUMENTOS DE TRANSPORTE","DOCUMENTOS DE TRANSPORTE","TRANSPORTATION DOCUMENTS","TmsEnable()","C","0","","","S"
"DT7","\DATA\","DT7990","DESPESAS DE TRANSPORTE","GASTOS DE TRANSPORTE","TRANSPORTATION EXPENSES","","C","0","","","S"
"DT8","\DATA\","DT8990","COMPOSICAO DE FRETE","COMPOSICION DE FLETE","FREIGHT COMPOUND","","C","0","","","N"
"DT9","\DATA\","DT9990","CONF.COMPONENTES POR CONTRATO","VERIF.COMPONENTES POR CONTRATO","COMPON.SETUP PER CONTRACT","","C","0","","","S"
"DTA","\DATA\","DTA990","CARREGAMENTO","CARGA","LOADING","","C","0","","","S"
"DTB","\DATA\","DTB990","REGIOES POR MOTORISTA","REGIOES POR CONDUCTOR","AREAS BY DRIVER","","C","0","","","S"
"DTC","\DATA\","DTC990","NOTAS FISCAIS DO CLIENTE","FACTURAS DEL CLIENTE","CUSTOMER INVOICES","","C","0","","","N"
"DTD","\DATA\","DTD990","PRAZOS DE REGIOES","PLAZOS DE REGIONES","AREA TERMS","","C","0","","","S"
"DTE","\DATA\","DTE990","CUBAGEM DE MERCADORIAS","CUBICACION DE MERCADERIAS","GOODS DIMENSION","","C","0","","","S"
"DTF","\DATA\","DTF990","TABELA DE TARIFAS","TABLA DE TARIFAS","FEE TABLE","","C","0","","","S"
"DTG","\DATA\","DTG990","ITENS DE TABELA DE TARIFAS","ITEMS DE TABLA DE TARIFAS","FEE TABLE ITEMS","","C","0","","","S"
"DTH","\DATA\","DTH990","DESTINO DE CALCULO","DESTINO DE CALCULO","CALCULATION TARGET","","C","0","","","S"
"DTI","\DATA\","DTI990","CONSIGNATARIOS","CONSIGNATARIOS","CONSIGNEE","","C","0","","","S"
"DTJ","\DATA\","DTJ990","PAGADORES DO FRETE","PAGADORES DEL FLETE","FREIGHT PAYERS","","C","0","","","S"
"DTK","\DATA\","DTK990","COMPLEMENTO DE TABELA DE FRETE","COMPLEMENTO DE TABLA DE FLETE","FREIGHT TABLE COMPLEMENT","","C","0","","","S"
"DTL","\DATA\","DTL990","CONFIG. DA TABELA DE FRETE","CONFIG. DE LA TABLA DE FLETE","FREIGHT TABLE SETUP","","C","0","","","S"
"DTM","\DATA\","DTM990","TAB.PREMIO PARA CARRETEIROS","TAB.PREMIO PARA TRANSPORTISTAS","BONUS TABLE FOR T.DRIVERS","","C","0","","","S"
"DTN","\DATA\","DTN990","COMPLEMENTO DE REGIOES","COMPLEMENTO DE REGIONES","AREA COMPLEMENT","","E","0","","","S"
"DTO","\DATA\","DTO990","MOVIMENTO DE MOTORISTAS","MOVIMIENTO DE CONDUCTORES","DRIVER MOVEMENT","","E","0","","","S"
"DTP","\DATA\","DTP990","LOTE DE ENTRADA NOTAS FISCAIS","LOTE DE ENTRADA FACTURAS","INVOICE INFLOW LOT","","C","0","","","S"
"DTQ","\DATA\","DTQ990","VIAGEM","VIAJE","TRIP","","C","0","","","S"
"DTR","\DATA\","DTR990","VEICULOS DA VIAGEM","VEHICULOS DEL VIAJE","TRIP VEHICLES","","C","0","","","N"
"DTS","\DATA\","DTS990","TAB.FRETE CARRETEIRO POR ROTA","TAB.FLETE TRANSP POR ITINERAR.","T.DRIVER FREIGHT TAB. BY ROUTE","","C","0","","","S"
"DTT","\DATA\","DTT990","ITENS TAB.FRETE P/ CARRETEIROS","ITEMS TAB.FLETE P/ TRANSPORT.","","","C","0","","","S"
"DTU","\DATA\","DTU990","MOVIMENTO DE VEICULOS","MOVIMIENTO DE VEHICULOS","VEHICLE MOVEMENT","","E","0","","","S"
"DTV","\DATA\","DTV990","AWB AGENTE","AWB AGENTE","AWB AGENT","","E","0","","","N"
"DTW","\DATA\","DTW990","OPERACOES DE TRANSPORTE","OPERACIONES DE TRANSPORTE","TRANSPORTATION OPERATIONS","","C","0","","","S"
"DTX","\DATA\","DTX990","MANIFESTO DE CARGA","DECLARACION DE CARGA","CARGO MANIFEST","","C","0","","","S"
"DTY","\DATA\","DTY990","CONTRATO DE CARRETEIRO","CONTRATO DE TRANSPORTISTA","T.DRIVER CONTRACT","","E","0","","","N"
"DTZ","\DATA\","DTZ990","RODOVIAS","CARRETERAS","HIGHWAYS","","C","0","","","S"
"DU0","\DATA\","DU0990","PRACAS DE PEDAGIO","PLAZAS DE PEAJE","TOLL CITY","","C","0","","","S"
"DU1","\DATA\","DU1990","LOTE COMPROVANTES DE ENTREGA","LOTE COMPROBANTES DE ENTREGA","DELIVERY REC.LOT","","E","0","","","S"
"DU2","\DATA\","DU2990","ROTA X RODOVIA","ITINERARIO vs CARRETERA","ROUTE X HIGHWAY","","C","0","","","N"
"DU3","\DATA\","DU3990","COMPONENTES DE SEGURO","COMPONENTES DE SEGURO","INSURANCE COMPONENTS","","C","0","","","S"
"DU4","\DATA\","DU4990","TABELA DE SEGURO","TABLA DE SEGURO","INSURANCE TABLE","","C","0","","","S"
"DU5","\DATA\","DU5990","ITENS DE TABELA DE SEGURO","ITEMS DE TABLA DE SEGURO","INSURANCE TABLE ITEMS","","C","0","","","S"
"DU6","\DATA\","DU6990","COMPLEMENTO DE SEGURO","COMPLEMENTO DE SEGURO","INSURANCE COMPLEMENT","","C","0","","","S"
"DU7","\DATA\","DU7990","AVERBACAO DE SEGURO","DECLARACION DE SEGURO","INSURANCE ENTRY","","C","0","","","S"
"DU8","\DATA\","DU8990","FECHAMENTO DE SEGURO","CIERRE DE SEGURO","INSURANCE CLOSING","","C","0","","","S"
"DU9","\DATA\","DU9990","ITENS DE FECHAMENTO DE SEGURO","ITEMS DE CIERRE DE SEGURO","INSURANCE CLOSING ITEMS","","C","0","","","S"
"DUA","\DATA\","DUA990","REGISTRO DE OCORRENCIAS","REGISTRO DE OCURRENCIAS","OCCURRENCE RECORD","","C","0","","","N"
"DUB","\DATA\","DUB990","REGISTRO DE INDENIZACOES","REGISTRO DE INDEMNIZACIONES","INDEMNITY RECORD","","C","0","","","S"
"DUC","\DATA\","DUC990","VIAGENS BLOQUEADAS","VIAJES BLOQUEADOS","TRIPS LOCKED","","C","0","","","S"
"DUD","\DATA\","DUD990","MOVIMENTO DE VIAGEM","MOVIMIENTO DE VIAJE","TRIP MOVEMENT","","C","0","","","N"
"DUE","\DATA\","DUE990","CADASTRO DE SOLICITANTES","ARCHIVO DE SOLICITANTES","PETITIONER FILE","","C","0","","","N"
"DUF","\DATA\","DUF990","REGRAS DE TRIBUTACAO","REGLAS DE TRIBUTACION","TAX RULES","","C","0","","","S"
"DUG","\DATA\","DUG990","ITENS DAS REGRAS DE TRIBUTACAO","ITEMS DE REGLAS DE TRIBUTACION","TAX RULES ITEMS","","C","0","","","S"
"DUH","\DATA\","DUH990","ENDERECAMENTO DE NOTAS FISCAIS","DIRECCION DE FACTURAS","INVOICE ADDRESSING","","C","0","","","S"
"DUI","\DATA\","DUI990","CONFIGURACAO DE DOCUMENTOS","CONFIGURACION DE DOCUMENTOS","DOCUMENT SETUP","","E","0","","","S"
"DUJ","\DATA\","DUJ990","Contrato de Fornecedores","Contrato de Proveedores","Suppliers Contract","","C","0","","","N"
"DUK","\DATA\","DUK990","OPERACOES DE CONFERENCIA","OPERACIONES DE VERIFICACION","CHECKING OPERATIONS","","C","0","","","S"
"DUL","\DATA\","DUL990","ENDERECOS DO SOLICITANTE","DIRECCIONES DEL SOLICITANTE","PETITIONER ADDRESSES","","C","0","","","S"
"DUM","\DATA\","DUM990","ITENS DE SOLICITACAO DE COLETA","ITEMS DE SOLICITUD DE RECOLEC.","COLLECT.REQUEST ITEMS","","C","0","","","S"
"DUN","\DATA\","DUN990","REGIOES POR ROTA","REGIONES POR ITINERARIO","AREAS BY ROUTE","","C","0","","","S"
"DUO","\DATA\","DUO990","PERFIL DO CLIENTE","PERFIL DEL CLIENTE","CUSTOMER PROFILE","","C","0","","","N"
"DUP","\DATA\","DUP990","MOTORISTAS DA VIAGEM","CONDUCTORES DEL VIAJE","TRIP DRIVERS","","C","0","","","S"
"DUQ","\DATA\","DUQ990","AJUDANTES DA VIAGEM","AYUDANTES DEL VIAJE","TRIP DRIVER ASSISTANTS","","C","0","","","S"
"DUR","\DATA\","DUR990","Componentes Exclusivos Regiao","Componentes Exclusivos Region","Area Exclusive Components","","E","0","","","S"
"DUS","\DATA\","DUS990","TAB.FRETE CARRETEIRO","TAB.FLETE TRANSPORTISTA","T. DRIVER FREIGHT TABLE","","C","0","","","S"
"DUT","\DATA\","DUT990","TIPOS DE VEICULO","TIPOS DE VEHICULO","VEHICLE TYPES","","C","0","","","S"
"DUU","\DATA\","DUU990","REG.PENDENCIAS","REG.PENDENCIAS","PENDING ITEMS REG.","","C","0","","","S"
"DUV","\DATA\","DUV990","REG.ENTRADAS/SAIDAS DE VEICULO","REG.ENTRADAS/SALIDAS VEHICULO","ENTRY/EXIT VEHICLE REG.","","C","0","","","S"
"DUW","\DATA\","DUW990","AGRAVACAO CONCENTRACAO RISCO","AGRAVO CONCENTRACION RIESGO","RISK CONC.AGGRAVATION","","C","0","","","S"
"DUX","\DATA\","DUX990","ITENS PRESTACAO SERVICO TMS","ITEMS PRESTACION SERVICIO TMS","TMS SERVICE REND.ITMS","","C","0","","","S"
"DUY","\DATA\","DUY990","GRUPOS DE REGIAO","GRUPOS DE REGION","AREA GROUPS","","C","0","","","N"
"DUZ","\DATA\","DUZ990","TIPOS DE FATURAMENTO","TIPOS DE FACTURACION","INVOICING TYPES","","C","0","","","S"
"DV0","\DATA\","DV0990","ITENS DE TIPOS DE FATURAMENTO","ITEMS DE TIPOS DE FACTURACION","INVOICING TYPES ITEMS","","C","0","","","S"
"DV1","\DATA\","DV1990","REGRAS TRIBUTACAO POR CLIENTE","REGLAS TRIBUTACION POR CLIENTE","TAX RULES PER CUSTOMER","","C","0","","","S"
"DV2","\DATA\","DV2990","OBSERVACOES DE CLIENTES","OBSERVACIONES DE CLIENTES","CUSTOMER NOTES","","C","0","","","S"
"DV3","\DATA\","DV3990","INSCR.ESTADUAIS DE CLIENTES","INSCR.ESTATAL DE CLIENTES","CUSTOMER STATE REGISTRATION","","C","0","","","S"
"DV4","\DATA\","DV4990","NOTAS FISCAIS COM AVARIAS","FACTURAS CON AVERIAS","INVOICES WITH DEMAGE","","C","0","","","S"
"DV5","\DATA\","DV5990","BLOQUEIO DE CLIENTES","BLOQUEO DE CLIENTES","CUSTOMER LOCKING","","C","0","","","S"
"DV6","\DATA\","DV6990","AVERBACAO SEGURO POR CLIENTE","DECLARACION SEGURO POR CLIENTE","INSURANCE ENTRY PER CUSTOMER","","C","0","","","N"
"DV7","\DATA\","DV7990","ITENS AVERBACAO SEGURO CLIENTE","ITEMS DECLARAC SEGURO CLIENTE","CUSTOMER INSUR.ENTRY ITEMS","","C","0","","","N"
"DV8","\DATA\","DV8990","FERIADOS MUNICIPAIS","FERIADOS MUNICIPALES","CITY HOLIDAYS","","C","0","","","S"
"DVA","\DATA\","DVA990","CADASTRO DE DISTANCIAS","ARCHIVO DE DISTANCIAS","DISTANCE FILES","","E","0","","","S"
"DVB","\DATA\","DVB990","LACRE DE VEICULOS","LACRE DE VEHICULOS","VEHICLE  SEALING WAX","","E","0","","","N"
"DVC","\DATA\","DVC990","TABELA DE AJUSTE","TABLA DE AJUSTE","ADJUSTMENT TABLE","","C","0","","","S"
"DVD","\DATA\","DVD990","ITENS DE TABELA DE AJUSTE","ITEMS DE TABLA DE AJUSTE","ADJUSTMENT TABLE ITEMS","","C","0","","","S"
"DVE","\DATA\","DVE990","ITENS CONFIG.TABELA DE FRETE","ITEMS CONFIG.TABLA DE FLETE","FREIGHT TABLE SETUP ITEMS","","C","0","","","S"
"DVF","\DATA\","DVF990","Itens da cotacao de frete","Items de cotizacion de flete","Freight Quotation Items","","C","0","","","N"
"DVG","\DATA\","DVG990","Contrato de Fornecedores","Contrato de Proveedores","Supplier Contract","","C","0","","","N"
"DVH","\DATA\","DVH990","CONFIRMAÇÃO DE EMBARQUE","CONFIRMACION DE EMBARQUE","SHIPMENT CONFIRMATION","","C","0","","","N"
"DVI","\DATA\","DVI990","HISTORICOS FECHAMENTO SEGURO","HISTORIALES CIERRE SEGURO","INSURANCE CLOSING HISTORY","","C","0","","","N"
"DVJ","\DATA\","DVJ990","Itens Cadastro de Solicitantes","Items Archivo de Solicitantes","Petition.File Items","","C","0","","","N"
"DVK","\DATA\","DVK990","Regiao x Filial Alianca","Region vs Sucursal Alianza","Area x Alliance Branch","","C","0","","","N"
"DVL","\DATA\","DVL990","FILIAIS ALIANCA","SUCURSALES ALIANZA","ALLIANCE BRANCHES","","C","0","","","N"
"DVM","\DATA\","DVM990","Rota XRegioes","Itinerario vs Regiones","Route x Areas","","C","0","","","N"
"DVN","\DATA\","DVN990","Prazo de Regioes por Cliente","Plazo de Regiones por Cliente","Area Term by Customer","","C","0","","","N"
"DVO","\DATA\","DVO990","Complemento de Ajuste","Complemento de Ajuste","Adjust.Complement","","C","0","","","N"
"DVP","\DATA\","DVP990","Composicao Frete de Contrato","Composicion Flete de Contrato","Contract Freight Comp.","","C","0","","","N"
"DVQ","\DATA\","DVQ990","Vlr.Informado x Cotacao","Vlr.Informado vs Cotizacion","Inf. Value x Quotation","","C","0","","","N"
"DVR","\DATA\","DVR990","Valor Informado x Documento","Valor Informado vs Documento","Inf.Value x Document","","C","0","","","N"
"DVS","\DATA\","DVS990","Vlr.Informado x Complemento","Vlr.Informado vs Complemento","Inf.Value x Complement","","C","0","","","N"
"DVT","\DATA\","DVT990","Tipo Veiculo Coleta / Cotacao","Tipo Vehiculo Recolec / Cotiz.","Collec./Quotation Veh.Type","","C","0","","","N"
"DVU","\DATA\","DVU990","Tipo Veiculo Nota Fiscal","Tipo Vehiculo Factura","Invoice Vehicle Type","","C","0","","","N"
"DVV","\DATA\","DVV990","Doctos Cancelados da Fatura","Doctos Anulados de la Factura","Invoice Canc.Documents","","C","0","","","N"
"DVW","\DATA\","DVW990","Vlr.Informado x Viagem","Vlr.Informado vs. Viaje","Inf.Value x Trip","","C","0","","","N"
"DVX","\DATA\","DVX990","Solicitacao de Transferencia","Solicitud de Transferencia","Transfer Request","","C","0","","","N"
"DVZ","\DATA\","DVZ990","DISTANCIAS POR CLIENTE","DISTANCIAS POR CLIENTE","DISTANCES PER CUSTOMER","","C","0","","","N"
"EC0","\DATA\","EC0990","CRITICA INTEGRACAO EASY X CTB","CRITICA INTEGRAC. EASY VS. CTB","EASY X CTB INTEGRATION REVIEW","","C","0","","","N"
"EC1","\DATA\","EC1990","CONTROLE DO FECHAMENTO","CONTROL DEL CIERRE","CLOSING CONTROL","","C","0","","EC1_FILIAL+EC1_TPMODU+EC1_NR_CON","N"
"EC2","\DATA\","EC2990","CAPA DA DI (CONTABILIDADE)","PORTADA DE DI (CONTABILIDAD)","DI COVER (ACCOUNTING)","","C","0","","EC2_FILIAL+EC2_HAWB+EC2_FORN+EC2_MOEDA+EC2_IDENTC","N"
"EC3","\DATA\","EC3990","HISTORICO DA DI CONTABILIDADE","HISTORIAL DE DI CONTABILIDAD","DI HISTORY (ACCOUNTING)","","C","0","","","N"
"EC4","\DATA\","EC4990","DETALHE DA DI (CONTABILIDADE)","DETALLE DE DI (CONTABILIDAD)","DI DETAILS (ACCOUNTING)","","C","0","","","N"
"EC5","\DATA\","EC5990","INVOICE (CONTABILIDADE)","INVOICE (CONTABILIDAD)","INVOICE (ACCOUNTING)","","C","0","","EC5_FILIAL+EC5_FORN+EC5_INVOIC+EC5_IDENTC+EC5_MOE_FO","N"
"EC6","\DATA\","EC6990","CADASTRO DE CONTAS","ARCHIVO DE CUENTAS","ACCOUNTS FILE","","C","0","","EC6_FILIAL+EC6_TPMODU+EC6_ID_CAM+EC6_IDENTC","N"
"EC7","\DATA\","EC7990","MOVIMENTACAO DA CONTA","MOVIMIENTO DE LA CUENTA","ACCOUNT TRANSACTIONS","","C","0","","","N"
"EC8","\DATA\","EC8990","INVOICES DO PROCESSO","INVOICES DEL PROCESO","PROCESS INVOICES","","C","0","","EC8_FILIAL+EC8_HAWB+EC8_FORN+EC8_MOEDA+EC8_IDENTC+EC8_PO_NUM+EC8_INVOIC","N"
"EC9","\DATA\","EC9990","EVENTOS DA INVOICE","EVENTOS DE LA INVOICE","INVOICE EVENTS","","C","0","","","N"
"ECA","\DATA\","ECA990","PREVIA","PREVIA","SIMULATION","","C","0","","","N"
"ECB","\DATA\","ECB990","TAXAS DE CONVERSAO (CONTABIL)","TASAS DE CONVERSION (CONTABLE)","CONVERSION RATE (ACCOUNTING)","","C","0","","ECB_FILIAL+DTOS(ECB_DATA)+ECB_MOEDA","N"
"ECC","\DATA\","ECC990","B.U. / UNID. REQ. (CONTABIL)","B.U. / UNID. SOLIC. (CONTABLE)","B.U/UNIT REQUESTING (ACCOUNTI)","","C","0","","ECC_FILIAL+ECC_IDENTC","N"
"ECD","\DATA\","ECD990","LOG. DE ESTORNO DA INVOICE","LOG. DE REVERSION DE INVOICE","INVOICE REVERSAL LOG","","C","0","","","N"
"ECE","\DATA\","ECE990","PROCESSOS ESTORNADOS","PROCESOS REVERTIDOS","REVERSED PROCESSES","","C","0","","","N"
"ECF","\DATA\","ECF990","EVENTOS DO PAG.ANTEC./ADIANT.","EVENTOS DE PAG.ADELAN./ANTICIP","ADVANCE PAYMENT EVENTS","","C","0","","","N"
"ECG","\DATA\","ECG990","CAPA DO PAG.ANTEC./ADIANT.","PORTADA PAGO ANTICIPO/ADELANTO","ADVANCE PAYMENT COVER","","C","0","","","N"
"ECH","\DATA\","ECH990","Resultado das Contas","Resultado de las Cuentas","Accounting Result","","C","0","","ECH_FILIAL+ECH_TPMODU+ECH_NR_CON+ECH_CONTA","N"
"ECI","\DATA\","ECI990","CONTAS POR BANCOS","CUENTAS POR BANCOS","ACCOUNTS BY BANK","","C","0","","","N"
"ED0","\DATA\","ED0990","CAPA DO PEDIDO DE DRAWBACK","PORTADA DE PEDIDO DE DRAWBACK","DRAWBACK ORDER COVER","","C","0","","ED0_FILIAL+ED0_PD","N"
"ED1","\DATA\","ED1990","PRODUTOS A EXPORTAR","PRODUCTOS A EXPORTAR","PRODUCTS TO EXPORT","","C","0","","ED1_FILIAL+ED1_PD+ED1_PROD+ED1_SEQ","N"
"ED2","\DATA\","ED2990","ITENS A IMPORTAR","ITEMES A IMPORTAR","ITEMS TO IMPORT","","C","0","","","N"
"ED3","\DATA\","ED3990","SALDOS DOS PRODUTOS A EXPORTAR","SALDOS DE PRODUCTOS A EXPORTAR","PRODUCTS TO EXPORT BALANCES","","C","0","","ED3_FILIAL+ED3_PD+ED3_NCM+ED3_PROD+STR(ED3_PERCAG,5,2)+ED3_UMNCM","N"
"ED4","\DATA\","ED4990","SALDOS DOS ITENS A IMPORTAR","SALDOS DE ITEMES A IMPORTAR","ITEMS TO IMPORT BALANCES","","C","0","","ED4_FILIAL+ED4_PD+ED4_NCM+ED4_ITEM+ED4_CAMB+STR(ED4_PERCPE,5,2)+ED4_UMNCM","N"
"ED5","\DATA\","ED5990","LOG DE ALTERACOES DRW ISENCAO","LOG DE CAMBIOS DRW EXENCION","EXCEMPTION DRW CHANGES LOG","","C","0","","","N"
"ED6","\DATA\","ED6990","LOG ALTERACOES DRW SUSPENSAO","LOG MODIFICAC. DRW SUSPENSION","SUSPENSION DRW CHANGES LOG","","C","0","","","N"
"ED7","\DATA\","ED7990","ITENS GENERICOS","ITEMES GENERICOS","GENERIC ITEMS","","C","0","","ED7_FILIAL+ED7_PARA+ED7_DE","N"
"ED8","\DATA\","ED8990","MANUT. SOL./INTERM. IMPORTAC-O","MANT. SOL./INTERM. IMPORTACION","REQ. MAINT./INTERM. IMPORT","","C","0","","","N"
"ED9","\DATA\","ED9990","MANUT. SOL./INTERM. EXPORTAC-O","MANT. SOL./INTERM. EXPORTACION","REQ. MAINT./INTERM. EXPORT","","C","0","","","N"
"EDA","\DATA\","EDA990","RESUMO DAS ESTRUTURAS","RESUMEN DE LAS ESTRUCTURAS","STRUCTURES SUMMARY","","C","0","","EDA_FILIAL+EDA_PD+EDA_ITEM","N"
"EDB","\DATA\","EDB990","C.N.P.J./Filiais","CNPJ/Sucursales","C.N.P.J./Branches","","C","0","","EDB_FILIAL+EDB_PD+EDB_IMPORT+EDB_CNPJ","S"
"EDC","\DATA\","EDC990","Estrutura por Produto","Estructura por Producto","Structure per Product","","C","0","","EDC_FILIAL+EDC_PD+EDC_RE+EDC_PROD+EDC_ITEM","S"
"EDD","\DATA\","EDD990","Relacao Exportacao p/ Import.","Relacion Exportacion/ Importac","Export for Import Relationship","","C","0","","","S"
"EDE","\DATA\","EDE990","Arq. de Log da Anterioridade","Archivo Log de Anterioridad","Priority Log File","","C","0","","","N"
"EE1","\DATA\","EE1990","PAISxDOCUMENTO","PAIS vs. DOCUMENTO","COUNTRY X DOCUMENT","","C","0","","","N"
"EE2","\DATA\","EE2990","MULTI-IDIOMAS","MULTIIDIOMAS","MULTI-LANGUAGES","","C","0","","EE2_FILIAL+EE2_CODCAD+EE2_TIPMEN+EE2_IDIOMA+EE2_COD","N"
"EE3","\DATA\","EE3990","CONTATOS","CONTACTOS","CONTACTS","","C","0","","EE3_FILIAL+EE3_CODCAD+EE3_CONTAT+EE3_COMPL+EE3_SEQ","N"
"EE4","\DATA\","EE4990","MENSAGENS","MENSAJES","MESSAGES","","C","0","","EE4_FILIAL+EE4_COD+EE4_TIPMEN+EE4_IDIOMA","N"
"EE5","\DATA\","EE5990","EMBALAGENS","EMBALAJES","PACKINGS","","C","0","","EE5_FILIAL+EE5_CODEMB","N"
"EE6","\DATA\","EE6990","Disponibilidade de Navios","Disponibilidad de Barcos","Ship Availability","","C","0","","EE6_FILIAL+EE6_COD+EE6_VIAGEM","N"
"EE7","\DATA\","EE7990","PROCESSO DE EXPORTACAO","PROCESO DE EXPORTACION","EXPORT PROCESS","","C","0","","EE7_FILIAL+EE7_PEDIDO","N"
"EE8","\DATA\","EE8990","ITENS DO PROCESSO DE EXPORT.","ITEMES DEL PROCESO DE EXPORT.","EXPORT PROCESS ITEMS","","C","0","","EE8_FILIAL+EE8_PEDIDO+EE8_SEQUEN","N"
"EE9","\DATA\","EE9990","ITENS EMBARQUE","ITEMES EMBARQUE","SHIPMENT ITEMS","","C","0","","EE9_FILIAL+EE9_PEDIDO+EE9_SEQUEN+EE9_PREEMB+EE9_SEQEMB","N"
"EEA","\DATA\","EEA990","CONFIGURACAO DOCUMENTOS","CONFIGURACION DOCUMENTOS","DOCUMENTS CONFIGURATION","","C","0","","EEA_FILIAL+EEA_COD+EEA_TIPDOC+EEA_IDIOMA","N"
"EEB","\DATA\","EEB990","AGENTES DE UM PEDIDO","AGENTES DE UN PEDIDO","ORDER AGENTS","","C","0","","EEB_FILIAL+EEB_PEDIDO+EEB_OCORRE+EEB_CODAGE+EEB_TIPOAG","N"
"EEC","\DATA\","EEC990","EMBARQUE","EMBARQUE","SHIPMENT","","C","0","","EEC_FILIAL+EEC_PREEMB","N"
"EED","\DATA\","EED990","Enquadramento","ENCUADRAMIENTO","CLASSIFICATION","","C","0","","EED_FILIAL+EED_ENQCOD","N"
"EEE","\DATA\","EEE990","INSTRUMENTO NEGOCIACAO","INSTRUMENTO NEGOCIACION","NEGOTIATION INSTRUMENT","","C","0","","EEE_FILIAL+EEE_INSCOD","N"
"EEF","\DATA\","EEF990","MODALIDADE PAGTO","MODO DE PAGO","PAYMENT MODE","","C","0","","EEF_FILIAL+EEF_COD","N"
"EEG","\DATA\","EEG990","DIVISAO DE PRODUTOS","DIVISION DE PRODUCTOS","PRODUCTS DIVISION","","C","0","","EEG_FILIAL+EEG_IDIOMA+EEG_COD","N"
"EEH","\DATA\","EEH990","GRUPO DE PRODUTOS","GRUPO DE PRODUCTOS","PRODUCTS GROUP","","C","0","","EEH_FILIAL+EEH_IDIOMA+EEH_COD","N"
"EEI","\DATA\","EEI990","TABELA DE NORMAS","TABLA DE NORMAS","NORMS TABLE","","C","0","","EEI_FILIAL+EEI_COD","N"
"EEJ","\DATA\","EEJ990","BANCOS DE UM PEDIDO","BANCOS DE UN PEDIDO","ORDER BANKS","","C","0","","","N"
"EEK","\DATA\","EEK990","RELACAO DE EMBALAGENS","LISTA DE EMBALAJES","PACKING LIST","","C","0","","EEK_FILIAL+EEK_TIPO+EEK_CODIGO+EEK_SEQ","N"
"EEL","\DATA\","EEL990","CARTA CREDITO EXPORTACAO","CARTA CREDITO EXPORTACION","EXPORT CREDIT LETTER","","C","0","","EEL_FILIAL+EEL_LC_NUM","N"
"EEM","\DATA\","EEM990","CONTROLE DE NOTAS FISCAIS","CONTROL DE FACTURAS","INVOICES CONTROL","","C","0","","EEM_FILIAL+EEM_PREEMB+EEM_TIPOCA+EEM_NRNF+EEM_TIPONF","N"
"EEN","\DATA\","EEN990","NOTIFY","NOTIFY","NOTIFY","","C","0","","EEN_FILIAL+EEN_PROCES+EEN_OCORRE+EEN_IMPORT+EEN_IMLOJA","N"
"EEO","\DATA\","EEO990","PACKING LIST","PACKING LIST","PACKING LIST","","C","0","","EEO_FILIAL+EEO_PREEMB+EEO_SEQ+EEO_NIVEL","N"
"EEP","\DATA\","EEP990","USUARIOS SISCOMEX","USUARIOS SISCOMEX","SISCOMEX USERS","","C","0","","EEP_FILIAL+EEP_CNPJ","N"
"EEQ","\DATA\","EEQ990","VALOR DAS PARCELAS DO EMBARQUE","VALOR DE CUOTAS DE EMBARQUE","SHIPMENT INSTALLMENTS VALUE","","C","0","","EEQ_FILIAL+EEQ_PREEMB+EEQ_PARC","N"
"EER","\DATA\","EER990","HISTORICO SISCOMEX","HISTORIAL SISCOMEX","SISCOMEX HISTORY","","C","0","","EER_FILIAL+EER_PREEMB+EER_IDTXT","N"
"EES","\DATA\","EES990","NOTAS FISCAIS (POR ITENS)","FACTURAS (POR ITEMES)","INVOICES (PER ITEMS)","","C","0","","EES_FILIAL+EES_PREEMB+EES_NRNF+EES_SERIE+EES_PEDIDO+EES_SEQUEN","N"
"EET","\DATA\","EET990","DESPESAS DE EXPORTACAO","GASTOS DE EXPORTACION","EXPORT EXPENSES","","C","0","","","N"
"EEU","\DATA\","EEU990","CADASTRO DE NUMERARIO DE EXP.","ARCHIVO DE VALORES DE EXP.","EXPORT NUMMARY FILE","","C","0","","EEU_FILIAL+EEU_PREEMB+EEU_DESPES","N"
"EEV","\DATA\","EEV990","COMPOSICAO DE EMBALAGENS","COMPOSICION DE EMBALAJES","PACKAGES COMPOSITION","","C","0","","EEV_FILIAL+EEV_COD_I+EEV_ORDEM","N"
"EEW","\DATA\","EEW990","PRODUTOS NA EMBALAGEM","PRODUCTOS EN EL EMBALAJE","PRODUCTS IN THE PACKAGES","","C","0","","EEW_FILIAL+EEW_COD_I+EEW_SEQUEN","N"
"EEX","\DATA\","EEX990","CAPA DA DDE","PORTADA DE DDE","DDE COVER","","C","0","","EEX_FILIAL+EEX_NUM","N"
"EEY","\DATA\","EEY990","R.V. (SISCOMEX)","R.V. (SISCOMEX)","R.V. (SISCOMEX)","","C","0","","EEY_FILIAL+EEY_PEDIDO+EEY_SEQ+EEY_NUMRV","N"
"EEZ","\DATA\","EEZ990","DETALHES DA DDE","DETALLES DE DDE","DDE DETAILS","","C","0","","EEZ_FILIAL+EEZ_PREEMB+EEZ_CNPJ+EEZ_SER+EEZ_NF","N"
"EF0","\DATA\","EF0990","CADASTRO DE FERIADOS","ARCHIVO DE FERIADOS","HOLIDAYS FILE","","C","0","","","N"
"EF1","\DATA\","EF1990","CAPA DO FINANCIAMENTO (Exp)","PORTADA DE FINANCIACION (Exp)","INVOICING COVER (Exp)","","C","0","","EF1_FILIAL+EF1_CONTRA","N"
"EF2","\DATA\","EF2990","PERIODOS DO CONTRATO","PERIODOS DEL CONTRATO","CONTRACT PERIODS","","C","0","","EF2_FILIAL+EF2_CONTRA+EF2_TP_FIN+DTOS(EF2_DT_INI)","N"
"EF3","\DATA\","EF3990","EVENTOS DO CONTRATO","EVENTOS DEL CONTRATO","CONTRACT EVENTS","","C","0","","","N"
"EF4","\DATA\","EF4990","LOG DE ALTERAÇÕES DO FINANC.","LOG MODIFICACIONES DEL FINANC.","FINANCIAL EDIT LOG","","C","0","","","N"
"EG0","\DATA\","EG0990","DEMURRAGE","","DEMURRAGE","","C","0","","","N"
"EG1","\DATA\","EG1990","PROCESSOS DEMURRAGE","","DEMURRAGE PROCESSES","","C","0","","","N"
"EG2","\DATA\","EG2990","MOVIMENTACAO DO DEMURRAGE","","DEMURRAGE MOVEMENTS","","C","0","","","N"
"EG4","\DATA\","AG4990","DIC. PARAMETRIZACAO DE DOCTOS","","DOC. PARAMETR. DIC.","","C","0","","","N"
"EI1","\DATA\","EI1990","CABECALHO DE CUSTO REALIZADO","ENCABEZ.DE COSTO REALIZADO","ACCOMPLISHED COST HEADER","","C","0","","","N"
"EI2","\DATA\","EI2990","DETALHE DE CUSTO REALIZADO","DETALLE DE COSTO REALIZADO","ACCOMPLISHED COST DETAIL","","C","0","","","N"
"EI3","\DATA\","EI3990","DETALHE CFO+TEC C. REALIZADO","DETALLE CFO+TEC C. REALIZADO","DETAIL OF FISC.OP.+TEC ACCOM.","","C","0","","","N"
"EI4","\DATA\","EI4990","PEDIDOS CANCELADOS - CAPA","PEDIDOS ANULADOS - PORTADA","CANCELLED ORDERS - COVER","","C","0","","","N"
"EI5","\DATA\","EI5990","PEDIDOS CANCELADOS - ITENS","PEDIDOS ANULADOS - ITEMES","CANCELLED ORDERS - ITEMS","","C","0","","","N"
"EI6","\DATA\","EI6990","TABELA DE IPI DE PAUTA","TABLA DE IPI DE PAUTA","IPI SCHEDULE TABLE","","C","0","","","N"
"EI7","\DATA\","EI7990","CAPA DA SIMILACAO DA","PORTADA DA SIMULACION DE LA","SIMULATION COVER OF","","C","0","","EI7_FILIAL+EI7_SIMULA","N"
"EI8","\DATA\","EI8990","CAPA DA SIMILACAO DA","PORTADA DA SIMULACION DE LA","SIMULATION COVER OF","","C","0","","","N"
"EI9","\DATA\","EI9990","TABELA DE PRE-CALCULO","TABLA DE PRECALCULO","PRE-CALCULATION TABLE","","C","0","","","N"
"EIA","\DATA\","EIA990","DESPESAS DE PRE-CALCULO (DET)","GASTOS DE PRECALCULO (DET)","PRE-CALCULATION EXPENSES (DET)","","C","0","","","N"
"EIB","\DATA\","EIB990","RATEIO NCM/PESO (CUSTO)","PRORRATEO NCM/PESO (COSTO)","NCM PRORATE/WEIGHT (COST)","","C","0","","","N"
"EIC","\DATA\","EIC990","CADASTRO DE NUMERARIO","ARCHIVO DE VALORES","CASH FILE","","C","0","","","N"
"EID","\DATA\","EID990","COTACAO DE CAMBIO","COTIZACION DE CAMBIO","EXCHANGE QUOTATION","","C","0","","","N"
"EIE","\DATA\","EIE990","TABELAS DO ARMADOR","TABLAS DEL ARMADOR","SHIPOWNER TABLES","","C","0","","","N"
"EIF","\DATA\","EIF990","DOCUMENTOS PARA DESPACHO","DOCUMENTOS PARA DESPACHO","DOCUMENTS FOR SHIPMENT","","C","0","","EIF_FILIAL+EIF_HAWB+EIF_CODIGO","N"
"EIG","\DATA\","EIG990","PROCESSOS VINCULADOS","PROCESOS VINCULADOS","LINKED PROCESSES","","C","0","","EIG_FILIAL+EIG_HAWB+EIG_CODIGO","N"
"EIH","\DATA\","EIH990","TIPO DE EMBALAGEM","TIPO DE EMBALAJE","PACKAGE TYPE","","C","0","","EIH_FILIAL+EIH_HAWB+EIH_CODIGO","N"
"EII","\DATA\","EII990","DEBITOS EM CONTA","DEBITOS EN CUENTA","DEBITS IN ACCOUNT","","C","0","","EII_FILIAL+EII_HAWB+EII_CODIGO","N"
"EIJ","\DATA\","EIJ990","TABELA DE ADICOES DA D.I.","TABLA DE INCREMEN. DE D.I.","D.I. INCREASE TABLE","","C","0","","EIJ_FILIAL+EIJ_HAWB+EIJ_ADICAO","N"
"EIK","\DATA\","EIK990","TABELA DE DOCS VINCULADOS","TABLA DE DOCS VINCULADOS","LINKED DOCUMENTS TABLE","","C","0","","","N"
"EIL","\DATA\","EIL990","TABELA DESTAQUES P/ ANUENCIA","TABLA DESTAQUES P/ ANUENCIA","PROMINENCE TABLE FOR APPROVAL","","C","0","","","N"
"EIM","\DATA\","EIM990","ADICAO PARA NVE","SUMA PARA NVE","INCREASE FOR NVE","","C","0","","","N"
"EIN","\DATA\","EIN990","ACRECIMO E DEDUCOES ADICOES","ACRECIMO Y DEDUCCIONES SUMAS","ADD. OF INCREASE AND DEDUCTION","","C","0","","","N"
"EIO","\DATA\","EIO990","TABELA ESQUEMA DE PAGAMENTO","TABLA CONDICIONES DE PAGO","PAYMENT PLAN TABLE","","C","0","","","N"
"EIP","\DATA\","EIP990","Diagnostico do SISCOMEX","Diagnostico del SISCOMEX","SISCOMEX Diagnosis","","C","0","","","N"
"EIQ","\DATA\","EIQ990","Regime de Tributacao do ICMS","Regimen de Tributacion del ICM","ICMS Taxation Regime","","C","0","","","N"
"EIR","\DATA\","EIR990","CONTROLE DE ENVIO AO SISCOMEX","CONTROL DE ENVIO AL SISCOMEX","SISCOMEX DELIVERY CONTROL","","C","0","","","N"
"EIS","\DATA\","EIS990","LI's Canceladas","LI Anuladas","Cancelled Imp.Licenses","","C","0","","","N"
"EIT","\DATA\","EIT990","Processos Anuentes","Procesos Anuentes","Approved Processes","","C","0","","","S"
"EIU","\DATA\","EIU990","Acrescimos / Deducoes","","Increases/Decreases","","C","0","","","N"
"EX0","\DATA\","EX0990","CAPA DOS CERTIFICADOS","PORTADA DE LOS CERTIFICADOS","CERTIFICATE COVER","","C","0","","EX0_FILIAL+EX0_PREEMB+EX0_CODDOC","N"
"EX1","\DATA\","EX1990","ITENS DOS CERTIFICADOS","ITEMES DE LOS CERTIFICADOS","CERTIFICATE ITEMS","","C","0","","EX1_FILIAL+EX1_PREEMB+EX1_CODDOC+EX1_PAGINA+EX1_LINHA+EX1_ORDEM","N"
"EX2","\DATA\","EX2990","NORMAS DOS CERTIFICADOS","NORMAS DE LOS CERTIFICADOS","CERTIFICATE RULES","","C","0","","EX2_FILIAL+EX2_PREEMB+EX2_CODDOC+EX2_PAGINA+EX2_LINHA+EX2_ORDEM","N"
"EX3","\DATA\","EX3990","TABELA DE FRETES MARITIMOS","TABLA DE FLETES MARITIMOS","MARINE FREIGHT TABLE","","C","0","","EX3_FILIAL+EX3_VIA+EX3_ORIGEM+EX3_DEST+EX3_AGENTE","N"
"EX4","\DATA\","EX4990","VALORES DE FRETES MARITIMOS","VALORES DE FLETES MARITIMOS","MARINE FREIGHT VALUES","","C","0","","","N"
"EX5","\DATA\","EX5990","PRODUTOS x PAISES","PRODUCTOS vs. PAISES","PRODUCTS x COUNTRIES","","C","0","","EX5_FILIAL+EX5_COD_I+EX5_PAIS","N"
"EX6","\DATA\","EX6990","PRODUTOS x PAISES x CLIENTES","PRODUCTOS vs.PAISESvs.CLIENTES","PRODUCTS x COUNTRIES x CUSTOME","","C","0","","EX6_FILIAL+EX6_COD_I+EX6_PAIS+EX6_CLIENT+EX6_CLLOJA","N"
"EX7","\DATA\","EX7990","COTACAO DA BOLSA","COTIZACION DE LA BOLSA","STOCK QUOTATION","","C","0","","EX7_FILIAL+EX7_MESANO","N"
"EX8","\DATA\","EX8990","Destinos do Navio","Destinos del Navio","Ship Destinations","","C","0","","","N"
"EX9","\DATA\","EX9990","CONTAINERS POR PROCESSO","CONTENEDORES POR PROCESO","CONTAINERS PER PROCESS","","C","0","","EX9_FILIAL+EX9_PREEMB+EX9_CONTNR","N"
"EXA","\DATA\","EXA990","LOTES POR CONTAINER","LOTES POR CONTENEDOR","LOTS PER CONTAINER","","C","0","","EXA_FILIAL+EXA_PREEMB+EXA_CONTNR+EXA_COD_I+EXA_SEQEMB","N"
"EXB","\DATA\","EXB990","AGENDA DE ATIVIDADES/DOCTOS","AGENDA ACTIVIDADES/DOCUMENTOS","ACTIVITY/DOCS AGENDA","","C","0","","EXB_FILIAL+EXB_PREEMB+EXB_PEDIDO+EXB_CODATV+EXB_TIPO","N"
"EXF","\DATA\","EXF990","Agentes por Navio","Agentes por navio","Agents per Ship","","C","0","","EXF_FILIAL+EXF_NAVIO+EXF_AGENTE","N"
"EXG","\DATA\","EXG990","COTACAO FECHAMENTO DE CAMBIO","COTIZACION CIERRE DE CAMBIO","EXCHANGE CLOSING QUOTATION","","C","0","","EXG_FILIAL+EXG_PREEMB+EXG_PARC+EXG_BANC","N"
"EXH","\DATA\","EXH990","CLIENTES X PRODUTOS","CLIENTES vs. PRODUCTOS","CUSTOMERS X PRODUCTS","","C","0","","EXH_FILIAL+EXH_CODCLI+EXH_CLLOJA+EXH_COD_I","N"
"EXI","\DATA\","EXI990","LOTES","LOTES","LOTS","","C","0","","","N"
"EXJ","\DATA\","EXJ990","Dados adicionais do cliente.","Datos adicionales del cliente","Customer additional data","","C","0","","EXJ_FILIAL+EXJ_COD+EXJ_LOJA","S"
"EXK","\DATA\","EXK990","BACK TO BACK - INVOICE A PAGAR","","BACK TO BACK - INVOICE PAYABLE","","C","0","","","N"
"EXL","\DATA\","EXL990","Dados Complementares Embarque","","Shipment supplementary data","","C","0","","","N"
"EXM","\DATA\","EXM990","Historico de Pre-Calculo","","Pre-calculation history","","C","0","","","N"
"EXN","\DATA\","EXN990","Amarracao Produtos x Normas","v Produtos x Normas","Products vs. Regulat. Binding","","C","0","","","N"
"EZZ","\DATA\","EZZ990","INVOICES ESPECIAIS","","SPECIAL INVOICES","","E","0","","","N"
"GA0","\DATA\","GA0990","FARMACOS","FARMACOS","MEDICINES","","E","0","","","N"
"GA1","\DATA\","GA1990","CABECALHO DE PACOTES","ENCABEZAMIENTO DE PAQUETES","PACKAGE HEADER","","E","0","","","N"
"GA2","\DATA\","GA2990","ITENS DE PACOTES","ITEMES DE PAQUETES","PACKAGE ITEMS","","E","0","","","N"
"GA3","\DATA\","GA3990","PORTE ANESTESICO DE CIRURGIA","PORTE ANESTESICO DE CIRUGIA","SURGICAL ANAESTHETIC LEVEL","","E","0","","","N"
"GA4","\DATA\","GA4990","EXCECOES LANCTO DSP P/CONVENIO","EXCEP.  ASTO. DSP P/CONVENIO","ENTRY EXCEP. FOR HLTH. INS.","","E","0","","","S"
"GA5","\DATA\","GA5990","VLR DE CH'S DIFERENCIADOS","VALOR DE CH DIFERENCIADOS","DIFFERENT. CHECK VALUES","","E","0","","","S"
"GA6","\DATA\","GA6990","VLR DE CH'S EXAME/HONORARIO/RX","VLR DE CH EXAMEN/HONORARIO/RX","EXAM/FEE/XRAY CHECK VALUE","","E","0","","","S"
"GA7","\DATA\","GA7990","CABECALHO DE PROCEDIMENTOS","ENCABEZAMIENTO PROCEDIMIENTOS","PROCEDURE HEADER","","E","0","","","N"
"GA8","\DATA\","GA8990","ITENS DE PROCEDIMENTOS","ITEMES DE PROCEDIMIENTOS","PROCEDURE ITEMS","","E","0","","","N"
"GA9","\DATA\","GA9990","CONVENIOS","CONVENIOS","HEALTH INSURANCE","","E","0","","","N"
"GAA","\DATA\","GAA990","TAXAS / DIARIAS HOSPITALARES","TASAS / ESTADIAS HOSPITALARIAS","HOSPITAL D. EXPENSES / RATES","","E","0","","","N"
"GAB","\DATA\","GAB990","TAXAS / DIARIAS P/ CONVENIOS","TASAS / ESTADIAS P/ CONVENIOS","RATE/DAILY EXPNS PER H.CARE","","E","0","","","N"
"GAC","\DATA\","GAC990","VLR DIFER PROCED/HON - MAT/MED","VLR DIFER PROCED/HON - MAT/MED","DIF.PROCED.VAL./FEE - MAT/MED","","E","0","","","S"
"GAD","\DATA\","GAD990","ATENDIMENTO","ATENCION","SERVICE","","E","0","","","N"
"GAE","\DATA\","GAE990","EMPRESAS","EMPRESAS","COMPANIES","","E","0","","","N"
"GAF","\DATA\","GAF990","CABECALHO DO KIT","ENCABEZAMIENTO DEL KIT","KIT HEADER","","E","0","","","N"
"GAG","\DATA\","GAG990","ITENS DO KIT","ITEMES DEL KIT","KIT ITEMS","","E","0","","","N"
"GAH","\DATA\","GAH990","AUTORIZACAO DE (PRORROGACOES)","AUTORIZACION DE (PRORROGAS)","AUTHORIZATION OF (POSTPONEMENT","","E","0","","","N"
"GAK","\DATA\","GAK990","DESPESAS PACIENTE (MAT/MED)","GASTOS PACIENTE (MAT/MED)","PATIENT´S EXPENSES (MAT/MED)","","E","0","","","N"
"GAL","\DATA\","GAL990","DSPS PACIENTE (TAXAS/DIARIAS)","GAST. PACIENTE (TASAS/INTERN.)","PATIENT´S EXPENSES (RATE/D.EXP","","E","0","","","N"
"GAM","\DATA\","GAM990","MUNICIPIOS","MUNICIPIOS","DISTRICTS","","E","0","","","N"
"GAN","\DATA\","GAN990","GRUPO DE FARMACOS","GRUPO DE FARMACOS","MEDICINE GROUP","","E","0","","","N"
"GAO","\DATA\","GAO990","DSPS PACIENTE (PROC/HONORARIO)","GAST. PACIENTE (PROC/HONORAR.)","PATIENT´S EXPENSES (PROC/FEES)","","E","0","","","N"
"GAP","\DATA\","GAP990","CODIGOS DE BARRAS SECUNDARIOS","CODIGOS DE BARRAS SECUNDARIOS","SECONDARY BAR CODES","","E","0","","","N"
"GAQ","\DATA\","GAQ990","GRUPO DE PROCEDIMENTOS","GRUPO DE PROCEDIMIENTOS","PROCEDURE GROUP","","E","0","","","N"
"GAR","\DATA\","GAR990","PROCEDIMENTOS SUS","PROCEDIMIENTOS SUS","SUS PROCEDURES","","E","0","","","N"
"GAS","\DATA\","GAS990","TABELA DO CID","TABLA DEL CID","ICD TABLE","","E","0","","","N"
"GAT","\DATA\","GAT990","LOTES DE FATURAMENTO","LOTES DE FACTURACION","INVOICING LOTS","","E","0","","","N"
"GAU","\DATA\","GAU990","PERCENTUAIS REPASSE P/CONVENIO","PORCENTAJES REPASO P/CONVENIO","REVISING PERCENTAGES F/ H.CARE","","E","0","","","N"
"GAV","\DATA\","GAV990","LEITOS","CAMAS","BEDS","","E","0","","","N"
"GAW","\DATA\","GAW990","GRUPO DE DESPESAS","GRUPO DE GASTOS","EXPENSES GROUP","","E","0","","","N"
"GAX","\DATA\","GAX990","PROCEDIMENTOS NA INTERNACAO","PROCEDIMIENTOS EN INTERNACION","PROCEDURES DURING CONFINEMENT","","E","0","","","N"
"GAY","\DATA\","GAY990","CREDENCIAMENTOS","ACREDITADOS","ACCREDITATIONS","","E","0","","","N"
"GAZ","\DATA\","GAZ990","CADASTRO DE PRESTADORES","ARCHIVO DE PRESTADORES","RENDERER´S FILE","","E","0","","","N"
"GB0","\DATA\","GB0990","LOG FATURTO CONVENIO/MES_ANO","LOG FACTUR CONVENIO/MES_ANO","HEALTH CARE INV.LOG/MHT_YEAR","","E","0","","","N"
"GB1","\DATA\","GB1990","MOVIMENTACAO DE LEITOS","MOVIMIENTOS DE CAMAS","BEDS MOVEMENT","","E","0","","","N"
"GB2","\DATA\","GB2990","CADASTRO DE RN'S","ARCHIVO DE RN","NEWBORN´S FILE","","E","0","","","N"
"GB3","\DATA\","GB3990","Protocolo Controle de Contas","Protocolo Control de Cuentas","Accounts control register","","E","0","","","N"
"GB4","\DATA\","GB4990","AGENDA CIRURGICA","AGENDA QUIRURGICA","SURGICAL AGENDA","","E","0","","","N"
"GB5","\DATA\","GB5990","DESPESAS FIXAS DO PACIENTE","GASTOS FIJOS DEL PACIENTE","PATIENT'S FIXED EXPENSES","","E","0","","","N"
"GB6","\DATA\","GB6990","LOG DA GERACAO DE DIARIAS","LOG DE GENERACION DE TS. INTER","DAILY EXP. GENERATION LOG","","E","0","","","N"
"GB7","\DATA\","GB7990","LOG DA REVALORIZACAO","LOG DE REEVALUACION","REVALUATION LOG","","E","0","","","N"
"GB8","\DATA\","GB8990","LOG DA MONTAGEM/DESMONTAG. KIT","LOG MONTAJE/DESMONTAJE. KIT","KIT ASSEMB/DISASSEMB. LOG","","E","0","","","N"
"GB9","\DATA\","GB9990","SERVICOS EXTERNOS PRESTADOS","SERVICIOS EXTERNOS PRESTADOS","EXTERNAL RENDERED SERVICES","","E","0","","","N"
"GBA","\DATA\","GBA990","ESTIMATIVA DE FATURAMENTO SUS","PREVISION DE FACTURACION SUS","SUS INVOICING ESTIMATE","","E","0","","","N"
"GBB","\DATA\","GBB990","VALORES DE UTI SUS","VALORES DE UTI - SUS","SUS ICU VALUES","","E","0","","","N"
"GBC","\DATA\","GBC990","LANCAMENTOS SUS","ASIENTOS SUS","SUS ENTRIES","","E","0","","","N"
"GBF","\DATA\","GBF990","SALDO DE KITS P/ ALMOXARIFADOS","SALDO DE KITS P/ DEPOSITOS","KIT BALANCES FOR WAREHOUSES","","E","0","","","N"
"GBG","\DATA\","GBG990","CADASTRO DE GLOSAS","ARCHIVO GLOSAS","DISALLOWANCE FILE","","E","0","","","N"
"GBH","\DATA\","GBH990","DADOS ADICIONAIS DE PACIENTES","DATOS ADICIONALES DE PACIENTE","PATIENT'S ADDITIONAL DATA","","E","0","","","N"
"GBI","\DATA\","GBI990","DADOS ADICIONAIS DE PRODUTOS","DATOS ADICIONALES DE PRODUCTOS","PRODUCT ADDITIONAL DATA","","E","0","","","N"
"GBJ","\DATA\","GBJ990","CADASTRO DE PROFISSIONAIS","ARCHIVO DE PROFESIONALES","PROFESSIONAL FILE","","E","0","","","N"
"GBK","\DATA\","GBK990","DESPESAS (MAT/MED) FATURAMENTO","GASTOS (MAT/MED) FACTURACION","(MAT/MED) EXPENSES INVOICING","","E","0","","","N"
"GBL","\DATA\","GBL990","DESPESAS (TAX/DIA) FATURAMENTO","GASTOS (TAS/DIA) FACTURACION","(RATE/DLY EXP.) EXPENSES INV.","","E","0","","","N"
"GBM","\DATA\","GBM990","PARAMETROS DE ESTOQUE","PARAMETROS DE STOCK","STOCK PARAMETERS","","E","0","","","N"
"GBN","\DATA\","GBN990","RESUMO DE ATENDIMENTO","RESUMEN DE ATENCION","SERVICING SUMMARY","","E","0","","","N"
"GBO","\DATA\","GBO990","DESPESAS (PRO/HON) FATURAMENTO","GASTOS (PRO/HON) FACTURACION","(PROC/FEE) EXPENSES INVOICING","","E","0","","","N"
"GBP","\DATA\","GBP990","INTERCONSULTAS","INTERCONSULTAS","CONSULTATION-LIAISON","","E","0","","","N"
"GBQ","\DATA\","GBQ990","PRESCRICOES ELETRONICAS","PRESCRIPCIONES ELECTRONICAS","ELECTRONIC PRESCRIPTIONS","","E","0","","","N"
"GBR","\DATA\","GBR990","ARQ RESULT CUSTO/GLOSAxRECEITA","ARCH. RESUL.COST/GLOS VS. INGR","COST/DISALxREVENUE RESULT FILE","","E","0","","","N"
"GBS","\DATA\","GBS990","FATURAS DE CONVENIOS","FACTURAS DE CONVENIOS","HEALTH CARE INVOICES","","E","0","","","N"
"GBT","\DATA\","GBT990","LOCAIS DE INFECCAO","LOCALE DE INFECCION","BODY INFECTION AREAS","","E","0","","","N"
"GBU","\DATA\","GBU990","PROCEDIMENTOS","PROCEDIMIENTOS","PROCEDURES","","E","0","","","N"
"GBV","\DATA\","GBV990","ANTIBIOTICOS","ANTIBIOTICOS","ANTIBIOTICS","","E","0","","","N"
"GBW","\DATA\","GBW990","CULTURAS","CULTIVOS","CULTURES","","E","0","","","N"
"GBX","\DATA\","GBX990","CABECALHO SOLICITACAO EXAMES","ENCABEZADO SOLICITUD EXAMENES","EXAMS REQUISITION HEADER","","E","0","","","N"
"GBY","\DATA\","GBY990","ITENS DA SOLICITACAO DE EXAMES","ITEMES DE SOLICITUD DE EXAMEN","EXAMS REQUISITION ITEMS","","E","0","","","N"
"GBZ","\DATA\","GBZ990","ANTIBIOGRAMAS","ANTIBIOGRAMAS","ANTIBIOGRAMS","","E","0","","","N"
"GC0","\DATA\","GC0990","REC. DE CONTAS PARTICULARES","COB. CUENTAS PARTICULARES","REC. OF PRIVATE ACCTS.","","E","0","","","N"
"GC1","\DATA\","GC1990","ARMAZENS REQUISICAO P/MAQUINA","ALMACENES SOLICITUD P/ MAQUINA","REQUIS. WAREHOUSES FOR MACHINE","","E","0","","","N"
"GC2","\DATA\","GC2990","AGENDA AMBULATORIAL","AGENDA AMBULATORIO","INFIRMARY AGENDA","","E","0","","","N"
"GC3","\DATA\","GC3990","CONVENIO X EXAM. CONSULTAS","CONVENIO vs EXAM. CONSULTAS","HLTH. INS. X APPOINT. EXAM.","","E","0","","","N"
"GC4","\DATA\","GC4990","MEDICOS X HORARIOS","MEDICOS vs HORARIOS","DOCTORS X SCHEDULES","","E","0","","","N"
"GC5","\DATA\","GC5990","OBSERVACOES DO PRONTUARIO","OBSERVACIONES DE PRONTUARIO","DOSSIER NOTES","","E","0","","","N"
"GC6","\DATA\","GC6990","PLANO X TABELA DE PROCED.","PLAN VS. TABLA DE PROCED.","PLAN vs. PROCEDURE TABLE","","E","0","","","S"
"GC7","\DATA\","GC7990","CABECALHO ETIQUETAS","ENCABEZAMIENTO ETIQUETAS","LABELS HEADER","","E","0","","","N"
"GC8","\DATA\","GC8990","ITENS DA ETIQUETA","ITEMES DE LA ETIQUETA","LABEL ITEMS","","E","0","","","N"
"GC9","\DATA\","GC9990","CONTROLE DE GUIAS","CONTROL DE BOLETAS","GUIAS CONTROL","","E","0","","","N"
"GCA","\DATA\","GCA990","TABELA DE PRECOS MAT/MED","TABLA DE PRECIOS MAT/MED","MAT/MED PRICE LIST","","E","0","","","N"
"GCB","\DATA\","GCB990","ITENS DA TAB. PRECOS MAT/ MED","ITEMES DE TAB. PREC. MAT/ MED","ITEMS FROM MAT/MED PRICE LIST","","E","0","","","N"
"GCC","\DATA\","GCC990","ATUALIZACAO DE PROD. MAT/MED","ACTUALIZACION DE PROD. MAT/MED","MAT/MED PRODUCT UPDATE","","E","0","","","N"
"GCD","\DATA\","GCD990","SALA/PONTO ATENDIMENTO","SALA/PUNTO ATENCION","SERVICING POINT/ROOM","","E","0","","","N"
"GCE","\DATA\","GCE990","PONTO DE ATENDIMENTO","PUNTO DE ATENCION","SERVICING POINT","","E","0","","","N"
"GCF","\DATA\","GCF990","SALA/HORARIO","SALA / HORARIO","ROOM/TIME","","E","0","","","N"
"GCG","\DATA\","GCG990","GRUPO PERGUNTAS X PERGUNTAS","GRUPO PREGUNTAS VS PREGUNTAS","QUESTIONS vs. QUESTIONS GROUP","","E","0","","","S"
"GCH","\DATA\","GCH990","PERGUNTAS","PREGUNTAS","QUESTIONS","","E","0","","","S"
"GCI","\DATA\","GCI990","GRUPO PRECAUCÖES X PRECAUCÖES","GRUPO PRECAUC. VS. PRECAUC.","PRECAUT. vs. PRECAUT. GROUP","","E","0","","","S"
"GCJ","\DATA\","GCJ990","GRUPO DE PRECAUCOES","GRUPO PRECAUCIONES","PRECAUTIONS LIST","","E","0","","","S"
"GCK","\DATA\","GCK990","CADASTRO DE PRECAUCAOES","ARCHIVO PRECAUCIONES","PRECAUTIONS FILE","","E","0","","","S"
"GCL","\DATA\","GCL990","Solicitacoes Pendentes P/ CC","Solicitudes Pendientes P/ CC","Pending Requisitions for CC","","E","0","","","N"
"GCM","\DATA\","GCM990","Convenios X Planos","Convenios vs Planes","Health Care x Plans","","E","0","","","N"
"GCN","\DATA\","GCN990","Tab. Proced. X Hor. Urgencia","Tab. Proced. vs Hor. Urgencia","Proc. Table vs. Urg. Time","","E","0","","","S"
"GCO","\DATA\","GCO990","GRUPO DE PERGUNTAS","GRUPO DE PREGUNTAS","QUESTION GROUP","","E","0","","","N"
"GCP","\DATA\","GCP990","REPOSITORIO DE RESPOSTAS","REPOSITORIO RESPUESTAS","ANSWER REPOSITORY","","E","0","","","N"
"GCQ","\DATA\","GCQ990","MNEUMONICOS","MNEMONICOS","MNEUMONICS","","E","0","","","N"
"GCR","\DATA\","GCR990","Proced x Convenio x Especiali.","Proced vs. Convenio vs. Espec.","Proc. vs. Healthcare vs. Espec","","E","0","","","S"
"GCS","\DATA\","GCS990","LOCAL DE ATENDIMENTO","LOCAL DE ATENCION","SERV. PLACE","","E","0","","","S"
"GCT","\DATA\","GCT990","UNIDADE DE CONSUMO","UNIDAD DE CONSUMO","CONSUMPTION UNIT","","E","0","","","S"
"GCU","\DATA\","GCU990","TIPO DE GUIA","TIPO DE FORMULARIO","FORM TYPE","","E","0","","","S"
"GCV","\DATA\","GCV990","TIPO GUIA X PLANOS PERMITIDOS","TIPO FORM. VS PLANES PERMIT.","FORM TYPE vs. PLANS ALLOWED","","E","0","","","S"
"GCW","\DATA\","GCW990","Clinica","Clinica","Clinic","","E","0","","","S"
"GCX","\DATA\","GCX990","TIPO GUIA X PROCEDIMENTOS","TIPO FORM VS. PROCEDIMIENTOS","FORM TYPE vs. PROCEDURES","","E","0","","","S"
"GCY","\DATA\","GCY990","Atendimentos","Atenciones","Servicings","","E","0","","","S"
"GCZ","\DATA\","GCZ990","Guias de atendimentos","Formul. de atenciones","Servicing forms","","E","0","","","S"
"GD0","\DATA\","GD0990","Origem do paciente","Origen del paciente","Patient origin","","E","0","","","S"
"GD1","\DATA\","GD1990","Carater do atendimento","Carater de la atencion","Servicing character","","E","0","","","S"
"GD2","\DATA\","GD2990","TABELA DE PRECOS DIARIAS TAXAS","TABLA DE PRECIOS DIARIAS TASAS","TABLE OF DAILI RATES PRICES","","E","0","","","S"
"GD3","\DATA\","GD3990","ITENS DA TAB.PRECOS TAX.DIAR.","ITEMS TAB.PRECIOS TASA.DIARIA","ITEMS OF PRICE TAB. DAILY FEE","","C","0","","","S"
"GD4","\DATA\","GD4990","PACIENTE X PLANO","PACIENTE VS. PLAN","PATIENT vs. PLAN","","E","0","","","S"
"GD5","\DATA\","GD5990","Despesas (Mat/Med) paciente","Gastos  (Mat/Med) paciente","Disburs. (Mat/Doc) patient","","E","0","","","S"
"GD6","\DATA\","GD6990","Despesas (Tax/Dia) paciente","Gastos (Tasa/Dia) paciente","Disburs. (Tax/Rat) patient","","E","0","","","S"
"GD7","\DATA\","GD7990","Despesas (Pro/Hon) paciente","Gastos (Pro/Hon) paciente","Disburs. (Pro/Fee) patient","","E","0","","","S"
"GD8","\DATA\","GD8990","PLANO X TABELA PRECO TAX/DIA","PLAN VS. TAB. PRECIO TAX/DIA","PLAN vs. PRICE TABLE RATE/DAI.","","E","0","","","S"
"GD9","\DATA\","GD9990","PLANO X TABELA PRECO MATERIAIS","PLAN VS TAB.  PRECIO MATER.","PLAN vs. MATERIAL PRICE TABLE","","E","0","","","S"
"GDA","\DATA\","GDA990","PLANO X TABELA PRECO MEDICAMEN","PLAN VS. TAB. PRECIO MEDICAM.","PLAN vs. MEDICINE PRICE TABLE","","E","0","","","S"
"GDB","\DATA\","GDB990","ARQUIVO  TABELAS PROCEDIMENTO","ARCHIVO  TABLAS PROCEDIM.","PROCEDURE TABLE FILE","","C","0","","","S"
"GDC","\DATA\","GDC990","TABELA DE LANCTOS AUTOMATICOS","TABLA DE ASIENTOS AUTOMATICOS","AUTOMATIC ENTRY TABLE","","C","0","","","S"
"GDD","\DATA\","GDD990","ITENS DA TAB.LANC.AUTOMATICOS","ITEMS DE TAB.ASTO.AUTOMATICO","AUTOMATIC ENTRY TABLE ITEMS","","C","0","","","S"
"GDE","\DATA\","GDE990","CONVENIO X MATERIAS/MEDICAMEN","CONVENIO VS MATER./MEDICAM.","HEALTHC. vs. MATER./MEDICINE","","E","0","","","S"
"GDF","\DATA\","GDF990","PLANO X RESTAURANTE/FRIGOBAR","PLAN VS. RESTAURANTE/FRIGOBA","PLAN vs. RESTAURANT/FRIGOBAR","","E","0","","","S"
"GDG","\DATA\","GDG990","PLANO X HORARIO DE ACRESCIMO","PLAN VS. HORARIO DE ACRECIMO","PLAN vs. INCREASE SCHEDULE","","E","0","","","S"
"GDH","\DATA\","GDH990","CADASTRO DE VIRUS","ARCHIVO VIRUS","VIRUS FILE","","E","0","","","S"
"GDI","\DATA\","GDI990","MOTIVO DE INTERDICAO","MOTIVO INTERDICCION","REASON FOR INTERDICTION","","C","0","","","S"
"GDJ","\DATA\","GDJ990","CADASTRO DE FUNGOS","ARCHIVO HONGOS","FUNGI FILE","","E","0","","","S"
"GDK","\DATA\","GDK990","CADASTRO DE EXAMES MICROBIOLOG","ARCHIVO EXAMENES MICROBIOL.","MICROBIOLOGIC EXAM FILE","","E","0","","","S"
"GDL","\DATA\","GDL990","CADASTRO DE CAUCAO","ARCHIVO GARANTIA","CAUTION FILE","","C","0","","","S"
"GDM","\DATA\","GDM990","CADASTRO DE MOTIVO DE GLOSA","ARCHIVO MOTIVO DE GLOSA","REASON FOR GLOSS FILE","","C","0","","","S"
"GDN","\DATA\","GDN990","RELACIONA FICHA ATEND./SETOR","RELACIONA FICHA ATENC./SECTOR","RELATES SERVIC. CARD/SECTOR","","C","0","","","S"
"GDO","\DATA\","GDO990","EXAMES POR ATENDIMENTOS","EXAMENES POR ATENCIONES","EXAMS FOR SERVICINGS","","E","0","","","S"
"GDP","\DATA\","GDP990","VIRUS POR ATENDIMENTOS","VIRUS POR ATENCIONES","VIRUS FOR SERVICINGS","","E","0","","","S"
"GDQ","\DATA\","GDQ990","FUNGOS POR ATENDIMENTOS","HONGOS POR ATENCIONES","FUNGI FOR SERVICINGS","","E","0","","","S"
"GDR","\DATA\","GDR990","PROCEDIMENTOS POR ATENDIMENTO","PROCEDIMIENTOS POR ATENCION","PROCEDURES FOR SERVICING","","E","0","","","S"
"GDS","\DATA\","GDS990","CADASTRO DO HISTORICO DO LEITO","ARCHIVO HISTORIAL CAMA","BED HISTORY FILE","","C","0","","","S"
"GDT","\DATA\","GDT990","RELACIONA LEITO X INTERDICAO","RELACIONA CAMA VS. INTERDIC.","RELATES BED vs. INTERDICTION","","C","0","","","S"
"GDU","\DATA\","GDU990","CIRURGIAS POR ATENDIMENTOS","CIRUGIAS POR ATENCIONES","SURGERIES FOR SERVICINGS","","E","0","","","S"
"GDV","\DATA\","GDV990","Regras de credenciamento","Reglas de registro","Qualification Rules","","E","0","","","S"
"GDX","\DATA\","GDX990","Extrato Profissional","Extracto Profesional","Professional Statement","","E","0","","","S"
"GDY","\DATA\","GDY990","RELACIONAMENTO DIETA PACIENTE","RELACION DIETA PACIENTE","DIET PATIENT RELAT.","","C","0","","","S"
"GDZ","\DATA\","GDZ990","RELACIONA ATO MEDICO PACIENTE","RELACIONA ACTO MEDICO PACIENTE","RELATE ACT DOCTOR PATIENT","","C","0","","","S"
"GE0","\DATA\","GE0990","Extrato de Convenio","Extracto de Convenio","Health care statement","","E","0","","","S"
"GE1","\DATA\","GE1990","Itens do Protocolo de Contas","Items de Comprobante de Cuenta","Accounts register items","","E","0","","","N"
"GE2","\DATA\","GE2990","Autorizacäo de guias - Mat/Med","Autorizacion de form - Mat/Med","Forms authorization - Mat/Med","","E","0","","","N"
"GE3","\DATA\","GE3990","Autorizacao de guias - Proced.","Autorizacion de form. - Proced","Forms authorization - Procedur","","E","0","","","N"
"GE8","\DATA\","GE8990","Prorrogacao de guias","Prorroga de formularios","Forms postponement","","E","0","","","N"
"GE9","\DATA\","GE9990","Agenda Cirurgica - Medicos","Agenda Quirurgica - Medicos","Surgical agenda - Physicians","","E","0","","","S"
"GEA","\DATA\","GEA990","Agenda Cirurgica - Procedimen.","Agenda Quirurgica - Procedim.","Surgical agenda - Procedures","","E","0","","","S"
"GEB","\DATA\","GEB990","Agenda Cirurgica - Mat. Espec.","Agenda Quirurgica - Mat. Espec","Surgical agenda - Specif. Mat.","","E","0","","","S"
"GEC","\DATA\","GEC990","TIPO DE LIVRO","TIPO DE LIBRO","BOOK TYPE","","C","0","","","N"
"GED","\DATA\","GED990","CONFIGURACÄO DE LIVROS","CONFIGURACION DE LIBROS","BOOK SETUP","","C","0","","","N"
"GF0","\DATA\","GF0990","Recurso de Convenio","Recurso de Convenio","Health care resource","","E","0","","","S"
"GF5","\DATA\","GF5990","Extrato Convenio (Mat/Med)","Extracto Convenio (Mat/Med)","Health care balance (Mat/Med)","","E","0","","","S"
"GF6","\DATA\","GF6990","Extrato Convenio (Tax/Dia)","Extracto Convenio (Tasa/Dia)","Health care balance (Rat/Day)","","E","0","","","S"
"GF7","\DATA\","GF7990","Extrato Convenio (Pro/Hon)","Extracto Convenio (Pro/Hon)","Health care balance (Pro/Hon)","","E","0","","","S"
"GM0","\DATA\","GM0990","SETOR x PLANO","SECTOR VS. PLAN","SECTOR vs. PLAN","","E","0","","","S"
"GM1","\DATA\","GM1990","SETOR X USUARIO","SECTOR VS. USUARIO","SECTOR vs. USER","","E","0","","","S"
"GM2","\DATA\","GM2990","SETOR X PROCEDIMENTO","SECTOR VS. PROCEDIMIENTO","SECTOR vs. PROCEDURE","","E","0","","","S"
"GM3","\DATA\","GM3990","DISPONIBILIDADE X PROCEDIMENTO","DISPONIBILIDAD VS. PROCEDIM.","AVAILABILITY vs. PROCEDURE","","E","0","","","S"
"GM4","\DATA\","GM4990","DISP. AMBULATORIAL X PLANO","DISP. AMBULATORIA VS. PLAN","POLYCLINIC vs. PLAN AVAILABILI","","E","0","","","S"
"GM5","\DATA\","GM5990","DISPONIBILIDADE X DIA SEMANA","DISPONIBILIDAD VS. DIA SEMANA","AVAILABILITY vs. DAY WEEK","","E","0","","","S"
"GM6","\DATA\","GM6990","DISPONIBILIDADE MEDICA","DISPONIBILIDAD MEDICA","MEDICAL AVAILABILITY","","E","0","","","S"
"GM7","\DATA\","GM7990","MOTIVO DE CANCELAMENTO","MOTIVO DE ANULACION","REASON FOR CANCELLATION","","E","0","","","S"
"GM8","\DATA\","GM8990","AGENDA AMBULATORIAL","AGENDA AMBULATORIA]","POLICLINIC TIMETABLE","","C","0","","","S"
"GM9","\DATA\","GM9990","AGENDAMENTOS CANCELADOS","AGENDAMiENTOS ANULADOS","CANCELLED SCHEDULES","","E","0","","","S"
"GMA","\DATA\","GMA990","AGENDAMENTOS TRANSFERIDOS","AGENDAMIENTOS TRANSFERIDOS","TRANSFERRED SCHEDULES","","E","0","","","S"
"GMB","\DATA\","GMB990","SETOR x TAXA DIARIA","SECTOR VS. TASA DIARIA","SECTOR vs. DAILY RATE","","E","0","","","S"
"GMC","\DATA\","GMC990","ATO MEDICO","ACTO MEDICO","MEDICAL ACT","","E","0","","","S"
"GMD","\DATA\","GMD990","DISPONIBILIDADE CIRURGICA","DISPONIBILIDAD QUIRURGICA","SURGICAL AVAILABILITY","","E","0","","","S"
"GME","\DATA\","GME990","EQUIPE MEDICA","EQUIPO MEDICO","MEDICAL TEAM","","E","0","","","S"
"GMF","\DATA\","GMF990","EQUIPE MEDICA X MEDICOS","EQUIPO MEDICO VS. MEDICOS","MEDICAL TEAM vs. DOCTORS","","E","0","","","S"
"GMG","\DATA\","GMG990","DISP.CIRURG. X DIA SEMANA","DISP.QUIR. VS. DIA SEMANA","SURGICAL AVAIL. vs. DAY OF WEE","","E","0","","","S"
"GMH","\DATA\","GMH990","DISP.CIRURG. X CONV/PLANO","DISP. QUIR. VS. CONV/PLAN","SURGICAL AVAIL. vs. HLTHCR/PLA","","E","0","","","S"
"GMI","\DATA\","GMI990","DISP.CIRURG. X PROCEDIMENTO","DISP. QUIR. VS. PROCEDIM.","SURGICAL AVAIL. vs. PROCEDURE","","E","0","","","S"
"GMJ","\DATA\","GMJ990","RESERVA CIRUGICA","RESERVA QUIRUGICA","SURGICAL RESERVATION","","C","0","","","S"
"GML","\DATA\","GML990","RESERVAS CANCELADAS","RESERVAS ANULADAS","CANCELLED RESERVATION","","E","0","","","S"
"GMM","\DATA\","GMM990","RESERVAS TRANSFERIDAS","RESERVAS TRANSFERIDAS","TRANSFERRED RESERVATION","","E","0","","","S"
"GO0","\DATA\","GO0990","CABECALHO ORCAMENTO ATEND","ENCABEZADO PRESUP. ATENCION","SERVICE BUDGET HEADER","","E","0","","","N"
"GO1","\DATA\","GO1990","ITENS DO ORCAMENTO ATEND","ITEMES DE ENCABEZADO ATENCION","SERV. BUDGET ITEMS","","E","0","","","N"
"GR0","\DATA\","GR0990","REMESSA PARA CONVENIOS","ENVIO PARA CONVENIOS","REMITTANCE TO HEALTHCARE","","E","0","","","N"
"GSA","\DATA\","GSA990","SOLICITACAO DE PRONTUARIOS","SOLICITUD DE PRONTUARIOS","MEDICAL RECORD REQUEST","","C","0","","","S"
"GSB","\DATA\","GSB990","CADASTRO PRONTUARIO X ENDERECO","ARCHIVO PRONTUARIO VS. DIREC.","MED. RECORD vs. ADDR. FILE","","C","0","","","S"
"GSC","\DATA\","GSC990","CAD. DE MOTIVOS DE SOLICITACAO","ARCHIVO MOTIVOS DE SOLICITUD","REQUEST REASON FILE","","C","0","","","S"
"GSD","\DATA\","GSD990","CAD.ENDERECOS DE PRONTUARIOS","ARCH. DIRECCIONES PRONTUARIOS","MEDICAL RECORD ADDR. FILE","","C","0","","","S"
"GSE","\DATA\","GSE990","NAO CONFORMIDADES","NO CONFORMIDADES","NON-CONFORMANCES","","C","0","","","S"
"GSF","\DATA\","GSF990","TIPOS DE NAO CONFORMIDADES","TIPOS DE NO CONFORMIDADES","NON-CONFORMANCE TYPES","","C","0","","","S"
"IC1","\DATA\","IC1990","COMITE MULTIDISCIPLINAR","COMITE MULTIDISCIPLINARIO","GOVERNAMENT BODY","","C","0","","IC1_FILIAL+IC1_COMITE","N"
"IC2","\DATA\","IC2990","ITENS DO COMITE","ITEMS DEL COMITE","COMMIITTEE ITENS","","C","0","","IC2_FILIAL+IC2_COMITE+IC2_MAT","N"
"IC3","\DATA\","IC3990","FATORES CRITICOS SUCESSO-FCS","FATORES CRITICOS DE EXITO-FCS","SUCCESS. CRITICAL FACTORS -SCF","","C","0","","IC3_FILIAL+IC3_FCS","N"
"IC4","\DATA\","IC4990","OBJETIVOS E CONTROLES","OBJETIVOS Y CONTROLES","OBJECTIVES AND CONTROLS","","C","0","","IC4_FILIAL+IC4_CODQT+IC4_PROCES","N"
"IC5","\DATA\","IC5990","PESQUISAS (CONTROLES INTERNOS)","ENCUESTAS (CONTROLES INTERNOS)","SEARCHES FILE","","C","0","","IC5_FILIAL+IC5_CODPQ","N"
"IC6","\DATA\","IC6990","QUESTIONARIOS-ICQ","CUESTIONARIOS-ICQ","QUESTIONNAIRE-ICQ","","C","0","","IC6_FILIAL+IC6_CODPQ+IC6_CODQT","N"
"IC7","\DATA\","IC7990","GRUPOS DE QUESTIONARIOS-ICQ","GRUPOS DE CUESTIONARIOS-ICQ","QUESTIONNAIRE GROUP-ICQ","","C","0","","IC7_FILIAL+IC7_CODQT+IC7_CODGRP","N"
"IC8","\DATA\","IC8990","SUBGRUPOS DE QUESTIONARIOS-ICQ","SUBGRUPOS DE CUESTIONARIOS-ICQ","QUESTIONNAIRE SUBGROUPS-ICQ","","C","0","","IC8_FILIAL+IC8_CODQT+IC8_CODGRP+IC8_CODSUB","N"
"IC9","\DATA\","IC9990","PERGUNTAS-ICQ","PREGUNTAS-ICQ","QUESTIONS-ICQ","","C","0","","IC9_FILIAL+IC9_CODQT+IC9_CODQST","N"
"ICA","\DATA\","ICA990","ALTERNATIVAS DAS PERGUNTAS-ICQ","ARCHIVO DE PREGUNTAS-ICQ","ALTERNATIVE FILE-ICQ","","C","0","","ICA_FILIAL+ICA_CODQT+ICA_CODQST+ICA_CODALT","N"
"ICB","\DATA\","ICB990","COLUNAS DAS ALTERNATIVAS-ICQ","COLUMNAS DE ALTERNATIVAS-ICQ","ALTERNATIVE COLUMNS-ICQ","","C","0","","ICB_FILIAL+ICB_CODQT+ICB_CODQST+ICB_CODCOL","N"
"ICC","\DATA\","ICC990","RESPOSTAS-ICQ","RESPUESTAS-ICQ","ANSWERS-ICQ","","C","0","","","N"
"ICD","\DATA\","ICD990","ITENS DA RESPOSTA-ICQ","ITEMS DE LA RESPUESTA-ICQ","ANSWER ITEMS-ICQ","","C","0","","ICD_FILIAL+ICD_RESPPQ+ICD_PROCES+ICD_CODQST+ICD_CODALT","N"
"ICE","\DATA\","ICE990","SELECAO DE DESTINATARIOS","SELECCION DE DESTINATARIOS","RECIPIENT SELECTION","","C","0","","ICE_FILIAL+ICE_CODPQ+ICE_SEQFLD+ICE_ARQUIV+ICE_SEQUEN","N"
"ICF","\DATA\","ICF990","MATRIZ DE PERGUNTAS-ICQ","MATRIZ DE PREGUNTAS-ICQ","QUESTIONS MATRIX-ICQ","","C","0","","","N"
"ICG","\DATA\","ICG990","TABELA GENERICA DE RISCOS","TABLA GENERICA DE RIESGOS","GERNERAL RISK FILE","","C","0","","","N"
"ICH","\DATA\","ICH990","EVENTO DE RISCO","EVENTO DE RIESGO","RISK EVENT","","C","0","","ICH_FILIAL+ICH_EVENTO","N"
"ICI","\DATA\","ICI990","DETALHES DO RISCO","DETALLES DEL RIESGO","RISK DETAILS","","C","0","","ICI_FILIAL+ICI_EVENTO+ICI_RISCO","N"
"ICJ","\DATA\","ICJ990","METODO MOSLER","METODO MOSLER","MOSLER METHOD","","C","0","","ICJ_FILIAL+ICJ_EVENTO+ICJ_RISCO","N"
"ICK","\DATA\","ICK990","METODO T. FINE","METODO T. FINE","T. FINE METHOD","","C","0","","ICK_FILIAL+ICK_EVENTO+ICK_RISCO","N"
"ICL","\DATA\","ICL990","METODO ESTATISTICO","METODO ESTADISTICO","STATISTIC METHOD","","C","0","","ICL_FILIAL+ICL_EVENTO+ICL_RISCO","N"
"ICM","\DATA\","ICM990","PLANO DE ACAO","PLAN DE ACCION","ACTION PLAN","","C","0","","ICM_FILIAL+ICM_CODIGO+ICM_REV","N"
"ICN","\DATA\","ICN990","REVISOES DO PLANO DE ACAO","REVISIONES DEL PLAN DE ACCION","ACTION PLAN REVIEW","","C","0","","ICN_FILIAL+ICN_CODIGO+ICN_REV","N"
"JA1","\DATA\","JA1990","CADASTRO DE CANDIDATOS","ARCHIVO DE CANDIDATOS","CANDIDATES REGISTER","","C","0","","JA1_FILIAL+JA1_CODINS","S"
"JA2","\DATA\","JA2990","CADASTRO DE ALUNOS","ARCHIVO DE ALUMNOS","STUDENTS REGISTER","","C","0","","JA2_FILIAL+JA2_NUMRA","S"
"JA3","\DATA\","JA3990","CADASTRO DE LOCAIS","ARCHIVO DE LOCALES","PLACES REGISTERS","","C","0","","JA3_FILIAL+JA3_CODLOC","S"
"JA4","\DATA\","JA4990","LOCAIS X PREDIOS","LOCALE vs EDIFICIOS","LOCATIONS X BUILDINGS","","C","0","","JA4_FILIAL+JA4_CODLOC+JA4_CODPRE","S"
"JA5","\DATA\","JA5990","LOCAIS X PREDIOS X SALAS","LOCALES vs EDIFICIOS vs AULAS","LOCATIONSXBUILDINGSXROOMS","","C","0","","JA5_FILIAL+JA5_CODLOC+JA5_CODPRE+JA5_ANDAR+JA5_CODSAL","S"
"JA6","\DATA\","JA6990","CADASTRO DE PROCESSO SELETIVO","ARCHIVO PROCESO DE SELECCION","S.A.T.FILE","","C","0","","JA6_FILIAL+JA6_CODIGO","S"
"JA7","\DATA\","JA7990","PROC.SELETIVO X CURSOS","PROC.SELECCCION vs CURSOS","S.A.T X COURSES","","C","0","","JA7_FILIAL+JA7_CODIGO+JA7_CODCUR","S"
"JA8","\DATA\","JA8990","P.SELETIVO X FASE X DISCIPLINA","P.SELEC vs ETAPA vs MATERIA","S.A.T.XSTAGEXSUBJECT","","C","0","","JA8_FILIAL+JA8_CODIGO+JA8_FASE+JA8_CODCUR+JA8_CODDIS","S"
"JA9","\DATA\","JA9990","P.SELETIVO X FASE X LOCAIS","P.SELEC vs ETAPA vs LOCALES","S.A.T.XSTAGEXLOCATIONS","","C","0","","JA9_FILIAL+JA9_CODIGO+JA9_FASE+JA9_DTNOR+JA9_CODLOC+JA9_CODPRE+JA9_ANDAR+JA9_CODSAL","S"
"JAA","\DATA\","JAA990","P.SELETIVO X FASE X AVAL.DISSE","P.SELEC vs ETAPA vs EVAL.DISER","S.A.T.XSTAGEXWRITTEN EVAL.","","C","0","","JAA_FILIAL+JAA_CODIGO+JAA_FASE+JAA_CODCAN+JAA_CODDIS+JAA_CODQUE","S"
"JAB","\DATA\","JAB990","CADASTRO DE CONVENIO","ARCHIVO DE CONVENIO","AGREEMENT FILE","","C","0","","JAB_FILIAL+JAB_CODIGO","S"
"JAC","\DATA\","JAC990","P.SELETIVO X CONTROLE CHAMADAS","P.SELEC vs CONTROL LLAMADAS","S.A.T. X CALL CONTROL","","C","0","","JAC_FILIAL+JAC_CODIGO+JAC_CODCHA","S"
"JAD","\DATA\","JAD990","P.SELETIVO X FASE X IDIOMA AVA","P.SELEC vs ETAPA vs IDIOM EVAL","S.A.TXSTAGEXLANG.EVALT.","","C","0","","JAD_FILIAL+JAD_CODIGO+JAD_CODIDI","S"
"JAE","\DATA\","JAE990","CADASTRO DE DISCIPLINAS","ARCHIVO DE MATERIAS","SUBJECT FILE","","C","0","","JAE_FILIAL+JAE_CODIGO","S"
"JAF","\DATA\","JAF990","CADASTRO DE CURSOS","ARCHIVO DE CURSOS","COURSE FILE","","C","0","","JAF_FILIAL+JAF_COD+JAF_VERSAO","S"
"JAG","\DATA\","JAG990","CADASTRO DE AREAS","ARCHIVO DE AREAS","AREAS FILES","","C","0","","JAG_FILIAL+JAG_CODIGO","S"
"JAH","\DATA\","JAH990","CURSO VIGENTE","CURSO VIGENTE","CURRENT COURSE","","C","0","","JAH_FILIAL+JAH_CODIGO","S"
"JAI","\DATA\","JAI990","P.SELETIVO X FASES","P.SELEC vs ETAPAS","S.A.T. X STAGES","","C","0","","JAI_FILIAL+JAI_CODIGO+JAI_FASE+JAI_DTNOR+JAI_CODGAB+JAI_HRNDE","S"
"JAJ","\DATA\","JAJ990","CURSOS X COORDENADORES","CURSOS vs COORDINADORES","COURSES X COORDENATORS","","C","0","","JAJ_FILIAL+JAJ_CODCUR+JAJ_CODCOO","S"
"JAK","\DATA\","JAK990","CAD. GRUPOS DE DOCUMENTOS","ARCHIVO GRUPOS DE DOCUMENTOS","DOCUMENT GROUP FILE","","C","0","","JAK_FILIAL+JAK_CODIGO+JAK_CODDOC","S"
"JAL","\DATA\","JAL990","CADASTRO DE GABARITOS","ARCHIVO DE SOLUCIONARIOS","ANSWER SHEET FILE","","C","0","","JAL_FILIAL+JAL_CODIGO","S"
"JAM","\DATA\","JAM990","GABARITO X QUESTOES","SOLUCIONARIOS vs PREGUNTAS","ANSWER SHEET X QUESTIONS","","C","0","","JAM_FILIAL+JAM_CODGAB+JAM_CODQUE","S"
"JAN","\DATA\","JAN990","GABARITO X QUESTOES X RESPOSTA","SOLUC. vs PREGUNT. vs RESPUEST","ANSWER SHEETXQUESTIONSXANSWERS","","C","0","","JAN_FILIAL+JAN_CODGAB+JAN_CODQUE+JAN_CODRES","S"
"JAO","\DATA\","JAO990","CAD. GRUPO DE FORMAS DE COMUN.","ARCH. GRUPO FORMAS DE COMUNIC.","COMMUN.MEANS GROUP FILE","","C","0","","JAO_FILIAL+JAO_CODIGO+JAO_FORMA","S"
"JAP","\DATA\","JAP990","CANDIDATO X RESPOSTA","CANDIDATO vs RESPUESTA","CANDIDATE X ANSWER","","C","0","","JAP_FILIAL+JAP_CODCAN+JAP_CODGAB+JAP_CODDIS+JAP_CODQUE","S"
"JAQ","\DATA\","JAQ990","CANDIDATOS X FORMAS DE COMUNIC","CANDIDATOS vs FORMAS DE COMUN","CANDIDATES X COMMUN.MEANS","","C","0","","JAQ_FILIAL+JAQ_CODCAN+JAQ_FORMA","S"
"JAR","\DATA\","JAR990","CURSO VIGENTE X PERIODO LETIVO","CURSO VIGENTE vs PERIOD LECT","CURRENT COURSE/SCHOOL YEAR","","C","0","","JAR_FILIAL+JAR_CODCUR+JAR_PERLET+JAR_HABILI","S"
"JAS","\DATA\","JAS990","DISCIPL / CURS.VIG. / PER.LET.","MATERIA / CURS.VIG. / PER.LECT","SUBJECT/CURR.COURSE/SCH.YEAR","","C","0","","JAS_FILIAL+JAS_CODCUR+JAS_PERLET+JAS_HABILI+JAS_CODDIS","S"
"JAT","\DATA\","JAT990","HEADER CONTEUDO PROGRAMATICO","HEADER CONTENIDO PROGRAMATICO","SCHOOL PROGRAM CONT.HEADER","","C","0","","JAT_FILIAL+JAT_CODCUR+JAT_PERLET+JAT_HABILI+JAT_CODDIS+JAT_TURMA","S"
"JAU","\DATA\","JAU990","ITENS CONTEUDO PROGRAMATICO","ITEMES CONTENIDO PROGRAMATICO","SCHOOL PROGRAM CONT.ITEMS","","C","0","","JAU_FILIAL+JAU_CODCUR+JAU_PERLET+JAU_HABILI+JAU_CODDIS+JAU_TURMA+JAU_ITEM+JAU_DATA","S"
"JAV","\DATA\","JAV990","CANDIDATOS X FASES VESTIBULAR","CANDIDATOS vs ETAPAS EX.INGRES","CANDIDATES X COLL.ENT.EXAM.STA","","C","0","","JAV_FILIAL+JAV_CODCAN+JAV_CODPRO+JAV_CODFAS+JAV_CODCUR","S"
"JAW","\DATA\","JAW990","Itens Curso","Itemes Curso","Course ITEMS","","C","0","","JAW_FILIAL+JAW_CURSO+JAW_VERSAO+JAW_PERLET+JAW_HABILI","S"
"JAX","\DATA\","JAX990","CANDIDATOS X OPCOES DE CURSOS","CANDIDATOS vs OPCIONES CURSO","CANDIDATES X COURSE OPTIONS","","C","0","","JAX_FILIAL+JAX_CODCAN+JAX_CODCUR","S"
"JAY","\DATA\","JAY990","Curso X Grade Curricular","Curso vs Plan Curricular","Course X Schedule of Classes","","C","0","","JAY_FILIAL+JAY_CURSO+JAY_VERSAO+JAY_PERLET+JAY_HABILI+JAY_CODDIS","S"
"JAZ","\DATA\","JAZ990","CONT. PROGRAMATICO PREV.(ITEM)","CONT. PROGRAMATICO PREV.(ITEM)","ESTIM.SCHOOL PROGRAM CONT(ITEM","","C","0","","JAZ_FILIAL+JAZ_CURSO+JAZ_VERSAO+JAZ_PERLET+JAZ_HABILI+JAZ_ANO+JAZ_PERIOD+JAZ_CODDIS+JAZ_ITEM","S"
"JB1","\DATA\","JB1990","CURSO X DISCIPLINAS X CO-REQ.","CURSO vs MATERIAS vs CO-SOLIC","COURSE X SUBJECTS X PREREQU.","","C","0","","JB1_FILIAL+JB1_CODCUR+JB1_ANOLET+JB1_PERLET+JB1_CODDIS+JB1_CODCOR","S"
"JB2","\DATA\","JB2990","Header de Faixa Etaria","Header de Rango de Edad","Age Range Header","","C","0","","JB2_FILIAL+JB2_COD","S"
"JB3","\DATA\","JB3990","CONT. PROGRAMATICO PREV.(CAB.)","CONT. PROGRAMATICO PREV.(CAB.)","ESTIM.SCH.PROG.CONTENT (CAB.)","","C","0","","JB3_FILIAL+JB3_CURSO+JB3_VERSAO+JB3_PERLET+JB3_HABILI+JB3_ANO+JB3_PERIOD+JB3_CODDIS","S"
"JB4","\DATA\","JB4990","CANDIDATOS X NOTAS P.S.","CANDIDATOS vs NOTAS P.S.","CANDIDATES X S.A.T. GRADES","","C","0","","JB4_FILIAL+JB4_PROCES+JB4_FASE+JB4_CODCAN+JB4_CODCUR+JB4_CODDIS","S"
"JB5","\DATA\","JB5990","CURSO VIGENTE X FINANCEIRO","CURSO VIGENTE vs FINANCIERO","CURRENT COURSE X FINANCIALS","","C","0","","JB5_FILIAL+JB5_CODFIN+JB5_CODCUR+JB5_PERLET+JB5_HABILI+JB5_PARCEL","S"
"JB6","\DATA\","JB6990","Itens de Faixa Etaria","Itemes de Rango de Edad","Age Range Items","","C","0","","JB6_FILIAL+JB6_COD+JB6_ITEM","S"
"JB7","\DATA\","JB7990","LOG PROCESSAMENTO DE CHAMADAS","LOG PROCESAMIENTO DE LLAMADAS","CALL PROCESSING LOG","","C","0","","JB7_FILIAL+JB7_PROSEL+JB7_FASE+JB7_CURSO+JB7_OPCAO+JB7_DATA+JB7_CODPRO","S"
"JB8","\DATA\","JB8990","INTERVALOS DE AULAS","INTERVALOS DE CLASES","CLASSES INTERVALS","","C","0","","JB8_FILIAL+JB8_COD","S"
"JB9","\DATA\","JB9990","ITENS DE INTERVALOS DE AULAS","ITEMES DE INTERVALOS DE CLASES","CLASS INTERVAL ITEMS","","C","0","","JB9_FILIAL+JB9_COD+JB9_ITEM","S"
"JBA","\DATA\","JBA990","AGLUTINACAO DE TITULOS","AGLOMERACION DE TITULOS","BILLS GROUPING","","C","0","","JBA_FILIAL+JBA_COD+JBA_CODDIS","S"
"JBB","\DATA\","JBB990","Lista de espera","Lista de espera","Waiting List","","C","0","","JBB_FILIAL+JBB_CODCUR+JBB_NUMRA+JBB_SEQUEN","S"
"JBC","\DATA\","JBC990","HEADER DO CADASTRO DE HORARIOS","HEADER DE ARCHIVO DE HORARIOS","SCHEDULE FILE HEADER","","C","0","","JBC_FILIAL+JBC_CODIGO","S"
"JBD","\DATA\","JBD990","ITENS DO CADASTRO DE HORARIOS","ITEMES DE ARCHIVO DE HORARIOS","SCHEDULE FILE ITEMS","","C","0","","JBD_FILIAL+JBD_CODIGO+JBD_ITEM","S"
"JBE","\DATA\","JBE990","Header Alocacao do Aluno","Header Asignacion del Alumno","student Allocation Header","","C","0","","JBE_FILIAL+JBE_NUMRA+JBE_CODCUR+JBE_PERLET+JBE_HABILI+JBE_TURMA","S"
"JBF","\DATA\","JBF990","HEADER CONF. DE REQUERIMENTOS","HEADER CONF. DE SOLICITUDES","REQUERIMENT CONF.HEADER","","C","0","","JBF_FILIAL+JBF_COD+JBF_VERSAO","S"
"JBG","\DATA\","JBG990","ITENS CONF. DE REQUERIMENTOS","ITEMES CONF. DE SOLICITUDES","REQUERIMENT CONF.ITEMS","","C","0","","JBG_FILIAL+JBG_COD+JBG_VERSAO+JBG_ORDEM","S"
"JBH","\DATA\","JBH990","HEADER DA SOLICITACAO DE REQ.","HEADER DE LA SOLICITUD","REQUISITION HEADER","","C","0","","JBH_FILIAL+JBH_NUM","S"
"JBI","\DATA\","JBI990","ITENS DA SOLICITACAO DE REQ.","ITEMES DE LA SOLICITUD","REQUISITION ITEMS","","C","0","","JBI_FILIAL+JBI_NUM+JBI_ORDEM","S"
"JBJ","\DATA\","JBJ990","CADASTRO DE DEPARTAMENTOS","ARCHIVO DE DEPARTAMENTOS","DEPARTMENT FILE","","C","0","","JBJ_FILIAL+JBJ_COD","S"
"JBK","\DATA\","JBK990","HEADER GRADE DE AULAS","HEADER PLAN CURRICULAR","SCHEDULE OF CLASSES HEADER","","C","0","","JBK_FILIAL+JBK_CODCUR+JBK_PERLET+JBK_HABILI+JBK_TURMA","S"
"JBL","\DATA\","JBL990","ITENS GRADE DE AULAS","ITEMES PLAN CURRICULAR","SCHEDULE OF CLASSES ITEMS","","C","0","","JBL_CODCUR+JBL_PERLET+JBL_HABILI+JBL_TURMA+JBL_DIASEM+JBL_ITEM","S"
"JBM","\DATA\","JBM990","MOVIMENTACAO DE RESERVAS","MOVIMIENTO DE RESERVAS","RESERVATION MOVEMENT","","C","0","","JBM_FILIAL+JBM_NUM","S"
"JBN","\DATA\","JBN990","HEADER CURSO X SALAS","HEADER CURSO vs AULAS","COURSE HEADER X ROOMS","","C","0","","JBN_FILIAL+JBN_CODCUR+JBN_PERLET+JBN_HABILI","S"
"JBO","\DATA\","JBO990","ITENS CURSO X SALAS","ITEMES CURSO vs AULAS","COURSE ITEMS X ROOMS","","C","0","","JBO_FILIAL+JBO_CODCUR+JBO_PERLET+JBO_HABILI+JBO_TURMA","S"
"JBP","\DATA\","JBP990","DOCUMENTOS PARA IMPRESSAO","DOCUMENTOS PARA IMPRESiON","DOCUMENTS FOR PRINTING","","C","0","","","S"
"JBQ","\DATA\","JBQ990","CURSO X AVALIACOES","CURSO vs EVALUACIONES","COURSE X EVALUATIONS","","C","0","","JBQ_FILIAL+JBQ_CODCUR+JBQ_PERLET+JBQ_HABILI+JBQ_CODAVA","S"
"JBR","\DATA\","JBR990","HEADER ALUNO X NOTAS","HEADER ALUMNO vs NOTAS","STUDENT HEADER X GRADES","","C","0","","JBR_FILIAL+JBR_CODCUR+JBR_PERLET+JBR_HABILI+JBR_TURMA+JBR_CODDIS+JBR_CODAVA","S"
"JBS","\DATA\","JBS990","ITENS ALUNO X NOTAS","ITEMES ALUMNO vs NOTAS","STUDENT ITEMS X GRADES","","C","0","","JBS_FILIAL+JBS_CODCUR+JBS_PERLET+JBS_HABILI+JBS_TURMA+JBS_CODDIS+JBS_CODAVA+JBS_NUMRA","S"
"JBT","\DATA\","JBT990","CURSO X CONCEITO MEC","CURSO vs CONCEPTO MEC","COURSE X MES CONCEPTS","","C","0","","JBT_FILIAL+JBT_CODCUR+JBT_ANOLET","S"
"JBU","\DATA\","JBU990","Ocorrencias","Ocurrencias","Occurrences","","C","0","","JBU_FILIAL+JBU_NUMRA+JBU_CODCUR+JBU_PERLET+JBU_HABILI+JBU_TURMA+JBU_OCORR","S"
"JBV","\DATA\","JBV990","CAD. DE CALENDARIO ACADEMICO","ARCH. DE CALENDARIO ACADEMICO","ACADEMIC CALENDAR FILE","","C","0","","JBV_FILIAL+JBV_COD+JBV_ITEM","S"
"JBW","\DATA\","JBW990","HEADER PROFESSOR X FALTAS","HEADER PROFESOR vs FALTAS","TEACHER HEADER X ABSENCES","","C","0","","JBW_FILIAL+JBW_MATPRF+JBW_DATA","S"
"JBX","\DATA\","JBX990","CLASSIFICACAO ISCED","CLASIFICACION ISCED","ISCED CLASSIFICATION","","C","0","","JBX_FILIAL+JBX_COD","S"
"JBY","\DATA\","JBY990","ITENS PROFESSOR X FALTAS","ITEMES PROFESOR vs FALTAS","TEACHER ITEMS X ABSENCES","","C","0","","JBY_FILIAL+JBY_MATPRF+JBY_DATA+JBY_DIASEM+JBY_CODHOR+JBY_HORA1+JBY_HORA2","S"
"JBZ","\DATA\","JBZ990","Pre-Requisitos de Disciplina","Requisitos previos de Materia","Subject Prerequisite","","C","0","","JBZ_FILIAL+JBZ_CURSO+JBZ_VERSAO+JBZ_PERLET+JBZ_HABILI+JBZ_CODDIS+JBZ_PREREQ","S"
"JC1","\DATA\","JC1990","CAD.DE ALUNO X RESPONSAVEIS","ARCH.DE ALUMNO vs RESPONSABLE","STUDENT FILE X RESPONSIBLE","","C","0","","JC1_FILIAL+JC1_NUMRA+JC1_ITEM","S"
"JC2","\DATA\","JC2990","CADASTRO DE CEP","ARCHIVO DE COD. POSTAL","ZIP CODE FILE","","C","0","","JC2_FILIAL+JC2_CEP","S"
"JC3","\DATA\","JC3990","TIPO REQUERIMENTO X PERGUNTAS","TIPO SOLICITUD vs PREGUNTAS","REQUIREMENT TYPE X QUESTIONS","","C","0","","JC3_FILIAL+JC3_COD+JC3_VERSAO+JC3_SEQ","S"
"JC4","\DATA\","JC4990","BOLSAS","BECAS","SCHOLARSHIPS","","C","0","","JC4_FILIAL+JC4_COD","S"
"JC5","\DATA\","JC5990","ALUNOS X BOLSAS","ALUMNOS vs BECAS","STUDENTS X SCHOLARSHIPS","","C","0","","JC5_FILIAL+JC5_NUMRA+JC5_TIPBOL","S"
"JC6","\DATA\","JC6990","Aluno x Documentos","Alumno vs Documentos","Student x Documents","","C","0","","JC6_FILIAL+JC6_NUMRA+JC6_ITEM+JC6_CODCUR+JC6_DOC","S"
"JC7","\DATA\","JC7990","Itens Alocacao do Aluno","Itemes Asignacion de Alumno","Student Allocation Items","","C","0","","JC7_FILIAL+JC7_NUMRA+JC7_CODCUR+JC7_PERLET+JC7_HABILI+JC7_TURMA+JC7_DISCIP+JC7_CODLOC+JC7_CODPRE+JC7_ANDAR+JC7_CODSAL+JC7_DIASEM+JC7_HORA1","S"
"JC8","\DATA\","JC8990","Cad.de Grupos de Equivalencia","Arch.de Grupos de Equivalencia","Equivalence Group File","","C","0","","JC8_FILIAL+JC8_DISC1+JC8_DISC2+JC8_CURSO+JC8_VERSAO","S"
"JC9","\DATA\","JC9990","Documentos por Ocorrencia","Documentos por Ocurrencia","Occurrence Documents","","C","0","","JC9_FILIAL+JC9_NUMRA+JC9_CODCUR+JC9_PERLET+JC9_HABILI+JC9_TURMA+JC9_OCORR+JC9_ITEM","S"
"JCA","\DATA\","JCA990","Controle de Numeracao do RA","Control de Numeracion de RA","RA Numbering Control","","C","0","","JCA_FILIAL+JCA_UNIDAD+JCA_ANOLET+JCA_PERLET","S"
"JCB","\DATA\","JCB990","Header do Calend. Financeiro","Header del Calend. Financiero","Financial Calendar Header","","C","0","","JCB_FILIAL+JCB_CODFIN+JCB_ANOLET+JCB_PERLET+JCB_TIPO","S"
"JCC","\DATA\","JCC990","Itens do Calend. Financeiro","Itemes del Calend. Financiero","Financial Calendar Items","","C","0","","JCC_FILIAL+JCC_CODFIN+JCC_ANOLET+JCC_PERLET+JCC_TIPO+JCC_ITEM","S"
"JCD","\DATA\","JCD990","Parametros de Negociacao","Parametros de Negociacion","Negotiation Parameters","","C","0","","JCD_FILIAL+JCD_SEQUEN","S"
"JCE","\DATA\","JCE990","Vagas por disciplina","Vacante por materia","Available Places per Subject","","C","0","","JCE_FILIAL+JCE_CODCUR+JCE_PERLET+JCE_HABILI+JCE_TURMA+JCE_DISCIP+JCE_CODLOC+JCE_CODPRE+JCE_ANDAR+JCE_CODSAL+JCE_DIASEM+JCE_HORA1+JCE_HORA2","S"
"JCF","\DATA\","JCF990","Reconhecimentos MEC","Reconocimientos MEC","MEC Identification","","C","0","","","S"
"JCG","\DATA\","JCG990","Header Apontamento Faltas Alun","Header Apunte Faltas Alumno","Student Absence Annot.Header","","C","0","","JCG_FILIAL+JCG_CODCUR+JCG_PERLET+JCG_HABILI+JCG_TURMA+JCG_DATA+JCG_DISCIP+JCG_CODAVA","S"
"JCH","\DATA\","JCH990","Itens Apontamento Faltas Aluno","Itemes Apunte Faltas Alumno","Student Absence Annot. Items","","C","0","","JCH_FILIAL+JCH_CODCUR+JCH_PERLET+JCH_HABILI+JCH_TURMA+JCH_DATA+JCH_DISCIP+JCH_CODAVA+JCH_NUMRA","S"
"JCI","\DATA\","JCI990","Projetos","Proyectos","Projects","","C","0","","JCI_FILIAL+JCI_COD","S"
"JCJ","\DATA\","JCJ990","Apontamento de Horas de Evento","Apunte de Horas de Evento","Event Hour Annotation","","C","0","","","S"
"JCK","\DATA\","JCK990","Estatistica de Alunos - EIS","Estadistica de Alumnos - EIS","EIS - Student Statistics","","C","0","","","S"
"JCL","\DATA\","JCL990","Cadastro de Instituicoes","Archivo de Instituciones","Institution File","","C","0","","JCL_FILIAL+JCL_CODIGO","S"
"JCM","\DATA\","JCM990","Regime Domiciliar / Aluno","Regimen Domiciliar / Alumno","Home Schooling / Student","","C","0","","JCM_FILIAL+JCM_NUMRA+JCM_DATA1","S"
"JCN","\DATA\","JCN990","Transferencia de Professores","Transferencia de Profesores","Teacher Transference","","C","0","","","S"
"JCO","\DATA\","JCO990","Disciplinas Dispensadas","Materias Dispensadas","Dispense of Extra Credits","","C","0","","JCO_FILIAL+JCO_NUMRA+JCO_CODCUR+JCO_PERLET+JCO_HABILI+JCO_DISCIP","S"
"JCP","\DATA\","JCP990","Arquivos de Apoio (Web)","Archivos de Apoyo (Web)","Support Files (Web)","","C","0","","JCP_FILIAL+JCP_CODARQ","S"
"JCQ","\DATA\","JCQ990","Arquivos x Turma (Web)","Archivos vs Grupo (Web)","Files x Class (Web)","","C","0","","JCQ_FILIAL+JCQ_CODARQ+JCQ_CODCUR+JCQ_PERLET+JCQ_HABILI+JCQ_TURMA+JCQ_CODDIS","S"
"JCR","\DATA\","JCR990","Cadastro de Externos","Archivos de Externos","External Records","","C","0","","JCR_FILIAL+JCR_RG","S"
"JCS","\DATA\","JCS990","Header Analise da Grade Curric","Header Analisis Plan Curric.","Header of Class Schedule Analy","","C","0","","JCS_FILIAL+JCS_NUMREQ","S"
"JCT","\DATA\","JCT990","Itens  Analise da Grade Curric","Itemes  Analisis Plan Curric.","Items of Grid Resume Analysis","","C","0","","JCT_FILIAL+JCT_NUMREQ+JCT_PERLET+JCT_HABILI+JCT_DISCIP","S"
"JCU","\DATA\","JCU990","Usuarios X Departamentos","Usuarios vs Departamentos","Users X Departments","","C","0","","JCU_FILIAL+JCU_COD+JCU_ITEM+JCU_USUA","S"
"JCV","\DATA\","JCV990","Apont. de Faltas Bloqueados","Apunt. Bloqueados de Faltas","Locked Absences Annot.","","C","0","","","S"
"JCW","\DATA\","JCW990","Itens de Apont. de Faltas Bloq","Itemes Apunt. de Faltas Bloq.","Annot.Items of Locked Absences","","C","0","","","S"
"JCX","\DATA\","JCX990","Apont. de Notas Bloqueados","Apunt. Bloqueados de Notas","Locked Grades Annot.","","C","0","","","S"
"JCY","\DATA\","JCY990","Itens de Apont. de Notas Bloq.","Itemes de Apunt.  Notas Bloq.","Annot.Items of Locked Grades","","C","0","","","S"
"JD1","\DATA\","JD1990","Analise Grade x Disciplinas","Analisis Plan Cur vs Materias","Grid of Analysis x Subjects","","C","0","","JD1_FILIAL+JD1_NUMREQ+JD1_CODCUR+JD1_PERLET+JD1_HABILI+JD1_DISCIP","S"
"JD2","\DATA\","JD2990","Datas Especificas de Aulas","Fechas Especificas de Clases","Specific Dates of Classes","","C","0","","JD2_FILIAL+JD2_CODCUR+JD2_PERLET+JD2_HABILI+JD2_TURMA+JD2_DIASEM+JD2_CODLOC+JD2_CODPRE+JD2_ANDAR+JD2_CODSAL+JD2_DATA","S"
"JD3","\DATA\","JD3990","Header do Valor da Disciplina","Header del Valor de la Materia","Subject Value Header","","C","0","","JD3_FILIAL+JD3_REGIME+JD3_ANOLET+JD3_PERIOD+JD3_CURSO+JD3_PERLET+JD3_TURNO+JD3_CARGA","S"
"JD4","\DATA\","JD4990","Itens do Valor da Disciplina","Itemes del Valor de la Materia","Subject Value Items","","C","0","","JD4_FILIAL+JD4_REGIME+JD4_ANOLET+JD4_PERIOD+JD4_CURSO+JD4_PERLET+JD4_TURNO+JD4_CARGA+JD4_SITUAC","S"
"JD5","\DATA\","JD5990","Conf.Requerimento x Documentos","Conf.Solicitudes vs Documentos","Requisition Check x Documents","","C","0","","JD5_FILIAL+JD5_COD+JD5_VERSAO+JD5_DOC","S"
"JD6","\DATA\","JD6990","Sol.Requerimentos x Documentos","Solicitudes vs Doc","Requisitions x Documents","","C","0","","JD6_FILIAL+JD6_NUM+JD6_DOC","S"
"JD7","\DATA\","JD7990","Historico de Notas Alteradas","Historial de Notas Modificadas","Changed Grades History","","C","0","","","S"
"JD8","\DATA\","JD8990","Historico de Faltas Alteradas","Historial  Faltas Modificadas","Changed Absences History","","C","0","","","S"
"JD9","\DATA\","JD9990","Atividades por Avaliacao","Actividades por Evaluacion","Activities per Evaluation","","C","0","","JD9_FILIAL+JD9_CODCUR+JD9_PERLET+JD9_HABILI+JD9_TURMA+JD9_CODDIS+JD9_CODAVA","S"
"JDA","\DATA\","JDA990","Itens de Ativid. por Avaliacao","Itemes de Activid. por Evaluac","Activity Items per Evaluation","","C","0","","JDA_FILIAL+JDA_CODCUR+JDA_PERLET+JDA_HABILI+JDA_TURMA+JDA_CODDIS+JDA_CODAVA+JDA_ATIVID","S"
"JDB","\DATA\","JDB990","Apont. Notas por Atividade","Apunt. Notas por Actividad","Grades Annot.per Activity","","C","0","","JDB_FILIAL+JDB_CODCUR+JDB_PERLET+JDB_HABILI+JDB_TURMA+JDB_CODDIS+JDB_CODAVA+JDB_ATIVID","S"
"JDC","\DATA\","JDC990","Apont. Notas por Ativ. (itens)","Apunt. Notas  Activ. (itemes)","Grades Annot.per Actv.(items)","","C","0","","JDC_FILIAL+JDC_CODCUR+JDC_PERLET+JDC_HABILI+JDC_TURMA+JDC_CODDIS+JDC_CODAVA+JDC_ATIVID+JDC_NUMRA","S"
"JDD","\DATA\","JDD990","Itens de Conveio x Bolsas","Itemes de Conveio vs Becas","Agreement Items x Scholarships","","C","0","","JDD_FILIAL+JDD_COD+JDD_CURSO+JDD_ITEM","S"
"JDE","\DATA\","JDE990","Header e Equiv. de Conceitos","Header y Equiv. de Conceptos","Grade Equivalence Header","","C","0","","JDE_FILIAL+JDE_CODIGO","S"
"JDF","\DATA\","JDF990","Itens de Equiv. de Conceitos","Itemes de Equiv. de Conceptos","Grade Equivalence Items","","C","0","","JDF_FILIAL+JDF_CODIGO+JDF_CONCEI","S"
"JDG","\DATA\","JDG990","Configuracoes Ambiente Web","Configuraciones Entorno Web","Web Environment Setup","","C","0","","JDG_FILIAL+JDG_CODREG+JDG_TIPREG","S"
"JDH","\DATA\","JDH990","Menu Web","Menu Web","Web Menu","","C","0","","JDH_FILIAL+JDH_CODMEN+JDH_TIPO+JDH_ORDEM","S"
"JDI","\DATA\","JDI990","Locais X No. de Inscricao","Locales VS No. de Inscripcion","Locations x Subscription No.","","C","0","","JDI_FILIAL+JDI_CODLOC+JDI_ITEM","S"
"JDJ","\DATA\","JDJ990","Itens Apont. Horas de Evento","Itemes Apunt. Horas de Evento","Event Hour Annot.Items","","C","0","","","S"
"JDK","\DATA\","JDK990","Habilitacoes","Autorizaciones","Qualifications","","C","0","","JDK_FILIAL+JDK_CODIGO","S"
"JDL","\DATA\","JDL990","Resposta Pesquisa x Proc Sel.","Respuesta Encuesta vs Proc Sel","Searching Answer x S.A.T.","","C","0","","JDL_FILIAL+JDL_CODPRO+JDL_CODINS+JDL_CODPGT","S"
"JDN","\DATA\","JDN990","CABECALHO HORAS PROFESSOR","ENCABEZAMIENTO HORAS PROFESOR","TEACHER HOUR HEADER","","C","0","","JDN_FILIAL+JDN_MATPRF+JDN_DATA+JDN_CCUSTO+JDN_TIPO","S"
"JDO","\DATA\","JDO990","ITENS HORAS PROFESSOR","ITEMES HORAS PROFESOR","TEACHER HOUR ITEMS","","C","0","","JDO_FILIAL+JDO_MATPRF+JDO_DATA+JDO_CCUSTO+JDO_TIPO+JDO_CODCUR+JDO_PERLET+JDO_TURMA+JDO_DIASEM+JDO_CODDIS+JDO_HORA1","S"
"JDS","\DATA\","JDS990","COORD X CUR.VIGENTE X DISCIPL","COORD vs CUR.VIGENTE vs MATER.","COORD X VALID COURSE X SUBJ.","","C","0","","","S"
"JEF","\DATA\","JEF990","CONTEUDO X MATERIAL PREVISTO","CONTENIDO vs MATERIAL PREVISTO","CONTENT X ESTIMATED MATERIAL","","C","0","","","S"
"JEG","\DATA\","JEG990","CONTEUD. X MATERIAL REALIZADO","CONTENID vs MATERIAL REALIZADO","CONTENT X MATERIAL ACCOMPL.","","C","0","","","S"
"JGL","\DATA\","JGL990","Cabecalho da Dig. de Historico","Encabezado de Dig. Historial","History T. Header","","C","0","","JGL_FILIAL+JGL_NUM","S"
"JGM","\DATA\","JGM990","Itens da Digitacäo de Historic","Items de Digitacion Historial","History T. Items","","C","0","","JGM_FILIAL+JGM_NUM+JGM_ITEM+JGM_PERLET+JGM_HABILI","S"
"JM0","\DATA\","JM0990","IDENTIFICACAO GERAL PUBLICACAO","IDENTIFICACION GRAL. PUBLICAC.","PUBLICATION GENERAL IDENTITY","","C","0","","JM0_FILIAL+JM0_PUBLIC","S"
"JM1","\DATA\","JM1990","EXEMPLARES","EJEMPLARES","EXEMPLARY","","C","0","","JM1_FILIAL+JM1_EXEMPL","S"
"JM2","\DATA\","JM2990","TIPO DA PUBLICACAO","TIPO DE PUBLICACION","TYPE OF PUBLICATION","","C","0","","JM2_FILIAL+JM2_ALIAS","S"
"JM3","\DATA\","JM3990","LIVROS","LIBROS","BOOKS","","C","0","","JM3_FILIAL+JM3_LIVRO","S"
"JM4","\DATA\","JM4990","PERIODICOS","PERIODICOS","PERIODIC","","C","0","","JM4_FILIAL+JM4_CODPER","S"
"JM5","\DATA\","JM5990","TESE/DISSERTACAO/MONOGRAFIA","TESIS/ DISERTACION/ MONOGRAFIA","THESIS/TREATISE/MONOGRAPHY","","C","0","","JM5_FILIAL+JM5_DOCUM","S"
"JM6","\DATA\","JM6990","GRUPOS","GRUPOS","GROUPS","","C","0","","JM6_FILIAL+JM6_GRUPO","S"
"JM8","\DATA\","JM8990","COLECOES","COLECCIONES","COLLECTIONS","","C","0","","JM8_FILIAL+JM8_COLEC","S"
"JM9","\DATA\","JM9990","LOCAIS","LOCALES","PLACES","","C","0","","JM9_FILIAL+JM9_LOCAL","S"
"JMC","\DATA\","JMC990","VOLUMES","VOLUMENES","TYPE OF CUSTOMERS","","C","0","","JMC_FILIAL+JMC_VOLUME","S"
"JMD","\DATA\","JMD990","ANEXOS","ANEXOS","ATTACHMENTS","","C","0","","JMD_FILIAL+JMD_PUBLIC+JMD_ANEXO","S"
"JMF","\DATA\","JMF990","AUTORES","AUTORES","AUTHORS","","C","0","","JMF_FILIAL+JMF_AUTOR","S"
"JMH","\DATA\","JMH990","IDENTIFICACAO DO ASSUNTO","IDENTIFICACION DEL ASUNTO","SUBJECT IDENTIFICATION","","C","0","","JMH_FILIAL+JMH_ASSUNT","S"
"JMI","\DATA\","JMI990","ASSUNTOS","ASUNTOS","SUBJECTS","","C","0","","JMI_FILIAL+JMI_ASSUNT+JMI_ORDEM","S"
"JMJ","\DATA\","JMJ990","TIPOS DE CLIENTES","TIPOS DE CLIENTES","TYPE OF CUSTOMERS","","C","0","","JMJ_FILIAL+JMJ_TPUSR","S"
"JMK","\DATA\","JMK990","PERIODICIDADES","PERIODICIDADES","PERIODICITY","","C","0","","JMK_FILIAL+JMK_PERIOD","S"
"JML","\DATA\","JML990","REGRAS DE EMPRESTIMOS","REGLAS DE PRESTAMOS","LOAN RULES","","C","0","","JML_FILIAL+JML_TPUSR+JML_TPPUBL","S"
"JMM","\DATA\","JMM990","CIRCULACOES","CIRCULACIONES","CIRCULATIONS","","C","0","","JMM_FILIAL+JMM_CODMOV+JMM_EXEMPL","S"
"JMN","\DATA\","JMN990","RESERVAS DE PUBLICACOES","RESERVAS DE PUBLICACIONES","PUBLICATIONS BOOKING","","C","0","","JMN_FILIAL+JMN_RESERV+JMN_EXEMPL+JMN_CLIENT+JMN_LOJA","S"
"JMO","\DATA\","JMO990","STATUS DE CLIENTES/GEST.ACERVO","ESTATUS CLIENTES/GEST.ACERVO","CUSTOMERS STATUS X LOT MANAGEM","","C","0","","JMO_FILIAL+JMO_CODUSU","S"
"JMP","\DATA\","JMP990","DESCARTES","DESCARTES","DISCARDS","","C","0","","JMP_FILIAL+JMP_EXEMPL","S"
"JMQ","\DATA\","JMQ990","TIPOS DE DESCARTE","TIPOS DE DESCARTE","DISCARD TYPES","","C","0","","JMQ_FILIAL+JMQ_TPMOTI","S"
"JMR","\DATA\","JMR990","AMARRACAO LIVROS X AUTORES","VINCULO LIBROS vs AUTORES","BOOKS X AUTHORES","","C","0","","JMR_FILIAL+JMR_LIVRO+JMR_AUTOR+JMR_TIPO","S"
"JMS","\DATA\","JMS990","AMARRACAO TESES X AUTORES","VINCULO TESIS vs AUTORES","THESIS X AUTHOR","","C","0","","JMS_FILIAL+JMS_DOCUM+JMS_AUTOR+JMS_TIPO","S"
"KA1","\DATA\","KA1990","RESERVA","RESERVA","RESERVE","","E","0","","","N"
"KB1","\DATA\","KB1990","RESERVA","RESERVA","RESERVE","","E","0","","","N"
"MA3","\DATA\","MA3990","CONTROLE DO TEMPO DE FILA","CONTROL DEL TIEMPO DE COLA","LINE TIME CONTROL","","C","0","","MA3_FILIAL+MA3_CODEST+DTOS(MA3_DATA)+MA3_HORACH","S"
"MA4","\DATA\","MA4990","QUEST. SOCIO-ECON.-CULTURAL","CUEST. SOCIO-ECON.-CULTURAL","SOCIO.ECON.CULT. QUESTIONNAIRE","","C","0","","MA4_FILIAL+MA4_QUEST","S"
"MA5","\DATA\","MA5990","PERG Sócio-Economico-Cultural","PREG Socio-Economico-Cultural","Socio-economic-cult. question","","C","0","","MA5_FILIAL+MA5_PERG","S"
"MA6","\DATA\","MA6990","Cartões","Tarjetas","Credit Cards","AbreCRD()","C","0","","MA6_FILIAL+MA6_NUM","S"
"MA7","\DATA\","MA7990","Cadastro de Crédito","Registro de Credito","Credit File","","C","0","","MA7_FILIAL+MA7_CODCLI+MA7_LOJA","S"
"MA8","\DATA\","MA8990","Referencia de Trabalho","Referencia de Trabajo","Work References","","C","0","","MA8_FILIAL+MA8_CODEND+MA8_CODCLI+MA8_LOJA","S"
"MA9","\DATA\","MA9990","Referência de Cartões","Referencia de Tarjetas","Credit Card References","","C","0","","MA9_FILIAL+MA9_CODIGO+MA9_CODCLI+MA9_LOJA","S"
"MAA","\DATA\","MAA990","Referência Bancária","Referencia Bancaria","Bank References","","C","0","","MAA_FILIAL+MAA_CODIGO+MAA_CODCLI+MAA_LOJA","S"
"MAB","\DATA\","MAB990","Referências Pessoais","Referencias Personales","Personal References","","C","0","","MAB_FILIAL+MAB_CODIGO+MAB_CODCLI+MAB_LOJA","S"
"MAC","\DATA\","MAC990","Dependentes","Dependientes","Dependants","","C","0","","MAC_FILIAL+MAC_CODDEP+MAC_CODCLI+MAC_LOJA","S"
"MAD","\DATA\","MAD990","ENDERECOS","DIRECCIONES","ADDRESSES","","C","0","","MAD_FILIAL+MAD_CODEND","S"
"MAE","\DATA\","MAE990","Documentos","Documentos","Documents","","C","0","","MAE_FILIAL+MAE_CODIGO+MAE_CODCLI+MAE_LOJA","S"
"MAF","\DATA\","MAF990","SCRIPT CLASSIFICACAO CLIENTE","SCRIPT CLASIFICACION CLIENTE","CUSTOMER CLASSIFICATION SCRIPT","","C","0","","MAF_FILIAL+MAF_CODREG","S"
"MAG","\DATA\","MAG990","CADASTRO SCRIPT AVAL.CLIENTE","ARCHIVO SCRIPT EVAL.CLIENTE","CUSTOMER EVAL.SCRIPT FILE","","C","0","","MAG_FILIAL+MAG_CODCLI+MAG_LOJA","S"
"MAH","\DATA\","MAH990","CONTROLE NUMERO DE CONTRATO","CONTROL NUMERO DE CONTRATO","CONTRACT NUMBER CONTROL","","C","0","","MAH_FILIAL+MAH_CONTRA","S"
"MAI","\DATA\","MAI990","Resp. Sócio Economico Social","Resp. Socio Economico Social","Socio-econimical answer","","C","0","","MAI_FILIAL+MAI_CODCLI+MAI_LOJA+MAI_QUEST","S"
"MAJ","\DATA\","MAJ990","Resp. padrão questionário","Resp. estandar cuestionario","Questionnaire Stand.Answers","","C","0","","MAJ_FILIAL+MAJ_QUEST+MAJ_PERG+MAJ_RESP","S"
"MAK","\DATA\","MAK990","Recusas de Compras","Recusas de Compras","Purchases refusals","","C","0","","MAK_FILIAL+MAK_CODCLI+MAK_LOJA","S"
"MAL","\DATA\","MAL990","PARCELAS DO FINANCIAMENTO","CUOTAS DE LA FINANCIACION","FINANCIAL INSTALLMENTS","","C","0","","MAL_FILIAL+MAL_CONTRA+MAL_PARCEL","S"
"MAM","\DATA\","MAM990","CADASTRO DE CARTOES","ARCHIVO DE TARJETAS","CREDIT CARD FILE","","C","0","","MAM_FILIAL+MAM_CODIGO","S"
"MAN","\DATA\","MAN990","Cadastro dos bancos","Archivo de bancos","Bank File","","C","0","","MAN_FILIAL+MAN_CODIGO","S"
"MAO","\DATA\","MAO990","Grau de parentesco","Grado de parentesco","Family relationship","","C","0","","MAO_FILIAL+MAO_CODIGO","S"
"MAP","\DATA\","MAP990","Tipos dos documentos","Tipos de documentos","Types of Documents","","C","0","","MAP_FILIAL+MAP_CODIGO","S"
"MAQ","\DATA\","MAQ990","Cadastro de ocupacöes","Archivo de ocupaciones","Occupation File","","C","0","","MAQ_FILIAL+MAQ_COD","S"
"MAR","\DATA\","MAR990","SEMAFORO CRD","SEMAFORO CRD","CRD SEMAPHORE","","C","0","","","S"
"N01","\DATA\","N01990","IMOVEL","INMUEBLE","REAL ESTATE","","C","0","","N01_FILIAL+N01_COD+N01_FILHA","S"
"N02","\DATA\","N02990","LOGRADOUROS","DIRECCIONES","ADDRESSES","","C","0","","N02_FILIAL+N02_COD","S"
"N03","\DATA\","N03990","ATIVIDADES","ACTIVIDADES","ACTIVITIES","","C","0","","N03_FILIAL+N03_COD","S"
"N04","\DATA\","N04990","SERVICOS ISSQN","SERVICIOS ISSQN","ISSQN SERVICES","","C","0","","N04_FILIAL+N04_COD","S"
"N05","\DATA\","N05990","SERVICOS IPTU","SERVICIOS IPTU","IPTU SERVICES","","C","0","","N05_FILIAL+N05_COD","S"
"N06","\DATA\","N06990","REGRAS DE ISENCAO","REGLAS DE EXENCION","EXEMPTION RULES","","C","0","","N06_FILIAL+N06_UTILIZ+N06_SEQ","S"
"N07","\DATA\","N07990","FORMULAS P/BASES","FORMULAS P/BASES","FORMULAS FOR BASIS","","C","0","","N07_FILIAL+N07_UTILIZ +N07_SEQ","S"
"N08","\DATA\","N08990","FORMULAS P/IMPOSTOS","FORMULAS P/IMPUESTOS","FORMULAS FOR TAXES","","C","0","","N08_FILIAL+N08_UTILIZ+N08_SEQ","S"
"N09","\DATA\","N09990","ARQUIVO DE INTEGRACAO ATIVOS","ARCHIVO DE INTEGRACION ACTIVOS","ASSETS INTEGRATION FILE","","C","0","","N09_FILIAL+N09_CTAATI","S"
"N10","\DATA\","N10990","DOCUMENTOS DA LICITACAO","DOCUMENTOS DE LICITACION","BIDDING DOCUMENTS","","C","0","","N10_FILIAL+N10_GRUPO+N10_DOC","S"
"N11","\DATA\","N11990","DOC. DE LICITACAO P/FORNECEDOR","DOC.DE LICITACION P/PROVEEDOR","BIDDING DOC. FOR SUPPLIER","","C","0","","N11_FILIAL+N11_NUM+N11_FORNEC+N11_DOC","S"
"N12","\DATA\","N12990","REFERENCIAS PESSOAIS","REFERENCIAS PERSONALES","PERSONAL REFERENCES","","C","0","","N12_FILIAL+N12_CGC","S"
"N13","\DATA\","N13990","DESCRICAO ORCAMENTO/PROJETOS","DESCRIP.PRESUPUESTOS/PROYECTOS","BUDGET/PROJECTS DESCRIPTION","","C","0","","N13_FILIAL+N13_CODIGO","S"
"N14","\DATA\","N14990","PROTOCOLOS","COMPROBANTES","PROTOCOL","","C","0","","N14_FILIAL+N14_NUMERO","S"
"N15","\DATA\","N15990","PROTOCOLOS E TAREFAS","PROTOCOLOS Y TAREAS","PROTOCOL AND TASKS","","C","0","","N15_FILIAL+N15_CODIGO+N15_SEQ","S"
"N16","\DATA\","N16990","DOCUMENTOS P/PROTOCOLOS","DOCUMENTOS P/COMPROBANTES","DOCUMENTS FOR RPOTOCOLS","","C","0","","N16_FILIAL+N16_CODIGO","S"
"N17","\DATA\","N17990","REGISTROS DOS PROTOCOLOS","REGISTRO DE LOS PROTOCOLOS","PROTOCOL RECORDS","","C","0","","N17_FILIAL + N17_NUMERO + N17_SEQ +N17_SUBSEQ+N17_DOC","S"
"N18","\DATA\","N18990","Definicoes das Revições","Definiciones de las Revisiones","Revision Definitions","","C","0","","N18_FILIAL+N18_MAPA+N18_REVISA","N"
"N19","\DATA\","N19990","Cadastro de Orgaos","Archivo de  Organismos","Body File","","C","0","","N19_FILIAL+N19_CODIGO","N"
"N1A","\DATA\","N1A990","Unidades Orcamentarias","Unidades Presupuestarias","Budgetary Units","","C","0","","N1A_FILIAL+N1A_CODORG+N1A_CODUNI","N"
"N1B","\DATA\","N1B990","Cad. de Funcöes Orcamentaria","Reg. de Funciones Presupuestar","Budgetary Function File","","C","0","","N1B_FILIAL+N1B_CODIGO","N"
"N1C","\DATA\","N1C990","Cadastro de Sub-Funcöes","Archivo de Subfunciones","Subposition File","","C","0","","N1C_FILIAL+N1C_CODIGO","N"
"N1D","\DATA\","N1D990","Programas Orcamentarios","Programas Presupuestarios","Budgetary Programs","","C","0","","N1D_FILIAL+N1D_CODIGO","N"
"N1E","\DATA\","N1E990","Cadastro do SubPrograma","Archivo de subprograma","Subprogram File","","C","0","","N1E_FILIAL+N1E_CODIGO","N"
"N1F","\DATA\","N1F990","Projeto Orcamentario","Proyecto Presupuestario","Budgetary Prioject","","C","0","","N1F_FILIAL+N1F_CODIGO","N"
"N1G","\DATA\","N1G990","Cadastro de Recursos","Archivo de Recursos","Resource File","","C","0","","N1G_FILIAL+N1G_CODIGO","N"
"N20","\DATA\","N20990","CADASTRO DE DESTINOS","ARCHIVO DE DESTINOS","TARGETS FILE","","C","0","","N20_FILIAL+N20_CODIGO","N"
"N21","\DATA\","N21990","RECURSOS PARA VIAGENS","RECURSOS PARA VIAJES","RESOURCES FOR TRIPS","","C","0","","N21_FILIAL+N21_CODIGO","N"
"N22","\DATA\","N22990","MOVIMENTO DE DIARIAS/VIAGENS","MOVIMIENTO DE ESTADIAS/VIAJES","DAILY EXP./TRIPS TRANSACTIONS","","C","0","","N22_FILIAL+N22_NUMERO","N"
"N30","\DATA\","N30990","MOVIMENTO DE VACINAS","MOVIMIENTO DE VACUNAS","VACCINES TRANSACTIONS","","C","0","","N30_FILIAL+DTOS(N30_DATA)+N30_PRONTU+N30_VACINA+N30_DOSE+N30_IDADE","N"
"N31","\DATA\","N31990","Cadastro de Municipios","Archivo de Municipios","District Register","","C","0","","N31_FILIAL+ N31_CDSUS","N"
"N32","\DATA\","N32990","Cadastro Procedimentos","Archivo Procedimientos","Procedures File","","C","0","","N32_FILIAL+N32_CODIGO","N"
"N33","\DATA\","N33990","Cadastro de Prontuarios","Archivo de Fichas Medicas","Dossier File","","C","0","","N33_FILIAL + N33_CODIGO","N"
"N34","\DATA\","N34990","Procedimentos x Atendimento","Procedimientos vs. Atencion","Procedures x Serciving","","C","0","","N34_FILIAL + N34_REG + N34_CODIGO","N"
"N35","\DATA\","N35990","Atendimentos","Atenciones","Servicings","","C","0","","N35_FILIAL + N35_CODIGO","N"
"N36","\DATA\","N36990","Cadastro de Especialidades","Archivo de Especialidades","Specialities File","","C","0","","N36_FILIAL+ N36_CODIGO","N"
"N37","\DATA\","N37990","Cadastro de Profissionais","Archivo de Profesionales","Professionals File","","C","0","","N37_FILIAL +N37_TIPOCR + N37_CODIGO","N"
"N38","\DATA\","N38990","MEDICAMENTOS X ATENDIMENTOS","MEDICAMENTOS vs. ATENCIONES","MEDICATIONS X SERVICINGS","","C","0","","N38_FILIAL+N38_REG+N38_CODIGO","N"
"N39","\DATA\","N39990","CADASTRO DE IDADES","ARCHIVO DE EDADES","AGE FILES","","C","0","","N39_FILIAL+N39_CODIGO","N"
"N3A","\DATA\","N3A990","CADASTRO DE VACINAS","ARCHIVO DE VACUNAS","VACCINES FILE","","C","0","","N3A_FILIAL+N3A_CODIGO+N3A_DOSE+N3A_IDADE","N"
"N3B","\DATA\","N3B990","CADASTRO POSTOS DE SAUDE","ARCHIVO PUESTOS DE SALUD","POLYCLINIC FILES","","C","0","","N3B_FILIAL+N3B_CODIGO","N"
"N3C","\DATA\","N3C990","CADASTRO AGENDAS PROFISSIONAIS","ARCHIVO AGENDAS PROFESIONALES","PROFESIONALS AGENDA FILE","","C","0","","N3C_FILIAL+N3C_POSTO+N3C_TIPOCR+N3C_PROFIS+N3C_ESPEC+N3C_DIASEM","N"
"N3D","\DATA\","N3D990","CADATRO DE CID","ARCHIVO DE CID","ICD FILE","","C","0","","N3D_FILIAL+N3D_CODIGO","N"
"N3E","\DATA\","N3E990","CID X ATENDIMENTO","CID vs. ATENCION","ICD X SERVICING","","C","0","","N3E_FILIAL+N3E_REG+N3E_CODIGO","N"
"N3F","\DATA\","N3F990","MOVIMENTO DE AGENDA","MOVIMENTO DE AGENDA","AGENDA TRANSACTION","","C","0","","N3F_FILIAL+DTOS(N3F_DATA)+N3F_HORA+N3F_POSTO+N3F_PRONTU+N3F_ESPEC","S"
"N40","\DATA\","N40990","Cadastro de Responsavel","Archivo de Responsable","Responsible´s File","","C","0","","N40_FILIAL + N40_CODIGO","S"
"N41","\DATA\","N41990","FALECIDOS","MUERTOS","DECEASED","","C","0","","N41_FILIAL+N41_COD","S"
"N42","\DATA\","N42990","AMARRACAO JAZIGOS X FALECIDOS","VINCULO SEPULTURA VS.MUERTOS","GRAVES X DECEASED","","C","0","","N42_FILIAL+N42_CODJAZ + N42_CODFAL","S"
"N43","\DATA\","N43990","Cadastro de Jazigos","Archivo de Sepulturas","Graves File","","C","0","","N43_FILIAL+N43_COD","S"
"N45","\DATA\","N45990","Dependentes","Dependientes","Dependants","","C","0","","N45_FILIAL+N45_COD + N45_SEQ","S"
"N51","\DATA\","N51990","Orcamentos","Presupuestos","Budgets","","C","0","","N51_FILIAL + N51_MAPA + N51_REVISA +N51_MESTRE","S"
"N52","\DATA\","N52990","OPERACOES DE CHECKUP","OPERACIONES DE CHECKUP","CHECKUP OPERATIONS","","C","0","","N52_FILIAL  + N52_COD","S"
"N53","\DATA\","N53990","RATEIO POR MOVIMENTO","PRORRATEO POR MOVIMIENTO","APPORTION PER TRANSACTION","","C","0","","N53_FILIAL+N53_CODIGO+N53_CCORI+N53_COORI","S"
"N54","\DATA\","N54990","Doc de Alterção Orçamentária","Doc. de Modif. Presupuestaria","Budgetary Edit Document","","C","0","","N54_FILIAL+N54_NUMERO+N54_ITEM","N"
"N55","\DATA\","N55990","Contratos de Fornecimento","Contratos de Suministro","Supplying Contract","","C","0","","N55_FILIAL+N55_NUMERO+N55_ITEM","N"
"N60","\DATA\","N60990","Cadastro de Escola","Registro Escolara","School File","","C","0","","N60_FILIAL+N60_CODIGO","S"
"N61","\DATA\","N61990","Cadastro de Aluno","","Student File","","C","0","","N61_FILIAL+N61_CODIGO","N"
"N62","\DATA\","N62990","Presenca de Alunos","","Students Roll Call","","C","0","","","N"
"N66","\DATA\","N66990","Cadastro de Professor","","Teacher File","","C","0","","","N"
"N67","\DATA\","N67990","Cadastro Habilitacao Professor","Cadastro Habilitacao Professor","Teacher Qualification File","","C","0","","","N"
"N68","\DATA\","N68990","Cadastro de Disciplina","","Subject File","","C","0","","N68_FILIAL+N68_CODIGO","N"
"N69","\DATA\","N69990","Cadastro de Turno","","Shift File","","C","0","","N69_FILIAL+N69_ESCOLA+N69_CODIGO","N"
"N6A","\DATA\","N6A990","Cadastro de Horario Professor","","Teacher Timetable File","","C","0","","","N"
"N6B","\DATA\","N6B990","Cadastro de Serie","Cadastro de Serie","Level Grade File","","C","0","","","N"
"N6C","\DATA\","N6C990","Cadastro de Turmas","","Class File","","C","0","","","N"
"N6D","\DATA\","N6D990","Cadastro de Forma Avaliacao","","Evaluat. Form File","","C","0","","","N"
"N6E","\DATA\","N6E990","Cadastro Eventos Escolares","","School Event File","","C","0","","","N"
"N6F","\DATA\","N6F990","Cadastro de Pre - Matricula","","Pre-registration File","","C","0","","","N"
"N6G","\DATA\","N6G990","Cadastro de Matricula","","Registration File","","C","0","","","N"
"N6H","\DATA\","N6H990","Cadastro Avaliacao Periodica","","Periodical Eval. File","","C","0","","","N"
"N6I","\DATA\","N6I990","Cadastro de Data Avaliacao","","Evaluat. Date File","","C","0","","","N"
"N6J","\DATA\","N6J990","Cadastro Grades Aulas","","Sched.of Classes File","","C","0","","","N"
"N6K","\DATA\","N6K990","Cadastro de Ambiente","","Environment File","","C","0","","","N"
"N6L","\DATA\","N6L990","Cadastro de Observacao","","Note File","","C","0","","","N"
"NI1","\DATA\","NI1990","Plano de Contas","","Charter of Accounts","","C","0","","NI1_FILIAL + NI1_ANO + NI1_CODIGO","N"
"NI2","\DATA\","NI2990","Lancamentos Contabil","","Accounting Entries","","C","0","","","N"
"NI3","\DATA\","NI3990","Departamento","","Department","","C","0","","NI3_FILIAL + NI3_ANO + NI3_CODIGO","N"
"NI5","\DATA\","NI5990","Lancamentos Padronizados","","Standardized Entries","","C","0","","NI5_FILIAL + NI5_CODIGO + NI5_SEQUEN","N"
"NI6","\DATA\","NI6990","Saldo Departamento","","Department Balance","","C","0","","NI6_FILIAL + NI6_ANO + NI6_CODIGO + NI6_CONTA + NI6_MOEDA","N"
"NI7","\DATA\","NI7990","Saldo do Plano de Contas","","Chart of Acounts Balance","","C","0","","NI7_FILIAL+NI7_ANO+NI7_CODIGO+NI7_MOEDA","N"
"NM1","\DATA\","NM1990","Cadastro de Cardapios","","Menu File","","C","0","","","N"
"NM2","\DATA\","NM2990","NECESSIDADES DE PRODUTOS","","PRODUCT NEEDS","","C","0","","","N"
"NM3","\DATA\","NM3990","Cronograma de Cardapio","","Menu Schedule","","C","0","","","N"
"NM4","\DATA\","NM4990","Tabela de Nutrientes","","Nutrient Table","","C","0","","","N"
"NM5","\DATA\","NM5990","Tabela de Produtos X Nutriente","","Product X Nutrient Table","","C","0","","","N"
"NM6","\DATA\","NM6990","Produtos do Cardapio","","Menu Products","","C","0","","","N"
"OZ1","\DATA\","OZ1990","CONFIGURACAO DE ARQUIVOS","CONFIGURACION DE ARCHIVOS","FILES CONFIGURATION","","C","0","","OZ1_FILIAL+OZ1_ALIAS","S"
"OZ2","\DATA\","OZ2990","AMARRACAO ARQUIVO X CADASTRO","VINCULO ARCHIVO VS.REGISTRO","FILE X RECORD","","C","0","","OZ2_FILIAL+OZ2_ALIAS+OZ2_CADAST","S"
"OZ3","\DATA\","OZ3990","ARQUIVOS TEXTOS IMPORTADOS","ARCHIVOS TEXTOS IMPORTADOS","IMPORTED TEXT FILE","","C","0","","OZ3_FILIAL+OZ3_ARQUIV","S"
"OZ4","\DATA\","OZ4990","CADASTRO DE FILIAIS (REPLICA)","ARCHIVO DE FILIALES (REPLICA)","BRANCHES FILE (REPLY)","","C","0","","OZ4_FILIAL+OZ4_CODIGO","S"
"OZ5","\DATA\","OZ5990","Cadastro de Transacoes Replica","Arch. de Transacciones Copia","Transactions File Reply","","C","0","","OZ5_FILIAL+OZ5_CODTRA","N"
"OZ6","\DATA\","OZ6990","Itens de transacoes Replica","Itemes de transacciones Copia","Transaction Items Reply","","C","0","","OZ6_FILIAL+OZ6_CODTRA+OZ6_ARQPAI+OZ6_ALIAS","N"
"QA1","\SYSTEM\","QA1990","PORCENTAGEM DEFEITUOSA DO LOTE","PORCENTAJE DEFECTUOSO DEL LOTE","LOT INCOMPLETE PERCENTAGE","","C","0","","","N"
"QA2","\DATA\","QA2990","TEXTOS GERAIS DO MOD. QUALID.","TEXTOS GENERALES MOD. CALIDAD","QUALITY MODULE GENERAL TEXTS","","C","0","","QA2_FILIAL+QA2_ESPEC+QA2_CHAVE+QA2_SEQ","S"
"QA3","\DATA\","QA3990","JUSTIFICATIVAS","JUSTIFICACIONES","JUSTIFICATIONS","","C","0","","QA3_FILIAL+QA3_ESPEC+QA3_CHAVE+QA3_SEQ+QA3_DATINV","S"
"QA4","\DATA\","QA4990","TABELA DE CODIGOS INTERNOS","TABLA DE CODIGOS INTERNOS","INTERNAL CODES TABLE","","C","0","","QA4_FILIAL+QA4_CODTAB","S"
"QA5","\DATA\","QA5990","CADASTRO DE PROCEDIMENTOS","ARCHIVO DE PROCEDIMIENTOS","PROCEDURES FILE","","C","0","","QA5_FILIAL+QA5_CODTAB+QA5_NORMA+QA5_REVPRO","S"
"QA6","\SYSTEM\","QA6990","TABELA DE CODIGOS DE AMOSTRAS","TABLA DE CODIGOS DE MUESTRAS","SAMPLE CODE TABLE","","C","0","","","S"
"QA7","\SYSTEM\","QA7990","TABELA DE TAMANHOS DE AMOSTRAS","TABLA DE TAMANOS DE MUESTRAS","SAMPLES SIZE TABLE","","C","0","","","S"
"QA8","\DATA\","QA8990","TABELA AVALIACAO FORNECEDORES","TABLA EVALUACION PROVEEDORES","SUPPLIER´S EVALUATION TABLE","","C","0","","","S"
"QA9","\DATA\","QA9990","CADASTRO DE TEXTOS GERAIS","ARCHIVO DE TEXTOS GENERALES","GENERAL TEXTS FILE","","C","0","","","S"
"QAA","\DATA\","QAA990","USUARIOS","USUARIOS","USERS","","E","0","","QAA_FILIAL+QAA_MAT","S"
"QAB","\DATA\","QAB990","TRANSFERENCIAS","TRANSFERENCIAS","TRANSFERS","","C","0","","","S"
"QAC","\DATA\","QAC990","CARGOS","CARGOS","JOBS","","E","0","","QAC_FILIAL+QAC_FUNCAO","S"
"QAD","\DATA\","QAD990","DEPARTAMENTOS/SETOR","DEPARTAMENTOS/SECTOR","DEPARTMENT/SECTOR","","E","0","","QAD_FILIAL+QAD_CUSTO","S"
"QAE","\DATA\","QAE990","AUSENCIA TEMPORARIA - ORIGEM","AUSENCIA TEMPORAL - ORIGEN","TEMPORARY ABSENCE - SOURCE","","C","0","","QAE_FILIAL+QAE_ANO+QAE_NUMERO","S"
"QAF","\DATA\","QAF990","AUSENCIA TEMPORARIA - DESTINO","AUSENCIA TEMPORAL - DESTINO","TEMPORARY ABSENCE - TARGET","","C","0","","QAF_FILIAL+QAF_ANO+QAF_NUMERO+QAF_TPPEND+QAF_FILMAT+QAF_MAT","S"
"QAG","\DATA\","QAG990","QUESTIONARIOS","CUESTIONARIOS","QUESTIONNARIES","","C","0","","QAG_FILIAL+QAG_QUEST+QAG_RV","S"
"QAH","\DATA\","QAH990","PERGUNTAS","PREGUNTAS","QUESTIONS","","C","0","","QAH_FILIAL+QAH_QUEST+QAH_RV+QAH_SEQPER","S"
"QAI","\DATA\","QAI990","RESPOSTAS","RESPUESTAS","ANSWERS","","C","0","","QAI_FILIAL+QAI_QUEST+QAI_RV+QAI_SEQPER+QAI_SEQRES","S"
"QAJ","\DATA\","QAJ990","EMPRESA / FILIAL QUALITY","EMPRESA / SUCURSAL QUALITY","QUALITY COMPANY / BRANCH","","C","0","","QAJ_FILIAL+QAJ_EMPDE+QAJ_FILDE+QAJ_EMPPAR+QAJ_FILPAR","N"
"QAK","\DATA\","QAK990","CADASTRO DE NORMAS","ARCHIVO DE NORMAS","RULES FILE","","C","0","","QAK_FILIAL+QAK_NORMA","N"
"QD0","\DATA\","QD0990","RESPONSAVEIS PELO DOCUMENTO","RESPONSABLES POR EL DOCUMENTO","RESPONSIBLE FOR THE DOCUMENT","","C","0","","QD0_FILIAL+QD0_DOCTO+QD0_RV+QD0_AUT+QD0_ORDEM+QD0_FILMAT+QD0_MAT+QD0_DEPTO","S"
"QD1","\DATA\","QD1990","DISTRIBUICAO POR USUARIO","DISTRIBUCION POR USUARIO","DISTRIBUTION PER USER","","C","0","","QD1_FILIAL+QD1_DOCTO+QD1_RV+QD1_DEPTO+QD1_FILMAT+QD1_MAT+DTOS(QD1_DTGERA)+QD1_HRGERA+QD1_TPPEND+QD1_TPDIST+QD1_SIT","S"
"QD2","\DATA\","QD2990","TIPOS DE DOCUMENTO","TIPOS DE DOCUMENTO","DOCUMENT TYPE","","C","0","","QD2_FILIAL+QD2_CODTP","S"
"QD3","\DATA\","QD3990","CADASTRO DE ASSUNTOS","ARCHIVO DE ASUNTOS","SUBJECTS FILE","","C","0","","QD3_FILIAL+QD3_CODASS","S"
"QD4","\DATA\","QD4990","CRITICAS POR DOCUMENTO","CRITICAS POR DOCUMENTO","REVIEWS PER DOCUMENT","","C","0","","QD4_FILIAL+QD4_DOCTO+QD4_RV+QD4_SEQ","S"
"QD5","\DATA\","QD5990","NIVEIS OBRIGATORIOS","NIVELES OBLIGATORIOS","COMPULSORY LEVELS","","C","0","","QD5_FILIAL+QD5_CODTP+QD5_AUT","S"
"QD6","\DATA\","QD6990","LOCALIZADORES DOCUMENTO","LOCALIZADORES DOCUMENTO","DOCUMENT LOCALIZERS","","C","0","","QD6_FILIAL+QD6_DOCTO+QD6_RV+QD6_CHAVE","S"
"QD7","\DATA\","QD7990","JUSTIFICATIVAS POR DOCUMENTO","JUSTIFICACIONES POR DOCUMENTO","JUSTIFICATIONS PER DOCUMENT","","C","0","","QD7_FILIAL+QD7_DOCTO+QD7_RV+QD7_SEQ","S"
"QD8","\DATA\","QD8990","TREINAMENTOS CARGOxDEPTOxUSUAR","ENTRENAM. CARGOxDEPTOxUSUARIO","POSIT/ DEPART/USER TRAININGS","","C","0","","QD8_FILIAL+QD8_ANO+QD8_NUMERO+QD8_FILMAT+QD8_DEPTO+QD8_CARGO+QD8_MAT","S"
"QD9","\DATA\","QD9990","SUGESTOES","SUGERENCIAS","SUGGESTIONS","","C","0","","QD9_FILIAL+QD9_DOCTO+QD9_RV+QD9_SEQ","S"
"QDA","\DATA\","QDA990","TREINAMENTOS","CAPACITACION","TRAININGS","","C","0","","QDA_FILIAL+QDA_ANO+QDA_NUMERO","S"
"QDB","\DATA\","QDB990","REFERENCIAS POR DOCUMENTOS","REFERENCIAS POR DOCUMENTOS","REFERENCES PER DOCUMENTS","","C","0","","QDB_FILIAL+QDB_DOCTO+QDB_RV+QDB_SEQ","S"
"QDC","\DATA\","QDC990","CADASTRO DE PASTAS","ARCHIVO DE CARPETAS","FOLDER FILE","","C","0","","QDC_FILIAL+QDC_CODMAN","S"
"QDD","\DATA\","QDD990","RESPONSAVEIS POR TIPO DOCTO","RESPONSABLES POR TIPO DOCTO","RESPONSIBLE PER DOCUMENT TYPE","","C","0","","QDD_FILIAL+QDD_CODTP+QDD_AUT+QDD_FILA+QDD_DEPTOA+QDD_CARGOA","S"
"QDE","\DATA\","QDE990","REGISTRO DE COPIAS EMITIDAS","REGISTRO DE COPIAS EMITIDAS","ISSUED COPIES FILE","","C","0","","QDE_FILIAL+QDE_DOCTO+QDE_RV+QDE_SEQ","S"
"QDF","\DATA\","QDF990","REMANEJAMENTO DE USUARIOS","REDISTRIBUCION DE USUARIOS","USERS´S REALLOCATION","","C","0","","QDF_FILIAL+QDF_DOCTO+QDF_RV+QDF_FILANT+QDF_MATANT","S"
"QDG","\DATA\","QDG990","DESTINATARIOS","DESTINATARIOS","ADDRESSEES","","C","0","","QDG_FILIAL+QDG_DOCTO+QDG_RV+QDG_TIPO+QDG_FILMAT+QDG_DEPTO+QDG_MAT+QDG_CODMAN","S"
"QDH","\DATA\","QDH990","DOCUMENTOS","DOCUMENTOS","DOCUMENTS","","C","0","","QDH_FILIAL+QDH_DOCTO+QDH_RV","S"
"QDJ","\DATA\","QDJ990","DESTINOS","DESTINOS","TARGETS","","C","0","","QDJ_FILIAL+QDJ_DOCTO+QDJ_RV+QDJ_TIPO+QDJ_FILMAT+QDJ_DEPTO","S"
"QDK","\DATA\","QDK990","LOCALIZADORES - PALAVRA CHAVE","LOCALIZADORES - PALABRA CLAVE","LOCALIZERS - KEY WORD","","C","0","","QDK_FILIAL+QDK_CHAVE","S"
"QDL","\DATA\","QDL990","TREINAMENTOS DEPTO","ENTRENAMIENTOS DEPTO.","DEPARTMENT TRAININGS","","C","0","","QDL_FILIAL+QDL_ANO+QDL_NUMERO+QDL_FILMAT+QDL_DEPTO","S"
"QDM","\DATA\","QDM990","TREINAMENTOS DEPTOxCARGO","ENTRENAMIENTOS DEPTO VS CARGO","DEPARTMENT/POSITION TRAININGS","","C","0","","QDM_FILIAL+QDM_ANO+QDM_NUMERO+QDM_FILMAT+QDM_DEPTO+QDM_CARGO","S"
"QDN","\DATA\","QDN990","REGISTRO ASSINATURA DE USRS.","REGISTRO FIRMAS DE USUARIOS","USER'S SIGNATURE REGISTRATION","","C","0","","QDN_FILIAL+QDN_DOCTO+QDN_RV+QDN_TPPEND","S"
"QDP","\DATA\","QDP990","SOLICITACOES","SOLICITUDES","REQUISITIONS","","C","0","","QDP_FILIAL+QDP_DTOORI+QDP_RV+QDP_NUMSEQ","S"
"QDQ","\DATA\","QDQ990","FORMATO DE APLICACOES","FORMATO DE APLICACIONES","APPLICATIONS FORMAT","","C","0","","QDQ_FILIAL+QDQ_CODFM","S"
"QDR","\DATA\","QDR990","LOG DE TRANSFERENCIA","LOG DE TRANSFERENCIA","TRANSFER LOG","","C","0","","QDR_FILIAL+QDR_DOCTO+QDR_RV+QDR_TPPEND+QDR_FILDE+QDR_MATDE+QDR_DEPDE+QDR_FILPAR+QDR_MATPAR+QDR_DEPPAR+DTOS(QDR_DTTRAN)","S"
"QDS","\DATA\","QDS990","AVISOS","AVISOS","NOTICES","","C","0","","QDS_FILIAL+QDS_DOCTO+QDS_RV+QDS_TPPEND+QDS_FILMAT+QDS_MAT+QDS_DEPTO+DTOS(QDS_DTGERA)+QDS_HRGERA","S"
"QDT","\DATA\","QDT990","PASTAS X DEPARTAMENTOS","CARPETAS VS DEPARTAMENTOS","FOLDERS X DEPARTMENTS","","C","0","","QDT_FILDEP+QDT_DEPTO+QDT_FILCOD+QDT_CODMAN","S"
"QDU","\DATA\","QDU990","DEVOLUCAO DE REVISAO ANTERIOR","DEVOLUC.DE REVISION ANTERIOR","PREVIOUS REVISION RETURN","","C","0","","QDU_FILIAL+QDU_DOCTO+QDU_RV+QDU_FILMAT+QDU_MAT","S"
"QDZ","\DATA\","QDZ990","DISTRIBUIDORES DO DOCUMENTO","DISTRIBUIDORES DEL DOCUMENTO","DOCUMENT DISTRIBUTORS","","C","0","","QDZ_FILIAL+QDZ_DOCTO+QDZ_RV+QDZ_DEPTO+QDZ_MAT+QDZ_FILMAT","S"
"QE0","\DATA\","QE0990","CAD. INDICES MENSAIS (INFORM.)","ARC INDICES MENSUALES (INFORM)","MONTHLY INDEXES FILE (INFORM)","","C","0","","QE0_FILIAL+QE0_ANO+QE0_MES+QE0_FORNEC+QE0_PRODUT+QE0_INDICE","S"
"QE1","\DATA\","QE1990","ENSAIOS","ENSAYOS","TESTS","","C","0","","QE1_FILIAL+QE1_ENSAIO","S"
"QE2","\DATA\","QE2990","NAO CONFORMIDADES DOS ENSAIOS","NO CONFORMIDADES DE ENSAYOS","TESTS NONCONFORMANCES","","C","0","","QE2_FILIAL+QE2_ENSAIO+QE2_NAOCON","S"
"QE3","\DATA\","QE3990","GRUPOS DE PRODUTOS","GRUPOS DE PRODUCTOS","PRODUCT GROUPS","","C","0","","QE3_FILIAL+QE3_GRUPO","S"
"QE4","\DATA\","QE4990","EQUIPES DE FOLLOW-UP","EQUIPOS DE FOLLOW-UP","FOLLOW-UP TEAMS","","C","0","","QE4_FILIAL+QE4_EQUIPE","S"
"QE5","\DATA\","QE5990","RESPONSAVEIS DE CADA EQUIPE","RESPONSABLES DE CADA EQUIPO","RESPONSIBLE FOR EACH TEAM","","C","0","","QE5_FILIAL+QE5_EQUIPE+QE5_FILRES+QE5_RESPON","S"
"QE6","\DATA\","QE6990","ESPECIFICACOES DOS PRODUTOS","ESPECIFICACIONES DE PRODUCTOS","PRODUCT SPECIFICATIONS","","C","0","","QE6_FILIAL+QE6_PRODUT+QE6_REVINV","S"
"QE7","\DATA\","QE7990","ENSAIOS MENSURAVEIS PRODUTOS","ENSAYOS MENSURAB.DE PRODUCTOS","PRODUCT MEASURING TESTS","","C","0","","QE7_FILIAL+QE7_PRODUT+QE7_REVI+QE7_ENSAIO","S"
"QE8","\DATA\","QE8990","ENSAIOS TEXTO DOS PRODUTO","ENSAYOS TEXTO DE LOS PRODUCTOS","PRODUCT TEXT TESTS","","C","0","","QE8_FILIAL+QE8_PRODUT+QE8_REVI+QE8_ENSAIO","S"
"QE9","\DATA\","QE9990","NAO CONFORMIDADES DOS PRODUTOS","NO CONFORMIDADES DE PRODUCTOS","PRODUCTS NONCONFORMANCES","","C","0","","QE9_FILIAL+QE9_PRODUT+QE9_REVI+QE9_ENSAIO+QE9_NAOCON","S"
"QEA","\DATA\","QEA990","AMARR. GRUPO PROD. X PRODUTOS","VINC. GRUPO PROD.VS. PRODUCTOS","PRODUCT GROUP X PRODUCTS","","C","0","","QEA_FILIAL+QEA_GRUPO+QEA_PRODUT","S"
"QEB","\DATA\","QEB990","INFORMATIVO SOBRE PRODUTOS","INFORMATIVO SOBRE PRODUCTOS","PRODUCT REVIEW","","C","0","","QEB_FILIAL+QEB_PRODUT","S"
"QEC","\DATA\","QEC990","TEXTO DOS TOPICOS INFORMATIVOS","TEXTO DE TOPICOS INFORMATIVOS","INFORMATIVE TOPIC TEXT","","C","0","","QEC_FILIAL+QEC_PRODUT+QEC_TOPICO","S"
"QED","\SYSTEM\","QED990","FATORES DO IQP","FACTORES DEL ICP","PRODUCT QUAL.INDEX FACTORS","","C","0","","QED_FILIAL+QED_CODFAT","S"
"QEE","\SYSTEM\","QEE990","CLASSES DE NAO CONFORMIDADES","CLASES DE NO CONFORMIDADES","NONCONFORMANCES CATEGORIES","","C","0","","QEE_FILIAL+QEE_CLASSE","S"
"QEF","\SYSTEM\","QEF990","TABELA DO SKIP-LOTE","TABLA DEL SKIP-LOTE","SKIP LOT TABLE","","C","0","","QEF_FILIAL+QEF_SKPLOT","S"
"QEG","\SYSTEM\","QEG990","CLASSES SITUACAO FORN./PRODUTO","CLASES SITUACION PROVE/PRODUCT","SUPP/PROD.STATUS CATEGORIES","","C","0","","QEG_FILIAL+QEG_SITU","S"
"QEH","\DATA\","QEH990","SKIP-TESTE INDIVIDUAL","SKIP-TEST INDIVIDUAL","INDIVIDUAL SKIP TEST","","C","0","","QEH_FILIAL+QEH_FORNEC+QEH_LOJFOR+QEH_PRODUT+QEH_ENSAIO","S"
"QEI","\DATA\","QEI990","SKIP-TESTE GRUPO","SKIP-TEST GRUPO","GROUP SKIP TEST","","C","0","","QEI_FILIAL+QEI_FORNEC+QEI_LOJFOR+QEI_GRUPO+QEI_ENSAIO","S"
"QEJ","\SYSTEM\","QEJ990","TABELAS P/  O INDICE QUALIDADE","TABLAS PARA EL INDICE CALIDAD","TABLES FOR QUALITY INDEX","","C","0","","QEJ_FILIAL+QEJ_CODTAB+QEJ_FATOR","S"
"QEK","\DATA\","QEK990","ENTRADAS","ENTRADAS","INFLOWS","","E","0","","QEK_FILIAL+QEK_PRODUT+QEK_REVI+QEK_FORNEC+QEK_LOJFOR+QEK_NTFISC+QEK_SERINF+QEK_ITEMNF+QEK_TIPONF+QEK_LOTE+QEK_NUMSEQ","S"
"QEL","\DATA\","QEL990","LAUDOS DAS ENTRADAS","LAUDOS DE LAS ENTRADAS","INFLOW REPORTS","","E","0","","QEL_FILIAL+QEL_FORNEC+QEL_LOJFOR+QEL_PRODUT+QEL_LOTE+QEL_LABOR+DTOS(QEL_DTLAUD)+QEL_HRLAUD","S"
"QEM","\DATA\","QEM990","NNCS DAS ENTRADAS","NNCS DE LAS ENTRADAS","INFLOWS NNCS","","E","0","","QEM_FILIAL+QEM_CHAVE","S"
"QEN","\DATA\","QEN990","CONTROLE SKIP-TESTE INDIVIDUAL","CONTROL SKIP-TEST INDIVIDUAL","INDIVIDUAL SKIP TEST CONTROL","","E","0","","QEN_FILIAL+QEN_FORNEC+QEN_LOJFOR+QEN_PRODUT+QEN_ENSAIO","S"
"QEO","\DATA\","QEO990","CONTROLE SKIP-TESTE GRUPO","CONTROL SKIP-TEST GRUPO","GROUP SKIP TEST CONTROL","","E","0","","QEO_FILIAL+QEO_FORNEC+QEO_LOJFOR+QEO_GRUPO+QEO_ENSAIO","S"
"QEP","\DATA\","QEP990","CONTROLE ENTREGAS IMPORTADAS","CONTROL ENTREGAS IMPORTADAS","IMPORTED DELIVERY CONTROL","","E","0","","QEP_FILIAL+QEP_CODTAB+QEP_FORNEC+QEP_LOJFOR+QEP_PRODUT+DTOS(QEP_DTENTR)+QEP_LOTE","S"
"QEQ","\DATA\","QEQ990","VALORES DAS MEDICOES (TEXTO)","VALORES DE MEDICIONES (TEXTO)","MEASUREMENT VALUES (TEXT)","","E","0","","QEQ_FILIAL+QEQ_CODMED","S"
"QER","\DATA\","QER990","MEDICOES - DADOS GENERICOS","MEDICIONES - DATOS GENERICOS","MEASUREMENTS - GENERAL DATA","","E","0","","QER_FILIAL+QER_PRODUT+QER_REVI+QER_FORNEC+QER_LOJFOR+DTOS(QER_DTENTR)+QER_LOTE+QER_LABOR+QER_ENSAIO+DTOS(QER_DTMEDI)+QER_HRMEDI+QER_CHAVE","S"
"QES","\DATA\","QES990","VALORES DAS MEDICOES (MENSUR.)","VALORES MEDICIONES (MENSURAB.)","MEASUREMENT VALUES (MEASUR)","","E","0","","","S"
"QET","\DATA\","QET990","INSTRUM. UTILIZ. NAS MEDICOES","INSTRUM. USADO EN MEDICIONES","INSTRUMENT USED IN MEASUREMENT","","E","0","","QET_FILIAL+QET_CODMED+QET_INSTR","S"
"QEU","\DATA\","QEU990","NAO CONFORMIDADES DAS ENTRADAS","NO CONFORMIDADES DE ENTRADAS","NONCONFORMANCES INFLOWS","","E","0","","QEU_FILIAL+QEU_CODMED+QEU_NAOCON","S"
"QEV","\DATA\","QEV990","RELATORIOS INDICE QUALIDADE","INFORMES DE INDICE CALIDAD","QUALITY INDEX REPORTS","","E","0","","QEV_FILIAL+QEV_FORNEC+QEV_PRODUT+QEV_ANO+QEV_MES","S"
"QEW","\DATA\","QEW990","OCORRENCIA LAUDOS-REL.IN.QUAL.","EVENTOS LAUDOS-REL.IN.CALIDAD","REPORT OCCURR-QUAL.INDEX REPOR","","E","0","","QEW_FILIAL+QEW_FORNEC+QEW_PRODUT+QEW_ANO+QEW_MES+QEW_LAUDO","S"
"QEX","\SYSTEM\","QEX990","CRITERIOS DO SKIP-LOTE","CRITERIOS DEL SKIP-LOTE","SKIP LOT CRITERIA","","C","0","","","S"
"QEY","\DATA\","QEY990","HISTORICO SKIP-TESTE INDIVID.","HISTORIAL SKIP-TEST INDIVID.","INDIVIUDAL SKIP TEST HISTORY","","E","0","","QEY_FILIAL+QEY_FORNEC+QEY_LOJFOR+QEY_PRODUT+DTOS(QEY_DTENTR)+QEY_LOTE+QEY_ENSAIO","S"
"QEZ","\DATA\","QEZ990","HISTORICO SKIP-TESTE POR GRUPO","HISTORIAL SKIP-TEST POR GRUPO","SKIP TEST HISTORY PER GROUP","","E","0","","QEZ_FILIAL+QEZ_FORNEC+QEZ_LOJFOR+QEZ_GRUPO+DTOS(QEZ_DTENTR)+QEZ_LOTE+QEZ_ENSAIO","S"
"QF1","\SYSTEM\","QF1990","CADASTRO DOS INDICES DO IQF","ARCHIVO DE FACTORES DEL ICPV","SQI INDEXES FILE","","C","0","","QF1_FILIAL+QF1_INDICE","S"
"QF2","\DATA\","QF2990","PERMISSAO DE USO","PERMISO DE USO","USAGE ALLOWANCE","","C","0","","QF2_FILIAL+QF2_FORNEC+QF2_LOJFOR+QF2_PRODUT+DTOS(QF2_DTENTR)+QF2_LOTE+QF2_NUMERO","S"
"QF3","\DATA\","QF3990","PERMISSAO DE USO DESTINATARIOS","PERMISO DE USO DESTINATARIOS","ADDRESSEE USAGE ALLOWANCE","","C","0","","QF3_FILIAL+QF3_FORNEC+QF3_LOJFOR+QF3_PRODUT+DTOS(QF3_DTENTR)+QF3_LOTE+QF3_NUMERO+QF3_MAT+QF3_PENDEN","S"
"QF4","\DATA\","QF4990","ESPEC.PL.AMOSTRAG. POR ENSAIO","ESPEC.PL.MUESTREO POR ENSAYO","SPECIFY SAMPLE PLAN PER TEST","","E","0","","QF4_FILIAL+QF4_FORNEC+QF4_LOJFOR+QF4_PRODUT+QF4_REVI+QF4_ENSAIO","S"
"QF5","\DATA\","QF5990","ESPEC.PL.AMOSTRAG. POR ENTRADA","ESPEC.PL.MUESTREO POR ENTRADA","SPECIFY SAMPLE PLAN PER INFLOW","","E","0","","QF5_FILIAL+QF5_CHAVE+QF5_ENSAIO","S"
"QF6","\DATA\","QF6990","ESPEC. PLANO AMOST X ENSAIO CL","ESPEC.PLAN MUEST vs. ENSAYO CL","SAMPLE PLAN SPECI. X TEST CL.","","E","0","","QF6_FILIAL+QF6_CLIENT+QF6_LOJCLI+QF6_PRODUT+QF6_REVI+QF6_ENSAIO","S"
"QF7","\DATA\","QF7990","Cad.Arquivos Anexos Resultados","Reg. Archivos Adj. Resultados","File Records Attached Results","","E","0","","QF7_FILIAL+QF7_LABOR+QF7_ENSAIO+QF7_LOTE+QF7_ANEXO","S"
"QI0","\DATA\","QI0990","TAB.CAUSAS/EFEITOS/ORIG./PROB.","TAB.CAUSAS/EFECTOS/ORIG./PROB.","CAUSE/EFFECTS/ORIG./PROB.TABLE","","C","0","","QI0_FILIAL+QI0_TIPO+QI0_CODIGO","S"
"QI1","\DATA\","QI1990","CADASTRO DAS DISPOSICOES","ARCHIVO DE DISPOSICIONES","DISPOSAL FILE","","C","0","","QI1_FILIAL+QI1_CODIGO","S"
"QI2","\DATA\","QI2990","CADASTRO DAS NAO CONFORMIDADES","ARCHIVO DE NO CONFORMIDADES","NONCONFORMANCES FILE","","E","0","","QI2_FILIAL+QI2_FNC+QI2_REV","S"
"QI3","\DATA\","QI3990","CADASTRO DAS ACOES","ARCHIVO DE ACCIONES","ACTIONS FILE","","E","0","","QI3_FILIAL+QI3_CODIGO+QI3_REV","S"
"QI4","\DATA\","QI4990","ACAO CORRETIVA X EQUIPE","ACCION CORRECTIVA VS. EQUIPO","CORRECTIVE ACTION X TEAM","","E","0","","QI4_FILIAL+QI4_CODIGO+QI4_REV+QI4_FILMAT+QI4_MAT","S"
"QI5","\DATA\","QI5990","ACAO CORRETIVA X ACOES","ACCION CORRECTIVA VS. ACCIONES","CORRECTIVE ACTION X ACTIONS","","E","0","","QI5_FILIAL+QI5_CODIGO+QI5_REV+QI5_SEQ","S"
"QI6","\DATA\","QI6990","ACAO CORRETIVA X CAUSAS","ACCION CORRECTIVA VS. CAUSAS","CORRECTIVE ACTION X CAUSES","","E","0","","QI6_FILIAL+QI6_CODIGO+QI6_REV+QI6_TIPO+QI6_CAUSA","S"
"QI7","\DATA\","QI7990","ACAO CORRETIVA X DOCUMENTOS","ACCION CORRECTIVA VS. DOCUMENT","CORRECTIVE ACTION X DOCUMENTS","","E","0","","QI7_FILIAL+QI7_CODIGO+QI7_REV+QI7_TPDOC+QI7_DOC+QI7_RV","S"
"QI8","\DATA\","QI8990","ACAO CORRETIVA X CUSTOS","ACCION CORRECTIVA VS. COSTOS","CORRECTIVE ACTION X COSTS","","E","0","","QI8_FILIAL+QI8_CODIGO+QI8_REV+QI8_SEQ","S"
"QI9","\DATA\","QI9990","ACAO CORRETIVA X NAO CONFORMID","ACCION CORRECTIVA VS. NO CONF.","CORRECTIVE ACTION X NONCONFORM","","E","0","","QI9_FILIAL+QI9_CODIGO+QI9_REV+QI9_FNC+QI9_REVFNC","S"
"QIA","\DATA\","QIA990","CODIGOS SEQUENCIAIS","CODIGOS EN SECUENCIA","SEQUENCE CODES","","E","0","","QIA_FILIAL+QIA_ALIAS+QIA_ANO+QIA_CODIGO","S"
"QIB","\DATA\","QIB990","CADASTRO DE MODELOS DE PASSOS","ARCHIVO DE MODELOS DE PASOS","STEPS MODELS FILE","","C","0","","QIB_FILIAL+QIB_CODIGO","S"
"QIC","\DATA\","QIC990","PASSOS/ETAPAS DOS MODELOS","PASOS/ETAPAS DE LOS MODELOS","MODELS STEPS/STAGES","","C","0","","QIC_FILIAL+QIC_CODIGO+QIC_SEQ","S"
"QID","\DATA\","QID990","TABELA DE TIPOS DE ACAO","TABLA DE TIPOS DE ACCION","ACTION TYPES TABLE","","C","0","","QID_FILIAL+QID_TPACAO","S"
"QIE","\DATA\","QIE990","DOCUMENTOS ANEXO PLANO/ETAPAS","DOCUMENTOS ANEXOS PLAN/ETAPAS","ATTACHED DOCS - PLAN/STAGES","","E","0","","QIE_FILIAL+QIE_CODIGO+QIE_REV+QIE_SEQ","S"
"QIF","\DATA\","QIF990","DOCUMENTOS ANEXO FICHAS","DOCUMENTOS ANEXOS FICHAS","ATTACHED DOCS - FORMS","","E","0","","QIF_FILIAL+QIF_FNC+QIF_REV+QIF_SEQ","S"
"QIG","\DATA\","QIG990","LOG DE TRANSFERENCIA N.CONF","LOG DE TRANSFERENCIA N.CONF","N.CONF TRANSFER LOG","","E","0","","","N"
"QK1","\DATA\","QK1990","CADASTRO DE PECAS","ARCHIVO DE REPUESTOS","PARTS FILE","","C","0","","QK1_FILIAL+QK1_PECA+QK1_REV","S"
"QK2","\DATA\","QK2990","CARACTERISTICA DAS PECAS","CARACTERISTICA DE REPUESTOS","PARTS CHARACTERISTIC","","C","0","","QK2_FILIAL+QK2_PECA+QK2_REV+QK2_CODCAR","S"
"QK3","\DATA\","QK3990","APROVACAO DE APARENCIA","APROBACION DE APARIENCIA","APPEARANCE APPROVAL","","C","0","","QK3_FILIAL+QK3_PECA+QK3_REV","S"
"QK4","\DATA\","QK4990","ITENS APROVACAO DE APARENCIA","ITEMES APROBACION APARIENCIA","APPEARANCE APPROVAL ITEMS","","C","0","","QK4_FILIAL+QK4_PECA+QK4_REV+QK4_ITEM","S"
"QK5","\DATA\","QK5990","FMEA DE PROJETO","FMEA DE PROYECTO","PROJECT FMEA","","C","0","","QK5_FILIAL+QK5_PECA+QK5_REV","S"
"QK6","\DATA\","QK6990","ITENS FMEA DE PROJETO","ITEMES FMEA DE PROYECTO","PROJECT FMEA ITEMS","","C","0","","QK6_FILIAL+QK6_PECA+QK6_REV+QK6_ITEM","S"
"QK7","\DATA\","QK7990","FMEA DE PROCESSO","FMEA DE PROCESO","PROCESS FMEA","","C","0","","QK7_FILIAL+QK7_PECA+QK7_REV","S"
"QK8","\DATA\","QK8990","ITENS FMEA DE PROCESSO","ITEMES FMEA DE PROCESO","PROCESS FMEA ITEMS","","C","0","","QK8_FILIAL+QK8_PECA+QK8_REV+QK8_ITEM","S"
"QK9","\DATA\","QK9990","ESTUDO DE CAPABILIDADE","ESTUDIO DE CAPACIDAD","CAPABILITY STUDY","","C","0","","QK9_FILIAL+QK9_PECA+QK9_REV+QK9_CARAC+QK9_SEQ","S"
"QKA","\DATA\","QKA990","ITENS ESTUDO DE CAPABILIDADE","ITEMES ESTUDIO DE CAPACIDAD","CAPABILITY STUDY ITEMS","","C","0","","QKA_FILIAL+QKA_PECA+QKA_REV+QKA_CARAC+QKA_SEQ+QKA_ITEM","S"
"QKB","\DATA\","QKB990","RESULTADOS DIMENSIONAIS","RESULTADOS DIMENSIONALES","DIMENSIONAL RESULTS","","C","0","","QKB_FILIAL+QKB_PECA+QKB_REV+QKB_SEQ+QKB_ITEM","S"
"QKC","\DATA\","QKC990","RESULTADOS ENSAIOS DESEMPENHO","RESULTADOS ENSAYOS DESEMPEÐO","PERFORMANCE TEST RESULTS","","C","0","","QKC_FILIAL+QKC_PECA+QKC_REV+QKC_SEQ+QKC_ITEM","S"
"QKD","\DATA\","QKD990","RESULTADOS ENSAIOS MATERIAIS","RESULTADOS ENSAYOS MATERIALES","MATERIAL TEST RESULTS","","C","0","","QKD_FILIAL+QKD_PECA+QKD_REV+QKD_SEQ+QKD_ITEM","S"
"QKE","\DATA\","QKE990","EQUIPE MULTIFUNCIONAL - APQP","EQUIPO MULTIFUNCIONAL - APQP","MULTIFUNCTIONAL TEAM - PQPA","","C","0","","QKE_FILIAL+QKE_COD+QKE_ITEM","S"
"QKF","\DATA\","QKF990","COMPROMETIMENTO C/ VIABILIDADE","COMPROMISO C/ VIABILIDAD","COMMITMENT WITH FEASIBILITY","","C","0","","QKF_FILIAL+QKF_PECA+QKF_REV","S"
"QKG","\DATA\","QKG990","CRONOGRAMA","CRONOGRAMA","SCHEDULE","","C","0","","QKG_FILIAL+QKG_PECA+QKG_REV","S"
"QKH","\DATA\","QKH990","APROVACAO INTERINA","APROBACION INTERINA","PROVISIONAL APPROVAL","","C","0","","QKH_FILIAL+QKH_PECA+QKH_REV","S"
"QKI","\DATA\","QKI990","CERTIFICADO DE SUBMISSAO","CERTIFICADO DE ENVIO","SUBMISSION CERTIFICATE","","C","0","","QKI_FILIAL+QKI_PECA+QKI_REV","S"
"QKJ","\DATA\","QKJ990","SUMARIO & APQP","SUMARIO & APQP","SUMMARY & APQP","","C","0","","QKJ_FILIAL+QKJ_PECA+QKJ_REV","S"
"QKK","\DATA\","QKK990","CADASTRO DE OPERACOES","ARCHIVO DE OPERACIONES","OPERATION FILE","","C","0","","QKK_FILIAL+QKK_PECA+QKK_REV+QKK_NOPE","S"
"QKL","\DATA\","QKL990","PLANO DE CONTROLE","PLAN DE CONTROL","CONTROL PLAN","","C","0","","QKL_FILIAL+QKL_PECA+QKL_REV","S"
"QKM","\DATA\","QKM990","ITENS PLANO DE CONTROLE","ITEMES PLAN DE CONTROL","CONTROL PLAN ITEMS","","C","0","","QKM_FILIAL+QKM_PECA+QKM_REV+QKM_ITEM","S"
"QKN","\DATA\","QKN990","FLUXO DE PROCESSO","FLUJO DE PROCESO","PROCESS FLOW","","C","0","","QKN_FILIAL+QKN_PECA+QKN_REV+QKN_ITEM","S"
"QKO","\DATA\","QKO990","TEXTOS DO MODULO PPAP","TEXTOS DEL MODULO PPAP","PPAP MODULE TEXTS","","C","0","","QKO_FILIAL+QKO_ESPEC+QKO_CHAVE+QKO_SEQ","S"
"QKP","\DATA\","QKP990","ETAPAS DO CRONOGRAMA","ETAPAS DEL CRONOGRAMA","SCHEDULE STAGES","","C","0","","QKP_FILIAL+QKP_PECA+QKP_REV+QKP_SEQ","S"
"QKQ","\DATA\","QKQ990","CHECKLIST APQP - A1","CHECKLIST APQP - A1","APQP CHECKLIST - A1","","C","0","","QKQ_FILIAL+QKQ_PECA+QKQ_REV+QKQ_NPERG","S"
"QKR","\DATA\","QKR990","CHECKLIST APQP - A2","CHECKLIST APQP - A2","APQP CHECKLIST - A1","","C","0","","QKR_FILIAL+QKR_PECA+QKR_REV+QKR_NPERG","N"
"QKS","\DATA\","QKS990","CHECKLIST APQP - A3","CHECKLIST APQP - A3","APQP CHECKLIST - A3","","C","0","","QKS_FILIAL+QKS_PECA+QKS_REV+QKS_NPERG","N"
"QKT","\DATA\","QKT990","CHECKLIST APQP - A4","CHECKLIST APQP - A4","APQP CHECKLIST - A4","","C","0","","QKT_FILIAL+QKT_PECA+QKT_REV+QKT_NPERG","N"
"QKU","\DATA\","QKU990","CHECKLIST APQP - A5","CHECKLIST APQP - A5","APQP CHECKLIST - A5","","C","0","","QKU_FILIAL+QKU_PECA+QKU_REV+QKU_NPERG","N"
"QKV","\DATA\","QKV990","CHECKLIST APQP - A6","CHECKLIST APQP - A6","APQP CHECKLIST - A6","","C","0","","QKV_FILIAL+QKV_PECA+QKV_REV+QKV_NPERG","N"
"QKW","\DATA\","QKW990","CHECKLIST APQP - A7","CHECKLIST APQP - A7","APQP CHECKLIST - A7","","C","0","","QKW_FILIAL+QKW_PECA+QKW_REV+QKW_NPERG","N"
"QKX","\DATA\","QKX990","CHECKLIST APQP - A8","CHECKLIST APQP - A8","APQP CHECKLIST - A8","","C","0","","QKX_FILIAL+QKX_PECA+QKX_REV+QKX_NPERG","N"
"QKY","\DATA\","QKY990","CHECKLIST MATERIAL A GRANEL","CHECKLIST MATERIAL A GRANEL","IN BULK MATERIAL CHECKLIST","","C","0","","QKY_FILIAL+QKY_PECA+QKY_REV+QKY_NQST","N"
"QKZ","\SYSTEM\","QKZ990","Atividades do Cronograma PPAP","Actividades Cronograma PPAP","PPAP Schedule Activities","","C","0","","QKZ_FILIAL+QKZ_COD","S"
"QL0","\DATA\","QL0990","PSA - Amostras Iniciais","PSA - Muestras Iniciales","PSA - Initial Samples","","C","0","","QL0_FILIAL+QL0_PECA+QL0_REV","S"
"QL1","\DATA\","QL1990","VDA Folha de Capa","VDA Portada","VDA Cover Page","","C","0","","QL1_FILIAL+QL1_PECA+QL1_REV","S"
"QL2","\DATA\","QL2990","VDA Amostra Inicial Cabecalho","VDA Muestra Inicial Encabezami","VDA Header Initial Sample","","C","0","","QL2_FILIAL+QL2_PECA+QL2_REV","S"
"QL3","\DATA\","QL3990","VDA Amostra Inicial Detalhes","VDA Muestra Inicial Detalles","VDA Details Initial Sample","","C","0","","QL3_FILIAL+QL3_PECA+QL3_REV+QL3_ITEM","S"
"QL4","\DATA\","QL4990","Peca X Produto","Pieza vs Producto","Part X Product","","C","0","","QL4_FILIAL+QL4_PECA+QL4_REV+QL4_PRODUT+QL4_REVI+DTOS(QL4_DATA)","S"
"QM1","\DATA\","QM1990","FAMILIAS DE INSTRUMENTO","FAMILIAS DE INSTRUMENTOS","INSTRUMENT FAMILIES","","C","0","","QM1_FILIAL+QM1_TIPO+QM1_REVTIP","S"
"QM2","\DATA\","QM2990","CADASTRO DE INSTRUMENTOS","ARCHIVOS DE INSTRUMENTOS","INSTRUMENT FILE","","C","0","","QM2_FILIAL+QM2_INSTR+QM2_REVINS","S"
"QM3","\DATA\","QM3990","CAD.PADROES PARA CALIBRACAO","ARC.ESTAND. PARA CALIBRACION","STANDARD FILE FOR CALIBRATION","","C","0","","QM3_FILIAL+QM3_PADRAO+QM3_REVPAD","S"
"QM4","\DATA\","QM4990","ENSAIADOR REPE/REPRO","ENSAYOS REPETICION/REPRODUCC.","REPE/REPRO TESTER","","C","0","","QM4_FILIAL+QM4_INSTR+QM4_REVINS+QM4_PECA1+QM4_REV+QM4_CARAC+DTOS(QM4_DATA)+QM4_HORA","S"
"QM5","\DATA\","QM5990","MEDICOES DE ENSAIOS REPE/REPRO","MEDICIONES ENSAYOS REPET/REPRO","REPE/REPRO TEST MEASUREMENTS","","C","0","","QM5_FILIAL+QM5_INSTR+QM5_REVINS+QM5_PECA1+QM5_REV+QM5_CARAC+DTOS(QM5_DATA)+QM5_ENSR+QM5_CICLO+QM5_PECA+QM5_HORA","S"
"QM6","\DATA\","QM6990","CABECALHO DE CALIBRACAO","ENCABEZAMIENTO DE CALIBRACION","CALIBRATION HEADER","","C","0","","QM6_FILIAL+QM6_INSTR+QM6_REVINS+DTOS(QM6_DATA)+QM6_CSEQ","S"
"QM7","\DATA\","QM7990","RESULTADO MEDICOES POR ESCALA","RESULTADO MEDIDAS POR ESCALA","SCALE MEASUREMENT RESULTS","","C","0","","QM7_FILIAL+QM7_INSTR+QM7_REVINS+DTOS(QM7_DATA)+QM7_CSEQ+QM7_ESCALA+QM7_REVESC+QM7_PONTO+QM7_REVPAD","S"
"QM8","\DATA\","QM8990","MEDICOES EFETUADAS","MEDICIONES EFECTUADAS","MEASUREMENTS PERFORMED","","C","0","","QM8_FILIAL+QM8_INSTR+QM8_REVINS+DTOS(QM8_DATA)+QM8_CSEQ+QM8_ESCALA+QM8_REVESC+QM8_PADRAO+QM8_REVPAD+QM8_NUMMED","S"
"QM9","\DATA\","QM9990","CADASTRO DE ESCALAS","ARCHIVO DE ESCALAS","SHIFTS RECORD","","C","0","","QM9_FILIAL+QM9_ESCALA+QM9_REVESC","S"
"QMA","\DATA\","QMA990","AMARRACAO PADROES P/TIPO SOMA","VINCULO ESTANDARES P/TIPO SUMA","STANDARD X PER SUM CATEG.","","C","0","","QMA_FILIAL+QMA_ESCALA+QMA_REVESC+QMA_FAIXA+QMA_PADRAO","S"
"QMB","\DATA\","QMB990","ITENS ORDENS DE SERVICOS CALIB","ITEMES ORDENES DE SERVIC.CALIB","CALIB. SERVICE ORDER ITEMS","","C","0","","QMB_FILIAL+QMB_COD+QMB_ITEM","S"
"QMC","\DATA\","QMC990","AMARRACAO PADROES POR ESCALA","VINCULO ESTANDARES POR ESCALA","STANDARDS X PER SCALE","","C","0","","QMC_FILIAL+QMC_ESCALA+QMC_REVINV+QMC_PADRAO","S"
"QMD","\DATA\","QMD990","REPROGRAMACAO DE CALIBRACAO","REPROGRAMACION DE CALIBRACION","CALIBRATION REPROGRAMMING","","C","0","","QMD_FILIAL+QMD_INSTR+QMD_REVINS+DTOS(QMD_VALDAF)","S"
"QME","\DATA\","QME990","CADASTRO MANUT.REALIZADAS","ARCHIVO MANTENIMIENTOS HECHOS","PERFORMED MAINT. FILE","","C","0","","QME_FILIAL+QME_INSTR+QME_REVINS+DTOS(QME_DATA)","S"
"QMF","\SYSTEM\","QMF990","TABELA DE SCHUMACHER","TABLA DE SCHUMACHER","SCHUMACHER TABLE","","C","0","","QMF_FILIAL+QMF_DIAS","S"
"QMG","\DATA\","QMG990","AMARRA INST.C/PONTOS CALIB","VINCULA INST. c/PUNTOS CALIBR","INSTRUM. X WITH CAL.POINTS","","C","0","","QMG_FILIAL+QMG_INSTR+QMG_REVINS+QMG_PONTO","S"
"QMH","\DATA\","QMH990","CADASTRO TIPOS SECUNDARIOS","ARCHIVO TIPOS SECUNDARIOS","SECONDARY CATEGORY FILE","","C","0","","QMH_FILIAL+QMH_ESCALA+QMH_PADSEC","S"
"QMI","\DATA\","QMI990","INSTRUMENTOS UTIL. NA MEDICAO","INSTRUMENTOS UTIL. EN MEDICION","INSTRUM.USED IN MEASUREMENT","","C","0","","QMI_FILIAL+QMI_INSTR+QMI_REVINS+DTOS(QMI_DATA)+QMI_CSEQ+QMI_ESCALA+QMI_PONTO+QMI_INSUT","S"
"QMJ","\DATA\","QMJ990","NAO CONFORMIDADE POR INTRUM.","NO CONFORMIDAD POR INTRUMENTO","NONCONFORMANCE PER INSTRUMENT","","C","0","","QMJ_FILIAL+QMJ_INSTR+QMJ_REVINS+DTOS(QMJ_DATA)+QMJ_CSEQ+QMJ_ESCALA+QMJ_PONTO+QMJ_NAOCON","S"
"QMK","\DATA\","QMK990","AMARRACAO ESCALAS POR FAMILIA","VINCULO ESCALAS POR FAMILIA","SCALES X CATEGORY","","C","0","","QMK_FILIAL+QMK_TIPO+QMK_REVINV+QMK_ESCALA","S"
"QML","\DATA\","QML990","CADASTRO DE LOCALIZACAO INSTR.","ARCHIVO DE LOCALIZACION INSTR.","INSTRUMENT LOCALIZATION FILE","","C","0","","QML_FILIAL+QML_INSTR+QML_REVINS+QML_FLAGB+DTOS(QML_DTRET)+QML_HRRET+DTOS(QML_DTCOL)+QML_HRCOL","S"
"QMM","\DATA\","QMM990","INF.P/MEDICAO CAL.TIPO FOLGA","INF.PA.MEDICION CAL.TIPO JUEGO","INFORM.F/MEASUREM.CAL.GAP TYPE","","C","0","","QMM_FILIAL+QMM_INSTR+QMM_REVINS+DTOS(QMM_DATA)","S"
"QMN","\DATA\","QMN990","CORRECAO CAL.TIPO FOLGA","CORRECCION CALIBRAC.TIPO JUEGO","CORRECTION CALIBRAT. GAP CATEG","","C","0","","QMN_FILIAL+QMN_ATE","S"
"QMO","\DATA\","QMO990","LABORATORIOS EXTERNOS","LABORATORIOS EXTERNOS","EXTERNAL LABORATORIES","","C","0","","QMO_FILIAL+QMO_COD","S"
"QMP","\DATA\","QMP990","TABELA DE STATUS INSTRUMENTO","TABLA DE ESTATUS INSTRUMENTO","INSTRUMENT STATUS TABLE","","C","0","","QMP_FILIAL+QMP_STATUS","S"
"QMQ","\DATA\","QMQ990","TABELA DE FAIXAS DE ACEITACAO","TABLA DE BANDAS DE ACEPTACION","ACCEPTABLE RANGE TABLE","","C","0","","QMQ_FILIAL+QMQ_ESCALA+QMQ_REVESC","S"
"QMR","\DATA\","QMR990","TOLER/REDUT P/ESCALA DE INSTR.","TOLER/REDUCTOR P/ESCALA INSTR.","TOLER/REDUCT F/INSTRUM.SCALE","","C","0","","QMR_FILIAL+QMR_INSTR+QMR_REVINS+QMR_ESCALA","S"
"QMS","\DATA\","QMS990","PADROES SECUNDARIO P/PONTO MED","ESTAND.SECUNDARIO PA.PUNTO MED","SECOND.STAND.F/MEASUR.POINT","","C","0","","QMS_INSTR+QMS_REVINS+DTOS(QMS_DATA)+QMS_ESCALA+QMS_PONTO+QMS_PADSEC+QMS_ESCPAD+QMS_CSEQ","S"
"QMT","\DATA\","QMT990","PADROES USADOS NA MEDICAO SOMA","ESTAND.USADOS EN MEDICION SUMA","STAND. USED IN SUM MEASUREM.","","C","0","","QMT_FILIAL+QMT_INSTR+QMT_REVINS+DTOS(QMT_DATA)+QMT_CSEQ+QMT_ESCALA+QMT_REVESC+QMT_PONTO+QMT_PADRAO","S"
"QMU","\DATA\","QMU990","CADASTRO DO MSA","ARCHIVO DEL MSA","MSA FILE","","C","0","","QMU_FILIAL+QMU_INSTR+QMU_REVINS+DTOS(QMU_DATA)+QMU_REFER+QMU_ITEM","S"
"QMV","\DATA\","QMV990","CAD.INCERTEZAS TIPO B","ARCHIVO INCERTIDUMBRES TIPO B","TYPE B UNCERTAINTY FILE","","C","0","","QMV_FILIAL+QMV_CODINC","S"
"QMW","\DATA\","QMW990","INCERTEZAS DO TIPO B P/FAMILIA","INCERTIDUMBRE TIPO B P/FAMILIA","TYPE B UNCERTAINTY PER FAMILY","","C","0","","QMW_FILIAL+QMW_TIPO+QMW_REVINV+QMW_CODINC","S"
"QMX","\DATA\","QMX990","INCERTEZAS TIPO B NA MEDICAO","INCERTIDUMBRE TIPO B EN MEDIC.","TYPE B UNCERTAINTY IN MEASUREM","","C","0","","QMX_FILIAL+QMX_INSTR+QMX_REVINS+DTOS(QMX_DATA)+QMX_CSEQ+QMX_ESCALA+QMX_PONTO+QMX_CODINC","S"
"QMY","\DATA\","QMY990","PADROES SECUNDARIOS AUXILIAR","ESTANDARES SECUND.AUXILIAR","AUX. SECONDARY STANDARDS","","C","0","","QMY_FILIAL+QMY_INSTR+QMY_REVINS+QMY_ESCALA+QMY_PONTO+QMY_ESCPAD+QMY_PADSEC","S"
"QMZ","\DATA\","QMZ990","ORDENS DE SERVICOS CALIBRACOES","ORDENES SERVICIOS CALIBRACIONE","CALIBRATION SERVICE ORDERS","","C","0","","QMZ_FILIAL+QMZ_ANO+QMZ_COD","S"
"QP1","\DATA\","QP1990","ENSAIOS","ENSAYOS","TESTS","","C","0","","QP1_FILIAL+QP1_ENSAIO","S"
"QP2","\DATA\","QP2990","NAO CONFORMIDADE DOS ENSAIOS","NO CONFORMIDAD DE LOS ENSAYOS","TESTS NONCONFORMANCES","","C","0","","QP2_FILIAL+QP2_ENSAIO+QP2_NAOCON","S"
"QP3","\DATA\","QP3990","GRUPOS DE PRODUTOS","GRUPOS DE PRODUCTOS","GROUPS OF PRODUCTS","","C","0","","QP3_FILIAL+QP3_GRUPO","S"
"QP4","\DATA\","QP4990","EQUIPES DE FOLLOW-UP","EQUIPOS DE FOLLOW-UP","FOLLOW-UP TEAMS","","C","0","","QP4_FILIAL+QP4_EQUIPE","S"
"QP5","\DATA\","QP5990","RESPONSAVEIS DE CADA EQUIPE","RESPONSABLES DE CADA EQUIPO","RESPONSIBLE FOR EACH TEAM","","C","0","","QP5_FILIAL+QP5_EQUIPE+QP5_RESPON","S"
"QP6","\DATA\","QP6990","HISTORICO DOS PRODUTOS","HISTORIAL DE LOS PRODUCTOS","PRODUCTS HISTORY","","C","0","","QP6_FILIAL+QP6_PRODUT+QP6_REVINV","S"
"QP7","\DATA\","QP7990","ENSAIOS MENSURAVEIS PRODUTOS","ENSAYOS MENSURABLES PRODUCTOS","PRODUCT MEASURABLE TESTS","","C","0","","QP7_FILIAL+QP7_PRODUT+QP7_REVI+QP7_CODREC+QP7_OPERAC+QP7_LABOR+QP7_ENSAIO","S"
"QP8","\DATA\","QP8990","ENSAIOS TEXTOS DOS PRODUTOS","ENSAYOS TEXTOS DE PRODUCTOS","PRODUCT TEXT TESTS","","C","0","","QP8_FILIAL+QP8_PRODUT+QP8_REVI+QP8_CODREC+QP8_OPERAC+QP8_LABOR+QP8_ENSAIO","S"
"QP9","\DATA\","QP9990","NAO CONFORMIDADE DOS PRODUTOS","NO CONFORMIDAD DE PRODUCTOS","PRODUCTS NONCONFORMANCE","","C","0","","QP9_FILIAL+QP9_PRODUT+QP9_REVI+QP9_ROTEIR+QP9_OPERAC+QP9_ENSAIO+QP9_NAOCON","S"
"QPA","\DATA\","QPA990","AMARRACAO GRUPO PROD X PRODUT.","VINCULO GRUPO PROD VS.PRODUCT.","PRODUCT GROUP x PRODUCT","","C","0","","QPA_FILIAL+QPA_GRUPO+QPA_PRODUT","S"
"QPB","\DATA\","QPB990","INFORMATIVO SOBRE PRODUTOS","INFORMATIVO SOBRE PRODUCTOS","PRODUCT INFORMATION SUMMARY","","C","0","","QPB_FILIAL+QPB_PRODUT","S"
"QPC","\DATA\","QPC990","TEXTO DOS TOPICOS INFORMATIVOS","TEXTO DE LOS TOPICOS INFORMAT.","INFORMATIVE TOPICS TEXT","","C","0","","QPC_FILIAL+QPC_PRODUT+QPC_TOPICO","S"
"QPD","\SYSTEM\","QPD990","FATORES DO IQP","FACTORES INDICE CALIDAD PROD.","FACTORS OF PROD.QUAL.INDEX","","C","0","","QPD_FILIAL+QPD_CODFAT","S"
"QPE","\SYSTEM\","QPE990","CLASSES DE NAO CONFORMIDADE","CLASES DE NO CONFORMIDAD","NONCONFORMANCE CATEGORIES","","C","0","","QPE_FILIAL+QPE_CLASSE","S"
"QPF","\SYSTEM\","QPF990","TABELA DO SKIP-LOTE","TABLA DEL SKIP-LOTE","SKIP LOT TABLE","","C","0","","QPF_FILIAL+QPF_SKPLOT","S"
"QPG","\SYSTEM\","QPG990","CLASSES SITUACAO PRODUTO","CLASES SITUACION PRODUCTO","PRODUCT STATUS CATEGORIES","","C","0","","QPG_FILIAL+QPG_SITU","S"
"QPH","\DATA\","QPH990","SKIP-TESTE INDIVIDUAL","SKIP-TEST INDIVIDUAL","INDIVIDUAL SKIP TEST","","C","0","","QPH_FILIAL+QPH_PRODUT+QPH_CODREC+QPH_OPERAC+QPH_ENSAIO","S"
"QPI","\DATA\","QPI990","SKIP-TESTE GRUPO","SKIP-TEST GRUPO","GROUP SKIP TEST","","C","0","","QPI_FILIAL+QPI_GRUPO+QPI_CODREC+QPI_OPERAC+QPI_ENSAIO","S"
"QPK","\DATA\","QPK990","Relacionamento Lote x OP","Relacion Lote vs OP","Relationship Lot x PO","","E","0","","QPK_FILIAL+QPK_OP+QPK_LOTE+QPK_NUMSER","S"
"QPL","\DATA\","QPL990","LAUDO DA ORDEM DE PRODUCAO","LAUDO DE LA ORDEN DE PRODUC.","PRODUCTION ORDER REPORT","","E","0","","QPL_FILIAL+QPL_OP+QPL_LOTE+QPL_NUMSER+QPL_ROTEIR+QPL_OPERAC+QPL_LABOR+DTOS(QPL_DTLAUD)+QPL_HRLAUD","S"
"QPM","\DATA\","QPM990","LAUDO DA OPERACAO","LAUDO DE LA OPERACION","OPERATION REPORT","","E","0","","QPM_FILIAL+QPM_OP+QPM_LOTE+QPM_NUMSER+QPM_ROTEIR+QPM_OPERAC+QPM_LABOR+DTOS(QPM_DTENLA)+QPM_HRENLA","S"
"QPN","\DATA\","QPN990","CONTROLE SKIP-TESTE INDIVIDUAL","CONTROL SKIP-TEST INDIVIDUAL","INDIVIDUAL SKIP TEST CONTROL","","E","0","","QPN_FILIAL+QPN_PRODUT+QPN_CODREC+QPN_OPERAC+QPN_ENSAIO","S"
"QPO","\DATA\","QPO990","CONTROLE SKIP-TESTE GRUPO","CONTROL SKIP-TEST GRUPO","SKIP TEST GROUP CONTROL","","E","0","","QPO_FILIAL+QPO_GRUPO+QPO_CODREC+QPO_OPERAC+QPO_ENSAIO","S"
"QPQ","\DATA\","QPQ990","VALORES DAS MEDICOES (TEXTO)","VALORES DE MEDICIONES (TEXTO)","MEASUREMENT VALUES (TEXT)","","E","0","","QPQ_FILIAL+QPQ_CODMED","S"
"QPR","\DATA\","QPR990","MEDICOES - DADOS GENERICOS","MEDICIONES - DATOS GENERICOS","MEASUREMENTS - GENERAL DATA","","E","0","","QPR_FILIAL+QPR_PRODUT+QPR_REVI+QPR_OP+QPR_OPERAC+QPR_LABOR+QPR_ENSAIO+DTOS(QPR_DTMEDI)+QPR_HRMEDI+QPR_CHAVE","S"
"QPS","\DATA\","QPS990","VALORES DAS MED.(MENSUR.)","VALORES DE MEDIDAS (MENSURAB.)","MEASUREMENT VALUES (MEAS)","","E","0","","","S"
"QPT","\DATA\","QPT990","INST.UTILIZ. NAS MEDICOES","INST.UTILIZ.EN MEDICIONES","INSTRUMENT USED IN MEASUREMENT","","E","0","","QPT_FILIAL+QPT_CODMED+QPT_INSTR","S"
"QPU","\DATA\","QPU990","NAO CONFORMIDADE","NO CONFORMIDAD","NONCONFORMANCE","","E","0","","QPU_FILIAL+QPU_CODMED+QPU_NAOCON","S"
"QPX","\SYSTEM\","QPX990","CRITERIOS SKIP-LOTE","CRITERIOS SKIP-LOTE","SKIP LOT CRITERIA","","E","0","","QPX_FILIAL+QPX_SKPLOT","S"
"QPY","\DATA\","QPY990","HISTORICO SKIP-TESTE INDIV.","HISTORIAL SKIP-TEST INDIV.","INDIVIDUAL SKIP-TEST HISTORY","","E","0","","QPY_FILIAL+QPY_CODREC+QPY_OPERAC+QPY_PRODUT+DTOS(QPY_DTENTR)+QPY_LOTE+QPY_ENSAIO","S"
"QPZ","\DATA\","QPZ990","HISTORICO SKIP-TESTE GRUPO","HISTORIAL SKIP-TEST DE GRUPO","GROUP SKIP-TEST HISTORY","","E","0","","QPZ_FILIAL+QPZ_CODREC+QPZ_OPERAC+QPZ_GRUPO+DTOS(QPZ_DTENTR)+QPZ_LOTE+QPZ_ENSAIO","S"
"QQ1","\DATA\","QQ1990","INSTRUMENTOS DO PRODUTO","INSTRUMENTOS DEL PRODUCTO","PRODUCT INSTRUMENTS","","C","0","","QQ1_FILIAL+QQ1_PRODUT+QQ1_REVI+QQ1_GRUPO+QQ1_REVGRP+QQ1_OPERAC+QQ1_ENSAIO+QQ1_INSTR","S"
"QQ2","\DATA\","QQ2990","RASTREABILIDADE NAS OPERACOES","SEGUIMIENTO EN LAS OPERACIONES","TRACKABILITY IN OPERATIONS","","C","0","","QQ2_FILIAL+QQ2_CODIGO+QQ2_REVI+QQ2_ROTEIR+QQ2_OPERAC+QQ2_PRODUT","S"
"QQ3","\DATA\","QQ3990","FLUXOGRAMA GERAL","DIAGRAMA DE FLUJO GENERAL","GENERAL FLOWCHART","","C","0","","QQ3_FILIAL+QQ3_CODIGO","S"
"QQ4","\DATA\","QQ4990","Relacion. Produto x Cliente","Listado Producto vs. Cliente","ProductXCustomer Relationship","","C","0","","","N"
"QQ5","\DATA\","QQ5990","CADASTRO DE LINHAS DE PRODUTOS","ARCHIVO DE LINEAS DE PRODUCTOS","PRODUCT LINE FILE","","C","0","","QQ5_FILIAL+QQ5_LINHA","S"
"QQ6","\DATA\","QQ6990","AMARRACAO LINHA PRODUT X PROD.","VINC. LINEA PRODUCT. VS. PROD.","PRODUCT LINE X PRODUCT","","C","0","","QQ6_FILIAL+QQ6_LINHA+QQ6_PRODUT","S"
"QQ7","\DATA\","QQ7990","AMARRACAO PROD X CLI - ENSAIOS","VINC. PROD VS. CLI - ENSAYOS","PRODUCT X CUSTOMER - TESTS","","C","0","","QQ7_FILIAL+QQ7_PRODUT+QQ7_CLIENT+QQ7_LOJA+QQ7_LABOR+QQ7_ENSAIO+QQ7_CODREC+QQ7_OPERAC","S"
"QQA","\DATA\","QQA990","CADASTRO DE LEAD-TIME","ARCHIVO DE LEAD-TIME","LEAD TIME FILE","","C","0","","QQA_FILIAL+QQA_CODIGO","S"
"QQB","\SYSTEM\","QQB990","TIPO DE PLANO DE AMOSTRAGEM","TIPO DE PLAN DE MUESTREO","SAMPLE PLAN TYPE","","C","0","","QQB_FILIAL+QQB_PLANO+QQB_CODIGO","S"
"QQC","\DATA\","QQC990","ESPECIFICACAO DE GRUPOS","ESPECIFICACION DE GRUPOS","GROUPS SPECIFICATION","","C","0","","QQC_FILIAL+QQC_GRUPO+QQC_REVINV","S"
"QQG","\DATA\","QQG990","RASTREABILIDADE PRODUT.X OPER.","SEGUIM. PRODUCTO VS. OPERAC.","PRODUCT X OPERATION TRACKABIL.","","E","0","","QQG_FILIAL+QQG_OP+QQG_OPERAC+QQG_PRODUT+QQG_RASTRO","S"
"QQH","\DATA\","QQH990","PL.AMOST. ASSOCIADO ENSAIOS","PL.MUESTREO ASOCIADO ENSAYOS","SAMPL.PLAN ASSOCIATED TO TESTS","","C","0","","QQH_FILIAL+QQH_PRODUT+QQH_REVI+QQH_CODREC+QQH_OPERAC+QQH_ENSAIO+QQH_NQA","S"
"QQJ","\DATA\","QQJ990","Cad.Documentos Anexos Resultad","Reg. Documentos Adj.Resultados","Documents File Attached Result","","E","0","","QQJ_FILIAL+QQJ_OPERAC+QQJ_LABOR+QQJ_ENSAIO+QQJ_OP+QQJ_ANEXO","S"
"QQK","\DATA\","QQK990","ESPECIFICACOES DAS OPERACOES","ESPECIFICACIONES OPERACIONES","OPERATIONS SPECIFICATIONS","","C","0","","","N"
"QU1","\DATA\","QU1990","CADASTRO DE AUDITORES","ARCHIVO DE AUDITORES","AUDITORS FILE","","C","0","","QU1_FILIAL+QU1_CODAUD","S"
"QU2","\DATA\","QU2990","CHECK LIST","CHECK LIST","CHECKLIST","","C","0","","QU2_FILIAL+QU2_CHKLST+QU2_REVIS","S"
"QU3","\DATA\","QU3990","TOPICOS DO CHECK LIST","TOPICOS DEL CHECK LIST","CHECKLIST TOPICS","","C","0","","QU3_FILIAL+QU3_CHKLST+QU3_REVIS+QU3_CHKITE","S"
"QU4","\DATA\","QU4990","QUESTIONARIO DO CHECK LIST","CUESTIONARIO DEL CHECK LIST","CHECKLIST QUESTIONNAIRE","","C","0","","QU4_FILIAL+QU4_CHKLST+QU4_REVIS+QU4_CHKITE+QU4_QSTITE","S"
"QU5","\DATA\","QU5990","CADASTRO DE EMAILS","ARCHIVO DE EMAILS","E-MAILS FILE","","C","0","","QU5_FILIAL+QU5_USERNA+QU5_NICKNA","S"
"QUA","\DATA\","QUA990","AGENDA DE AUDITORIAS","AGENDA DE AUDITORIAS","AUDITS AGENDA","","E","0","","QUA_FILIAL+QUA_NUMAUD","S"
"QUB","\DATA\","QUB990","CADASTRO DE AUDITORIAS","ARCHIVO DE AUDITORIAS","AUDITS FILE","","E","0","","QUB_FILIAL+QUB_NUMAUD","S"
"QUC","\DATA\","QUC990","AMARRACAO AUDITORIAxAUDITORES","VINCUL AUDITORIA vs. AUDITORES","AUDIT X AUDITORS BINDING","","E","0","","QUC_FILIAL+QUC_NUMAUD+QUC_FILMAT+QUC_CODAUD","S"
"QUD","\DATA\","QUD990","ITENS AUDITADOS","ITEMES AUDITADOS","AUDITED ITEMS","","E","0","","QUD_FILIAL+QUD_NUMAUD+QUD_SEQ+QUD_CHKLST+QUD_REVIS+QUD_CHKITE+QUD_QSTITE","S"
"QUE","\DATA\","QUE990","QUESTIONARIO ADICIONAL","CUESTIONARIO ADICIONAL","ADDITIONAL QUESTIONNAIRE","","E","0","","QUE_FILIAL+QUE_NUMAUD+QUE_CHKLST+QUE_REVIS+QUE_CHKITE+QUE_QSTITE","S"
"QUF","\DATA\","QUF990","CHECK LIST POR AUDITORIA","CHECKLIST POR AUDITORIA","CHECKLIST PER AUDIT","","E","0","","QUF_FILIAL+QUF_NUMAUD+QUF_CHKLST+QUF_REVIS","S"
"QUG","\DATA\","QUG990","NAO-CONFORMIDADAS ASSOCIADAS","NO-CONFORMIDADES ASOCIADAS","RELATED NONCONFORMANCES","","E","0","","QUG_FILIAL+QUG_NUMAUD+QUG_SEQ+QUG_CHKLST+QUG_REVIS+QUG_CHKITE+QUG_QSTITE+QUG_ITESEQ","S"
"QUH","\DATA\","QUH990","AREAS AUDITADAS","AREAS AUDITADAS","AUDITED AREAS","","E","0","","QUH_FILIAL+QUH_NUMAUD+QUH_SEQ","S"
"QUI","\DATA\","QUI990","EMAILS X AUDITORIA","E-MAILS VS. AUDITORIA","E-MAILS X AUDIT","","E","0","","QUI_FILIAL+QUI_NUMAUD+QUI_ITEM+QUI_USERNA","S"
"QUJ","\DATA\","QUJ990","AREAS AUDITADAS x CHECKLISTS","AREAS AUDITADAS vs. CHECKLISTS","AUDITED AREAS x CHECKLISTS","","E","0","","QUJ_FILIAL+QUJ_NUMAUD+QUJ_SEQ+QUJ_CHKLST+QUJ_REVIS+QUJ_CHKITE","N"
"QUK","\DATA\","QUK990","REUNIAO DAS AUDITORIAS","REUNION DE LAS AUDITORIAS","AUDIT MEETING","","E","0","","QUK_FILIAL+QUK_NUMAUD+QUK_ORIGEM+QUK_CODREU","N"
"QUM","\DATA\","QUM990","AREAS AUDITADAS x AGENDA","AREAS AUDITADAS vs AGENDA","AUDITED AREAS X AGENDA","","E","0","","QUM_FILIAL+QUM_NUMAUD+QUM_CCUSTO+QUM_FILMAT+QUM_CODAUD","S"
"QUN","\DATA\","QUN990","LOG DE TRANSFERENCIA AUDITORIA","LOG DE TRANSFERENCIA AUDITORIA","AUDIT TRANSFER LOG","","E","0","","","N"
"RA0","\DATA\","RA0990","CADASTRO DE ENTIDADES","ARCHIVO DE ENTIDADES","ENTITIES FILE","","C","0","","RA0_FILIAL+RA0_ENTIDA","S"
"RA1","\DATA\","RA1990","CADASTRO DE CURSOS","ARCHIVO DE CURSOS","COURSES FILE","","C","0","","RA1_FILIAL+RA1_CURSO","S"
"RA2","\DATA\","RA2990","TREINAMENTO","CAPACITACION","TRAINING","","C","0","","RA2_FILIAL+RA2_CALEND+RA2_CURSO+RA2_TURMA","S"
"RA3","\DATA\","RA3990","SOLICITACAO DE TREINAMENTO","SOLICITUD DE CAPACITACION","TRAINING REQUEST","","E","0","","","S"
"RA4","\DATA\","RA4990","CURSOS DO FUNCIONARIO","CURSOS DEL EMPLEADO","EMPLOYEE´S COURSES","","E","0","","RA4_FILIAL+RA4_MAT+RA4_CALEND+RA4_CURSO+RA4_TURMA","S"
"RA5","\DATA\","RA5990","CURSOS DO CARGO","CURSOS DEL CARGO","POSITION COURSES","","C","0","","RA5_FILIAL+RA5_CARGO+RA5_CC+RA5_CURSO","S"
"RA6","\DATA\","RA6990","PROGRAMACAO CURSOS ENTIDADES","PROGRAMACION CURSOS ENTIDADES","ENTITY COURSES PROGRAM","","C","0","","RA6_FILIAL+RA6_CURSO+RA6_ENTIDA","S"
"RA7","\DATA\","RA7990","CADASTROS DE INTRUTORES","ARCHIVOS DE INSTRUCTORES","INSTRUCTORS FILES","","E","0","","RA7_FILIAL+RA7_INSTRU","S"
"RA8","\DATA\","RA8990","PLANEJAMENTO DE TREINAMENTO","PLANIFICACION DE CAPACITACION","TRAINING PLANNING","","E","0","","RA8_FILIAL+RA8_PLANEJ+RA8_SEQ","S"
"RA9","\DATA\","RA9990","CADASTRO DE SINONIMOS","ARCHIVO DE SINONIMOS","SYNONYMS FILE","","C","0","","RA9_FILIAL+RA9_SINONI","S"
"RAA","\DATA\","RAA990","CADASTRO DE DESPESAS","ARCHIVO DE GASTOS","EXPENSES FILE","","C","0","","","S"
"RAB","\DATA\","RAB990","CADASTRO DE AVALIACOES CURSOS","ARCHIVO DE EVALUACIONES CURSOS","COURSES EVALUATION FILE","","C","0","","RAB_FILIAL+RAB_AVAL+RAB_ITEM","S"
"RAC","\DATA\","RAC990","CADASTRO DO RESULTADO AVALIAC","ARCHIVO DE RESULTADO EVALUAC.","EVALUATIONS RESULT FILE","","E","0","","RAC_FILIAL+RAC_CALEND+RAC_CURSO+RAC_TURMA+RAC_MAT+RAC_AVAL+RAC_ITEM","S"
"RAD","\DATA\","RAD990","CADASTRO DE PONTUACAO","ARCHIVO DE PUNTUACION","GRADING FILE","","C","0","","RAD_FILIAL+RAD_ITEM","S"
"RAF","\DATA\","RAF990","REFERENCIA DAS GRADUACOES","REFERENCIA DE GRADUACIONES","GRADING REFERENCES","","E","0","","RAF_FILIAL+RAF_MAT+RAF_FATOR","S"
"RAG","\DATA\","RAG990","CADASTRO DE MATERIAIS DE CURSO","ARCHIVO DE MATERIALES DE CURSO","COURSE MATERIAL FILE","","C","0","","RAG_FILIAL+RAG_MATER","S"
"RAH","\DATA\","RAH990","LISTA MATERIAIS DO CURSO","LISTA MATERIALES DEL CURSO","COURSE MATERIAL LIST","","C","0","","RAH_FILIAL+RAH_CURSO+RAH_MATER","S"
"RAI","\DATA\","RAI990","RESULTADO DOS TESTES","RESULTADO DE PRUEBAS","TEST RESULT","","E","0","","","S"
"RAJ","\DATA\","RAJ990","AGENDA DE TESTES","AGENDA DE PRUEBAS","TEST AGENDA","","E","0","","","S"
"RAK","\DATA\","RAK990","REGIST.PARA AVALIACAO EFICACIA","REGISTRO P/EVALUACION EFICACIA","RECORD FOR EFFICIENCY EVALUAT.","","E","0","","RAK_FILIAL+RAK_CALEND+RAK_CURSO+RAK_TURMA+RAK_MAT","S"
"RAL","\DATA\","RAL990","CURSOS DA FUNCAO","CURSOS DE LA FUNCION","POSITION COURSES","","C","0","","RAL_FILIAL+RAL_FUNCAO+RAL_CURSO","S"
"RAM","\DATA\","RAM990","PLANEJAMENTO DE DISCIPLINAS","PLANIFICACION DE DISCIPLINAS","SUBJECT SCHEDULLING","","C","0","","RAM_FILIAL+RAM_CURSO+RAM_DISCIP","S"
"RAN","\DATA\","RAN990","CURSO X DOCUMENTOS","CURSO VS.DOCUMENTOS","COURSE X DOCUMENTS","","C","0","","","S"
"RAO","\DATA\","RAO990","CURSO EFETUADO X DOCUMENTOS","CURSO EFETUADO VS. DOCUMENTOS","ATTENDED COURSE X DOCUMENT","","E","0","","","S"
"RB0","\DATA\","RB0990","CADASTRO DE EMPRESAS PARTICIP","ARCHIVO DE EMPRESAS PARTICIP.","PARTICIPANT COMPANIES FILE","","C","0","","RB0_FILIAL+RB0_EMPRES","S"
"RB1","\DATA\","RB1990","CADASTRO DE PESQUISA SALARIAIS","ARCHIVO ENCUESTAS SALARIALES","WAGES SURVEY FILE","","C","0","","RB1_FILIAL+RB1_PESQ","S"
"RB2","\DATA\","RB2990","CADASTRO DE DADOS DOS PARTICIP","ARCHIVO DATOS DE PARTICIPANTES","PARTICIPANT DATA FILE","","C","0","","","S"
"RB3","\DATA\","RB3990","CADASTRO DE INDICES REAJUSTE","ARCHIVO DE INDICES REAJUSTE","ADJUSTMENT INDEX FILE","","C","0","","RB3_FILIAL+RB3_INDICE+RB3_DATA","S"
"RB4","\DATA\","RB4990","CADASTRO DE ITENS PESQUISAS","ARCHIVO DE ITEMES BUSQUEDA","SURVEY ITEMS FILE","","C","0","","RB4_FILIAL+RB4_PESQ+RB4_EMPRES+RB4_FUNCAO+RB4_FUNPES","S"
"RB5","\DATA\","RB5990","CADASTRO DE RESULTADOS PESQUIS","ARCHIVO DE RESULTADOS BUSQUED.","SURVEY RESULT FILE","","C","0","","","S"
"RB6","\DATA\","RB6990","CADASTRO TABELA SALARIAL","ARCHIVO TABLA SALARIAL","SALARY TABLE FILE","","C","0","","RB6_FILIAL+RB6_TABELA+RB6_NIVEL+RB6_FAIXA","S"
"RB7","\DATA\","RB7990","CADASTRO AUMENTO PROGRAMADO","ARCHIVO AUMENTO PROGRAMADO","PROGRAMMED RAISE FILE","","E","0","","","S"
"RB8","\DATA\","RB8990","CADASTRO QUADRO FUNCIONARIOS","ARCHIVO CUADRO EMPLEADOS","EMPLOYEE´S BOARD FILE","","C","0","","RB8_FILIAL+RB8_CC+RB8_ANOMES","S"
"RB9","\DATA\","RB9990","CADASTRO DE HIERARQUIA","ARCHIVO DE JERARQUIA","HIERARCHY FILE","","C","0","","","S"
"RBA","\DATA\","RBA990","CADASTRO DOS RESPONSAVEIS","ARCHIVO DE RESPONSABLES","RESPONSIBLES FILE","","C","0","","","S"
"RBB","\DATA\","RBB990","CADASTRO DE RESPONSABILIDADES","ARCHIVO DE RESPONSABILIDADES","RESPOSIBILITIES FILE","","C","0","","","S"
"RBC","\DATA\","RBC990","CADASTRO DE MENUS DE CONSULTA","ARCHIVO DE MENUS DE CONSULTA","SEARCH MENUS FILE","","C","0","","","S"
"RBD","\DATA\","RBD990","QUADRO FUNC. POR FUNCAO","CUADRO EMPL. POR FUNCION","EMPLY. CHART PER POSITION","","C","0","","RBD_FILIAL+RBD_CC+RBD_ANOMES+RBD_FUNCAO","S"
"RBE","\DATA\","RBE990","APROVACAO DE VAGAS","APROBACION DE VACANTES","OPEN POSITIONS APPROVAL","","C","0","","","S"
"RBF","\DATA\","RBF990","CADASTRO DE CLASSE SALARIAL","ARCHIVO DE CLASE SALARIAL","SALARY RANGE FILE","","C","0","","RBF_FILIAL+RBF_CLASSE","S"
"RBG","\DATA\","RBG990","CADASTRO DE HABILIDADES","REGISTRO DE HABILIDADES","ABILITY FILE","","C","0","","RBG_FILIAL+RBG_HABIL","S"
"RBH","\DATA\","RBH990","HABILIDADES DO CARGO","HABILIDADES DEL CARGO","POSITION ABILITY","","C","0","","RBH_FILIAL+RBH_GRUPO+RBH_CARGO+RBH_CC+RBH_CODCOM+RBH_ITECOM+RBH_HABIL","S"
"RBI","\DATA\","RBI990","HABILIDADES DO FUNCIONARIO","HABILIDADES DEL EMPLEADO","EMPLOYEE ABILITY","","E","0","","RBI_FILIAL+RBI_MAT+RBI_HABIL","S"
"RBJ","\DATA\","RBJ990","COMPETENCIA X HABILIDADE","COMPETENCIA VS HABILIDADE","COMPETENCE X QUALIFICATION","","C","0","","RBJ_FILIAL+RBJ_CODCOM+RBJ_ITECOM+RBJ_HABIL","S"
"RBK","\DATA\","RBK990","Tabela de Escala/Importancia","Tabla de Escala/Importancia","Scale/Importance Table","","C","0","","RBK_FILIAL+RBK_ESCALA","N"
"RBL","\DATA\","RBL990","Itens Escala/Importancia","Itemes Escala/Importancia","Scale/Importance Items","","C","0","","RBL_FILIAL+RBL_ESCALA+RBL_ITEM","N"
"RBM","\DATA\","RBM990","COMPETENCIAS DO GRUPO","COMPETENCIAS DEL GRUPO","GROUP COMPETENCES","","C","0","","RBM_FILIAL+RBM_GRUPO+RBM_CODCOM","S"
"RBN","\DATA\","RBN990","ATIVIDADES DO FUNCIONARIO","ACTIVIDADES DEL EMPLEADO","EMPLOYEE ACTIVITIES","","E","0","","","N"
"RBY","\DATA\","RBY990","DESCRICÖES DOS CAMPOS MEMO","DESCRIPC. CAMPOS MEMO","MEMO FIELD DESCRIPTIONS","","C","0","","RBY_FILIAL+RBY_CHAVE+RBY_SEQ","N"
"RC0","\DATA\","RC0990","DEFINICOES DE TITULOS","DEFINICIONES DE TITULOS","BILL DEFINITIONS","","C","0","","","S"
"RC1","\DATA\","RC1990","MOVIMENTACOES DE TITULOS","MOVIMIENTOS DE TITULOS","BILL TRANSACTIONS","","C","0","","","S"
"RC2","\DATA\","RC2990","CABECALHO DE FORMULAS","ENCABEZAMIENTO DE FORMULAS","FORMULA HEADER","","C","0","","RC2_FILIAL+RC2_ORIGEM+RC2_CODIGO","S"
"RC3","\DATA\","RC3990","FORMULAS","FORMULAS","FORMULAS","","C","0","","RC3_FILIAL+RC3_ORIGEM+RC3_CODIGO+RC3_SEQFOR","S"
"RC4","\DATA\","RC4990","BIBLIOTECA DE FUNCAOES","BIBLIOTECA DE FUNCIONES","POSITION LIBRARY","","C","0","","RC4_FILIAL+RC4_NOMFUN","S"
"RC5","\DATA\","RC5990","ITENS BIBLIOTECA DE FUNCOES","ITEMES BIBLIOTECA DE FUNCIONES","POSITION LIBRARY ITEMS","","C","0","","RC5_FILIAL+RC5_NOMFUN+RC5_SEQ","S"
"RC6","\DATA\","RC6990","PERIODO PROFISSIOGRAFICO","PERIODO PROFESIOGRAFICO","GRAPH PROFESSIONAL PERIOD","","E","0","","RC6_FILIAL+RC6_MAT+RC6_CC+DTOS(RC6_DATAIN)","S"
"RC7","\DATA\","RC7990","Exposicao a Riscos","Exposicion a Riesgos","Exposure to risk","","E","0","","RC7_FILIAL+RC7_MAT+DTOS(RC7_DATAIN)+RC7_AGENTE","S"
"RC8","\DATA\","RC8990","EXAMES","EXAMENES","EXAMS","","E","0","","RC8_FILIAL+RC8_MAT+DTOS(RC8_DATA)+RC8_TIPOEX","S"
"RC9","\DATA\","RC9990","REGISTRO CAT","REGISTRO CAT","CAT REGISTRATION","","E","0","","RC9_FILIAL+RC9_MAT+DTOS(RC9_DATA)+RC9_NUMERO","S"
"RCA","\DATA\","RCA990","CADASTRO DE MNEMONICOS","ARCHIVO DE MNEMOTECNIA","MNEMONICS FILE","","C","0","","RCA_FILIAL+RCA_MNEMON","S"
"RCB","\DATA\","RCB990","CONFIGURACAO DE PARAMETROS","CONFIGURACION DE PARAMETROS","PARAMETERS CONFIGURATION","","C","0","","","S"
"RCC","\DATA\","RCC990","PARAMETROS","PARAMETROS","PARAMETERS","","C","0","","RCC_FILIAL + RCC_CODIGO + RCC_FIL + RCC_CHAVE  + RCC_SEQUEN","S"
"RCE","\DATA\","RCE990","CADASTRO DE SINDICATOS","ARCHIVO DE SINDICATOS","LABOR UNION FILE","","C","0","","RCE_FILIAL + RCE_CODIGO","S"
"RCF","\DATA\","RCF990","PERIODOS","PERIODOS","PERIODS","","C","0","","RCF_FILIAL+RCF_ANO+RCF_MES+RCF_TNOTRA+RCF_SEMANA","S"
"RCG","\DATA\","RCG990","ITENS CALENDARIO DE PAGTO","ITEMES CALENDARIO DE PAGO","PAYMENT CALENDAR ITEMS","","C","0","","RCG_FILIAL+RCG_ANO+RCG_MES+RCG_TNOTRA+RCG_SEMANA+DTOS(RCG_DIAMES)","S"
"RD0","\DATA\","RD0990","Pessoas/Participantes","Personas/Participantes","People/Attendants","","C","0","","RD0_FILIAL+RD0_CODIGO","S"
"RD1","\DATA\","RD1990","Rede","Red","Network","","C","0","","RD1_FILIAL+RD1_CODIGO","N"
"RD2","\DATA\","RD2990","Itens de Competencia","Items de Competencia","Jurisdiction items","","C","0","","RD2_FILIAL+RD2_CODIGO+RD2_ITEM+RD2_TREE+DTOS(RD2_DATA)","N"
"RD3","\DATA\","RD3990","Cabecalho  Modelo de Avaliacao","Encabezamiento  Modelo de Eval","Evaluation model Header","","C","0","","RD3_FILIAL+RD3_CODIGO","N"
"RD4","\DATA\","RD4990","Itens de Visoes","Items de Visualizaciones","View items","","C","0","","RD4_FILIAL+RD4_CODIGO+RD4_ITEM+RD4_TREE+DTOS(RD4_DATA)","N"
"RD5","\DATA\","RD5990","Cabecalho Tipos de Avaliacoes","Encabezamiento Tipos Evaluac.","Evaluat. type header","","C","0","","RD5_FILIAL+RD5_CODTIP","N"
"RD6","\DATA\","RD6990","Cabecalho Montagem Avaliacoes","Encabez Elaborac Evaluaciones","Eval. Prep. Header","","C","0","","RD6_FILIAL+RD6_CODIGO","N"
"RD7","\DATA\","RD7990","Itens Refinamento Avaliacoes","Items Refinamiento Evaluac.","Evaluat. Refin. Items","","C","0","","RD7_FILIAL+RD7_CODAVA+RD7_CODADO+RD7_CODCOM+RD7_ITECOM","N"
"RD8","\DATA\","RD8990","Questoes Modelo de Avaliacao","Preguntas Modelo de Evaluacion","Evaluation Form Queries","","C","0","","RD8_FILIAL+RD8_CODMOD+RD8_CODCOM+RD8_ITECOM+RD8_CODQUE","N"
"RD9","\DATA\","RD9990","Itens Avaliacoes vs Avaliados","Items Evaluaciones vs Evaluado","Evaluations x Evaluated Items","","C","0","","RD9_FILIAL+RD9_CODAVA+RD9_CODADO+RD9_CODPRO+DTOS(RD9_DTIAVA)","N"
"RDA","\DATA\","RDA990","Itens Avaliados vs Avaliadores","Items Evaluados vs Evaluadores","Evaluated Items x Appraisers","","C","0","","RDA_FILIAL+RDA_CODAVA+RDA_CODADO+RDA_CODPRO+RDA_CODDOR+DTOS(RDA_DTIAVA)+RDA_CODNET+RDA_NIVEL+RDA_TIPOAV","N"
"RDB","\DATA\","RDB990","Itens Respostas de Avaliacöes","Items Respuestas de Evaluacion","Evaluation Answer Items","","C","0","","RDB_FILIAL+RDB_CODAVA+RDB_CODADO+RDB_CODPRO+RDB_CODDOR+DTOS(RDB_DTIAVA)+RDB_CODCOM+RDB_ITECOM+RDB_CODNET+RDB_CODQUE+RDB_TIPOAV+RDB_CODALT+RDB_ESCALA+RDB_ITEESC+RDB_ID","N"
"RDC","\DATA\","RDC990","Itens Envio/Retorno Avaliacoes","Items Participantes vs Visione","Evaluat. Send/Return Items","","C","0","","RDC_FILIAL+RDC_CODAVA+RDC_CODADO+RDC_CODPRO+RDC_CODDOR+DTOS(RDC_DTIAVA)+RDC_CODNET+RDC_NIVEL+RDC_TIPOAV","N"
"RDD","\DATA\","RDD990","Itens Resultados de Avaliacoes","Items Resultados Evaluaciones","Evaluat.Result Items","","C","0","","RDD_FILIAL+RDD_CODAVA+RDD_CODADO+RDD_CODPRO+DTOS(RDD_DTIAVA)+RDD_CODCOM+RDD_ITECOM+RDD_CODNET","N"
"RDE","\DATA\","RDE990","Itens Participantes vs Visoes","Items Participantes vs Vis.","Attendant x Vision Items","","C","0","","RDE_FILIAL+RDE_CODPAR+RDE_CODVIS+RDE_ITEVIS+DTOS(RDE_DATA)","N"
"RDF","\DATA\","RDF990","Objetivos vs Plano  Avaliacao","Objetivos vs Plan Evaluacion","Objectives vs. Eval. Plan","","C","0","","RDF_FILIAL+RDF_CODIGO+RDF_CODOBJ","N"
"RDG","\DATA\","RDG990","Mensagens","Mensajes","Messages","","C","0","","RDG_FILIAL+RDG_CODIGO","N"
"RDH","\DATA\","RDH990","Itens Tipos de Avaliacao-Rede","Items Tipos de Evaluacion-Red","Eval. type items - Ntwrk","","C","0","","RDH_FILIAL+RDH_CODTIP+RDH_CODNET+RDH_NIVEL","N"
"RDI","\DATA\","RDI990","Tipo de Objetivos","Tipo de Objetivos","Objective Type","","C","0","","RDI_FILIAL+RDI_CODIGO","N"
"RDJ","\DATA\","RDJ990","Itens Objetivos/Participantes","Items Objetivos/Participantes","Objectives/Participants Items","","C","0","","RDJ_FILIAL+RDJ_CODPAR+RDJ_CODOBJ+RDJ_PERIOD+RDJ_ITEM+RDJ_SEQITM+DTOS(RDJ_DATITM)+RDJ_STATUS","N"
"RDK","\DATA\","RDK990","Cabecalho de Visoes","Encabezamiento de Visiones","Vision Header","","C","0","","RDK_FILIAL+RDK_CODIGO","N"
"RDL","\DATA\","RDL990","Cabecalho Plano de Avaliacao","Encabezamiento Plan Evaluacion","Evaluation Plan Header","","C","0","","RDL_FILIAL+RDL_CODIGO","N"
"RDM","\DATA\","RDM990","Cabecalho de Competencias","Encabezamiento Competencias","Jurisdiction Header","","C","0","","RDM_FILIAL+RDM_CODIGO","N"
"RDN","\DATA\","RDN990","Cadastro de Projetos","Archivo de Proyectos","Project File","","C","0","","RDN_FILIAL+RDN_CODIGO","N"
"RDO","\DATA\","RDO990","Itens Modelo Avaliacao/Escala","Items Modelo Evaluacion/Escala","Evaluat./Scale Mod. Items","","C","0","","RDO_FILIAL+RDO_CODMOD+RDO_CODCOM+RDO_ITECOM","N"
"RDP","\DATA\","RDP990","Itens Agenda de Avaliacoes","Items Agenda de Evaluaciones","Evaluation Schedule Items","","C","0","","RDP_FILIAL+RDP_CODAVA+DTOS(RDP_DATINI)","N"
"RDQ","\DATA\","RDQ990","Historico de Estruturas","Historial de Estructuras","Structure History","","C","0","","RDQ_FILIAL+RDQ_CODIGO+RDQ_ALIAS+RDQ_FIL+RDQ_STATUS+DTOS(RDQ_DATA)","N"
"RDR","\DATA\","RDR990","Itens Modelo/Plano Avaliacao","Items Modelo/Plan Evaluacion","Model/Plan Evaluation Items","","C","0","","RDR_FILIAL+RDR_CODIGO+RDR_CODMOD","N"
"RDS","\DATA\","RDS990","Cabec.Criterios Mont.Avaliacao","Registro Criterios Mont.Evalua","Eval. Prep. Criteria Header","","C","0","","RDS_FILIAL+RDS_CODIGO","N"
"RDT","\DATA\","RDT990","Itens Criterio Mont. Avaliacao","Items Crit. Elab. Evaluacion","Evaluat. prep. Criteria items","","C","0","","RDT_FILIAL+RDT_CODIGO+RDT_ALIAS","N"
"RDU","\DATA\","RDU990","Periodos de Metas/Objetivos","Periodos de Metas/Objetivos","Targets/Objectives Periods","","C","0","","RDU_FILIAL+RDU_CODIGO","N"
"RDV","\DATA\","RDV990","Cabecalho Plano de Metas","Encabezamiento Plan de Metas","Target Plan Header","","C","0","","RDV_FILIAL+RDV_CODPAR+RDV_CODOBJ+RDV_CODPER","N"
"RDW","\DATA\","RDW990","Itens de Objetivos","Items de Objetivos","Objective items","","C","0","","RDW_FILIAL+RDW_CODOBJ+RDW_ITEM","N"
"RDY","\DATA\","RDY990","Itens de ""Virtual Memo Field""","Items de ""Virtual Memo Field""","""Virtual Memo Field"" items","","C","0","","RDY_FILIAL+RDY_CHAVE+RDY_SEQ","N"
"RDZ","\DATA\","RDZ990","Pessoas x Entidades","Personas vs. Entidades","People x Entities","","C","0","","RDZ_FILIAL+RDZ_EMPENT+RDZ_FILENT+RDZ_ENTIDA+RDZ_CODENT+RDZ_CODRD0","S"
"RE0","\DATA\","RE0990","CADASTRO DE PROCESSOS","ARCHIVO DE PROCESOS","PROCESS FILE","","C","0","","RE0_FILIAL+RE0_NUM","S"
"RE1","\DATA\","RE1990","CADASTRO DE VARAS","ARCHIVO JURISDICCION","JURISDICTION FILE","","C","0","","RE1_FILIAL+RE1_COMAR+RE1_VARA","S"
"RE3","\DATA\","RE3990","CAD. ESCRIT. DE ADVOCACIA","ARCH. ESTUDIO ABOGACIA","LAW FIRM FILE","","C","0","","RE3_FILIAL+RE3_CODIGO","S"
"RE4","\DATA\","RE4990","CADASTRO ADVOGADOS PROCESSOS","ARCHIVO ABOGADOS PROCESOS","PROCESS LAWYER FILE","","C","0","","RE4_FILIAL+RE4_PRONUM+RE4_CODADV","S"
"RE5","\DATA\","RE5990","CADASTRO DE TIPOS DAS TABELAS","ARCHIVO TIPOS DE TABLAS","TABLE TYPE FILE","","C","0","","RE5_FILIAL+RE5_TABELA+RE5_CODIGO","S"
"RE6","\DATA\","RE6990","DESCRICOES DOS CAMPOS MEMO","DESCRIPC. DE CAMPOS MEMO","MEMO FILE DESCRIPTIONS","","C","0","","RE6_FILIAL+RE6_CHAVE+RE6_SEQ","S"
"RE8","\DATA\","RE8990","CAD. DE SIGLAS DE REG. CLASSE","ARCH. SIGLAS REG. CLASE","CLASS REG. ACRON. FILE","","C","0","","RE8_FILIAL+RE8_IDENT","S"
"RE9","\DATA\","RE9990","CADASTRO DE TESTEMUNHAS","ARCHIVO TESTIGOS","WITNESS FILE","","C","0","","RE9_FILIAL+RE9_PRONUM+DTOS(RE9_DATA)+RE9_TESCOD","S"
"REA","\DATA\","REA990","CADASTRO DE AUDIENCIAS","ARCHIVO  AUDIENCIAS","HEARING FILE","","C","0","","REA_FILIAL+REA_PRONUM+DTOS(REA_DATA)","S"
"REC","\DATA\","REC990","CADASTRO DE COMARCAS E FORUM","ARCHIVO COMARCAS Y FORUM","JURISD. AND COURT FILE","","C","0","","REC_FILIAL+REC_CODIGO","S"
"REE","\DATA\","REE990","CAD. POSTOS DE PROTOCOLO","ARCH. PUESTOS DE PROTOCOLO","VOUCHER STAND FILE","","C","0","","REE_FILIAL+REE_CODIGO","S"
"REG","\DATA\","REG990","CADASTRO DE BENS EM GARANTIA","ARCHIVO BIENES EN GARANTIA","GOODS IN WARRANTY FILE","","C","0","","REG_FILIAL+REG_PRONUM+REG_CODIGO+REG_ITEM","S"
"REH","\DATA\","REH990","CADASTRO DE PERICIAS","ARCHIVO PERICIAS","EXPERT WITNESS REP. FILE","","C","0","","REH_FILIAL+REH_PRONUM+REH_CODPLT+DTOS(REH_DTPERI)+REH_TIPO","S"
"REJ","\DATA\","REJ990","CADASTRO DE JUIZES","ARCHIVO JUECES","JUDGE FILE","","C","0","","REJ_FILIAL+REJ_CODIGO","S"
"REK","\DATA\","REK990","CATEGORIA DE TABELAS","CATEGORIA DE TABLAS","TABLE CATEGORIES","","C","0","","REK_FILIAL+REK_TABELA","S"
"REL","\DATA\","REL990","PLEITOS DOS PROCESSOS","JUICIOS PROCESOS","PROCESS DEMANDS","","C","0","","REL_FILIAL+REL_PRONUM+REL_CODPLT","S"
"REM","\DATA\","REM990","CADASTRO DE RECURSOS","ARCHIVO RECURSOS","RESOURCE FILE","","C","0","","REM_FILIAL+REM_PRONUM+DTOS(REM_DATA)+REM_TIPO","S"
"REO","\DATA\","REO990","CADASTRO DE OCORRENCIAS","ARCHIVO OCURRENCIAS","OCCURRENCE FILE","","C","0","","REO_FILIAL+REO_PRONUM+DTOS(REO_DATA)+REO_TIPO","S"
"RER","\DATA\","RER990","CADASTRO DE REGIOES","ARCHIVO REGIONES","REGION FILE","","C","0","","RER_FILIAL+RER_CODIGO","S"
"RES","\DATA\","RES990","CADASTRO DE SENTENCAS","ARCHIVO SENTENCIAS","SENTENCE FILE","","C","0","","RES_FILIAL+RES_PRONUM+DTOS(RES_JULGAM)","S"
"REU","\DATA\","REU990","CADASTRO DE REG. DE CLASSE","ARCHIVO REG. DE CLASE","CLASS. REG. FILE","","C","0","","REU_FILIAL+REU_CODPES+REU_SIGLA","S"
"SA1","\DATA\","SA1990","CADASTRO DE CLIENTES","ARCHIVO DE CLIENTES","CUSTOMER´S FILE","","C","0","","A1_FILIAL+A1_COD+A1_LOJA","S"
"SA2","\DATA\","SA2990","CADASTRO DE FORNECEDORES","ARCHIVO DE PROVEEDORES","SUPPLIER FILE","","C","0","","A2_FILIAL+A2_COD+A2_LOJA","S"
"SA3","\DATA\","SA3990","CADASTRO DE VENDEDORES","ARCHIVO DE VENDEDORES","SALES REPRESENTATIVE´S FILE","","C","0","","A3_FILIAL+A3_COD","S"
"SA4","\DATA\","SA4990","CADASTRO DE TRANSPORTADORAS","ARCHIVO DE TRANSPORTISTAS","CARRIER FILE","","C","0","","A4_FILIAL+A4_COD","S"
"SA5","\DATA\","SA5990","AMARRACAO PRODUTOXFORNECEDOR","VINCULO PRODUCTO VS. PROVEEDOR","PRODUCT X SUPPLIER","","C","0","","A5_FILIAL+A5_FORNECE+A5_LOJA+A5_PRODUTO+A5_FABR+A5_FALOJA","S"
"SA6","\DATA\","SA6990","CADASTRO DE BANCOS","ARCHIVO DE BANCOS","BANK FILE","","C","0","","A6_FILIAL+A6_COD+A6_AGENCIA+A6_NUMCON","S"
"SA7","\DATA\","SA7990","AMARRACAO PRODUTOXCLIENTE","VINCULO PRODUCTO VS. CLIENTE","PRODUCT X CUSTOMER BINDING","","C","0","","A7_FILIAL+A7_CLIENTE+A7_LOJA+A7_PRODUTO","S"
"SA9","\DATA\","SA9990","CADASTRO DE TECNICOS","ARCHIVO DE TECNICOS","TECHNICIAN FILE","","C","0","","A9_FILIAL+A9_TECNICO","S"
"SAA","\DATA\","SAA990","CADASTRO DE PACOTES DE HORAS","ARCHIVO DE CONTRATO DE HORAS","HOUR PACKAGE FILE","","C","0","","","S"
"SAB","\DATA\","SAB990","CADASTRO DE COMISSOES","ARCHIVO DE COMISIONES","COMMISSION FILE","","C","0","","AB_FILIAL+AB_PRODUTO+AB_COMIS+AB_CLIENTE+AB_LOJA","S"
"SAC","\DATA\","SAC990","AMARRACAO PRODUTOXVERSAO","VINCULO PRODUCTO VS. VERSION","PRODUCT X VERSION BINDING","","C","0","","AC_FILIAL+AC_PRODUTO+AC_VERSAO","S"
"SAD","\DATA\","SAD990","AMARRACAO GRUPOXFORNECEDOR","VINCULO GRUPO VS. PROVEEDOR","GROUP X SUPPLIER BINDING","","C","0","","AD_FILIAL+AD_FORNECE+AD_LOJA+AD_GRUPO","S"
"SAE","\DATA\","SAE990","CADASTRO DE CARTOES DE CREDITO","ARCHIVO DE TARJETAS DE CREDITO","CREDIT CARD FILE","","C","0","","AE_FILIAL+AE_COD","S"
"SAF","\DATA\","SAF990","CADASTRO DE FATORES P/ FINANCI","ARCHIVO DE FACTORES P/FINANC.","FINANCING FACTORS FILE","","C","0","","AF_FILIAL+AF_COD+AF_CODCOND","S"
"SAG","\DATA\","SAG990","CADASTRO DE NAO CONFORMIDADES","ARCHIVO DE NO CONFORMIDADES","NONCONFORMANCE TABLE","","C","0","","AG_FILIAL+AG_NAOCON+AG_CLASSE","S"
"SAH","\DATA\","SAH990","CADASTRO DE UNIDADES DE MEDIDA","ARCHIVO DE UNIDADES DE MEDIDA","MEASUREMENT UNIT FILE","","C","0","","AH_FILIAL+AH_UNIMED","S"
"SAI","\DATA\","SAI990","CADASTRO DE SOLICITANTES","ARCHIVO DE SOLICITANTES","PETITIONERS FILE","","E","0","","AI_FILIAL+AI_GRUSER+AI_USER+AI_ITEM","N"
"SAJ","\DATA\","SAJ990","CADASTRO DOS GRUPOS DE COMPRAS","ARCHIVO DE GRUPOS DE COMPRAS","PURCHASE GROUP FILE","","E","0","","AJ_FILIAL+AJ_GRCOM+AJ_ITEM","N"
"SAK","\DATA\","SAK990","CADASTRO DE APROVADORES","ARCHIVO DE APROBADORES","APPROVER FILE","","E","0","","AK_FILIAL+AK_COD","N"
"SAL","\DATA\","SAL990","GRUPOS DE APROVACAO","GRUPOS DE APROBACIONES","GROUP OF APPROVAL","","E","0","","AL_FILIAL+AL_COD+AL_ITEM","N"
"SAM","\DATA\","SAM990","CADASTRO DE CODIGOS PARA EDI","ARCHIVO DE CODIGOS PARA EDI","CODES FOR EDI FILE","","C","0","","","S"
"SAN","\DATA\","SAN990","AMARRACAO USUARIOS x EVENTOS","VINCULO USUARIOS VS. EVENTOS","USERS X EVENTS","","E","0","","AN_FILIAL+AN_USER+AN_GRUSER+AN_EMAIL+AN_EVENTO","S"
"SAO","\DATA\","SAO990","REF. COMERCIAIS E BANCARIAS","REF. COMERCIALES Y BANCARIAS","BANK AND COMMERCIAL REFERENCES","","E","0","","","S"
"SAP","\DATA\","SAP990","CONVERSAO DE UNIDADES","CONVERSION DE UNIDADES","CONVERSION IN UNITS","","C","0","","AP_FILIAL+AP_DE+AP_PARA","S"
"SAQ","\DATA\","SAQ990","Cadastro de Cobradores","Archivo de Cobradores","Collectors File","","E","0","","AQ_FILIAL+AQ_COD","S"
"SAR","\DATA\","SAR990","Cliente x Cobrador","Clientes vs. Cobrador","Customers X Collector","","E","0","","AR_FILIAL+AR_CODCOBR+AR_CODCLI+AR_LOJCLI","S"
"SB0","\DATA\","SB0990","DADOS ADICIONAIS - LOJA","DATOS ADICIONALES - TIENDA","ADDITIONAL DATA - UNIT","","E","0","","B0_FILIAL+B0_COD","S"
"SB1","\DATA\","SB1990","DESCRICAO GENERICA DO PRODUTO","DESCRIPCION GENERAL DEL PROD.","PRODUCT GENERAL DESCRIPTION","","E","0","","B1_FILIAL+B1_COD","S"
"SB2","\DATA\","SB2990","SALDOS FISICO E FINANCEIRO","SALDOS FISICO Y FINANCIERO","PHYSICAL & FINANCIAL BALANCES","","E","0","","B2_FILIAL+B2_LOCAL+B2_COD","S"
"SB3","\DATA\","SB3990","DEMANDAS","DEMANDAS","DEMANDS","","E","0","","B3_FILIAL+B3_COD","S"
"SB4","\DATA\","SB4990","CADASTRO DE REF.DE PRODUTO","ARCHIVO DE REF.DEL PRODUCTO","PRODUCT REFERENCE FILE","","C","0","","B4_FILIAL+B4_COD","S"
"SB5","\DATA\","SB5990","DADOS ADICIONAIS DO PRODUTO","DATOS ADICIONALES DEL PRODUCTO","PRODUCT ADDITIONAL DATA","","E","0","","B5_FILIAL+B5_COD","S"
"SB6","\DATA\","SB6990","SALDO EM PODER DE TERCEIROS","SALDOS EN MANOS DE TERCEROS","BALANCE WITH THIRD-PARTIES","","E","0","","","S"
"SB7","\DATA\","SB7990","LANCAMENTOS DO INVENTARIO","REGISTROS DE INVENTARIO","INVENTORY ENTRIES","","E","0","","","S"
"SB8","\DATA\","SB8990","SALDOS POR LOTE","SALDOS POR LOTE","BALANCES PER LOT","","E","0","","B8_FILIAL+B8_PRODUTO+B8_LOCAL+B8_LOTECTL+B8_NUMLOTE","N"
"SB9","\DATA\","SB9990","SALDOS INICIAIS","SALDOS INICIALES","OPENING BALANCES","","E","0","","B9_FILIAL+B9_COD+B9_LOCAL+DTOS(B9_DATA)","S"
"SBA","\DATA\","SBA990","PREVISAO DE VENDAS - SIGALOJA","PREVISION DE VENTAS - SIGALOJA","SALES FORECAST-SIGALOJA","","E","0","","BA_FILIAL+BA_COD","N"
"SBB","\DATA\","SBB990","TABELA DE PRECO - SIGAFAS","TABLA DE PRECIOS - SIGAFAS","PRICE LIST-SIGAFAS","","C","0","","BB_FILIAL+BB_CODIGO+BB_PRODUTO","N"
"SBC","\DATA\","SBC990","PERDA POR OP","PERDIDA POR ORDEN PRODUCCION","LOSS PER PRODUCTION ORDER","","E","0","","","S"
"SBD","\DATA\","SBD990","SALDO P/ LOTE CUSTO FIFO","SALDO POR LOTE COSTO FIFO","BALANCE PER LOT FIFO COST","","E","0","","BD_FILIAL+BD_PRODUTO+BD_LOCAL+BD_SEQ","N"
"SBE","\DATA\","SBE990","CADASTRO DE ENDERECOS","ARCHIVO DE LOCALIZACIONES","ADDRESS FILE","","E","0","","BE_FILIAL+BE_LOCAL+BE_LOCALIZ+BE_ESTFIS","N"
"SBF","\DATA\","SBF990","SALDOS POR ENDERECO","SALDOS POR LOCALIZACION","BALANCES PER ADDRESS","","E","0","","","N"
"SBG","\DATA\","SBG990","SUGESTAO DE ORCAMENTO","SUGERENCIA DE PRESUPUESTO","BUDGET SUGGESTION","","E","0","","BG_FILIAL+BG_PRODUTO","N"
"SBH","\DATA\","SBH990","ITENS DE SUGESTAO DE ORCAMENTO","ITEMES DE SUGER.DE PRESUPUESTO","BUDGET SUGGESTION ITEMS","","E","0","","BH_FILIAL+BH_PRODUTO+BH_CODCOMP+BH_SEQUENC","N"
"SBI","\DATA\","SBI990","PRODUTOS X PRECOS","PRODUCTOS VS. PRECIOS","PRODUCTS X PRICES","","E","0","","BI_FILIAL+BI_COD","S"
"SBJ","\DATA\","SBJ990","SALDOS INICIAIS POR LOTE","SALDOS INICIALES DE LOS LOTES","OPENING BALANCES PER LOT","","E","0","","BJ_FILIAL+BJ_COD+BJ_LOCAL+BJ_LOTECTL+BJ_NUMLOTE+DTOS(BJ_DATA)","N"
"SBK","\DATA\","SBK990","SALDOS INICIAIS POR ENDERECO","SALDOS INIC.POR LOCALIZACION","OPENING BALANCES PER LOCATION","","E","0","","BK_FILIAL+BK_COD+BK_LOCAL+BK_LOCALIZ+BK_NUMSERI+DTOS(BK_DATA)+BK_LOTECTL+BK_NUMLOTE","N"
"SBL","\DATA\","SBL990","SUGESTAO DE COMPRA","SUGERENCIA DE COMPRA","PURCHASE SUGGESTION","","E","0","","BL_FILIAL+BL_PRODUTO+BL_ANO+BL_MES","S"
"SBM","\DATA\","SBM990","GRUPO DE PRODUTO","GRUPO DE PRODUCTO","PRODUCT GROUP","","E","0","","BM_FILIAL+BM_GRUPO","S"
"SBP","\DATA\","SBP990","BASE DE CODIGO ESTRUTURADO","BASE DE CODIGO ESTRUCTURADO","STRUCTURED BASE CODE","","E","0","","BP_FILIAL+BP_BASE","S"
"SBQ","\DATA\","SBQ990","ITENS DO CODIGO ESTRUTURADO","ITEMES DEL CODIGO ESTRUCTURADO","STRUCTURED CODE ITEMS","","E","0","","BQ_FILIAL+BQ_BASE+BQ_ITEM+BQ_ID","S"
"SBR","\DATA\","SBR990","DADOS BASICOS DO PRODUTO","DATOS BASICOS DEL PRODUCTO","PRODUCT BASIC DATA","","E","0","","BR_FILIAL+BR_BASE","S"
"SBS","\DATA\","SBS990","OPCOES PARA CARACTERISTICAS","OPCIONES PARA CARACTERISTICAS","OPTIONS FOR CHARACTERISTICS","","E","0","","BS_FILIAL+BS_BASE+BS_ID+BS_CODIGO","S"
"SBT","\DATA\","SBT990","RESTR.PARA FORMACAO DE CODIGO","RESTR.PARA FORMACION DE CODIGO","RESTRICTION REF.TO CODE FORMAT","","E","0","","BT_FILIAL+BT_BASE+BT_IDC1+BT_IDC2+BT_SEQ","S"
"SBU","\DATA\","SBU990","COMPOSICAO DE ESTRUTURA","COMPOSICION DE ESTRUCTURA","STRUCTURE COMPOSITION","","E","0","","BU_FILIAL+BU_BASE+BU_IDC1+BU_IDC2+BU_COMP","S"
"SBV","\DATA\","SBV990","TABELA ITENS GRADE","TABLA ITEMES CUADRICULA","GRID ITEMS TABLE","","C","0","","BV_FILIAL+BV_TABELA+BV_CHAVE","N"
"SBW","\DATA\","SBW990","Conjunto de Opcoes","Conjunto de Opciones","Set of Options","","E","0","","BW_FILIAL+BW_CONJUN","S"
"SBX","\DATA\","SBX990","Opcoes dos Conjuntos","Opciones de los Conjuntos","Options of Sets","","E","0","","BX_FILIAL+BX_CONJUN+BX_CODOP","S"
"SBY","\DATA\","SBY990","Estrutura de Descricao","Estructura de Descripcion","Description Structure","","E","0","","BY_FILIAL+BY_BASE+BY_CAMPO","S"
"SC0","\DATA\","SC0990","RESERVAS PARA FATURAMENTO","RESERVAS PARA FACTURACION","PROVISIONS FOR INVOICING","","E","0","","C0_FILIAL+C0_NUM+C0_PRODUTO","S"
"SC1","\DATA\","SC1990","SOLICITACOES DE COMPRA","SOLICITUDES DE COMPRA","PURCHASE REQUISITIONS","","E","0","","C1_FILIAL+C1_NUM+C1_ITEM","S"
"SC2","\DATA\","SC2990","ORDENS DE PRODUCAO","ORDENES DE PRODUCCION","PRODUCTION ORDERS","","E","0","","","S"
"SC3","\DATA\","SC3990","CONTRATO DE PARCERIA","CONTRATO DE ALIANZA","PARTNERSHIP CONTRACT","","E","0","","C3_FILIAL+C3_NUM+C3_ITEM","N"
"SC4","\DATA\","SC4990","PREVISAO DE VENDAS","PREVISION DE VENTAS","SALES FORECAST","","E","0","","","S"
"SC5","\DATA\","SC5990","PEDIDOS DE VENDA","PEDIDOS DE VENTAS","SALES ORDERS","","E","0","","C5_FILIAL+C5_NUM","S"
"SC6","\DATA\","SC6990","ITENS DOS PEDIDOS DE VENDA","ITEMES DE LOS PEDIDOS DE VENTA","SALES ORDER ITEMS","","E","0","","C6_FILIAL+C6_NUM+C6_ITEM+C6_PRODUTO","S"
"SC7","\DATA\","SC7990","PEDIDOS DE COMPRA","PEDIDOS DE COMPRAS","PURCHASE ORDERS","","E","0","","C7_FILIAL+C7_NUM+C7_ITEM+C7_SEQUEN","S"
"SC8","\DATA\","SC8990","COTACOES","COTIZACIONES","QUOTATIONS","","E","0","","","S"
"SC9","\DATA\","SC9990","PEDIDOS LIBERADOS","PEDIDOS APROBADOS","RELEASED ORDERS","","E","0","","C9_FILIAL+C9_PEDIDO+C9_ITEM+C9_SEQUEN+C9_PRODUTO","S"
"SCA","\DATA\","SCA990","MOVIMENTO DE O.S.","MOVIMIENTO DE O.S.","SERVICE ORDER MOVEMENT","","E","0","","","S"
"SCB","\DATA\","SCB990","CADASTRO DE CONTRATO","ARCHIVO DE CONTRATO","CONTRACT FILE","","E","0","","CB_FILIAL+CB_CLIENTE+CB_LOJA+CB_NUMERO","S"
"SCE","\DATA\","SCE990","ENCERRAMENTO DE COTACOES","CIERRE DE COTIZACIONES","QUOTATIONS CLOSING","","E","0","","","S"
"SCJ","\DATA\","SCJ990","ORCAMENTOS","PRESUPUESTOS","BUDGETS","","E","0","","CJ_FILIAL+CJ_NUM","S"
"SCK","\DATA\","SCK990","ITENS DE ORCAMENTO","ITEMES DE PRESUPUESTO","BUDGET ITEMS","","E","0","","CK_FILIAL+CK_NUM+CK_ITEM","S"
"SCL","\DATA\","SCL990","ITENS DE ORCAMENTO - SUGESTAO","ITEMES PRESUPUESTO -SUGERENCIA","BUDGET ITEMS-SUGGESTION","","E","0","","CL_FILIAL+CL_NUM+CL_ITEMORC+CL_ITEM+CL_PRODUTO","S"
"SCP","\DATA\","SCP990","SOLICITACOES AO ARMAZEM","SOLICITUDES AL DEPOSITO","WAREHOUSE REQUISITIONS","","E","0","","CP_FILIAL+CP_NUM+CP_ITEM+CP_LOCAL","S"
"SCQ","\DATA\","SCQ990","PRE-REQUISICOES","SOLICITUDES PREVIAS","PRE-REQUIREMENTS","","E","0","","","S"
"SCR","\DATA\","SCR990","DOCUMENTOS COM ALÃADA","DOCUMENTOS CON PERTINENCIA","DOCUMENTS HOLDING ALAADA","","E","0","","","N"
"SCS","\DATA\","SCS990","SALDOS DOS APROVADORES","SALDOS DE LOS APROBADORES","APPROVER BALANCES","","E","0","","CS_FILIAL+CS_COD+CS_APROV+CS_DATA","N"
"SCT","\DATA\","SCT990","META DE VENDAS","META DE VENTAS","SALES TARGET","","E","0","","","N"
"SCU","\DATA\","SCU990","SOLICITACAO DE NOTA DE CREDITO","SOLICITUD DE NOTA DE CREDITO","CREDIT NOTE REQUISITION","","E","0","","CU_FILIAL+CU_NUMERO","S"
"SCV","\DATA\","SCV990","PEDIDOS X FORMAS DE PAGTO","PEDIDOS VS. FORMAS DE PAGO","ORDERS X PAYMENT MODES","","E","0","","","S"
"SD1","\DATA\","SD1990","ITENS DAS NF'S DE ENTRADA","ITEMES DE FACTURAS DE ENTRADA","INFLOW INVOICE ITEMS","","E","0","","D1_FILIAL+D1_DOC+D1_SERIE+D1_FORNECE+D1_LOJA+D1_ITEM+D1_FORMUL","S"
"SD2","\DATA\","SD2990","ITENS DE VENDA DA NF","ITEMES DE FACTURAS DE VENTAS","SALES INVOICE ITEMS","","E","0","","D2_FILIAL+D2_DOC+D2_SERIE+D2_CLIENTE+D2_LOJA+D2_ITEM","S"
"SD3","\DATA\","SD3990","MOVIMENTACOES INTERNAS","MOVIMIENTOS INTERNOS","INTERNAL MOVEMENTS","","E","0","","","S"
"SD4","\DATA\","SD4990","REQUISICOES EMPENHADAS","SOLICITUDES RESERVADAS","ALLOCATED REQUISITIONS","","E","0","","D4_FILIAL+D4_COD+D4_OP+D4_TRT+D4_LOTECTL+D4_NUMLOTE+D4_LOCAL+D4_ORDEM+D4_OPORIG","S"
"SD5","\DATA\","SD5990","REQUISICOES POR LOTE","SOLICITUDES POR SUBLOTES","REQUIREMENTS PER LOT","","E","0","","","N"
"SD6","\DATA\","SD6990","ITENS DO CONTRATO","ITEMES DEL CONTRATO","CONTRACT ITEMS","","E","0","","","S"
"SD7","\DATA\","SD7990","MOVIMENTACOES DE CQ","MOVIMIENTOS CONTROL CALIDAD","QUALITY CONTROL TRANSACTIONS","","E","0","","D7_FILIAL+D7_SEQ+D7_NUMERO","S"
"SD8","\DATA\","SD8990","MOVIMENT. P/ LOTE CUSTO FIFO","MOVIMIENTO POR LOTE COSTO FIFO","MOVEMENTS PER FIFO COST LOT","","E","0","","D8_FILIAL+D8_PRODUTO+D8_LOCAL+D8_SEQ+D8_SEQCALC","N"
"SD9","\DATA\","SD9990","CONTROLE DE NUMERACAO DOCS","CONTROL DE NUMERACION DOCS","DOC NUMBERING CONTROL","","E","0","","","S"
"SDA","\DATA\","SDA990","SALDOS A DISTRIBUIR","SALDOS A DISTRIBUIR","BALANCE TO BE DISTRIBUTED","","E","0","","","N"
"SDB","\DATA\","SDB990","MOVIMENTOS DE DISTRIBUICAO","MOVIMIENTOS DE DISTRIBUCION","DISTRIBUTION MOVEMENTS","","E","0","","","N"
"SDC","\DATA\","SDC990","COMPOSICAO DO EMPENHO","COMPOSICION DE LA RESERVA","ALLOCATION COMPOSITION","","E","0","","","S"
"SDD","\DATA\","SDD990","BLOQUEIO DE LOTES","BLOQUEO DE LOTES","LOTS BLOCKAGE","","E","0","","DD_FILIAL+DD_PRODUTO+DD_LOCAL+DD_DOC+DD_LOTECTL+DD_NUMLOTE+DD_LOCALIZ+DD_NUMSERI","N"
"SDE","\DATA\","SDE990","RATEIOS DA NOTA FISCAL","PRORRATEOS DE LA FACTURA","INVOICE PRORATIONS","","E","0","","DE_FILIAL+DE_DOC+DE_SERIE+DE_FORNECE+DE_LOJA+DE_ITEMNF+DE_ITEM","S"
"SDF","\DATA\","SDF990","ITENS SUGESTAO DE COMPRAS","ITEMES SUGERENCIA DE COMPRAS","PURCHASE SUGGESTION ITEMS","","E","0","","","S"
"SDG","\DATA\","SDG990","MOVIMENTO DE CUSTO TRANSPORTE","MOVIMIENTO DE COSTO TRANSPORTE","TRANSPORTATION COST MOVEMENT","","E","0","","","S"
"SDH","\DATA\","SDH990","Documentos de cobertura","Documentos de cobertura","Cover documents","","E","0","","DH_FILIAL+DH_TPMOV+DH_OPER+DH_SERIE+DH_DOC+DH_CLIENTE+DH_LOJACLI+DH_FORNECE+DH_LOJAFOR+DH_IDENTNF","N"
"SE0","\DATA\","SE0990","COTACOES DIARIAS POR CONTRATO","COTIZACIONES DIARIAS POR CTTO.","DAILY QUOTATIONS PER CONTRACT","","C","0","","E0_FILIAL+E0_BANCO+E0_AGENCIA+E0_CONTA+E0_CONTRAT+E0_ORDEM+E0_SUBCTA","S"
"SE1","\DATA\","SE1990","CONTAS A RECEBER","CUENTAS POR COBRAR","ACCOUNTS RECEIVABLE","","E","0","","E1_FILIAL+E1_PREFIXO+E1_NUM+E1_PARCELA+E1_TIPO","S"
"SE2","\DATA\","SE2990","CONTAS A PAGAR","CUENTAS POR PAGAR","ACCOUNTS PAYABLE","","E","0","","E2_FILIAL+E2_PREFIXO+E2_NUM+E2_PARCELA+E2_TIPO+E2_FORNECE+E2_LOJA","S"
"SE3","\DATA\","SE3990","COMISSOES DE VENDAS","COMISIONES DE VENTAS","SALES COMMISSIONS","","E","0","","","S"
"SE4","\DATA\","SE4990","CONDICOES DE PAGAMENTO","CONDICIONES DE PAGO","PAYMENT TERMS","","E","0","","E4_FILIAL+E4_CODIGO","S"
"SE5","\DATA\","SE5990","MOVIMENTACAO BANCARIA","MOVIMIENTO BANCARIO","BANK TRANSACTIONS","","E","0","","","S"
"SE6","\DATA\","SE6990","SOLICITACAO DE TRANSFERENCIA","SOLICITUD DE TRANSFERENCIA","TRANSFER REQUISITION","","C","0","","E6_FILIAL+E6_FILORIG+E6_NUMSOL","N"
"SE7","\DATA\","SE7990","ORCAMENTOS","PRESUPUESTO","BUDGETS","","E","0","","E7_FILIAL+E7_NATUREZ+E7_ANO+E7_CMOEDA","S"
"SE8","\DATA\","SE8990","SALDOS BANCARIOS","SALDOS BANCARIOS","BANK BALANCES","","E","0","","E8_FILIAL+E8_BANCO+E8_AGENCIA+E8_CONTA+DTOS(E8_DTSALAT)","S"
"SE9","\DATA\","SE9990","CONTRATOS BANCARIOS","CONTRATOS BANCARIOS","BANK CONTRACTS","","E","0","","E9_FILIAL+E9_NUMERO+E9_BANCO+E9_AGENCIA","S"
"SEA","\DATA\","SEA990","TITULOS ENVIADOS AO BANCO","TITULOS ENVIADOS AL BANCO","BILLS DELIVERED TO BANK","","E","0","","EA_FILORIG+EA_NUMBOR+EA_PREFIXO+EA_NUM+EA_PARCELA+EA_TIPO+EA_FORNECE+EA_LOJA","S"
"SEB","\DATA\","SEB990","OCORRENCIAS DA TRANSM.BANCARIA","EVENTOS DE TRANSMIS. BANCARIA","BANK TRANSMISSION EVENTS","","E","0","","EB_FILIAL+EB_BANCO+EB_REFBAN+EB_TIPO+EB_MOTBAN","S"
"SEC","\DATA\","SEC990","DESMEMBRAMENTO DE COND. PAGTO.","DESGLOSE CONDICIONES DE PAGO","PAYMENT MODE SPLIT","","C","0","","EC_FILIAL+EC_CODIGO+EC_ITEM","S"
"SED","\DATA\","SED990","CADASTRO DE NATUREZAS","ARCHIVO DE MODALIDADES","CLASS FILE","","E","0","","ED_FILIAL+ED_CODIGO","S"
"SEE","\DATA\","SEE990","COMUNICACAO REMOTA","COMUNICACION REMOTA","REMOTE COMMUNICATION","","E","0","","EE_FILIAL+EE_CODIGO+EE_AGENCIA+EE_CONTA+EE_SUBCTA","S"
"SEF","\DATA\","SEF990","CADASTRO DE CHEQUES","ARCHIVO DE CHEQUES","CHECKS FILE","","E","0","","","S"
"SEG","\DATA\","SEG990","CONTROLE DE APLICACOES","CONTROL DE INVERSIONES","INVESTMENTS CONTROL","","E","0","","","N"
"SEH","\DATA\","SEH990","CONTROLE DE APLICACAO/EMPREST.","CONTROL DE INVERSION/PRESTAMO","INVESTMENT/LOAN CONTROL","","E","0","","EH_FILIAL+EH_NUMERO+EH_REVISAO","N"
"SEI","\DATA\","SEI990","MOVIMENTO APLICACAO/EMPRESTIMO","MOVIMIENTO INVERSION/PRESTAMO","INVESTMENT/LOAN TRANSACTION","","E","0","","EI_FILIAL+EI_APLEMP+EI_NUMERO+EI_REVISAO+EI_SEQ+EI_TIPODOC+EI_MOTBX+DTOS(EI_DATA)","N"
"SEJ","\DATA\","SEJ990","CADASTRO OCORRENCIAS EXTRATO","ARCHIVO OCURRENCIAS EXTRACTO","STATEMENT OCCURENCES FILE","","E","0","","EJ_FILIAL+EJ_BANCO+EJ_OCORBCO","S"
"SEL","\DATA\","SEL990","RECIBOS DE COBRANCAS","RECIBOS DE COBRANZAS","COLLECTION RECEIPTS","","E","0","","EL_FILIAL+EL_SERIE+EL_RECIBO+EL_TIPODOC+EL_PREFIXO+EL_NUMERO+EL_PARCELA+EL_TIPO","S"
"SEM","\DATA\","SEM990","CONTRATO CDCI","CONTRATO CDCI","DCCI CONTRACT","","E","0","","EM_FILIAL+EM_CONTRAT","S"
"SEN","\DATA\","SEN990","PLANOS DE VENDA","PLANES DE VENTA","SALES PLANS","","E","0","","EN_FILIAL+EN_CODIGO","S"
"SEO","\DATA\","SEO990","IOC","IOC","IOC","","E","0","","EO_FILIAL+EO_CODIGO","S"
"SEP","\DATA\","SEP990","INDICES PRATICADOS","INDICES PRACTICADOS","CONSIDERED INDEXES","","E","0","","EP_FILIAL+EP_CODIGO","S"
"SEQ","\DATA\","SEQ990","CABECALHO DO BORDERO","ENCABEZAMIENTO DEL BORDERO","BORDERO HEADER","","E","0","","EQ_FILIAL+EQ_BORDERO","S"
"SER","\DATA\","SER990","ITENS DO BORDERO","ITEMES DEL BORDERO","BORDERO ITEMS","","E","0","","ER_FILIAL+ER_BORDERO+STR(ER_CARENC,3)+STR(ER_PARCELA,3)+ER_STATUS+ER_PLANO","S"
"SES","\DATA\","SES990","TABELA DE TIPOS DE TITULOS","TABLA DE TIPO DE DOCUMENTO","TYPES OF BILLS TABLE","","C","0","","ES_FILIAL+ES_TIPO+ES_CARTEIR","S"
"SET","\DATA\","SET990","CADASTRO DE CAIXINHAS","ARCHIVO DE CAJA CHICA","PETTY CASH FILE","","C","0","","ET_FILIAL+ET_CODIGO","S"
"SEU","\DATA\","SEU990","MOVIMENTOS DO CAIXINHA","MOVIMIENTOS CAJA CHICA","PETTY CASH TRANSACTIONS","","E","0","","EU_FILIAL+EU_NUM","S"
"SEV","\DATA\","SEV990","MULTIPLAS NATUREZAS POR TITULO","MULTIPLES MODALIDAD POR TITULO","MULTIPLE CLASSES BY BILL","","E","0","","","S"
"SEW","\DATA\","SEW990","Rateio para orcamentos","Prorrateo para presupuestos","Proration for Budget","","E","0","","EW_FILIAL+EW_ANO+EW_MES+EW_MOEDA+EW_NATUREZ+EW_CCUSTO+EW_ITEMCTA+EW_CLVL","S"
"SEX","\DATA\","SEX990","COMISSOES DE COBRADORES","COMISIONES DE COBRADORES","COLLECTORS COMMISSIONS","","E","0","","EX_FILIAL+EX_NUM+DTOS(EX_EMISSAO)+EX_SERREC","S"
"SEY","\DATA\","SEY990","RECIBO x COBRADORES","RECIBO VS. COBRADORES","RECEIPT x COLLECTORS","","E","0","","EY_FILIAL+EY_COBRAD+DTOS(EY_DATA)","S"
"SEZ","\DATA\","SEZ990","DISTRIB. DE NATUREZAS EM C.C.","Distrib. de Modalidad en C. C.","CLASSES DISTRIB. IN C.C..","","E","0","","","S"
"SF1","\DATA\","SF1990","CABECALHO DAS NF'S DE ENTRADA","ENCABEZAMIENTO FACTUR.ENTRADA","INFLOW INVOICES HEADER","","E","0","","F1_FILIAL+F1_DOC+F1_SERIE+F1_FORNECE+F1_LOJA+F1_FORMUL","S"
"SF2","\DATA\","SF2990","CABECALHO DAS NF'S DE SAIDA","ENCABEZAMIENTO FACTUR.SALIDA","OUTFLOW INVOICES HEADER","","E","0","","F2_FILIAL+F2_DOC+F2_SERIE+F2_CLIENTE+F2_LOJA","S"
"SF3","\DATA\","SF3990","LIVROS FISCAIS","LIBROS FISCALES","TAX RECORDS","","E","0","","","S"
"SF4","\DATA\","SF4990","TIPOS DE ENTRADA E SAIDA","TIPOS DE ENTRADAS Y SALIDAS","INFLOW AND OUTFLOW TYPES","","E","0","","F4_FILIAL+F4_CODIGO","S"
"SF5","\DATA\","SF5990","TIPOS DE MOVIMENTACAO","TIPOS DE MOVIMIENTOS","TYPES OF MOVEMENTS","","E","0","","","S"
"SF6","\DATA\","SF6990","GUIAS DE RECOLHIMENTO","ARCHIVO GUIAS DE RECAUDACION","TAX PAYMENT FORMS","","E","0","","","S"
"SF7","\DATA\","SF7990","GRUPO DE TRIBUTACAO","GRUPO DE TRIBUTOS","TAXATION GROUP","","E","0","","","S"
"SF8","\DATA\","SF8990","AMARRACAO NF ORIG X NF IMP/FRE","VINC. FAC.ORIG.VS. FAC.IMP/FLE","ORG INVOICE X IMP/FREIGHT INV.","","E","0","","F8_FILIAL+F8_NFDIFRE+F8_SEDIFRE+F8_TRANSP+F8_LOJTRAN+F8_NFORIG+F8_SERORIG+F8_FORNECE+F8_LOJA","S"
"SF9","\DATA\","SF9990","MANUTENCAO CIAP","MANTENIMIENTO CIAP","CIAP MAINTENANCE","","E","0","","","S"
"SFA","\DATA\","SFA990","ESTORNO MENSAL CIAP","REVERSION MENSUAL CIAP","CIAP MONTHLY REVERSAL","","E","0","","","S"
"SFB","\DATA\","SFB990","CADASTRO DE IMPOSTOS VARIAVEIS","ARCHIVO DE IMPUESTOS VARIABLES","VARIABLE TAXES FILE","","C","0","","FB_FILIAL+FB_CODIGO","S"
"SFC","\DATA\","SFC990","AMARRACAO TES X IMPOSTOS","VINCULO TES VS. IMPUESTOS","TIO X TAXES BINDING","","C","0","","FC_FILIAL+FC_TES+FC_SEQ+FC_IMPOSTO","S"
"SFE","\DATA\","SFE990","RETENCOES DE IMPOSTOS","RETENCIONES DE IMPUESTOS","TAX WITHHOLDINGS","","C","0","","FE_FILIAL+FE_NROCERT+FE_TIPO+FE_EST","S"
"SFI","\DATA\","SFI990","RESUMO REDUCAO Z","RESUMEN REDUCCION DE COMPRA","Z REDUCTION SUMMARY","","C","0","","FI_FILIAL+DTOS(FI_DTMOVTO)+FI_PDV","S"
"SFJ","\DATA\","SFJ990","SUGESTAO DE COMPRA","SUGERENCIA DE COMPRA","PURCHASE SUGGESTION","","E","0","","","S"
"SFK","\DATA\","SFK990","SALDO INICIAL-SUBST.TRIBUTARIA","SALDO INICIAL-SUST.TRIBUTARIA","OPEN BALANCE-TAX REPLACEMENT","","C","0","","","S"
"SFM","\DATA\","SFM990","TES INTELIGENTE","TES INTELIGENTE","INTELLIGENTTIO","","C","0","","FM_FILIAL+FM_TIPO+FM_CLIENTE+FM_LOJACLI+FM_FORNECE+FM_LOJAFOR+FM_GRTRIB+FM_PRODUTO+FM_GRPROD","S"
"SFN","\DATA\","SFN990","Guias de Selos de Controle","Formularios Sellos de Control","CONTROL STAMP GUIDE","","E","0","","","S"
"SFO","\DATA\","SFO990","Saldos Iniciais de Selo","Saldos Iniciales del Sello","STAMP OPENING BALANCES","","E","0","","","S"
"SFP","\DATA\","SFP990","Controle de Formularios","Control de Formularios","Formulas Control","","C","0","","FP_FILIAL+FP_FILUSO+FP_SERIE+FP_CAI+FP_NUMINI+FP_NUMFIM+FP_ESPECIE","S"
"SFQ","\DATA\","SFQ990","Amarracäo de Parcelas","Vinculo de las Cuotas","Installment binding","","E","0","","","S"
"SG1","\DATA\","SG1990","ESTRUTURAS DOS PRODUTOS","ESTRUCTURAS DE LOS PRODUCTOS","PRODUCT STRUCTURES","","E","0","","","S"
"SG2","\DATA\","SG2990","OPERACOES","OPERACIONES","OPERATIONS","","E","0","","","S"
"SG3","\DATA\","SG3990","GRUPOS DE SELETIVIDADE","GRUPOS DE SELECTIVIDAD","SELECTIVITY GROUPS","","E","0","","","S"
"SG4","\DATA\","SG4990","COMPOSICAO SELETIVA DO PRODUTO","COMPOSICION SELECTIVA DEL PROD","PRODUCT SELECTIVE COMPOSIT.","","E","0","","","S"
"SG5","\DATA\","SG5990","CADASTRO DE REVISOES ESTRUTURA","ARCHIVO DE REVISION DE ESTRUC.","STRUCTURE REVISION FILE","","E","0","","","S"
"SG6","\DATA\","SG6990","GRUPO DE RECURSOS","GRUPO DE RECURSOS","RESOURCES GROUP","","E","0","","","S"
"SG7","\DATA\","SG7990","RESTRICOES SECUNDARIAS","RESTRICCIONES SECUNDARIAS","SECONDARY RESTRICTIONS","","E","0","","","S"
"SG8","\DATA\","SG8990","SEQUENCIA PREFERIDA","SECUENCIA PREFERIDA","FAVORITE SEQUENCE","","E","0","","","S"
"SG9","\DATA\","SG9990","Grupos de Setup","Grupos de Setup","Setup Groups","","E","0","","","S"
"SGA","\DATA\","SGA990","CADASTRO GRUPO DE OPCIONAIS","ARCHIVO GRUPO DE OPCIONALES","OPTIONAL GROUP FILE","","C","0","","","S"
"SGB","\DATA\","SGB990","Calendario APS","Calendario APS","APS Calendar","","E","0","","","S"
"SGC","\DATA\","SGC990","Tempo por Recurso x Operacao","Tiempo por Recurso vs Operac.","Time per Resource X Operation","","E","0","","","S"
"SGD","\DATA\","SGD990","Matriz de Setup","Matriz de Setup","Setup Matrix","","E","0","","","S"
"SGE","\DATA\","SGE990","Atributos do Produto","Atributos del Producto","Product Attributes","","E","0","","","S"
"SGF","\DATA\","SGF990","AMARRACAO OPERACAOxCOMPONENTE","VINCULO OPERAC. vs. COMPONENTE","OPERATION X COMPONENT","","E","0","","","N"
"SGG","\DATA\","SGG990","PRE-ESTRUTURA","ESTRUCTURA PREVIA","PRE-STRUCTURE","","E","0","","","S"
"SH1","\DATA\","SH1990","RECURSOS","RECURSOS","RESOURCES","","E","0","","","S"
"SH2","\DATA\","SH2990","RECURSOS ALTERNATIVOS/SECUND.","RECURSOS ALTERNATIVOS/SECUND.","ALTERN./SECONDARY RESOURCES","","E","0","","","S"
"SH3","\DATA\","SH3990","RECURSOS E FERRAM. POR OPER.","RECURSOS Y HERRAM. POR OPERAC.","RESOURCES AND TOOLS PER OPER.","","E","0","","","S"
"SH4","\DATA\","SH4990","FERRAMENTAS","HERRAMIENTAS","TOOLS","","E","0","","","S"
"SH6","\DATA\","SH6990","MOVIMENTACAO DA PRODUCAO","MOVIMIENTO DE LA PRODUCCION","PRODUCTION MOVEMENTS","","E","0","","","S"
"SH7","\DATA\","SH7990","CALENDARIO","CALENDARIO","CALENDAR","","E","0","","","S"
"SH8","\DATA\","SH8990","OPERACOES ALOCADAS","OPERACIONES ASIGNADAS","ALLOCATED OPERATIONS","","E","0","","","S"
"SH9","\DATA\","SH9990","BLOQUEIOS E EXCECOES","BLOQUEOS Y EXCEPCIONES","BLOCKAGES AND EXCEPTIONS","","E","0","","","S"
"SHB","\DATA\","SHB990","CENTRO DE TRABALHO","CENTROS DE TRABAJO","WORK CENTER","","E","0","","","S"
"SHC","\DATA\","SHC990","PLANO MESTRE DE PRODUCAO","PLAN PRINCIPAL DE PRODUCCION","PRODUCTION MASTER PLAN","","E","0","","","S"
"SHD","\DATA\","SHD990","OPERAC. ALOCADAS SACRAMENTADAS","OPERACIONES ASIGNADAS ULTIMAD.","LEGALIZED AND ALLOCATED OPERAT","","E","0","","","S"
"SHE","\DATA\","SHE990","FERRAMENTAS SACRAMENTADAS","HERRAMIENTAS ULTIMADAS","LEGALIZED TOOLS","","E","0","","","S"
"SHG","\DATA\","SHG990","LOGS DO MRP","LOGS DEL MRP","MRP LOGS","","E","0","","","N"
"SHH","\DATA\","SHH990","CARGA ACUMULADA","CARGA ACUMULADA","ACCRUED LOAD","","E","0","","","S"
"SHI","\DATA\","SHI990","VIGENCIA DE CALENDARIOS","VIGENCIA DE CALENDARIOS","CALENDAR OCCURRENCE","","E","0","","","N"
"SI1","\DATA\","SI1990","PLANO DE CONTAS","PLAN DE CUENTAS","CHART OF ACCOUNTS","","E","0","","","S"
"SI2","\DATA\","SI2990","LANCAMENTOS CONTABEIS","ASIENTOS CONTABLES","ACCOUNTING ENTRIES","","E","0","","","S"
"SI3","\DATA\","SI3990","CENTROS DE CUSTOS","CENTROS DE COSTOS","COST CENTERS","","E","0","","","S"
"SI4","\DATA\","SI4990","SALDOS CONTA X ITENS","SALDOS CUENTA VS. ITEMES","ACCOUNT BALANCES X ITEMS","","E","0","","","S"
"SI5","\DATA\","SI5990","LANCAMENTOS PADRONIZADOS","REGISTROS ESTANDARES","STANDARDIZED ENTRIES","","E","0","","","S"
"SI6","\DATA\","SI6990","TOTAIS DE LOTE","TOTALES DE LOTES","LOT TOTAL","","E","0","","","S"
"SI7","\DATA\","SI7990","PLANO CONTAS EM OUTRAS MOEDAS","PLAN GEN.CONTAB. OTRAS MONEDAS","ACCOUNT PLAN IN OTHER CURRENCY","","E","0","","","S"
"SI8","\DATA\","SI8990","CADASTRO DE HISTORICOS","ARCHIVO DE HISTORIALES","HISTORY FILE","","E","0","","","S"
"SI9","\DATA\","SI9990","CADASTRO DE RATEIOS","ARCHIVO DE PRORRATEOS","PRORATION FILE","","E","0","","","S"
"SIA","\DATA\","SIA990","VALORES ORCADOS","VALORES PRESUPUESTADOS","BUDGETED VALUES","","E","0","","","S"
"SIB","\DATA\","SIB990","RATEIOS OFF LINE","PRORRATEO OFF LINE","OFFLINE APPORTIONMENTS","","E","0","","","S"
"SIC","\DATA\","SIC990","PRE-LANCAMENTOS","ASIENTOS PREVIOS","PRE-ENTRIES","","E","0","","","S"
"SID","\DATA\","SID990","CADASTRO DE ITENS","ARCHIVOS DE ITEMES","ITEMS FILE","","E","0","","","S"
"SIE","\DATA\","SIE990","INDICE DE AJUSTE POR INFLACION","INDICE DE AJUSTE POR INFLACION","ADJUSTMENT INDEX PER INFLATION","","C","0","","IE_FILIAL+IE_EXERCIC+IE_MES","S"
"SJ0","\DATA\","SJ0990","URF-UNIDADE DA RECEITA FEDERAL","URF-UNIDAD DEL FISCO","URF-FEDERAL REVENUE UNIT","","C","0","","J0_FILIAL+J0_CODIGO","N"
"SJ1","\DATA\","SJ1990","NALADI SH","NALADI SH","NALADI SH","","C","0","","J1_FILIAL+J1_CODIGO","N"
"SJ2","\DATA\","SJ2990","NALADI NCCA","NALADI NCCA","NALADI NCCA","","C","0","","J2_FILIAL+J2_CODIGO","N"
"SJ3","\DATA\","SJ3990","ACUMULADOS MENSAIS","ACUMULADOS MENSUALES","MONTHLY ACCUMULATED","","E","0","","J3_FILIAL+J3_REGVEND+J3_CLIENTE+J3_LOJA+J3_PRODUTO+J3_ANO","S"
"SJ5","\DATA\","SJ5990","CONVERSAO DE UNIDADES","CONVERSION DE UNIDADES","CONVERSION IN UNITS","","C","0","","","N"
"SJ6","\DATA\","SJ6990","MODALIDADE DE PAGTO","MODO DE PAGO","PAYMENT MODALITY","","C","0","","","N"
"SJ7","\DATA\","SJ7990","INSTITUICOES FINANCIADORAS","INSTITUCIONES FINANCIERAS","FINANCIAL INSTITUTIONS","","C","0","","J7_FILIAL+J7_CODIGO","N"
"SJ8","\DATA\","SJ8990","MOTIVOS SEM COBERTURA","CAUSAS SIN COBERTURA","CASES WITHOUT COVERAGE","","C","0","","J8_FILIAL+J8_CODIGO","N"
"SJ9","\DATA\","SJ9990","AGENCIAS SECEX","AGENCIAS SECEX","SECEX AGENCIES","","C","0","","J9_FILIAL+J9_CODIGO","N"
"SJA","\DATA\","SJA990","RECINTO ALFANDEGADO","RECINTO ADUANERO","CUSTOMHOUSE","","C","0","","JA_FILIAL+JA_RECALF","N"
"SJB","\DATA\","SJB990","TIPOS DE DECLARACAO","TIPO DE DECLARACION","DECLARATION TYPES","","C","0","","JB_FILIAL+JB_COD","N"
"SJC","\DATA\","SJC990","ALADI","ALADI","ALADI","","C","0","","JC_FILIAL+JC_CODIGO","N"
"SJD","\DATA\","SJD990","CONTROLE DE CONTAINERS","CONTROL DE CONTENEDORES","CONTAINERS CONTROL","","C","0","","","N"
"SJE","\DATA\","SJE990","DOCS P/ INSTRUCAO DE DESPACHO","DOCS P/ INSTRUCC. DE DESPACHO","DOCUMENTS F/ FORWARD. INSTRUC.","","C","0","","","N"
"SJF","\DATA\","SJF990","TIPOS DE EMBALAGEM","TIPOS DE EMBALAJE","PACKAGE TYPES","","C","0","","JF_FILIAL+JF_CODIGO","N"
"SJG","\DATA\","SJG990","SETOR DE IMPORTACAO","SECTOR DE IMPORTACION","IMPORT SECTOR","","C","0","","","N"
"SJH","\DATA\","SJH990","RECEITA TRIBUTARIA","REDITO TRIBUTARIO","TAX REVENUE","","C","0","","JH_FILIAL+JH_CODIGO","N"
"SJI","\DATA\","SJI990","TIPO DE ATO LEGAL","TIPO DE ACTO LEGAL","LEGAL ACT TYPE","","C","0","","","N"
"SJJ","\DATA\","SJJ990","ORGAO EMISSOR DE ATO LEGAL","ORGANO EMISOR DE ACTO LEGAL","LEGAL ACT ISSUING BODY","","C","0","","JJ_FILIAL+JJ_CODIGO","N"
"SJK","\DATA\","SJK990","ATRIBUTOS PARA VALORACAO","ATRIBUTOS PARA VALORAR","ATTRIBUTES FOR VALORIZATION","","C","0","","","N"
"SJL","\DATA\","SJL990","ESPECIFICACOES PARA VALORACAO","ESPECIFICACIONES PARA VALORAC.","SPECIFICATIONS FOR VALORIZATIO","","C","0","","","N"
"SJM","\DATA\","SJM990","METODOS PARA VALORACAO","METODOS PARA VALORAR","METHODS FOR VALORIZATION","","C","0","","","N"
"SJN","\DATA\","SJN990","TABELA DE ACRECIMOS","TABLA DE INCREMENTOS","INCREASE TABLE","","C","0","","","N"
"SJO","\DATA\","SJO990","TABELA DE DECRECIMOS","TABLA DE DISMINUCIONES","DECREASING TABLE","","C","0","","","N"
"SJP","\DATA\","SJP990","TABELA DE REGIMES TRIBUTARIOS","TABLA DE REGIMENES TRIBUTARIOS","TAXATION REGIME TABLE","","C","0","","","N"
"SJR","\DATA\","SJR990","MOTIVO DE ADMISSAO TEMPORARIA","MOTIVO DE ADMISION TEMPORAL","TEMPORARY ADMISSION REASON","","C","0","","","N"
"SJT","\DATA\","SJT990","TIPO DE RECEPIENTE","TIPO DE ENVASE","RECEIVER TYPE","","C","0","","","N"
"SJU","\DATA\","SJU990","TAXAS DE JUROS - BACEN","TASAS DE INTERESES - BACEN","INTEREST RATES - BACEN","","C","0","","","N"
"SJV","\DATA\","SJV990","TABELA NATUREZA OPERACAO","TABLA NATURAlEZA OPERACION","OPERATION CLASS TABLE","","C","0","","","N"
"SJW","\DATA\","SJW990","TABELA DE REGRAS DA DSI","TABLA DE REGLAS DE DSI","DSI RULE TABLE","","C","0","","","N"
"SJX","\DATA\","SJX990","Tabela de regras da LI","","LI rule table","","C","0","","","N"
"SK0","\DATA\","SK0990","Regra de Seleção de Título","Regla de Seleccion de Titulo","Bill Selection Rule","","C","0","","K0_FILIAL+K0_REGSEL","S"
"SK1","\DATA\","SK1990","Referencia do Contas a Receber","Referencia Cuentas por Cobrar","Accounts Receivable Reference","","E","0","","K1_FILIAL+K1_PREFIXO+K1_NUM+K1_PARCELA+K1_TIPO","S"
"SK2","\DATA\","SK2990","Regras de Negociação","Reglas de Negociacion","Negotiation Rules","","C","0","","K2_FILIAL+K2_REGNEG","S"
"SK3","\DATA\","SK3990","Promoção de Cobrança","Promocion de Cobranzas","Collection Promotion","","E","0","","K3_FILIAL+K3_CODIGO","S"
"SKC","\DATA\","SKC990","CADASTRO DE PESQUISAS","ARCHIVO DE ENCUESTAS","SEARCHES FILE","","C","0","","KC_FILIAL+KC_CODPQ","S"
"SKD","\DATA\","SKD990","PESQUISAS X QUESTIONARIOS","ENCUESTAS VS CUESTIONARIOS","QUESTIONNAIRE FILE","","C","0","","KD_FILIAL+KD_CODPQ+KD_CODQT","S"
"SKE","\DATA\","SKE990","GRUPO DE QUESTOES","GRUPOS DE PREGUNTAS","QUESTIONNAIRE GROUP","","C","0","","KE_FILIAL+KE_CODGRP","S"
"SKF","\DATA\","SKF990","SUBGRUPO DE QUESTOES","SUBGRUPOS DE PREGUNTAS","QUESTIONNAIRE SUBGROUPS","","C","0","","KF_FILIAL+KF_CODGRP+KF_CODSUBG","S"
"SKG","\DATA\","SKG990","CADASTRO DE QUESTOES","ARCHIVO DE PREGUNTAS","QUESTIONS FILE","","C","0","","KG_FILIAL+KG_CODQST","S"
"SKH","\DATA\","SKH990","CADASTRO DE ALTERNATIVAS","ARCHIVO DE ALTERNATIVAS","ALTERNATIVE FILE","","C","0","","KH_FILIAL+KH_CODQST+KH_CODALT","S"
"SKI","\DATA\","SKI990","COLUNAS DAS ALTERNATIVAS","COLUMNAS DE LAS ALTERNATIVAS","ALTERNATIVE COLUMNS","","C","0","","KI_FILIAL+KI_CODQST+KI_CODCOL","S"
"SKL","\DATA\","SKL990","REGRAS DE AUT. DA PESQUISA","REGLAS DE AUT. DE ENCUESTA","SURVEY AUTHORIZATION RULE","","C","0","","KL_FILIAL+KL_CODPQ+KL_ITEM","N"
"SKM","\DATA\","SKM990","VAL. DE REGRAS DA PESQUISA","VAL. DE REGLAS DE ENCUESTA","SURVEY RULES VALIDITY","","C","0","","KM_FILIAL+KM_CODVAL","N"
"SKN","\DATA\","SKN990","CADASTRO DE ENTREVISTADORES","ARCHIVO DE ENCUESTADORES","APPRAISERS FILE","","C","0","","KN_FILIAL+KN_CODPES","N"
"SKO","\DATA\","SKO990","PESQUISA X PESQUISADORES","ENCUESTA VS ENCUESTADORES","SURVEY X SURVEYORS","","C","0","","KO_FILIAL+KO_CODPQ+KO_CODPSQ","N"
"SKP","\DATA\","SKP990","QUESTIONARIOS","CUESTIONARIOS","QUESTIONNAIRES","","C","0","","KP_FILIAL+KP_CODQUE","N"
"SKR","\DATA\","SKR990","QUESTIONARIOS X QUESTOES","CUESTIONARIOS VS PREGUNTAS","QUESTIONNAIRES X QUESTIONS","","C","0","","KR_FILIAL+KR_CODQUE+KR_ITEM+KR_CODGRU+KR_CODSGR+KR_CODQST","N"
"SKS","\DATA\","SKS990","CABECALHO DE RESPOSTAS","ENCABEZAMIENTO DE RESPUESTAS","ANSWER HEADER","","C","0","","KS_FILIAL+KS_CODPESQ+KS_CODRESP","N"
"SKT","\DATA\","SKT990","QUESTOES POR RESPONDENTE","PREGUNTAS POR PERSONA","QUESTIONS PER ATTEND.","","C","0","","KT_FILIAL+KT_CODPESQ+KT_CODRESP+KT_CODQUES","N"
"SKU","\DATA\","SKU990","ALTERNATIVAS X QUESTOES","ALTERNATIVAS vs PREGUNTAS","ALTERNATIVES X QUESTIONS","","C","0","","KU_FILIAL+KU_CODPESQ+KU_CODRESP+KU_CODQST+KU_CODQUES+KU_CODALT","N"
"SKZ","\DATA\","SKZ990","CAMPOS MEMO GPR","CAMPOS MEMO GPR","GPR MEMO FIELDS","","C","0","","","N"
"SL1","\DATA\","SL1990","ORCAMENTO","PRESUPUESTO","BUDGET","","E","0","","L1_FILIAL+L1_NUM","S"
"SL2","\DATA\","SL2990","ITENS DO ORCAMENTO","ITEMES DEL PRESUPUESTO","BUDGET ITEMS","","E","0","","L2_FILIAL+L2_NUM+L2_ITEM","S"
"SL3","\DATA\","SL3990","ACUMULADOS DE VENDAS","ACUMULADOS DE LAS VENTAS","SALES ACCUMULATED","","E","0","","L3_FILIAL+L3_PRODUTO","S"
"SL4","\DATA\","SL4990","CAD CONDICAO NEGOCIADA","ARCHIVO CONDIC. NEGOCIADA","NEGOTIATED CONDITION FILE","","E","0","","","S"
"SL5","\DATA\","SL5990","RESUMO DE VENDAS","RESUMEN DE VENTAS","SALES SUMMARY","","E","0","","L5_FILIAL+DTOS(L5_DATA)+L5_OPERADO","S"
"SL9","\DATA\","SL9990","CADASTRO APONTAMENTO PRODUCAO","ARCHIVO APUNTES DE PRODUCCION","PRODUCTION ANNOTATION FILE","","C","0","","L9_FILIAL+L9_APONTA+DTOS(L9_DATA)","S"
"SLA","\DATA\","SLA990","ITENS APONTAMENTO PRODUCAO","ITEMES APUNTES DE PRODUCCION","PRODUCTION ANNOTATION ITEMS","","C","0","","LA_FILIAL+LA_APONTA+LA_PRODUTO","S"
"SLB","\DATA\","SLB990","DESCARTE DE PRODUTOS","RETIRO DE PRODUCTOS","PRODUCT SCRAP","","E","0","","LB_FILIAL+LB_CODIGO","S"
"SLC","\DATA\","SLC990","ITENS DE DESCARTE DE PRODUTOS","ITEMES DE RETIRO DE PRODUCTOS","PRODUCTS SCRAP ITEMS","","E","0","","LC_FILIAL+LC_CODIGO+LC_PRODUTO+DTOS(LC_DATA)","S"
"SLF","\DATA\","SLF990","PERFIL/ACESSOS DO CAIXA","PERFIL/ACCESOS DEL CAJERO","CASH REGISTER PROFILE/ACCESSES","","E","0","","LF_FILIAL+LF_COD","S"
"SLG","\DATA\","SLG990","CADASTRO DAS ESTACOES","ARCHIVO DE ESTACIONES","STATION FILE","","E","0","","LG_FILIAL+LG_CODIGO","S"
"SLH","\DATA\","SLH990","LOG DE MODIFICACOES","LOG DE MODIFICACIONES","CHANGE LOG","","E","0","","LH_FILIAL+LH_ALIAS+LH_CHAVE+DTOS(LH_DTALT)+LH_HRALT","S"
"SLI","\DATA\","SLI990","MONITORAMENTO DAS ESTACOES","CONTROL DE LAS ESTACIONES","STATION MONITORING","","E","0","","LI_FILIAL+LI_ESTACAO+LI_TIPO","S"
"SLJ","\DATA\","SLJ990","IDENTIFICACAO DE LOJAS","IDENTIFICACION DE TIENDAS","UNITS IDENTIFICATION","","C","0","","LJ_FILIAL+LJ_CODIGO","S"
"SLK","\DATA\","SLK990","CODIGOS DE BARRA POR PRODUTO","CODIGOS DE BARRA POR PRODUCTO","BAR CODES PER PRODUCT","","E","0","","LK_FILIAL+LK_CODBAR","S"
"SLL","\DATA\","SLL990","CONTROLE LIMPEZA BASE","CONTROL LIMPIEZA BASE","BASE CLEANING CONTROL","","E","0","","LL_FILIAL+DTOS(LL_DATA)","S"
"SLM","\DATA\","SLM990","CABECALHO DA DISTRIBUICAO","ENCABEZAMIENTO DE DISTRIBUCION","DISTRIBUTION HEADER","","E","0","","LM_FILIAL+LM_NUM+LM_CLIENTE+LM_LOJA","S"
"SLN","\DATA\","SLN990","ITENS DA DISTRIBUICAO","ITEMES DE DISTRIBUCION","DISTRIBUTION ITEMS","","E","0","","LN_FILIAL+LN_NUM+LN_CLIENTE+LN_LOJA+LN_COD","S"
"SLQ","\DATA\","SLQ990","ORCAMENTO","PRESUPUESTO","BUDGET","","E","0","","LQ_FILIAL+LQ_NUM","S"
"SLR","\DATA\","SLR990","ITENS DO ORCAMENTO","ITEMES DEL PRESUPUESTO","BUDGET ITEMS","","E","0","","LR_FILIAL+LR_NUM+LR_ITEM+LR_PRODUTO","S"
"SLT","\DATA\","SLT990","CONFERENCIA DE CAIXA","VERIFICACION DE CAJA","Cash Balance Checking","","E","0","","LT_FILIAL+LT_OPERADO+LT_DTFECHA+LT_FORMPG","S"
"SM2","\DATA\","SM2990","MOEDAS DO SISTEMA","MONEDAS DEL SISTEMA","SYSTEM CURRENCIES","","C","0","","M2_DATA","S"
"SM4","\DATA\","SM4990","FORMULAS","FORMULAS","FORMULAS","","E","0","","M4_FILIAL+M4_CODIGO","S"
"SM5","\DATA\","SM5990","JORNAL DA EMPRESA","PERIODICO DE LA EMPRESA","COMPANY JOURNAL","","E","0","","","S"
"SN1","\DATA\","SN1990","CADASTRO DE ATIVO IMOBILIZADO","ARCHIVO DEL ACTIVO FIJO","FIXED ASSET FILE","","E","0","","N1_FILIAL+N1_CBASE+N1_ITEM","S"
"SN2","\DATA\","SN2990","DESCRICOES ESTENDIDAS","DESCRIPCIONES DETALLADAS","EXTENDED DESCRIPTIONS","","E","0","","N2_FILIAL+N2_CBASE+N2_ITEM+N2_TIPO+N2_SEQUENC","S"
"SN3","\DATA\","SN3990","CADASTRO DE SALDOS E VALORES","ARCHIVO DE SALDOS Y VALORES","BALANCES AND VALUES FILE","","E","0","","N3_FILIAL+N3_CBASE+N3_ITEM+N3_TIPO+N3_BAIXA+N3_SEQ","S"
"SN4","\DATA\","SN4990","MOVIMENTACOES DO ATIVO FIXO","MOVIMIENTO DEL ACTIVO FIJO","FIXED ASSET TRANSACTIONS","","E","0","","","S"
"SN5","\DATA\","SN5990","ARQUIVOS DE SALDOS","ARCHIVOS DE SALDOS","BALANCES FILES","","E","0","","N5_FILIAL+N5_CONTA+DTOS(N5_DATA)+N5_TIPO","S"
"SN6","\DATA\","SN6990","SALDOS POR CONTA E ITEM","SALDOS POR CUENTA E ITEM","BALANCES PER ACCOUNT AND ITEM","","E","0","","N6_FILIAL+N6_CONTA+N6_CCUSTO+N6_SUBCTA+DTOS(N6_DATA)+N6_TIPO","S"
"SN7","\DATA\","SN7990","CADASTRO DE SIMULACAO VENDAS","ARCHIVO DE SIMULACION VENTAS","SALES SIMULATIONS FILE","","E","0","","N7_FILIAL+N7_CBASE+N7_ITEM","S"
"SN8","\DATA\","SN8990","CADASTRO DE INVENTARIO","ARCHIVO DE INVENTARIO","INVENTORY FILE","","E","0","","N8_FILIAL+N8_CBASE+N8_ITEM+N8_TIPO+N8_SEQ+DTOS(N8_DTINV)","S"
"SN9","\DATA\","SN9990","CADASTRO DE ACOES","REGISTRO DE ACCIONES","STOCK FILE","","E","0","","N9_FILIAL+N9_NROINIC+N9_NROFINA","S"
"SNA","\DATA\","SNA990","SALDOS POR CTA, ITEM E CL VLR","SALDOS POR CTA, ITEM Y CL VLR","BALS.PER ACC.,ITEM AND VAL.CL.","","E","0","","NA_FILIAL+NA_CONTA+NA_CCUSTO+NA_SUBCTA+NA_CLVL+DTOS(NA_DATA)+NA_TIPO","S"
"SNB","\DATA\","SNB990","APOLICES DE SEGUROS","POLIZAS DE SEGURO","INSURANCE POLICIES","","E","0","","NB_FILIAL+NB_APOLICE+NB_CODSEG","S"
"SNC","\DATA\","SNC990","SALDOS POR CONTA E C. CUSTO","SALDOS POR CUENTA Y C. COSTO","BALANCES PER ACCOUNT AND C.C.","","E","0","","NC_FILIAL+NC_CONTA+NC_CCUSTO+DTOS(NC_DATA)+NC_TIPO","S"
"SND","\DATA\","SND990","RESPONSAVEIS PELOS BENS","RESPONSABLES POR LOS BIENES","ASSETS PERSON IN-CHARGE","","E","0","","ND_FILIAL+ND_CODRESP+ND_CBASE+ND_ITEM+ND_STATUS+ND_SEQUENC","S"
"SNE","\DATA\","SNE990","DADOS COMPLEMENTARES APOLICES","DATOS COMPLEMENTARIOS POLIZA","INS.POLICY COMPLEMENTARY DATA","","E","0","","NE_FILIAL+NE_KEY+NE_SEQUEN","S"
"SNG","\DATA\","SNG990","CADASTRO DE GRUPOS DE BENS","REGISTRO DE GRUPOS DE BIENES","ASSETS GROUP FILE","","E","0","","NG_FILIAL+NG_GRUPO","S"
"SO1","\DATA\","SO1990","TABELA DE SERVICOS","TABLAS DE SERVICIOS","TABLE OF SERVICES","","E","0","","","S"
"SO2","\DATA\","SO2990","SOLICITACOES DE GARANTIA","SOLICITUDES DE GARANTIA","WARRANTY REQUIREMENTS","","E","0","","","S"
"SO3","\DATA\","SO3990","FUNCIONARIOS DA OFICINA","EMPLEADOS DEL TALLER","WORKSHOP EMPLOYEES","","E","0","","","S"
"SO4","\DATA\","SO4990","KIT DE REPAROS","KIT DE REPARACIONES","REPAIR KIT","","E","0","","","S"
"SO5","\DATA\","SO5990","IDENTIFICACAO DO VEICULO","IDENTIFICACION DEL VEHICULO","VEHICLE IDENTIFICATION","","E","0","","","S"
"SO6","\DATA\","SO6990","CABECALHO DE ORCAMENTO","ENCABEZAMIENTO DE PRESUPUESTO","BUDGET HEADER","","E","0","","","S"
"SO7","\DATA\","SO7990","ITENS DO ORCAMENTO","ITEMES DEL PRESUPUESTO","BUDGET ITEMS","","E","0","","","S"
"SO8","\DATA\","SO8990","CABECALHO DE O.S.","ENCABEZAMIENTO DE ORDEN SERV.","SERVICE ORDER HEADER","","E","0","","","S"
"SO9","\DATA\","SO9990","ORDENS DE SERVICOS","ORDENES DE SERVICIOS","SERVICE ORDERS","","E","0","","","S"
"SOA","\DATA\","SOA990","APONTAMENTO DE TEMPOS DA O.S.","APUNTE DE TIEMPOS DE LA O.S.","S.O. PERIOD ANNOTATION","","E","0","","","S"
"SOB","\DATA\","SOB990","MANUTENCOES GRATUITAS","MANTENIMIENTOS GRATUITOS","FREE MAINTENANCES","","E","0","","","S"
"SOC","\DATA\","SOC990","ITENS DA TABELA DE SERVICOS","ITEMES DE LA TABLA DE SERVICIO","SERVICES TABLE ITEMS","","C","0","","","S"
"SP0","\DATA\","SP0990","DESCRICAO DO RELOGIO DE PONTO","DESCRIP.RELOJ FICH.ELECTRONICO","TIME CLOCK DESCRIPTION","","E","0","","P0_FILIAL+P0_RELOGIO","S"
"SP1","\DATA\","SP1990","CADASTRO DE REFEICOES","ARCHIVO DE COMIDAS","MEALS FILE","","C","0","","P1_FILIAL+P1_CODREF+P1_SEQ","S"
"SP2","\DATA\","SP2990","EXCECOES","EXCEPCIONES","EXCEPTIONS","","E","0","","P2_FILIAL+P2_MAT+P2_CC+P2_TURNO+DTOS(P2_DATA)+P2_TIPODIA","S"
"SP3","\DATA\","SP3990","FERIADOS","FERIADOS","HOLIDAYS","","E","0","","P3_FILIAL+DTOS(P3_DATA)","S"
"SP4","\DATA\","SP4990","TIPOS DE HORAS EXTRAS","TIPOS DE HORAS EXTRAS","OVERTIME TYPES","","C","0","","","S"
"SP5","\DATA\","SP5990","REFEITORIO","COMEDOR","CAFETERIA","","E","0","","","S"
"SP6","\DATA\","SP6990","MOTIVO ABONO/JUSTIFICATIVA","MOTIVO DEL ABONO/JUSTIFICATIVA","BONUS/JUSTIFICATION REASON","","C","0","","P6_FILIAL+P6_CODIGO","S"
"SP8","\DATA\","SP8990","MARCACOES","APUNTES DEL RELOJ FICH.ELECT","MARKINGS","","E","0","","","S"
"SP9","\DATA\","SP9990","EVENTOS","EVENTOS","EVENTS","","C","0","","P9_FILIAL+P9_CODIGO","S"
"SPA","\DATA\","SPA990","REGRAS DE VALIDAÇÃO","REGLAS DE VALIDACION","VALIDATION RULES","","C","0","","PA_FILIAL+PA_CODIGO","S"
"SPB","\DATA\","SPB990","RESULTADOS","RESULTADOS","RESULTS","","E","0","","","S"
"SPC","\DATA\","SPC990","APONTAMENTOS","APUNTAMIENTOS","NOTES","","E","0","","","S"
"SPD","\DATA\","SPD990","ARREDONDAMENTOS","REDONDEOS","ROUNDING-OFFS","","C","0","","","S"
"SPE","\DATA\","SPE990","CRACHAS PROVISORIOS","IDENTIFICACIONES PROVISORIAS","TEMPORARY BADGES","","E","0","","PE_FILIAL+PE_MAT+DTOS(PE_DATAINI)","S"
"SPF","\DATA\","SPF990","TRANSFERENCIA DE TURNO TRAB.","TRANSFERENCIA DE TURNO TRABAJO","WORK SHIFT TRANSFER","","E","0","","PF_FILIAL+PF_MAT+DTOS(PF_DATA)","S"
"SPG","\DATA\","SPG990","ACUMULADOS DE MARCACOES","ACUMULADOS DE MARCACIONES","ACCUMULATED MARKINGS","","E","0","","","S"
"SPH","\DATA\","SPH990","ACUMULADOS DE APONTAMENTOS","ACUMULADOS DE APUNTES","ANNOTATIONS ACCUMULATED","","E","0","","","S"
"SPI","\DATA\","SPI990","BANCO DE HORAS","BANCO DE HORAS","BANK OF HOURS","","E","0","","","S"
"SPJ","\DATA\","SPJ990","TABELA DE HORARIO PADRAO","TABLA DE HORARIO ESTANDAR","STANDARD TIMETABLE","","C","0","","PJ_FILIAL+PJ_TURNO+PJ_SEMANA+PJ_DIA","S"
"SPK","\DATA\","SPK990","EVENTOS ABONADOS","EVENTOS ABONADOS","COMPENSATED EVENTS","","E","0","","","S"
"SPL","\DATA\","SPL990","ACUMULADO DE RESULTADOS","ACUMULADO DE RESULTADOS","RESULTS ACCUMULATED","","E","0","","","S"
"SPM","\DATA\","SPM990","REFEICAO","COMIDA","MEAL","","C","0","","PM_FILIAL+PM_TIPOREF","S"
"SPN","\DATA\","SPN990","ACUMULADO REFEITORIO","ACUMULADO COMEDOR","CAFETERIA ACCUMULATED","","E","0","","","S"
"SPO","\DATA\","SPO990","PERIODOS DE APONTAMENTO","PERIODOS DE APUNTAMIENTO","ANNOTATION PERIODS","","C","0","","PO_FILIAL+DTOS(PO_DATAINI)","S"
"SPP","\DATA\","SPP990","CADASTRO DE MENSAGENS ACESSO","ARCHIVO DE MENSAJES ACCESO","ACCESS MESSAGES FILE","","C","0","","PP_FILIAL+PP_CODMSG","S"
"SPQ","\DATA\","SPQ990","CADASTRO DE OCORRENCIAS ACESSO","ARCHIVO DE OCURRENCIAS ACCESO","ACCESS OCCURRENCES FILE","","C","0","","PQ_FILIAL+PQ_CODOCOR","S"
"SPR","\DATA\","SPR990","ITENS DE OCORRENCIAS ACESSO","ITEMES DE OCURRENCIAS ACCESO","ACCESS OCCURRENCES ITEMS","","C","0","","PR_FILIAL+PR_CODOCOR+PR_ITOCOR+PR_TPMARCA","S"
"SPS","\DATA\","SPS990","PROGRAMACAO OCORRENCIAS ACESSO","PROGRAMACION OCURRENCIAS ACCES","ACCESS OCCURRENCES SCHEDULE","","E","0","","","S"
"SPT","\DATA\","SPT990","HORAS EXTRAS AUTORIZADAS","HORAS EXTRAS AUTORIZADAS","AUTHORIZED OVERTIME","","E","0","","PT_FILIAL+PT_MAT+DTOS(PT_DATAREF)+DTOS(PT_DATA)+STR(PT_HORINI,5,2)","S"
"SPU","\DATA\","SPU990","Grafico RH","Grafico RRHH","HR Graph","","C","0","","PU_FILIAL+PU_CODIGO","S"
"SPV","\DATA\","SPV990","Itens do Grafico RH","Itemes del Grafico RH","HR Graph Items","","C","0","","PV_FILIAL+PV_CODIGO+PV_GRUPO+PV_DADO","S"
"SPW","\DATA\","SPW990","VISITANTES","VISITANTES","GUESTS","","E","0","","PW_FILIAL+PW_VISITA","S"
"SPX","\DATA\","SPX990","GRUPO DE SERIE","GRUPO DE SERIE","SERIES GROUP","","C","0","","PX_FILIAL+PX_CODIGO+PX_GRUPO","S"
"SPY","\DATA\","SPY990","VISITAS","VISITAS","VISITS","","E","0","","PY_FILIAL+PY_VISITA+DTOS(PY_DTVISIT)+PY_CRACHA+PY_NUMERO","S"
"SPZ","\DATA\","SPZ990","ACESSOS VISITANTES","ACCSOS VISITANTES","GUESTS ACCESSES","","E","0","","","N"
"SQ0","\DATA\","SQ0990","GRUPOS FUNCIONAIS","GRUPOS FUNCIONALES","FUNCTIONAL GROUPS","","C","0","","Q0_FILIAL+Q0_GRUPO","S"
"SQ1","\DATA\","SQ1990","FATORES DE AVALIACAO","FACTORES DE EVALUACION","APPRAISAL FACTORS","","C","0","","Q1_FILIAL+Q1_GRUPO+Q1_FATOR","S"
"SQ2","\DATA\","SQ2990","GRADUACAO DOS FATORES","GRADUACION DE LOS FACTORES","FACTORS GRADUATION","","C","0","","Q2_FILIAL+Q2_GRUPO+Q2_FATOR+Q2_GRAU","S"
"SQ3","\DATA\","SQ3990","ESPECIFICACAO DE CARGOS","ESPECIFICACIONES DE FUNCIONES","JOBS SPECIFICATION","","C","0","","Q3_FILIAL+Q3_CARGO+Q3_CC","S"
"SQ4","\DATA\","SQ4990","Graduacao dos Cargos","Graduacion de los Cargos","Jobs Graduation","","C","0","","Q4_FILIAL+Q4_CARGO+Q4_CC+Q4_FATOR","S"
"SQ5","\DATA\","SQ5990","SALARIOS DOS CARGOS","SUELDOS DE LOS CARGOS","JOBS SALARIES","","C","0","","Q5_FILIAL+Q5_CARGO+Q5_NIVEL","S"
"SQ6","\DATA\","SQ6990","INFORMANTES","INFORMANTES","INFORMERS","","C","0","","Q6_FILIAL+Q6_INFORM","S"
"SQ7","\DATA\","SQ7990","PONDERACAO FATORES/INFORMANTES","PONDERACION DE FACTORES/INFORM","FACTOR/INFORMERS PONDERATION","","C","0","","Q7_FILIAL+Q7_INFORM+Q7_GRUPO+Q7_FATOR","S"
"SQ8","\DATA\","SQ8990","GRADUACAO FATORES FUNCIONARIOS","GRADUACION FACTORES EMPLEADOS","EMPLOYEES´S FACTOR GRADUATION","","E","0","","Q8_FILIAL+Q8_MAT+Q8_FATOR","S"
"SQ9","\DATA\","SQ9990","EXTRA CURRICULARES","EXTRACURRICULARES","EXTRACURRICULAR","","E","0","","","S"
"SQA","\DATA\","SQA990","CLASSIFICACAO DOS CARGOS","CLASIFICACION DE LOS CARGOS","CLASSIFICATION OF POSITIONS","","E","0","","QA_FILIAL+QA_CARGO","S"
"SQB","\DATA\","SQB990","DEPARTAMENTO","DEPARTAMENTO","DEPARTMENT","","C","0","","QB_FILIAL+QB_DEPTO","S"
"SQC","\DATA\","SQC990","HISTORICO DE CARREIRA","HISTORIAL DE CARRERA","CAREER HISTORY","","E","0","","","S"
"SQD","\DATA\","SQD990","AGENDA","AGENDA","AGENDA","","C","0","","","S"
"SQE","\DATA\","SQE990","PROCESSO SELETIVO","PROCESO DE SELECCION","SELECTION PROCESS","","C","0","","QE_FILIAL+QE_PROCESS+QE_ITEM","S"
"SQG","\DATA\","SQG990","CADASTRO DE CURRICULO","REGISTRO DE CURRICULO","CURRICULA FILE","","C","0","","QG_FILIAL+QG_CURRIC","S"
"SQH","\DATA\","SQH990","CONFIGURACAO DE CURRICULO","CONFIGURACION DE CURRICULO","CURRICULUM SETUP","","C","0","","QH_FILIAL+QH_CAMPO","S"
"SQI","\DATA\","SQI990","QUALIFICACAO DO CURRICULO","CALIFICACION DE CURRICULO","CURRICULUM QUALIFICATION","","C","0","","QI_FILIAL+QI_CURRIC+QI_FATOR","S"
"SQL","\DATA\","SQL990","HISTORICO PROFISSIONAL","HISTORIAL PROFESIONAL","PROFESSIONAL HISTORY","","C","0","","","S"
"SQM","\DATA\","SQM990","CURSOS DO CURRICULO","CURSOS DEL CURRICULO","CURRICULUM COURSES","","C","0","","","S"
"SQN","\DATA\","SQN990","FATORES CALCULAVEIS","FACTORES CALCULABLES","CALCULATIVE  FACTORS","","C","0","","QN_FILIAL+QN_GRUPO+QN_FATOR+QN_GRAU","S"
"SQO","\DATA\","SQO990","CADASTRO DE QUESTOES","ARCHIVO DE PREGUNTAS","QUESTIONS FILE","","C","0","","QO_FILIAL+QO_QUESTAO","S"
"SQP","\DATA\","SQP990","CADASTRO DE ALTERNATIVAS","ARCHIVO DE ALTERNATIVAS","ALTERNATIVES FILE","","C","0","","QP_FILIAL+QP_QUESTAO+QP_ALTERNA","S"
"SQQ","\DATA\","SQQ990","TESTE","PRUEBA","TEST","","C","0","","QQ_FILIAL+QQ_TESTE+QQ_ITEM","S"
"SQR","\DATA\","SQR990","AVALIACAO DO CURRICULO","EVALUACION DEL CURRICULO","CURRICULUM EVALUATION","","C","0","","","S"
"SQS","\DATA\","SQS990","CADASTRO DE VAGAS","ARCHIVO DE VACANTES","VACANCIES FILE","","C","0","","QS_FILIAL+QS_VAGA","S"
"SQT","\DATA\","SQT990","CADASTRO DE CURSOS","ARCHIVO DE CURSOS","COURSES FILE","","C","0","","QT_FILIAL+QT_CURSO","S"
"SQU","\DATA\","SQU990","CADASTRO DE PESQUISA","ARCHIVO DE BUSQUEDA","RESEARCH REGISTER","","C","0","","QU_FILIAL+QU_CODIGO","S"
"SQV","\DATA\","SQV990","FATORES GERAL DE AVALIACAO","FACTOR GENERAL DE EVALUACION","EVALUATION GENERAL FACTORS","","C","0","","QV_FILIAL+QV_FATOR+QV_GRAU","S"
"SQW","\DATA\","SQW990","MODELOS DE TESTES","MODELOS DE PRUEBAS","TESTS MODELS","","C","0","","QW_FILIAL+QW_MODELO+QW_SEQ","S"
"SQX","\DATA\","SQX990","Tipo de Curso","Tipo de Curso","Course type","","C","0","","QX_FILIAL+QX_CODIGO","N"
"SR0","\DATA\","SR0990","ITENS VALE-TRANSPORTE","ITEMES DE VALE TRANSPORTE","TRANSPORTATION VOUCHER ITEM","","E","0","","R0_FILIAL+R0_MAT+R0_MEIO","S"
"SR1","\DATA\","SR1990","VALORES EXTRAS","VALORES EXTRAS","EXTRA VALUES","","E","0","","R1_FILIAL+R1_MAT+R1_SEMANA+R1_PD","S"
"SR2","\DATA\","SR2990","R.A.I.S.","R.A.I.S.","R.A.I.S.","","E","0","","","S"
"SR3","\DATA\","SR3990","HISTORICO VALORES SALARIAIS","HISTORIAL VALORES SALARIALES","SALARY VALUES HISTORY","","E","0","","R3_FILIAL+R3_MAT+DTOS(R3_DATA)+R3_TIPO+R3_PD","S"
"SR4","\DATA\","SR4990","ITENS DIRF/INFORME RENDIMENTO","ITEMES DIRF/INFORME DE RENTA","DIRF ITEMS/REVENUES REPORT","","E","0","","R4_FILIAL+R4_MAT+R4_CPFCGC+R4_CODRET+R4_MES+R4_TIPOREN","S"
"SR5","\SYSTEM\","SIGAGPE","CONFIGURACAO DOS PARAMETROS","CONFIGURACION DE PARAMETROS","PARAMETER SETTING","","C","0","","R5_FILIAL+R5_ARQUIVO+R5_REG+R5_ORDEM","S"
"SR6","\DATA\","SR6990","TURNOS DE TRABALHO","TURNOS DE TRABAJO","WORK SHIFTS","","C","0","","R6_FILIAL+R6_TURNO","S"
"SR7","\DATA\","SR7990","HISTORICO ALTERACOES SALARIAIS","HISTORIAL MODIFICACION SUELDO","SALARY CHANGES RECORD","","E","0","","R7_FILIAL+R7_MAT+DTOS(R7_DATA)+R7_TIPO","S"
"SR8","\DATA\","SR8990","AFASTAMENTOS","LICENCIAS","LEAVES","","E","0","","R8_FILIAL+R8_MAT+DTOS(R8_DATAINI)+R8_TIPO","S"
"SR9","\DATA\","SR9990","HISTORICO DE FUNCIONARIOS","HISTORIAL DE EMPLEADOS","EMPLOYEES RECORD","","E","0","","","S"
"SRA","\DATA\","SRA990","FUNCIONARIOS","EMPLEADOS","EMPLOYEES","","E","0","","RA_FILIAL+RA_MAT","S"
"SRB","\DATA\","SRB990","DEPENDENTES","DEPENDIENTES","DEPENDENTS","","E","0","","RB_FILIAL+RB_MAT+RB_COD","S"
"SRC","\DATA\","SRC990","MOVIMENTO MENSAL","MOVIMIENTO MENSUAL","MONTHLY ACTIVITIES","","E","0","","RC_FILIAL+RC_MAT+RC_PD+RC_CC+RC_SEMANA+RC_SEQ","S"
"SRD","\DATA\","SRD990","ACUMULADOS ANUAIS","ACUMULADOS ANUALES","ANNUAL ACCRUED","","E","0","","RD_FILIAL+RD_MAT+RD_CC+RD_DATARQ+RD_PD+RD_SEMANA+RD_SEQ","S"
"SRE","\DATA\","SRE990","TRANSFERENCIAS","TRANSFERENCIAS","TRANSFERS","","C","0","","","S"
"SRF","\DATA\","SRF990","PROGRAMACAO DE FERIAS","PROGRAMACION DE VACACIONES","VACATION PROGRAMMING","","E","0","","RF_FILIAL+RF_MAT+DTOS(RF_DATABAS)","S"
"SRG","\DATA\","SRG990","CABECALHO DE RESCISOES","ENCABEZAMIENTO LIQUID.FINALES","RESCISION HEADER","","E","0","","","S"
"SRH","\DATA\","SRH990","CABECALHO DE RECIBOS DE FERIAS","ENCABEZAMIENTO NOTIFIC. VACAC.","VACATION RECEIPT HEADER","","E","0","","RH_FILIAL+RH_MAT+DTOS(RH_DATABAS)+DTOS(RH_DATAINI)","S"
"SRI","\DATA\","SRI990","2a. PARCELA 13o. SALARIO","2a. CUOTA AGUINALDO","2ND INSTALLMENT 13TH SALARY","","E","0","","RI_FILIAL+RI_MAT+RI_CC+RI_PD","S"
"SRJ","\DATA\","SRJ990","FUNCOES","FUNCIONES","FUNCTIONS","","C","0","","RJ_FILIAL+RJ_FUNCAO","S"
"SRK","\DATA\","SRK990","VALORES FUTUROS","VALORES FUTUROS","FUTURE VALUES","","E","0","","RK_FILIAL+RK_MAT+RK_PD+RK_CC+RK_DOCUMEN","S"
"SRL","\DATA\","SRL990","CABECALHO DIRF/INFORME RENDIM.","ENCABEZAM.DIRF/INFORME RENTA","DIRF HEADER/REVENUES REPORT","","E","0","","RL_FILIAL+RL_MAT+RL_TIPOFJ+RL_CPFCGC+RL_CODRET","S"
"SRM","\DATA\","SRM990","ROTEIROS DE CALCULOS","ORIENTADOR PARA LOS CALCULOS","CALCULATIONS STEPS","","C","0","","RM_FILIAL+RM_CALCULO+RM_SEQ+RM_SUBSEQ","S"
"SRN","\DATA\","SRN990","MEIOS DE TRANSPORTE","MEDIOS DE TRANSPORTE","TRANSPORTATION MEANS","","C","0","","RN_FILIAL+RN_COD","S"
"SRO","\DATA\","SRO990","TAREFAS","TAREAS","TASKS","","E","0","","RO_FILIAL+RO_MAT+DTOS(RO_DATA)+RO_CODTAR","S"
"SRP","\DATA\","SRP990","DEMONSTRATIVO DE MEDIAS","EXHIBICION DE PROMEDIOS","AVERAGES STATEMENT","","E","0","","","S"
"SRQ","\DATA\","SRQ990","BENEFICIARIOS","BENEFICIARIOS","BENEFICIARY","","E","0","","RQ_FILIAL+RQ_MAT+RQ_ORDEM+RQ_SEQUENC","S"
"SRR","\DATA\","SRR990","ITENS DE FERIAS E RESCISOES","ITEMES VACACIONES Y RESCISION","VACATION AND RESCISIONS ITEMS","","E","0","","","S"
"SRS","\DATA\","SRS990","SALDOS F.G.T.S.","SALDOS F.G.T.S.","F.G.T.S. BALANCES","","E","0","","RS_FILIAL+RS_MAT+RS_ANO+RS_MES","S"
"SRT","\DATA\","SRT990","ACUMULADOS DE PROVISAO","ACUMULADOS DE PROVISION","PROVISIONS ACCRUED","","E","0","","RT_FILIAL+RT_MAT+RT_CC+DTOS(RT_DATACAL)+RT_TIPPROV+RT_VERBA","S"
"SRU","\DATA\","SRU990","PESQUISA GERENCIAL","ENCUESTA DE GESTION","MANAGERIAL SURVEY","","C","0","","","S"
"SRV","\DATA\","SRV990","VERBAS","CONCEPTOS","ALLOWANCES","","C","0","","RV_FILIAL+RV_COD","S"
"SRW","\DATA\","SRW990","CONTROLE DE PROCESSOS USUARIO","CONTROL DE PROCESOS USUARIO","USERS PROCESSES CONTROL","","C","0","","RW_FILIAL+RW_PROCESS+RW_ALIAS+RW_IDUSER","S"
"SRX","\DATA\","SRX990","PARAMETROS","PARAMETROS","PARAMETERS","","C","0","","","S"
"SRY","\DATA\","SRY990","CABECALHO ROTEIRO DE CALCULO","ENCABEZAM. PROCED. DE CALCULO","CALCULATION ROUTE HEADER","","C","0","","","S"
"SRZ","\DATA\","SRZ990","RESUMO DA FOLHA","RESUMEN PLANILLA DE HABERES","PAYROLL SUMMARY","","E","0","","RZ_FILIAL+RZ_CC+RZ_MAT+RZ_PD+RZ_TPC","S"
"ST0","\DATA\","ST0990","ESPECIALIDADES","ESPECIALIDADES","SKILLS","","E","0","","T0_FILIAL+T0_ESPECIA","N"
"ST1","\DATA\","ST1990","FUNCIONARIOS","EMPLEADOS","EMPLOYEES","","E","0","","T1_FILIAL+T1_CODFUNC","N"
"ST2","\DATA\","ST2990","ESPECIALIDADES DE FUNCIONARIOS","CONOCIMIENTOS DE LOS EMPLEADOS","EMPLOYEES SKILLS","","E","0","","T2_FILIAL+T2_CODFUNC+T2_ESPECIA","N"
"ST3","\DATA\","ST3990","BLOQUEIO DE RECURSOS","BLOQUEO DE RECURSOS","RESOURCES BLOCKAGE","","E","0","","T3_FILIAL+T3_CODBEM+T3_MOTIVO","N"
"ST4","\DATA\","ST4990","SERVICOS DE MANUTENCAO","SERVICIOS DE MANTENIMIENTO","MAINTENANCE SERVICES","","E","0","","T4_FILIAL+T4_SERVICO","N"
"ST5","\DATA\","ST5990","TAREFAS DA MANUTENCAO","TAREAS DE MANTENIMIENTO","MAINTENANCE TASKS","","E","0","","T5_FILIAL+T5_CODBEM+T5_SERVICO+T5_SEQRELA+T5_TAREFA","N"
"ST6","\DATA\","ST6990","FAMILIA DE BENS","FAMILIA DE BIENES","ASSETS FAMILY","","E","0","","T6_FILIAL+T6_CODFAMI","N"
"ST7","\DATA\","ST7990","FABRICANTE DE BEM","FABRICANTE DE BIEN","ASSET MANUFACTURER","","E","0","","T7_FILIAL+T7_FABRICA","N"
"ST8","\DATA\","ST8990","OCORRENCIAS","OCURRENCIAS","OCCURRENCES","","E","0","","T8_FILIAL+T8_CODOCOR+T8_TIPO","N"
"ST9","\DATA\","ST9990","BEM","BIEN","ASSET","","E","0","","T9_FILIAL+T9_CODBEM","N"
"STA","\DATA\","STA990","PROBLEMAS COM ORDENS SERVICO","PROBLEMAS CON ORDENES SERVICIO","SERVICE ORDERS PROBLEMS","","E","0","","TA_FILIAL+TA_ORDEM+TA_PLANO+TA_TAREFA+TA_TIPOREG+TA_CODIGO+TA_DESCRIC","N"
"STB","\DATA\","STB990","DETALHES DO BEM","DETALLES DEL BIEN","ASSET DETAILS","","E","0","","TB_FILIAL+TB_CODBEM+TB_CARACTE","N"
"STC","\DATA\","STC990","ESTRUTURA","ESTRUCTURA","STRUCTURE","","E","0","","TC_FILIAL+TC_CODBEM+TC_COMPONE+TC_TIPOEST+TC_LOCALIZ","N"
"STD","\DATA\","STD990","AREA DE MANUTENCAO","AREA DE MANTENIMIENTO","MAINTENANCE AREA","","E","0","","TD_FILIAL+TD_CODAREA","N"
"STE","\DATA\","STE990","TIPO DE MANUTENCAO","TIPO DE MANTENIMIENTO","MAINTENANCE TYPE","","E","0","","TE_FILIAL+TE_TIPOMAN","N"
"STF","\DATA\","STF990","MANUTENCAO","MANTENIMIENTO","MAINTENANCE","","E","0","","TF_FILIAL+TF_CODBEM+TF_SERVICO+TF_SEQRELA","N"
"STG","\DATA\","STG990","DETALHES DE MANUTENCAO","DETALLES DE MANTENIMIENTO","MAINTENANCE DETAILS","","E","0","","TG_FILIAL+TG_CODBEM+TG_SERVICO+TG_SEQRELA+TG_TAREFA+TG_TIPOREG+TG_CODIGO","N"
"STH","\DATA\","STH990","ETAPAS DA MANUTENCAO","ETAPAS DE MANTENIMIENTO","MAINTENANCE PHASES","","E","0","","TH_FILIAL+TH_CODBEM+TH_SERVICO+TH_SEQRELA+TH_TAREFA+TH_ETAPA","N"
"STI","\DATA\","STI990","PLANO DE MANUTENCAO","PLAN DE MANTENIMIENTO","MAINTENANCE PLAN","","E","0","","TI_FILIAL+TI_PLANO","N"
"STJ","\DATA\","STJ990","ORDENS DE SERVICO DE MANUT.","ORDENES DE SERVICIO DE MANT.","MAINTENANCE SERVICES ORDERS","","E","0","","TJ_FILIAL+TJ_ORDEM+TJ_PLANO+TJ_TIPOOS+TJ_CODBEM+TJ_SERVICO+TJ_SEQRELA","N"
"STK","\DATA\","STK990","BLOQUEIO DE FUNCIONARIO","BLOQUEO DE EMPLEADO","EMPLOYEES BLOCKAGE","","E","0","","TK_FILIAL+TK_ORDEM+TK_PLANO+TK_TAREFA+TK_CODFUNC","N"
"STL","\DATA\","STL990","DETALHES DA ORDEM DE SERVICO","DETALLES DE ORDEN DE SERVICIO","SERVICE ORDER DETAILS","","E","0","","TL_FILIAL+TL_ORDEM+TL_PLANO+TL_TAREFA+TL_TIPOREG+TL_CODIGO+TL_SEQRELA","N"
"STM","\DATA\","STM990","DEPENDENCIAS DA MANUTENCAO","DEPENDENCIAS DE MANTENIMIENTO","MAINTENANCE PENDINGS","","E","0","","TM_FILIAL+TM_CODBEM+TM_SERVICO+TM_SEQRELA+TM_TAREFA+TM_DEPENDE","N"
"STN","\DATA\","STN990","OCORRENCIAS RETORNO MANUTENCAO","EVENTOS RETORNO MANTENIMIENTO","MAINTENANCE RETURN OCCURRENCES","","E","0","","TN_FILIAL+TN_ORDEM+TN_PLANO+TN_TAREFA+TN_SEQRELA+TN_CODOCOR","N"
"STO","\DATA\","STO990","PLANO DE ACOMPANHAMENTO","PLAN DE ACOMPAÐAMIENTO","FOLLOW UP PLAN","","E","0","","TO_FILIAL+TO_PLANO","N"
"STP","\DATA\","STP990","ORDENS SERVICO ACOMPANHAMENTO","ORDENES SERVIC. ACOMPAÐAMIENTO","FOLLOW UP SERVICE ORDERS","","E","0","","TP_FILIAL+TP_ORDEM+TP_PLANO+TP_CODBEM+DTOS(TP_DTORIGI)","N"
"STQ","\DATA\","STQ990","ETAPAS EXECUTADAS","ETAPAS EJECUTADAS","PHASES EXECUTED","","E","0","","TQ_FILIAL+TQ_ORDEM+TQ_PLANO+TQ_TAREFA+TQ_ETAPA","N"
"STR","\DATA\","STR990","DESGASTE POR PRODUCAO","DESGASTE POR PRODUCCION","WEAR OUT PER PRODUCTION","","E","0","","TR_FILIAL+TR_BEMFAMI+TR_CODBEM+TR_PRODUTO","N"
"STS","\DATA\","STS990","HISTORICO DE MANUTENCAO","HISTORIAL DE MANTENIMIENTO","MAINTENANCE HISTORY","","E","0","","TS_FILIAL+TS_ORDEM+TS_PLANO+TS_TIPOOS+TS_CODBEM+TS_SERVICO+TS_SEQRELA","N"
"STT","\DATA\","STT990","HISTORICO DE DETALHES DE MANUT","HISTORIAL DE DETALLES DE MANT.","MAINTENANCE DETAIL HISTORY","","E","0","","TT_FILIAL+TT_ORDEM+TT_PLANO+TT_TAREFA+TT_TIPOREG+TT_CODIGO+TT_SEQRELA","N"
"STU","\DATA\","STU990","HISTORICO DE OCORRENCIAS","HISTORIAL DE OCURRENCIAS","OCCURRENCES HISTORY","","E","0","","TU_FILIAL+TU_ORDEM+TU_PLANO+TU_TAREFA+TU_SEQRELA","N"
"STV","\DATA\","STV990","HISTORICO DE PROBLEMAS","HISTORIAL DE PROBLEMAS","PROBLEMS HISTORY","","E","0","","TV_FILIAL+TV_ORDEM+TV_PLANO+TV_TAREFA+TV_TIPOREG+TV_CODIGO","N"
"STW","\DATA\","STW990","HISTORICO DE ACOMPANHAMENTO","HISTORIAL DEL SEGUIMIENTO","FOLLOW UP HISTORY","","E","0","","TW_FILIAL+DTOS(TW_DTREAL)+TW_CODBEM+TW_ORDEM+TW_PLANO","N"
"STX","\DATA\","STX990","HISTORICO DE ETAPAS EXECUTADAS","HISTORIAL DE ETAPAS EJECUTADAS","EXECUTED PHASES HISTORY","","E","0","","TX_FILIAL+TX_ORDEM+TX_PLANO+TX_TAREFA+TX_ETAPA","N"
"STY","\DATA\","STY990","HISTORICO DE RETORNO PRODUCAO","HISTORIAL DE RETORN.PRODUCCION","PRODUCTION RETURN HISTORY","","E","0","","TY_FILIAL+TY_CODBEM+TY_PRODUTO+DTOS(TY_DATAINI)+TY_HORAINI+DTOS(TY_DATAFIM)+TY_HORAFIM","N"
"STZ","\DATA\","STZ990","MOVIMENTACAO DE BENS","MOVIMIENTO DE BIENES","ASSETS TRANSACTIONS","","E","0","","TZ_FILIAL+TZ_CODBEM+DTOS(TZ_DATAMOV)+TZ_TIPOMOV+TZ_HORAENT","N"
"SU0","\DATA\","SU0990","GRUPO DE ATENDIMENTO","GRUPO DE ATENCION","SERVICING GROUP","","C","0","","U0_FILIAL+U0_CODIGO","S"
"SU1","\DATA\","SU1990","ITENS DO ACESSORIO","ITEMES DEL ACCESORIO","ACCESSORIES","","C","0","","U1_FILIAL+U1_CODACE+U1_ACESSOR","S"
"SU2","\DATA\","SU2990","CONCORRENTES","COMPETIDORES","COMPETITORS","","C","0","","U2_FILIAL+U2_COD+U2_CONCOR","S"
"SU3","\DATA\","SU3990","PROMOCOES","OFERTAS","PROMOTIONS","","C","0","","","S"
"SU4","\DATA\","SU4990","LISTAS DE CONTATOS","LISTAS DE CONTACTOS","CONTACTS LISTS","","C","0","","U4_FILIAL+U4_LISTA+DTOS(U4_DATA)","S"
"SU5","\DATA\","SU5990","CONTATOS","CONTACTOS","CONTACTS","","C","0","","U5_FILIAL+U5_CODCONT","S"
"SU6","\DATA\","SU6990","ITENS DAS LISTAS DE CONTATOS","ITEMES DE LISTAS DE CONTACTOS","CONTACTS LISTS ITEMS","","C","0","","U6_FILIAL+U6_LISTA+U6_CODIGO","S"
"SU7","\DATA\","SU7990","OPERADORES","OPERADORES","OPERATORS","","C","0","","U7_FILIAL+U7_COD","S"
"SU8","\DATA\","SU8990","HISTORICO DE MARKETING","HISTORIAL DE MARKETING","MARKETING HISTORY","","E","0","","","S"
"SU9","\DATA\","SU9990","CADASTRO DE OCORRENCIAS","ARCHIVO DE OCURRENCIAS","OCCURRENCES FILE","","C","0","","U9_FILIAL+U9_ASSUNTO+U9_CODIGO","S"
"SUA","\DATA\","SUA990","ORCAMENTO TELEVENDAS","PRESUPUESTO TELEVENTAS","TELESALES BUDGET","","E","0","","UA_FILIAL+UA_NUM","S"
"SUB","\DATA\","SUB990","ITENS DO ORCAMENTO TELEVENDAS","ITEMES DEL PRESUPUESTO TELEVEN","ITEMS OF TELESALES BUDGET","","E","0","","UB_FILIAL+UB_NUM+UB_ITEM+UB_PRODUTO","S"
"SUC","\DATA\","SUC990","CABECALHO DO TELEMARKETING","ENCABEZAMIENTO DE TELEMERCADEO","TELEMARKETING HEADER","","E","0","","UC_FILIAL+UC_CODIGO","S"
"SUD","\DATA\","SUD990","ITENS DO TELEMARKETING","ITEMES DEL TELEMERCADEO","TELEMARKETING ITEMS","","E","0","","UD_FILIAL+UD_CODIGO+UD_ITEM","S"
"SUE","\DATA\","SUE990","CABECALHO CONFIGURACAO TMK","ENCABEZAMIENTO CONFIGURAC. TMK","TMK SETTING HEADER","","E","0","","UE_FILIAL+UE_CODIGO","S"
"SUF","\DATA\","SUF990","ITENS CONFIGURACAO TMK","ITEMES CONFIGURACION TMK","TMK SETTING ITEMS","","E","0","","UF_FILIAL+UF_CODIGO+UF_ITEM","S"
"SUG","\DATA\","SUG990","CADASTRO DE ACESSORIOS","ARCHIVO DE ACCESORIOS","COMPLEMENT HEADER","","C","0","","UG_FILIAL+UG_CODACE","S"
"SUH","\DATA\","SUH990","CADASTRO DAS MIDIAS","ARCHIVO DE MEDIOS","MEDIAS FILE","","C","0","","UH_FILIAL+UH_MIDIA","S"
"SUK","\DATA\","SUK990","ITENS DE CAMPANHAS EXECUTADAS","ITEMES DE CAMPANAS EJECUTADAS","EXECUTED CAMPAIGNS ITEMS","","C","0","","","S"
"SUL","\DATA\","SUL990","CADASTRO DO TIPO DE COMUNICAC.","ARCHIVO TIPO DE COMUNICACION","COMMUNICATION TYPE FILE","","C","0","","UL_FILIAL+UL_TPCOMUN","S"
"SUM","\DATA\","SUM990","CADASTRO DE CARGOS","ARCHIVO DE PUESTOS","POSITION FILE","","C","0","","UM_FILIAL+UM_CARGO","S"
"SUN","\DATA\","SUN990","CADASTRO DO TIPO DE ENCERRAM.","ARCHIVO TIPO DE CIERRE","CLOSING TYPE FILE","","C","0","","UN_FILIAL+UN_ENCERR","S"
"SUO","\DATA\","SUO990","CADASTRO DE CAMPANHAS","ARCHIVO DE CAMPAÐAS","CAMPAIGNS FILE","","E","0","","UO_FILIAL+UO_CODCAMP","S"
"SUP","\DATA\","SUP990","ITENS DO SCRIPT DINAMICO","ARCHIVO DE SCRIPT DINAMICO","DYNAMIC SCRIPT ITEMS","","E","0","","UP_FILIAL+UP_CODCAMP+UP_IDTREE+UP_CARGO","S"
"SUQ","\DATA\","SUQ990","CADASTRO DE ACOES","ARCHIVO DE ACCIONES","ACTIONS FILE","","C","0","","UQ_FILIAL+UQ_SOLUCAO","S"
"SUR","\DATA\","SUR990","CADASTRO DE OCORRENCIA X ACAO","ARCHIVO DE EVENTO VS. ACCION","OCCURRENCE X ACTION FILE","","C","0","","UR_FILIAL+UR_CODREC+UR_IDTREE+UR_IDCODE","S"
"SUS","\DATA\","SUS990","CADASTRO DE PROSPECTS","ARCHIVO DE PROSPECTS","PROSPECTS FILE","","C","0","","US_FILIAL+US_COD+US_LOJA","S"
"SUV","\DATA\","SUV990","CADASTRO DE ATENDENTES IN/OUT","ARCHIVO DE PROFESIONALES IN/OU","IN/OUT ASSISTANTS FILE","","E","0","","UV_FILIAL+UV_USUARIO+UV_RAMAL+UV_ROTINA+UV_HRINI","S"
"SUW","\DATA\","SUW990","SCRIPT DINAMICO X CAMPANHA","SCRIPT DINAMICO VS. CAMPAÐA","DYNAMIC SCRIPT X CAMPAIGN","","E","0","","UW_FILIAL+UW_CODEVE+UW_CODCAMP+UW_CODSCRI+UW_PRODUTO+UW_MIDIA","S"
"SUZ","\DATA\","SUZ990","CADASTRO DO SCRIPT DINAMICO","ARCHIVO DE SCRIPT DINAMICO","DYNAMIC SCRIPT FILE","","E","0","","UZ_FILIAL+UZ_CODSCRI","S"
"SV1","\DATA\","SV1990","CADASTRO DE VEICULOS","ARCHIVO DE VEHICULOS","VEHICLES FILE","","E","0","","","S"
"SV2","\DATA\","SV2990","VEICULOS EM TRANSITO","VEHICULOS EN CIRCULACION","VEHICLES IN TRANSIT","","E","0","","","S"
"SV3","\DATA\","SV3990","VEICULOS EM ESTOQUE","VEHICULOS EN STOCK","VEHICLES IN INVENTORY","","E","0","","","S"
"SV4","\DATA\","SV4990","SIMULACOES DE VENDAS","SIMULACION DE VENTAS","SALES SIMULATIONS","","E","0","","","S"
"SV8","\DATA\","SV8990","TABELA DE PRECOS","TABLA DE PRECIOS","PRICE LIST","","E","0","","","S"
"SV9","\DATA\","SV9990","TIPO DE OS","TIPO DE OS","S.O. TYPE","","E","0","","","S"
"SW0","\DATA\","SW0990","S.I. (CAPA)","S.I.  (PORTADA)","S.I.(FRONT PAGE)","","C","0","","W0_FILIAL+W0__CC+W0__NUM","N"
"SW1","\DATA\","SW1990","S.I. (ITENS)","S.I.  (ITEMES)","S.I.(ITEMS)","","C","0","","","N"
"SW2","\DATA\","SW2990","P.O. (CAPA)","P.O.  (PORTADA)","P.O.(FRONT PAGE)","","C","0","","W2_FILIAL+W2_PO_NUM","N"
"SW3","\DATA\","SW3990","P.O. (ITENS)","P.O.  (ITEMES)","P.O.(ITEMS)","","C","0","","","N"
"SW4","\DATA\","SW4990","P.L.I. (CAPA)","P.L.I.(PORTADA)","PROFORMA IMPORT LICENCE(FRONT)","","C","0","","W4_FILIAL+W4_PGI_NUM","N"
"SW5","\DATA\","SW5990","P.L.I. (ITENS)","P.L.I.(ITEMES)","PROFORMA IMPORT LICENCE(ITEMS)","","C","0","","","N"
"SW6","\DATA\","SW6990","D.I. (CAPA)","D.I.  (PORTADA)","IMPORT PERMIT-I.P.(FRONT PAGE)","","C","0","","W6_FILIAL+W6_HAWB","N"
"SW7","\DATA\","SW7990","D.I. (ITENS)","D.I.  (ITEMES)","IMPORT PERMIT (ITEMS)","","C","0","","W7_FILIAL+W7_HAWB+W7_PO_NUM+W7_POSICAO+W7_PGI_NUM","N"
"SW8","\DATA\","SW8990","INVOICES (ITENS)","INVOICES (ITEMES)","INVOICES(ITEMS)","","C","0","","W8_FILIAL+W8_HAWB+W8_INVOICE+W8_PO_NUM+W8_POSICAO+W8_PGI_NUM","N"
"SW9","\DATA\","SW9990","INVOICES (CAPA)","INVOICES (PORTADA)","INVOICES(FRONT PAGE)","","C","0","","","N"
"SWA","\DATA\","SWA990","CAMBIO (CAPA)","CAMBIO (PORTADA)","EXCHANGE(FRONT PAGE)","","C","0","","WA_FILIAL+WA_HAWB+WA_PO_DI","N"
"SWB","\DATA\","SWB990","CAMBIO (ITENS)","CAMBIO (ITEMES)","EXCHANGE(ITEMS)","","C","0","","","N"
"SWC","\DATA\","SWC990","CARTA CREDITO","CARTA CREDITO","CREDIT LETTER","","C","0","","","N"
"SWD","\DATA\","SWD990","D.I. DESPESAS","D.I. GASTOS","IMPORT PERMIT (EXPENSES)","","C","0","","","N"
"SWE","\DATA\","SWE990","G.I. ESPECIAIS (ITENS)","G.I. ESPECIALES (ITEMES)","SPECIAL IMPORT FORMS(ITEMS)","","C","0","","","N"
"SWF","\DATA\","SWF990","TABELA DE PRE-CALCULO","TABLA DE PRECALCULO","PRE-CALCULATION TABLE","","C","0","","","N"
"SWG","\DATA\","SWG990","HEADER FINANCIAMENTO","HEADER FINANCIACION","FINANCING HEADER","","C","0","","","N"
"SWH","\DATA\","SWH990","DESPESAS DE PRE-CALCULO (DET)","GASTOS DE PRECALCULO (DET)","PRE-ASSESSMENT EXPENSES","","C","0","","","N"
"SWI","\DATA\","SWI990","TABELA DE PRE-CALCULO","TABLA DE PRECALCULO","PRECALCULATION TABLE","","C","0","","","N"
"SWJ","\DATA\","SWJ990","HISTORICO DE ITENS","HISTORIAL DE LOS ITEMES","ITEMS HISTORY","","C","0","","","N"
"SWK","\DATA\","SWK990","HISTORICO GERAL","HISTORIAL GENERAL","GENERAL HISTORY","","C","0","","","N"
"SWL","\DATA\","SWL990","DETALHE FINANCIAMENTO","DETALLE FINANCIACION","FINANCING DETAIL","","C","0","","","N"
"SWM","\DATA\","SWM990","CONTRATO DE ROF E L/C","CONTRATO DE ROF Y L/C","CONTRACT OF ROF AND L/C","","C","0","","","N"
"SWN","\DATA\","SWN990","ITENS DA NFE DE IMPORTACAO","ITEMES FACT ENTRADA IMPORTACIO","IMPORT INFLOW INVOICE ITEMS","","C","0","","","N"
"SWO","\DATA\","SWO990","OCORRENCIAS","OCURRENCIAS","OCCURRENCES","","C","0","","","N"
"SWP","\DATA\","SWP990","CAPA DA L.I.","PORTADA DE LA L.I.","FRONT PAGE OF IMPORT LICENCE","","C","0","","","N"
"SWQ","\DATA\","SWQ990","RETORNO DA P.L.I","RETORNO DE LA P.L.I.","RETURN OF PROFORMA IMPORT LIC.","","C","0","","","N"
"SWR","\DATA\","SWR990","COTACAO DE PRECOS","COTIZACION DE PRECIOS","PRICE QUOTATION","","C","0","","","N"
"SWS","\DATA\","SWS990","ITENS DA COTACAO","ITEMES DE LA COTIZACION","QUOTATION ITEMS","","C","0","","","N"
"SWT","\DATA\","SWT990","DETALHAMENTO DA COTACAO","DETALLES DE LA COTIZACION","DETAILS ON QUOTATION","","C","0","","","N"
"SWU","\DATA\","SWU990","Modelo de Pedido","Modelo de Pedido","ORDER MODEL","","C","0","","","N"
"SWV","\DATA\","SWV990","CADASTRO DE LOTES / PLI","ARCHIVO DE LOTES / PLI","PLI/ LOTS FILE","","C","0","","","N"
"SWW","\DATA\","SWW990","DESPESAS NF","GASTOS FACTURA","EXPENSES OF INVOICE","","C","0","","","N"
"SWX","\DATA\","SWX990","C.F.O.","CODIGO FISCAL DE OPERACION","OPERATION FICAL CODE (C.F.O.)","","C","0","","","N"
"SWZ","\DATA\","SWZ990","Operacao","OPERACION","OPERATION","","C","0","","","N"
"SX5","\SYSTEM\","SX5990","CADASTRO DE TABELAS","ARCHIVO DE TABLAS","TABLES FILE","","C","0","","","S"
"SY0","\DATA\","SY0990","DOCUMENTOS IMPRESSOS","DOCUMENTOS IMPRESOS","PRINTED DOCUMENTS","","C","0","","Y0_FILIAL+Y0_DOC+Y0_CHVDTHR","N"
"SY1","\DATA\","SY1990","COMPRADORES","COMPRADORES","PURCHASER","","C","0","","Y1_FILIAL+Y1_COD","N"
"SY2","\DATA\","SY2990","LOCAIS DE ENTREGA","LUGARES DE ENTREGA","PLACES OF DELIVERY","","C","0","","Y2_FILIAL+Y2_SIGLA","N"
"SY3","\DATA\","SY3990","UNIDADE REQUISITANTE (C.CUSTO)","UNIDAD SOLICITANTE (C.COSTO)","PETITIONER UNIT(COST CENTER)","","C","0","","Y3_FILIAL+Y3_COD","N"
"SY4","\DATA\","SY4990","AGENTES EMBARCADORES","AGENTES DE EMBARQUE","SHIPPING AGENTS","","C","0","","Y4_FILIAL+Y4_COD","N"
"SY5","\DATA\","SY5990","DESPACHANTES/EMPRESAS","TRAMITADOR/EMPRESAS","FORWARDING AG./COMPANIES","","C","0","","Y5_FILIAL+Y5_COD","N"
"SY6","\DATA\","SY6990","CONDICOES DE PAGAMENTO","CONDICIONES DE PAGO","PAYMENT TERMS","","C","0","","Y6_FILIAL+Y6_COD+STR(Y6_DIAS_PA,3,0)","N"
"SY7","\DATA\","SY7990","MENSAGENS","MENSAJES","MESSAGES","","C","0","","","N"
"SY8","\DATA\","SY8990","REGIME DE IMPORTACAO","REGIMEN DE IMPORTACION","IMPORT REGIME","","C","0","","Y8_FILIAL+Y8_COD","N"
"SY9","\DATA\","SY9990","PORTOS/AEROPORTOS","PUERTOS/AEROPUERTOS","HARBOR/AIRPORTS","","C","0","","Y9_FILIAL+Y9_COD","N"
"SYA","\DATA\","SYA990","PAISES","PAISES","COUNTRIES","","C","0","","YA_FILIAL+YA_CODGI","N"
"SYB","\DATA\","SYB990","CADASTRO DE DESPESAS","ARCHIVO DE GASTOS","TABLE OF EXPENSES","","C","0","","YB_FILIAL+YB_DESP","N"
"SYC","\DATA\","SYC990","FAMILIA DE PRODUTOS","FAMILIA DE PRODUCTOS","PRODUCT FAMILY","","C","0","","YC_FILIAL+YC_COD+YC_IDIOMA","N"
"SYD","\DATA\","SYD990","NCM","NCM","CNM","","C","0","","YD_FILIAL+YD_TEC+YD_EX_NCM+YD_EX_NBM","N"
"SYE","\DATA\","SYE990","TAXAS DE CONVERSAO","TASAS DE CONVERSION","CONVERSION RATES","","C","0","","YE_FILIAL+DTOS(YE_DATA)+YE_MOEDA","N"
"SYF","\DATA\","SYF990","MOEDAS","MONEDAS","CURRENCIES","","C","0","","YF_FILIAL+YF_MOEDA","N"
"SYG","\DATA\","SYG990","REGISTRO NO MINISTERIO","REGISTRO EN EL MINISTERIO","REGISTRATION AT MINISTRY","","C","0","","","N"
"SYH","\DATA\","SYH990","CARTAS DE CREDITO (DETALHE)","CARTAS DE CREDITO (DETALLES)","LETTERS OF CREDIT (DETAIL)","","C","0","","","N"
"SYI","\DATA\","SYI990","ADITIVOS","ADICIONALES","ADDITIVE","","C","0","","","N"
"SYJ","\DATA\","SYJ990","INCOTERMS","INCOTERMS","INCOTERMS","","C","0","","YJ_FILIAL+YJ_COD","N"
"SYK","\DATA\","SYK990","CADASTRO DE SEGURO","ARCHIVO DEL SEGURO","INSURANCE TABLE","","C","0","","","N"
"SYL","\DATA\","SYL990","MODELO DE RELATORIOS (CAPA)","MODELO DE INFORMES (CARATULAS)","REPORTS MODEL (FRONT)","","C","0","","","N"
"SYM","\DATA\","SYM990","CAMPOS DE RELATORIOS","CAMPOS DE INFORMES","REPORTS FIELDS","","C","0","","","N"
"SYN","\SYSTEM\","SIGAEYN","DICIONARIO DO RELATORIO","DICCIONARIO DEL INFORME","REPORT DICTIONARY","","C","0","","","N"
"SYO","\SYSTEM\","SIGAEYO","ORIGENS DO RELATORIO","ORIGEN DEL INFORME","SOURCES OF REPORT","","C","0","","","N"
"SYP","\DATA\","SYP990","DESCRICOES DOS CAMPOS MEMO","DESCRIP. DE LOS CAMPOS MEMO","DESCRIPTIONS OF THE MEMO FIELD","","C","0","","YP_FILIAL+YP_CHAVE+YP_SEQ","N"
"SYQ","\DATA\","SYQ990","Vias de Transporte","Medios de Transporte","TRANSPORTATION MEANS","","C","0","","YQ_FILIAL+YQ_VIA","N"
"SYR","\DATA\","SYR990","TAXAS DE FRETE","TASAS DE FLETE","FREIGHT CHARGES","","C","0","","YR_FILIAL+YR_VIA+YR_ORIGEM+YR_DESTINO+YR_TIPTRAN","N"
"SYS","\DATA\","SYS990","PERCENTUAIS DE CENTRO DE CUSTO","PORCENTAJES DE CENTRO DE COSTO","PERCENTAGE OF COST CENTERS","","C","0","","","N"
"SYT","\DATA\","SYT990","IMPORTADORES / CONSIGNATARIOS","IMPORTADORES / CONSIGNATARIOS","IMPORTERS/CONSIGNEES","","C","0","","YT_FILIAL+YT_COD_IMP","N"
"SYU","\DATA\","SYU990","TABELA INTEGRACAO EASY-GIPLITE","TABLA INTEGRACION EASY-GIPLITE","EASY-GIPLITE INTEGRATION TABLE","","C","0","","","N"
"SYV","\DATA\","SYV990","CADASTRO DE ENGENHARIA (CAPA)","ARCHIVO DE INGENIERIA (PORT.)","ENGINEERING FILE (FRONT)","","C","0","","","N"
"SYW","\DATA\","SYW990","CORRETORES","AGENTES","BROKERS","","C","0","","","N"
"SYX","\DATA\","SYX990","CADASTRO DE ENGENHARIA (ITENS)","ARCHIVO DE INGENIERIA (ITEMES)","ENGINEERING FILE (ITEMS)","","C","0","","","N"
"SYZ","\DATA\","SYZ990","CADASTRO PRODUTO ZONA FRANCA","ARCHIVO PRODUCTO ZONA LIBRE","FREE TRADE ZONE PRODUCT FILE","","C","0","","","N"
"TA0","\DATA\","TA0990","LEGISLACAO","LEGISLACION","LAWS","","C","0","","TA0_FILIAL+TA0_CODLEG","N"
"TA1","\DATA\","TA1990","Avaliacao da Legislacao","Evaluacion de la Legislacion","Law Evaluation","","E","0","","TA1_FILIAL+TA1_CODAVA","N"
"TA2","\DATA\","TA2990","OPCAO DE AVALIACAO","OPCION DE EVALUACION","EVALUATION OPTION","","E","0","","TA2_FILIAL+TA2_CODAVA+TA2_CODOPC","N"
"TA3","\DATA\","TA3990","Formula","Formula","Formula","","E","0","","TA3_FILIAL+TA3_CODFOR","N"
"TA4","\DATA\","TA4990","Aspectos","Aspectos","Aspects","","E","0","","TA4_FILIAL+TA4_CODASP","N"
"TA5","\DATA\","TA5990","Resultado Avaliacao","Resultado Evaluacion","Evaluation Result","","E","0","","TA5_FILIAL+STR(TA5_RESULT)+TA5_CODLEG+DTOS(TA5_DTRESU)","N"
"TA6","\DATA\","TA6990","Criterios de Aval. do Aspecto","Criterios de Eval. del Aspecto","Aspects Evaluation Criteria","","E","0","","TA6_FILIAL+TA6_CODAVA","N"
"TA7","\DATA\","TA7990","Opcao de Avaliacao do Aspecto","Opcion Evaluacio del Aspecto","Aspect Evaluation Option","","E","0","","TA7_FILIAL+TA7_CODAVA+TA7_CODOPC","N"
"TA8","\DATA\","TA8990","Classes","Clases","Categories","","E","0","","TA8_FILIAL+TA8_CODCLA","N"
"TA9","\DATA\","TA9990","Avaliacao X Aspecto","Evaluacion vs Aspecto","Evaluation X Aspect","","E","0","","TA9_FILIAL+TA9_CODASP+TA9_CODAVA+DTOS(TA9_DTRESU)","N"
"TAA","\DATA\","TAA990","Plano de Acäo","Plan de Accion","Action Plan","","E","0","","TAA_FILIAL+TAA_CODPLA+DTOS(TAA_DTIMPL)","N"
"TAB","\DATA\","TAB990","Resultado Avaliacao","Resultado Evaluacion","Evaluation Result","","E","0","","TAB_FILIAL+TAB_ORDEM+TAB_CODASP","N"
"TAC","\DATA\","TAC990","Avaliacao X Legislacao","Evaluacion vs. Legislacion","Evaluation X Law","","E","0","","TAC_FILIAL+TAC_CODLEG+TAC_CODAVA+DTOS(TAC_DTRESU)","N"
"TAD","\DATA\","TAD990","Avaliacao X Aspecto","Evaluacion vs. Aspecto","Evaluation X Aspect","","E","0","","TAD_FILIAL+TAD_ORDEM+TAD_CODAVA+TAD_CODOPC","N"
"TAE","\DATA\","TAE990","Impacto","Consecuencias","Impact","","C","0","","TAE_FILIAL+TAE_CODIMP","N"
"TAF","\DATA\","TAF990","Nivel Organizacional","Nivel de Organizacion","Organizational Level","","E","0","","TAF_FILIAL+TAF_CODEST+TAF_CODNIV","N"
"TAG","\DATA\","TAG990","Aspecto X Area","Aspecto vs Area","Aspect X Area","","E","0","","TAG_FILIAL+TAG_CODASP+TAG_CODEST+TAG_CODNIV","N"
"TAH","\DATA\","TAH990","Formulas da Avaliacao Aspecto","Formulas de Evaluacion Aspecto","Aspect Evaluation Formulas","","C","0","","TAH_FILIAL+TAH_ORDEM+TAH_CODFOR","N"
"TAI","\DATA\","TAI990","Legislacoes do Impacto","Legislaciones de Impacto","Impact legislations","","C","0","","TAI_FILIAL+TAI_CODIMP+TAI_CODLEG","N"
"TAJ","\DATA\","TAJ990","Aspecto X Legislacao","Aspecto vs. Legislacion","Aspect x Legislation","","C","0","","TAJ_FILIAL+TAJ_CODASP+TAJ_CODLEG","N"
"TAK","\DATA\","TAK990","Participantes do Processo","","Process participants","","C","0","","TAK_FILIAL+TAK_CODEST+TAK_CODNIV+TAK_MAT","N"
"TAL","\DATA\","TAL990","Documentos X Estrutura","","Documentos vs. Structure","","C","0","","TAL_FILIAL+TAL_CODEST+TAL_CODNIV+TAL_FILDOC+TAL_DOCTO","N"
"TAM","\DATA\","TAM990","Historico das Demandas","","Demand history","","E","0","","TAM_FILIAL+TAM_CODLEG+TAM_DTALTE+TAM_HRALTE","N"
"TAN","\DATA\","TAN990","Pessoas Expostas ao Impacto","","Persons exposed to impact","","C","0","","TAN_FILIAL+TAN_ORDEM+TAN_MAT","N"
"TAO","\DATA\","TAO990","Historico Avaliacoes","","Evaluat. history","","C","0","","TAO_FILIAL+TAO_CODHIS+TAO_ORDEM","N"
"TAP","\DATA\","TAP990","Historico de Criterios Avaliac","Historico Criterios de Avaliac","Eval. Criteria history","","C","0","","TAP_FILIAL+TAP_CODHIS+TAP_ORDEM+TAP_CODAVA","N"
"TAQ","\DATA\","TAQ990","Eventos","","Events","","E","0","","TAQ_FILIAL+TAQ_USUARI+DTOS(TAQ_DATA)+TAQ_ORDEM","N"
"TAR","\DATA\","TAR990","CARACT.  ATIVIDADE INDUSTRIAL","","INDUSTRIAL ACTIVITY CHARACT.","","C","0","","TAR_FILIAL+TAR_CODATI","S"
"TAS","\DATA\","TAS990","PRODUTO FINAL","PRODUTO FINAL","FINAL PRODUCT","","C","0","","","S"
"TAT","\DATA\","TAT990","MATERIA PRIMA E INSUMOS","","RAW MATERIAL AND INPUTS","","C","0","","","S"
"TAU","\DATA\","TAU990","POLITICA AMBIENTAL","","ENVIRONMENTAL POLICY","","C","0","","TAU_FILIAL+TAU_CODPOL","S"
"TAV","\DATA\","TAV990","Residuos do Processo","","Process residues","","C","0","","TAV_FILIAL+TAV_CODRES+TAV_CODEST+TAV_CODNIV","N"
"TAW","\DATA\","TAW990","Classificacäo","","Classification","","C","0","","TAW_FILIAL+TAW_CODCLA","S"
"TAX","\DATA\","TAX990","Residuos","","Residues","","C","0","","TAX_FILIAL+TAX_CODRES","N"
"TAY","\DATA\","TAY990","Historico de Qtde Max. Atual","","Current maximum quantity log","","C","0","","","N"
"TAZ","\DATA\","TAZ990","Criterios de Controle","","Control criteria","","C","0","","TAZ_FILIAL+TAZ_CODRES+TAZ_CODCRI","N"
"TB0","\DATA\","TB0990","Ocorrencias","","Occurrences","","C","0","","TB0_FILIAL+TB0_CODOCO","N"
"TB1","\DATA\","TB1990","Resposta Criterios de Controle","Respuesta Criterios de Control","Control Criteria Answer","","C","0","","TB1_FILIAL+TB1_CODOCO+TB1_CODCRI","N"
"TB2","\DATA\","TB2990","DESTINO","","DESTINATION","","C","0","","","S"
"TB3","\DATA\","TB3990","CLASSIFICACäO DO DESTINO","","DESTINATION CLASSIFICATION","","C","0","","","S"
"TB4","\DATA\","TB4990","DESTINO DOS RESIDUOS","","RESIDUE DESTINATION","","C","0","","","S"
"TB5","\DATA\","TB5990","LICENCIAMENTO FORN. POR PROD.","","LICENSE SUPPLIER F/PROD.","","C","0","","","S"
"TB6","\DATA\","TB6990","TIPO DE DESTINACAO","TIPO DE DESTINACIO","DESTIN. TYPE","","C","0","","","S"
"TB7","\DATA\","TB7990","CLASSIFICACAO DESTINACAO","","DESTIN. CLASSIF.","","C","0","","","S"
"TB8","\DATA\","TB8990","TIPO DE TRANSPORTE","","TRANSPORT TYPE","","C","0","","","S"
"TB9","\DATA\","TB9990","TRANSPORTE","","TRANSPORT","","C","0","","","S"
"TBA","\DATA\","TBA990","TRANSFERENCIA RESIDUO","","RESIDUE TRANSFER","","C","0","","","S"
"TM0","\DATA\","TM0990","FICHA MEDICA","FICHA MEDICA","MEDICAL FILE CARD","","C","0","","TM0_FILIAL+TM0_NUMFIC","N"
"TM1","\DATA\","TM1990","MEDICAMENTOS","MEDICAMENTOS","MEDICATION","","C","0","","TM1_FILIAL+TM1_CODMED","N"
"TM2","\DATA\","TM2990","MEDICAMENTOS UTILIZADOS","MEDICAMENTOS UTILIZADOS","MEDICATION USED","","C","0","","TM2_FILIAL+TM2_NUMFIC+DTOS(TM2_DTCONS)+TM2_HRCONS+TM2_CODMED","N"
"TM3","\DATA\","TM3990","MOVIMENTO MEDICAMENTOS","MOVIMIENTO MEDICAMENTOS","MEDICATION TRANSACTION","","C","0","","TM3_FILIAL+TM3_SEQMOV+TM3_CODMED+DTOS(TM3_DTMOVI)","N"
"TM4","\DATA\","TM4990","EXAMES","EXAMENES","MEDICAL TESTS","","C","0","","TM4_FILIAL+TM4_EXAME","S"
"TM5","\DATA\","TM5990","EXAMES DO FUNCIONARIO","EXAMENES DEL EMPLEADO","EMPLOYEES MEDICAL TESTS","","C","0","","TM5_FILIAL+TM5_NUMFIC+DTOS(TM5_DTPROG)+TM5_EXAME","N"
"TM6","\DATA\","TM6990","RESULTADO EXAME QUANTITATIVO","RESULTADO EXAMEN CUANTITATIVO","MEDICAL TEST RESULT","","C","0","","TM6_FILIAL+TM6_NUMFIC+DTOS(TM6_DTPROG)+TM6_EXAME+TM6_ITEM","N"
"TM7","\DATA\","TM7990","EQUIPAMENTO AVALIACAO","EQUIPO EVALUACION","EVALUATION EQUIPMENT","","C","0","","TM7_FILIAL+TM7_EQPTO","N"
"TM8","\DATA\","TM8990","NORMALIDADE EXAME","NORMALIDAD EXAMEN","MEDICAL TEST - NORMAL","","C","0","","TM8_FILIAL+TM8_EXAME+TM8_ITEM","N"
"TM9","\DATA\","TM9990","RESULTADO EXAME AUDITIVO","RESULTADO EXAMEN AUDITIVO","AUDITIVE TEST RESULT","","C","0","","TM9_FILIAL+TM9_NUMFIC+DTOS(TM9_DTPROG)+TM9_EXAME","N"
"TMA","\DATA\","TMA990","AGENTE","AGENTE","AGENT","","C","0","","TMA_FILIAL+TMA_AGENTE","S"
"TMB","\DATA\","TMB990","EXAMES POR AGENTE","EXAMENES POR AGENTE","TESTS BY AGENT","","C","0","","TMB_FILIAL+TMB_AGENTE+TMB_EXAME","N"
"TMC","\DATA\","TMC990","AGENTES FUNC EXPOSTO ASO","AGENTES FUNC EXPUESTO ASO","ASO EXPOSED EMPLOYEE - AGENTS","","C","0","","TMC_FILIAL+TMC_NUMASO+TMC_AGENTE","N"
"TMD","\DATA\","TMD990","PRECO DOS EXAMES","PRECIO DE LOS EXAMENES","MEDICAL TESTS PRICE","","C","0","","TMD_FILIAL+TMD_FORNEC+TMD_LOJA+TMD_EXAME+DTOS(TMD_DTINIC)","N"
"TME","\DATA\","TME990","RESTRICOES","RESTRICCIONES","RESTRICTIONS","","C","0","","TME_FILIAL+TME_RESTRI","N"
"TMF","\DATA\","TMF990","RESTRICOES DO FUNCIONARIO","RESTRICCIONES DEL EMPLEADO","EMPLOYEES RESTRICTIONS","","C","0","","TMF_FILIAL+TMF_NUMFIC+TMF_RESTRI+DTOS(TMF_DTINIC)","N"
"TMG","\DATA\","TMG990","QUESTIONARIO","CUESTIONARIO","QUESTIONNAIRE","","C","0","","TMG_FILIAL+TMG_QUESTI","N"
"TMH","\DATA\","TMH990","QUESTOES DO QUESTIONARIO","PREGUNTAS DEL CUESTIONARIO","QUESTIONS","","C","0","","TMH_FILIAL+TMH_QUESTI+TMH_QUESTA","N"
"TMI","\DATA\","TMI990","QUESTIONARIO FUNCIONARIO","CUESTIONARIO EMPLEADO","EMPLOYEES QUESTIONNAIRE","","C","0","","TMI_FILIAL+TMI_NUMFIC+DTOS(TMI_DTREAL)+TMI_QUESTI+TMI_QUESTA","N"
"TMJ","\DATA\","TMJ990","AGENDA DE CONSULTAS MEDICAS","AGENDA DE CONSULTAS MEDICAS","MEDICAL CONSULTATION SCHEDULE","","C","0","","TMJ_FILIAL+TMJ_CODUSU+DTOS(TMJ_DTCONS)+TMJ_HRCONS","N"
"TMK","\DATA\","TMK990","USUÁRIOS DE MEDIC E SEGUR","USUARIOS DE MEDIC Y SEGUR","MEDICATION AND SECURITY USERS","","C","0","","TMK_FILIAL+TMK_CODUSU","S"
"TML","\DATA\","TML990","ESPECIALIDADE DOS USUARIOS","ESPECIALIDAD DE LOS USUARIOS","EMPLOYEES SKILLS","","C","0","","TML_FILIAL+TML_CODUSU","N"
"TMN","\DATA\","TMN990","FUNCIONARIOS EM PROG ESPECIAIS","EMPLEADOS EN PROG ESPECIALES","EMPLOYEES IN SPECIAL PROGRAMS","","C","0","","TMN_FILIAL+TMN_CODPRO+TMN_NUMFIC","N"
"TMO","\DATA\","TMO990","PROGRAMAS DE SAUDE.","PROGRAMAS DE SALUD","HEALTH PROGRAMS","","C","0","","TMO_FILIAL+TMO_CODPRO","N"
"TMQ","\DATA\","TMQ990","PERIODICIDADE  EXAMES CLINICOS","PERIODICIDAD EXAMENES CLINICOS","MEDICAL TESTS PERIODICITY","","C","0","","TMQ_FILIAL+TMQ_FAIXA","N"
"TMR","\DATA\","TMR990","C.I.D.","C.I.D.","I.C.D.","","C","0","","TMR_FILIAL+TMR_CID","N"
"TMS","\DATA\","TMS990","MOTIVO CONSULTA","MOTIVO CONSULTA","CONSULTATION REASON","","C","0","","TMS_FILIAL+TMS_MOTIVO","N"
"TMT","\DATA\","TMT990","DIAGNOSTICO","DIAGNOSTICO","DIAGNOSIS","","C","0","","TMT_FILIAL+TMT_NUMFIC+DTOS(TMT_DTCONS)+TMT_HRCONS","N"
"TMU","\DATA\","TMU990","RESULTADO EXAME","RESULTADO EXAMEN","MEDICAL TEST RESULT","","C","0","","TMU_FILIAL+TMU_CODRES","N"
"TMV","\DATA\","TMV990","PARAM GERAR CONVOC EXAMES","PARAM. GENER. CONVOC. EXAMENES","PARAM. GENERAT. CALLS FOR TEST","","E","0","","TMV_FILIAL+TMV_PCMSO+TMV_CONVOC+TMV_CODUSU","N"
"TMW","\DATA\","TMW990","PARAMETROS DO PCMSO","PARAMETROS DEL PCMSO","PCMSO PARAMETERS","","E","0","","TMW_FILIAL+TMW_PCMSO","N"
"TMX","\DATA\","TMX990","RISCOS ASO","RIESGOS ASO","ASO RISKS","","C","0","","TMX_FILIAL+TMX_NUMASO+TMX_NUMRIS","N"
"TMY","\DATA\","TMY990","ATESTADO SAUDE OCUPACIONAL","CERTIFICADO SALUD LABORAL","OCCUPATIONAL HLTH. CERTIFICATE","","C","0","","TMY_FILIAL+TMY_NUMASO","N"
"TMZ","\DATA\","TMZ990","TERMOS DESCRITIVOS","ACTAS DESCRIPTIVAS","DESCRIPTIVE TERMS","","C","0","","TMZ_FILIAL+TMZ_TERMO","N"
"TN0","\DATA\","TN0990","RISCO","RIESGO","RISK","","E","0","","TN0_FILIAL+TN0_NUMRIS","N"
"TN1","\DATA\","TN1990","PARAM. GERACAO EXAMES RISCO","PARAM.GENERAD.EXAMENES RIESGO","RISK EXAMS GENERT. PARAMETERS","","E","0","","TN1_FILIAL+TN1_SEQGER","N"
"TN2","\DATA\","TN2990","EXAMES POR RISCO","EXAMENES POR RIESGO","TESTS BY RISKS","","E","0","","TN2_FILIAL+TN2_NUMRIS+TN2_EXAME+TN2_FAIXA","N"
"TN3","\DATA\","TN3990","FORNECEDORES DE EPI","PROVEEDORES DE EPI","EPI SUPPLIERS","","C","0","","TN3_FILIAL+TN3_FORNEC+TN3_LOJA+TN3_CODEPI+TN3_NUMCAP","N"
"TN4","\DATA\","TN4990","RESULT EXAMES POR AGENTE","RESULT.EXAMENES POR AGENTE","TESTS RESULTS BY AGENT","","C","0","","TN4_FILIAL+TN4_NUMFIC+DTOS(TN4_DTPROG)+TN4_EXAME+TN4_AGENTE","N"
"TN5","\DATA\","TN5990","TAREFAS","TAREAS","TASKS","","C","0","","TN5_FILIAL+TN5_CODTAR","N"
"TN6","\DATA\","TN6990","TAREFA FUNCIONARIO","TAREA EMPLEADO","EMPLOYEES TASKS","","E","0","","TN6_FILIAL+TN6_CODTAR+TN6_MAT+DTOS(TN6_DTINIC)","N"
"TN7","\DATA\","TN7990","FONTE GERADORA DE RISCO","FUENTE GENERADORA DE RIESGO","RISKS GENERATION SOURCES","","C","0","","TN7_FILIAL+TN7_FONTE","N"
"TN8","\DATA\","TN8990","EXAMES POR PROGRAMA ESPECIAL","EXAMENES POR PROGRAMA ESPECIAL","TESTS BY SPECIAL PROGRAMS","","C","0","","TN8_FILIAL+TN8_CODPRO+TN8_EXAME+TN8_FAIXA","N"
"TN9","\DATA\","TN9990","EXAMES  GERAIS POR FILIAL","EXAMENES GENER. POR SUCURSAL","GENERAL TESTS BY BRANCH","","E","0","","TN9_FILIAL+TN9_EXAME+TN9_FAIXA","N"
"TNA","\DATA\","TNA990","DOENCAS DO FUNCIONARIO","ENFERMEDADES DEL EMPLEADO","EMPLOYEES DISEASES","","C","0","","TNA_FILIAL+TNA_NUMFIC+TNA_CID+DTOS(TNA_DTINIC)","N"
"TNB","\DATA\","TNB990","EPI POR FUNCAO","EPI POR FUNCION","EPI BY FUNCTION","","C","0","","TNB_FILIAL+TNB_CODFUN+TNB_CODEPI","N"
"TNC","\DATA\","TNC990","ACIDENTES DE TRABALHO","ACCIDENTES DE TRABAJO","WORK ACCIDENT","","C","0","","TNC_FILIAL+TNC_ACIDEN","N"
"TND","\DATA\","TND990","CAUSAS DE ACIDENTE","CAUSAS DE ACCIDENTE","ACCIDENT REASONS","","C","0","","TND_FILIAL+TND_CAUSA","N"
"TNE","\DATA\","TNE990","AMBIENTE FISICO DE RISCO","AMBIENTE FISICO DE RIESGO","RISK FISICAL ENVIRONMENT","","E","0","","TNE_FILIAL+TNE_CODAMB","N"
"TNF","\DATA\","TNF990","EPI's ENTREGUES FUNCIONARIOS","EPI ENTREGADAS EMPLEADOS","EPI SENT TO EMPLOYEES","","E","0","","TNF_FILIAL+TNF_FORNEC+TNF_LOJA+TNF_CODEPI+TNF_NUMCAP+TNF_MAT+DTOS(TNF_DTENTR)+TNF_HRENTR","N"
"TNG","\DATA\","TNG990","TIPO ACIDENTE TRABALHO","TIPO ACCIDENTE TRABAJO","WORK ACCIDENT TYPE","","C","0","","TNG_FILIAL+TNG_TIPACI","N"
"TNH","\DATA\","TNH990","OBJETO GERADOR ACIDENTE","OBJETO GENERADOR ACCIDENTE","ACCIDENT OBJECT CAUSE","","C","0","","TNH_FILIAL+TNH_CODOBJ","N"
"TNI","\DATA\","TNI990","PLANO DE ACAO","PLAN DE ACCION","ACTION PLAN","","E","0","","TNI_FILIAL+TNI_CODPLA","N"
"TNJ","\DATA\","TNJ990","PLANO DE ACAO POR RISCO","PLAN DE ACCION POR RIESGO","ACTION PLAN PER RISK","","E","0","","TNJ_FILIAL+TNJ_NUMRIS+TNJ_CODPLA","N"
"TNK","\DATA\","TNK990","RISCOS DO MAPA DE RISCO","RIESGOS DEL MAPA DE RIESGO","RISK MAP RISKS","","C","0","","TNK_FILIAL+TNK_CODAMB+TNK_AGENTE","N"
"TNL","\DATA\","TNL990","OBJETO CAUSADOR DE ACIDENTE","OBJETO CAUSADOR DE ACCIDENTE","ACCIDENT OBJECT CAUSE","","C","0","","TNL_FILIAL+TNL_CODDES","N"
"TNM","\DATA\","TNM990","DESPESAS DO ACIDENTE","GASTOS DEL ACCIDENTE","ACCIDENT EXPENSES","","C","0","","TNM_FILIAL+TNM_ACIDEN+TNM_CODDES","N"
"TNN","\DATA\","TNN990","MANDATO CIPA","MANDATO CIPA","CIPA MANDATE","","C","0","","TNN_FILIAL+TNN_MANDAT","N"
"TNO","\DATA\","TNO990","CANDIDATOS PARA CIPA","CANDIDATOS A CIPA","CANDIDATES FOR CIPA","","C","0","","TNO_FILIAL+TNO_MANDAT+TNO_MAT+DTOS(TNO_DTCAND)","N"
"TNP","\DATA\","TNP990","EMITENTES DE ATESTADOS MEDICOS","EMITENTES DE COMPROB. MEDICOS","MEDICAL CERTIFICATE ISSUERS","","C","0","","TNP_FILIAL+TNP_EMITEN","S"
"TNQ","\DATA\","TNQ990","COMPONENTES DA  CIPA","COMPONENTES DE CIPA","CIPA COMPONENTS","","C","0","","TNQ_FILIAL+TNQ_MANDAT+TNQ_MAT+DTOS(TNQ_DTSAID)","N"
"TNR","\DATA\","TNR990","AGENDA DE REUNIOES DA CIPA","AGENDA DE REUNIONES DE CIPA","CIPA MEETINGS AGENDA","","C","0","","TNR_FILIAL+TNR_MANDAT+DTOS(TNR_DTREUN)","N"
"TNS","\DATA\","TNS990","PARTICIPANTES DA REUNIAO CIPA","PARTICIPANTES DE REUNION CIPA","CIPA MEETING PARTICIPANTS","","C","0","","TNS_FILIAL+TNS_MANDAT+DTOS(TNS_DTREUN)+TNS_HRREUN+TNS_MAT","N"
"TNT","\DATA\","TNT990","PROVIDENCIAS P/ACIDENTE  CIPA","PROVIDENCIAS P/ACCIDENTE CIPA","CIPA ACCIDENT MEASURES","","C","0","","TNT_FILIAL+TNT_ACIDEN+TNT_MANDAT+TNT_CODPLA","N"
"TNU","\DATA\","TNU990","INVESTIGACAO ACIDENTE","INVESTIGACION ACCIDENTE","ACCIDENT INVESTIGATION","","C","0","","TNU_FILIAL+TNU_ACIDEN+TNU_MANDAT","N"
"TNV","\DATA\","TNV990","PLANO DE ACAO DO MANDATO CIPA","PLAN DE ACCION DE MANDATO CIPA","CIPA MANDATE ACTION PLAN","","C","0","","TNV_FILIAL+TNV_MANDAT+TNV_CODPLA","N"
"TNW","\DATA\","TNW990","AGENDA EVENTOS","PROGRAMA EVENTOS","EVENTS AGENDA","","C","0","","TNW_FILIAL+TNW_SEQUEN+TNW_CODUSU","N"
"TNX","\DATA\","TNX990","EPI X RISCOS","EPI VS. RIESGOS","EPI X RISKS","","C","0","","TNX_FILIAL+TNX_NUMRIS+TNX_EPI","N"
"TNY","\DATA\","TNY990","ATESTADOS MEDICOS","COMPROBANTES MEDICOS","MEDICAL CERTIFICATES","","C","0","","TNY_FILIAL+TNY_NUMFIC+DTOS(TNY_DTINIC)+TNY_HRINIC","N"
"TNZ","\DATA\","TNZ990","INVESTIGACAO CAUSAS ACIDENTE","INVESTIGACION CAUSAS ACCIDENTE","ACCIDENT CAUSES INVESTIGATION","","C","0","","TNZ_FILIAL+TNZ_ACIDEN+TNZ_CAUSA","N"
"TO0","\DATA\","TO0990","LAUDOS AMBIENTAIS","LAUDOS AMBIENTALES","ENVIRONMENTAL REPORT","","C","0","","TO0_FILIAL+TO0_LAUDO","N"
"TO1","\DATA\","TO1990","LAUDOS X RISCOS","LAUDOS VS. RIESGOS","REPORTS X RISKS","","C","0","","TO1_FILIAL+TO1_LAUDO+TO1_NUMRIS","N"
"TO2","\DATA\","TO2990","LAUDOS X EQUIPAM. UTILIZADOS","LAUDOS VS. EQUIPOS UTILIZADOS","REPORTS X EQUIPMENTS USED","","C","0","","TO2_FILIAL+TO2_LAUDO+TO2_EQPTO","N"
"TO3","\DATA\","TO3990","LAUDOS X MEDIDAS DE CONTROLE","LAUDOS VS. MEDIDAS DE CONTROL","REPORTS X CONTROL MEASURES","","C","0","","TO3_FILIAL+TO3_LAUDO+TO3_CONTRO","N"
"TO4","\DATA\","TO4990","MEDIDAS DE CONTROLE","MEDIDAS DE CONTROL","CONTROL MEASURES","","C","0","","TO4_FILIAL+TO4_CONTRO","N"
"TO5","\DATA\","TO5990","LOCAIS AVALIADOS NO LAUDO","LOCALIZ. EVALUADOS EN EL LAUDO","LOCATIONS EVAL.IN THE REPORT","","C","0","","TO5_FILIAL+TO5_LAUDO+TO5_SEQUEN","N"
"TO6","\DATA\","TO6990","QUESTIONARIO DO ACIDENTE","CUESTIONARIO DEL ACCIDENTE","ACCIDENT QUESTIONNAIRE","","C","0","","TO6_FILIAL+TO6_ACIDEN+DTOS(TO6_DTREAL)+TO6_QUESTI+TO6_QUESTA","N"
"TO7","\DATA\","TO7990","OCORRENCIAS DE SEGURANCA TRAB.","OCURRENCIAS DE SEGURIDAD LABOR","OCCUP. SAFETY OCCURENCIES","","C","0","","TO7_FILIAL+TO7_CODOCO","N"
"TO8","\DATA\","TO8990","FUNCIONARIO X OCORR. SEG.TRAB.","EMPLEADO VS. OCURR. SEG.TRAB.","EMPLOYEE X OCCUP. HLTH & SAFET","","C","0","","TO8_FILIAL+TO8_CODOCO+TO8_MAT+DTOS(TO8_DTOCOR)","N"
"TO9","\DATA\","TO9990","EPC x RISCOS","EPC vs. RIESGOS","EPC x RISKS","","C","0","","TO9_FILIAL+TO9_NUMRIS+TO9_EPC","N"
"TOA","\DATA\","TOA990","REQUISITO x NECESSIDADES","REQUISITO vs. NECESIDADES","REQUIREMENT x NECESSITIES","","C","0","","TOA_FILIAL+TOA_CODREQ+TOA_TIPREQ+TOA_CODIGO","N"
"TOB","\DATA\","TOB990","ORDENS DE SERVIÇO INSS","ORDENES DE SERVICIO INSS","INSS SERVICE ORDERS","","C","0","","TOB_FILIAL+TOB_CODFUN+TOB_CC","N"
"TOC","\DATA\","TOC990","FUNCIONARIOS x ORDEM SERVICO","EMPLEADOS vs. ORDEN SERVICIO","EMPLOYEES x SERVICE ORDER","","C","0","","TOC_FILIAL+TOC_CODFUN+TOC_CC+TOC_MAT","N"
"TOE","\DATA\","TOE990","ATIVIDADES ECONOMICAS","ACTIVIDADES ECONOMICAS","ECONOMICAL ACTIVITIES","","C","0","","TOE_FILIAL+TOE_CNAE","N"
"TOF","\DATA\","TOF990","LICENCA MATERNIDADE","LICENCIA MATERNIDAD","MATERNITY LEAVE","","C","0","","TOF_FILIAL+TOF_NUMFIC+DTOS(TOF_DTULME)","N"
"TOG","\DATA\","TOG990","ESPECIALIDADES MEDICA","ESPECIALIDADES MEDIC.","MEDICAL SPECIALITIES","","C","0","","TOG_FILIAL+TOG_CODESP","N"
"TOH","\DATA\","TOH990","EPI x Centro de Custo","","EPI vs. Cost Center","","C","0","","TOH_FILIAL+TOH_CC+TOH_CODEPI","N"
"TP1","\DATA\","TP1990","OPCOES DA ETAPA DA MANUTENCAO","OPCIONES DE ETAPA DE MANTEN.","MAINTENANCE PHASE OPTION","","E","0","","TP1_FILIAL+TP1_CODBEM+TP1_SERVIC+TP1_SEQREL+TP1_TAREFA+TP1_ETAPA+TP1_OPCAO","N"
"TP2","\DATA\","TP2990","OPCOES DA ETAPA PADRAO","OPCIONES DE ETAPA ESTANDAR","STANDARD STAGE OPTIONS","","E","0","","TP2_FILIAL+TP2_CODFAM+TP2_SERVIC+TP2_SEQREL+TP2_TAREFA+TP2_ETAPA+TP2_OPCAO","N"
"TP3","\DATA\","TP3990","CONTRATO MAO-DE-OBRA","CONTRATO MANO DE OBRA","LABOR CONTRACT","","C","0","","TP3_FILIAL+TP3_CONTRA","N"
"TP5","\DATA\","TP5990","TAREFAS DA MANUTENCAO PADRAO","TAREAS DEL MANTEN. ESTANDAR","SATNDARD MAINTENANCE TASKS","","E","0","","TP5_FILIAL+TP5_CODFAM+TP5_SERVIC+TP5_SEQREL+TP5_TAREFA","N"
"TP9","\DATA\","TP9990","BENS PADRAO","BIENES ESTANDARES","STANDARD ASSETS","","E","0","","TP9_FILIAL+TP9_CODFAM","N"
"TPA","\DATA\","TPA990","ETAPAS GENERICAS","ETAPAS GENERICAS","GENERIC PHASES","","E","0","","TPA_FILIAL+TPA_ETAPA","N"
"TPB","\DATA\","TPB990","DETALHES DO BEM PADRAO","DETALLES DEL BIEN ESTANDAR","STANDARD ASSET DETAILS","","E","0","","TPB_FILIAL+TPB_CODFAM+TPB_CARACT","N"
"TPC","\DATA\","TPC990","OPCOES DA ETAPA GENERICA","OPCIONES DE LA ETAPA GENERICA","GENERIC PHASE OPTIONS","","E","0","","TPC_FILIAL+TPC_ETAPA+TPC_OPCAO","N"
"TPD","\DATA\","TPD990","ETAPAS DO BEM PADRAO","OPCIONES DE LA ETAPA GENERICA","STANDARD ASSET PHASES","","E","0","","TPD_FILIAL+TPD_CODBEM+TPD_ETAPA+DTOS(TPD_DTULTM)","N"
"TPE","\DATA\","TPE990","SEGUNDO CONTADOR DO BEM","SEGUNDO CONTADOR DEL BIEN","ASSETS SECOND ACCOUNTANT","","C","0","","TPE_FILIAL+TPE_CODBEM","N"
"TPF","\DATA\","TPF990","MANUTENCOES PADRAO","MANTENIMIENTO ESTANDAR","STANDARD MAINTENANCE","","E","0","","TPF_FILIAL+TPF_CODFAM+TPF_SERVIC+TPF_SEQREL","N"
"TPG","\DATA\","TPG990","DETALHES DA MANUTENCAO PADRAO","DETALLES DEL MANTEN. ESTANDAR","STANDARD MAINTENANCE DETAILS","","E","0","","TPG_FILIAL+TPG_CODFAM+TPG_SERVIC+TPG_SEQREL+TPG_TAREFA+TPG_TIPORE+TPG_CODIGO","N"
"TPH","\DATA\","TPH990","ETAPAS DA MANUTENCAO PADRAO","ETAPAS DEL MANTEN. ESTANDAR","STANDARD MAINTENANCE PHASES","","E","0","","TPH_FILIAL+TPH_CODFAM+TPH_SERVIC+TPH_SEQREL+TPH_TAREFA+TPH_ETAPA","N"
"TPI","\DATA\","TPI990","SEGUNDO CONTADOR DA MANUTENCAO","SEGUNDO CONTADOR DE MANTENIM.","MAINTENANCE SECOND ACCOUNTANT","","C","0","","TPI_FILIAL+TPI_CODBEM+TPI_SERVIC+TPI_SEQREL","N"
"TPJ","\DATA\","TPJ990","MOTIVOS","MOTIVOS","REASONS","","E","0","","TPJ_FILIAL+TPJ_CODMOT","N"
"TPK","\DATA\","TPK990","PECAS DE REPOSICAO PADRAO","PIEZAS DE REPOSICION ESTANDAR","STANDARD REPLACEMENT PARTS","","E","0","","TPK_FILIAL+TPK_CODFAM+TPK_CODPRO","N"
"TPL","\DATA\","TPL990","MOTIVOS ATRASO O.S.","MOTIVOS ATRASO O.S.","S.O. DELAY REASONS","","E","0","","TPL_FILIAL+TPL_ORDEM+TPL_CODMOT+DTOS(TPL_DTINIC)+TPL_HOINIC+DTOS(TPL_DTFIM)+TPL_HOFIM","N"
"TPM","\DATA\","TPM990","DEPENDENCIA MANUTENCAO PADRAO","DEPENDENCIA MANTEN. ESTANDAR","STANDARD MAINTENANCE PENDINGS","","E","0","","TPM_FILIAL+TPM_CODFAM+TPM_SERVIC+TPM_SEQREL+TPM_TAREFA+TPM_DEPEND","N"
"TPN","\DATA\","TPN990","UTILIZACAO DE BENS","UTILIZACION DE BIENES","ASSETS USAGE","","E","0","","TPN_FILIAL+TPN_CODBEM+TPN_CCUSTO+TPN_CTRAB+DTOS(TPN_DTINIC)+TPN_HRINIC","N"
"TPO","\DATA\","TPO990","CUSTO SERVICO POR FORNECEDOR","COSTO SERVICIO POR PROVEEDOR","SERVICE COST PER SUPPLIER","","E","0","","TPO_FILIAL+TPO_FORNEC+TPO_LOJA+TPO_SERVIC","N"
"TPP","\DATA\","TPP990","O.S. ACOMPANHAMENTO CONTADOR 2","O.S. SEGUIMIENTO CONTADOR 2","S.O. FOLLOW-UP ACCOUNTANT 2","","E","0","","TPP_FILIAL+TPP_ORDEM+TPP_PLANO+TPP_CODBEM+TPP_SERVIC+TPP_SEQREL+DTOS(TPP_DTORIG)","N"
"TPQ","\DATA\","TPQ990","OPCOES ETAPAS DA O.S.","OPCIONES ETAPAS DE LA O.S.","SO PHASES OPTIONS","","E","0","","TPQ_FILIAL+TPQ_ORDEM+TPQ_PLANO+TPQ_TAREFA+TPQ_ETAPA+TPQ_OPCAO","N"
"TPR","\DATA\","TPR990","CARACTERISTICAS","CARACTERISTICAS","CHARACTERISTICS","","E","0","","TPR_FILIAL+TPR_CODCAR","N"
"TPS","\DATA\","TPS990","LOCALIZACAO","UBICACION","LOCALIZATION","","E","0","","TPS_FILIAL+TPS_CODLOC","N"
"TPU","\DATA\","TPU990","ROTEIRO LUBRIFICACAO","ITINERARIO LUBRICACION","LUBRICATION ITINERARY","","E","0","","TPU_FILIAL+TPU_CODROT","N"
"TPV","\DATA\","TPV990","BEM DO ROTEIRO","BIEN DEL ITINERARIO","ITINERARY ASSET","","E","0","","TPV_FILIAL+TPV_CODROT+TPV_CODBEM+TPV_SEQREL","N"
"TPW","\DATA\","TPW990","HISTORICO ACOMPANHAM.CONTADOR2","HISTORIAL SEGUIMIENT.CONTADOR2","HISTORY FOLLOW-UP ACCOUNTANT 2","","E","0","","TPW_FILIAL+DTOS(TPW_DTREAL)+TPW_CODBEM+TPW_SERVIC+TPW_SEQREL+TPW_ORDEM+TPW_PLANO","N"
"TPX","\DATA\","TPX990","OPCOES RESPOSTAS DA O.S.","OPCIONES RESPUESTA DE O.SERV.","S.O. ANSWER OPTIONS","","E","0","","TPX_FILIAL+TPX_ORDEM+TPX_PLANO+TPX_TAREFA+TPX_ETAPA+TPX_OPCAO","N"
"TPY","\DATA\","TPY990","PECAS DE REPOSICAO DO BEM","REPUESTOS DEL BIEN","ASSET REPLACEMENT PARTS","","E","0","","TPY_FILIAL+TPY_CODBEM+TPY_CODPRO","N"
"TPZ","\DATA\","TPZ990","GARANTIA INSUMOS NA MANUTENCAO","GARANTIA INSUMOS EN MANTENIM.","ENSURED INPUTS IN MAINTENANCE","","E","0","","TPZ_FILIAL+TPZ_CODBEM+TPZ_TIPORE+TPZ_CODIGO+TPZ_LOCGAR+TPZ_ORDEM+TPZ_PLANO+TPZ_SEQREL","N"
"TQ0","\DATA\","TQ0990","CADASTRO DE DESENHO DO RODADO","ARCHIVO DE DISENO DEL RODADO","TYRE LAYOUT FILE","","E","0","","TQ0_FILIAL+TQ0_DESENH","N"
"TQ1","\DATA\","TQ1990","ITENS DO DESENHO DO RODADO","ITEMES DEL DISENO DEL RODADO","TYRE LAYOUT ITEM","","E","0","","TQ1_FILIAL+TQ1_DESENH+TQ1_SEQREL","N"
"TQA","\DATA\","TQA990","ORDENS PLANO ACOMPANHAMENTO","ORDENES PLAN SEGUIMIENTO","FOLLOW-UP PLAN ORDERS","","E","0","","TQA_FILIAL+TQA_ORDEM+TQA_PLANO","N"
"TQB","\DATA\","TQB990","CADASTRO SOLICITACAO SERVICO","ARCHIVO SOLICITUD SERVICIO","SERVICE REQUISITION FILE","","E","0","","TQB_FILIAL+TQB_SOLICI","N"
"TQC","\DATA\","TQC990","PROGRAMAS CLICK DA DIREITA","PROGRAMAS CLIC DE LA DERECHA","RIGHT CLICK ON PROGRAMS","","E","0","","TQC_FILIAL+TQC_PROGRA","N"
"TQD","\DATA\","TQD990","CHAMADAS CLICK DIREITA","LLAMADAS CLIC DERECHA","RIGHT CLICK ON CALLS","","E","0","","TQD_FILIAL+TQD_CHADOR+TQD_SEQREL+TQD_CHAADO","N"
"TQE","\DATA\","TQE990","ORDEM S. P/ FUNCIONARIO/PRIORI","","ORDER S. F/ EMPLOYEE/PRIOR.","","E","0","","TQE_FILIAL+TQE_ORDEM+TQE_PLANO","N"
"VA0","\DATA\","VA0990","GRUPOS E ITENS GENERICOS","GRUPOS E ITEMS GENERICOS","GROUPS AND GENERIC ITEMS","","C","0","","","S"
"VA1","\DATA\","VA1990","TABELA DE PRECOS - AVALIACAO","LISTA DE PRECIOS - EVALUACION","PRICE TABLE - EVALUATION","","E","0","","","S"
"VA2","\DATA\","VA2990","GRUPO DA TABELA DE PRECOS VEIC","GRUPO LISTA DE PRECIOS VEHIC.","VEHICLE PRICE TABLE GROUP","","E","0","","","S"
"VA3","\DATA\","VA3990","TIPO DE OCORRENCIA DE VEICULOS","TIPO DE OCURRENCIA DE VEHICULO","VEHICLE OCCURRENCE TYPE","","E","0","","","S"
"VA4","\DATA\","VA4990","TIPO DE AVARIA NO VEICULO","TIPO DE AVERIA EN EL VEHICULO","VEHICLE DAMAGE TYPE","","E","0","","","S"
"VA5","\DATA\","VA5990","GRAUS DE AVARIA DO VEICULO","GRADOS DE AVERIA DEL VEHICULO","VEHICLE DAMAGE DEGREE","","E","0","","","S"
"VA6","\DATA\","VA6990","DESENHOS DO VEICULO","DISEÑOS DEL VEHICULO","VEHICLE DESIGNS","","E","0","","","S"
"VA7","\DATA\","VA7990","AVALIACAO DE VEICULOS","EVALUACION DE VEHICULOS","VEHICLE EVALUATION","","E","0","","","S"
"VA8","\DATA\","VA8990","CABECALHO CHECK-LIST OFICINA","","WORKSHOP CHECKLIST HEADER","","C","0","","","S"
"VA9","\DATA\","VA9990","OPCIONAIS DA AVALIACAO","OPCIONALES DE EVALUACION","EVALUATION OPTIONAL ITEMS","","E","0","","","S"
"VAA","\DATA\","VAA990","CHECKLIST DA AVALIACAO","CHECKLIST DE EVALUACION","EVALUATION CHECKLIST","","E","0","","","S"
"VAB","\DATA\","VAB990","SUBSTITUICAO PECAS AVALIACAO","SUBSTITUCION PIEZAS EVALUACION","EVALUATION PARTS REPLACEMENT","","E","0","","","S"
"VAC","\DATA\","VAC990","APARENCIA VEICULO AVALIACAO","APARIENCIA VEHICULO EVALUACION","EVALUATION VEHICLE ASPECT","","E","0","","","S"
"VAD","\DATA\","VAD990","OCORRENCIAS DA AVALIACAO","EVENTOS DE LA EVALUACION","EVALUATION OCCURRENCES","","E","0","","","S"
"VAE","\DATA\","VAE990","TABELA DE STATUS DE VEICULOS","","VEHICLE STATUS TABLE","","E","0","","","S"
"VAF","\DATA\","VAF990","OCORRENCIAS CHECK-LIST ENTREGA","","DELIVERY CHECKLIST OCCURRENCES","","E","0","","","S"
"VAG","\DATA\","VAG990","CHECK-LIST ENTREGA - MODELOS","","DELIVERY CHECKLIST - MODELS","","E","0","","","S"
"VAH","\DATA\","VAH990","MOVIMENTACAO ENTREGAS VEICULOS","MOVIMENTACION ENTREGAS VEHICUL","VEHICLE DELIVERY MOVEMENTS","","E","0","","","S"
"VAJ","\DATA\","VAJ990","SERVICOS/PECAS POR INCIDENTE","","SERVICES/PARTS BY EVENT","","E","0","","","S"
"VAK","\DATA\","VAK990","VERBA POR CHASSI/CLIENTE","","FUND BY CHASSIS/CUSTOMER","","E","0","","","N"
"VAM","\DATA\","VAM990","CADASTRO DE CIDADES (VEICULOS)","ARCHIVO CIUDADES (VEHICULOS)","CITY FILE (VEHICLES)","","E","0","","","N"
"VAN","\DATA\","VAN990","ESTOQ MINIMO/SEGURANCA OFICINA","STOCK MINIMO/SEGURIDAD TALLER","REP. SHOP SECUR/MINIMUM STOCK","","E","0","","","N"
"VC0","\DATA\","VC0990","TIPO DE CONTATO","TIPO DE CONTACTO","CONTACT TYPE","","E","0","","","S"
"VC1","\DATA\","VC1990","AGENDA DO CLIENTE","AGENDA DEL CLIENTE","CUSTOMER SCHEDULE","","E","0","","","S"
"VC2","\DATA\","VC2990","PESSOA DE CONTATO DO CLIENTE","PERSONA CONTACTO DEL CLIENTE","CUSTOMER CONTACT","","E","0","","","S"
"VC3","\DATA\","VC3990","FROTA DE VEICULOS DO CLIENTE","FLOTA DE VEHICULOS DEL CLIENTE","CUSTOMER VEHICLE FLEET","","E","0","","","S"
"VC4","\DATA\","VC4990","BOLSA DE VEICULOS","BOLSA DE VEHICULOS","VEHICLES POOL","","E","0","","","S"
"VC5","\DATA\","VC5990","TIPO DE AGENDA","TIPO DE AGENDA","SCHEDULE TYPE","","E","0","","","S"
"VC6","\DATA\","VC6990","CONTROLE DE SEGUROS DO CLIENTE","CONTROL DE SEGUROS DEL CLIENTE","CUSTOMER INSURANCE CONTROL","","E","0","","","S"
"VC7","\DATA\","VC7990","PREFERENCIA DE PAGAMENTO","PREFERENCIA DE PAGO","PAYMENT PREFERENCES","","E","0","","","S"
"VC8","\DATA\","VC8990","TIPOS DE SEGURO","TIPOS DE SEGURO","INSURANCE TYPES","","E","0","","","S"
"VC9","\DATA\","VC9990","SEGURADORAS","ASEGURADORAS","INSURANCE COMPANIES","","E","0","","","S"
"VCA","\DATA\","VCA990","TIPOS DE ABORDAGEM","TIPOS DE ABORDAJE","TYPES OF APPROACH","","E","0","","","S"
"VCB","\DATA\","VCB990","REGIOES","REGIONES","REGIONS","","E","0","","","S"
"VCC","\DATA\","VCC990","CARTEIRA DE CONSORCIOS","CARTERA DE GRUPO PLAN AHORRO","CONSORTIUMS PORTFOLIO","","E","0","","","S"
"VCD","\DATA\","VCD990","VENDEDORES DA REGIAO","VENDEDORES DE LA REGION","REGION SALES ASSISTANTS","","E","0","","","S"
"VCE","\DATA\","VCE990","REGRAS PARA GERACAO LISTA CRM","","RULES FOR CRM LIST GENERATION","","C","0","","","S"
"VCF","\DATA\","VCF990","Dados Adicionais Clientes CEV","","CEV Customer additional info","","E","0","","","N"
"VCG","\DATA\","VCG990","TABELA DE CORRETORAS","","BROKER TABLE","","E","0","","","N"
"VCH","\DATA\","VCH990","SEGMENTO DE MERCADO","","MARKET SEGMENT","","E","0","","","N"
"VCI","\DATA\","VCI990","OPERACAO DO VEICULO","","VEHICLE OPERATION","","E","0","","","N"
"VE0","\DATA\","VE0990","TABELA DE GRUPOS DE PRODUTO","TABLA DE GRUPOS DE PRODUCTO","PRODUCT TABLE GROUPS","","E","0","","","S"
"VE1","\DATA\","VE1990","MARCAS","MARCAS","TRADEMARKS","","E","0","","","S"
"VE2","\DATA\","VE2990","TAB DO COD ANALITICO DO ITEM","TAB.DEL COD.ANALITICO DEL ITEM","ANALYTIC ITEM CODE TABLE","","E","0","","","S"
"VE3","\DATA\","VE3990","TABELA DE APLICACAO DA PECA","TABLA DE APLICACION DE PIEZA","PART APPLICATION TABLE","","E","0","","","S"
"VE4","\DATA\","VE4990","PARAMETRO FABRICA","PARAMETRO FABRICA","FACTORY PARAMETER","","E","0","","","S"
"VE5","\DATA\","VE5990","GRUPOS DE DESCONTO","GRUPOS DE DESCUENTO","DISCOUNT GROUPS","","E","0","","","S"
"VE6","\DATA\","VE6990","REQUISICAO COMPRA/VENDA PERDID","SOLICITUD COMPRA/VENTA PERD.","PURCHASE/SALES REQUEST LOST","","E","0","","","S"
"VE7","\DATA\","VE7990","TABELA DE MOTIVOS P/ESTOQUE","TABLA DE MOTIVOS P/STOCK","STOCK REASONS TABLE","","E","0","","","S"
"VE8","\DATA\","VE8990","ITENS DO KIT","ITEMS DEL KIT","KIT ITEMS","","E","0","","","S"
"VE9","\DATA\","VE9990","SUBSTITUICAO DE ITENS","SUSTITUCION DE ITEMS","ITEMS REPLACEMENT","","E","0","","","S"
"VEA","\DATA\","VEA990","ARQUIVO P/ IMP. SUBSTITUICAO","ARCHIVO P/IMP.SUSTITUCION","TAX OVERRIDE FILE","","E","0","","","S"
"VEB","\DATA\","VEB990","TAB TRIBUTACOES (OP ESPECIAIS)","TAB.TRIBUTACIONES (OP ESPEC.)","TAX TABLE (SPECIAL OPERAT.)","","E","0","","","S"
"VEC","\DATA\","VEC990","AVALIACAO DE VENDA DE PECAS","EVALUACION DE VENTA DE PIEZAS","PART SALES EVALUATION","","E","0","","","S"
"VEG","\DATA\","VEG990","FORMULAS","FORMULAS","FORMULAS","","E","0","","","S"
"VEH","\DATA\","VEH990","KIT'S","KITS","KITS","","E","0","","","S"
"VEI","\DATA\","VEI990","Arquivo Pedido de Peca Complem","","Suppl. Part Order file","","E","0","","","S"
"VEJ","\DATA\","VEJ990","Codigos dos Tipos de Pedido","","Order type codes","","E","0","","","S"
"VEK","\DATA\","VEK990","Parametros Para comissao","","Commission parameters","","E","0","","","S"
"VEL","\DATA\","VEL990","ITENS TAB TRIBUTACOES (OP ESP)","ITEMS TAB TRIBUTAC. (OP ESP)","TAXATION TABLE ITEMS (OP ESP)","","E","0","","","S"
"VEM","\DATA\","VEM990","TIPOS DE DESCONTO","TIPOS DE DESCUENTO","DISCOUNT TYPES","","E","0","","","S"
"VEN","\DATA\","VEN990","ITENS DO TIPO DE DESCONTO","ITEMS DE TIPO DE DESCUENTO","DISCOUNT TYPE ITEMS","","E","0","","","S"
"VEO","\DATA\","VEO990","POSICAO DE PEDIDO DE PECAS","","PART ORDER STATUS","","E","0","","","S"
"VEP","\DATA\","VEP990","TABELA DE STATUS DE PEDIDO","TABLA DE ESTATUS DE PEDIDO","ORDER STATUS TABLE","","E","0","","","S"
"VEQ","\DATA\","VEQ990","TABELA DE TIPO DE BACK ORDER","TABLA DE TIPO DE BACK ORDER","BACK ORDER TYPE TABLE","","E","0","","","S"
"VER","\DATA\","VER990","Metas de Venda","Metas de Ventas","Sales Goals","","E","0","","","S"
"VF0","\DATA\","VF0990","CADASTRO DE PLANOS DE REVISAO","ARCHIVO DE PLANES DE REVISION","REVISION PLAN FILE","","E","0","","","S"
"VF1","\DATA\","VF1990","ITENS DO PLANO DE REVISAO","ITEMS DEL PLAN DE REVISION","REVISION PLAN ITEMS","","E","0","","","S"
"VF2","\DATA\","VF2990","CATEGORIA DO ACORDO","CATEGORIA DEL ACUERDO","AGREEMENT CATEGORY","","E","0","","","S"
"VF3","\DATA\","VF3990","POSICAO CONTR DE MANUTENCAO","POSICION CONTR.DE MANTENIMIENT","MAINTENANCE CONTRACT POSITION","","E","0","","","S"
"VF4","\DATA\","VF4990","KILOMETRAGEM RODADA","KILOMETRAJE RECORRIDO","KILOMETERS RUN","","E","0","","","S"
"VF5","\DATA\","VF5990","TIPOS DE OPERACAO","TIPOS DE OPERACION","OPERATION TYPES","","E","0","","","S"
"VF6","\DATA\","VF6990","CADASTRO DE COMPONENTES","ARCHIVO DE COMPONENTES","COMPONENTS FILE","","E","0","","","S"
"VF7","\DATA\","VF7990","COMPONENTES INDIVIDUALIZADOS","COMPONENTES INDIVIDUALIZADOS","INDIVIDUAL COMPONENTS","","E","0","","","S"
"VF8","\DATA\","VF8990","ITENS DE COMPONENTES","ITEMS DE COMPONENTES","COMPONENT ITEMS","","E","0","","","S"
"VF9","\DATA\","VF9990","COMPONENTES DO VEICULO","COMPONENTES DEL VEHICULO","VEHICLE COMPONENTS","","E","0","","","S"
"VFA","\DATA\","VFA990","FAIXAS DO ACORDO DE MANUTENCAO","BANDAS DEL ACUERDO DE MANTEN.","MAINTENANCE CONTRACT RANGES","","E","0","","","S"
"VFB","\DATA\","VFB990","OCORRENCIAS DO VEICULO","OCURRENCIAS DEL VEHICULO","VEHICLE OCCURRENCES","","E","0","","","S"
"VFC","\DATA\","VFC990","COMPONENTES DO CLIENTE","COMPONENTES DEL CLIENTE","CUSTOMER COMPONENTS","","E","0","","","S"
"VFD","\DATA\","VFD990","MODELOS POR CLIENTE","MODELOS POR CLIENTE","MODELS PER CUSTOMER","","E","0","","","S"
"VFE","\DATA\","VFE990","RELACAO SIGALOJA FEC. OS.","","SIGALOJA RELAT. SO CLOSING","","E","0","","","S"
"VG0","\DATA\","VG0990","TABELA DE DEFEITOS","TABLA DE DEFECTOS","FAULT TABLE","","E","0","","","S"
"VG1","\DATA\","VG1990","TABELA DE TIPOS DE GARANTIA","TABLA DE TIPOS DE GARANTIA","WARRANTY TYPE TABLE","","E","0","","","S"
"VG2","\DATA\","VG2990","TABELA DE REVISOES","TABLA DE REVISIONES","REVISION TABLE","","E","0","","","S"
"VG3","\DATA\","VG3990","TABELA DE TIPOS DE RECLAMACOES","TABLA DE TIPOS DE RECLAMACION","COMPLAINT TYPE TABLE","","E","0","","","S"
"VG4","\DATA\","VG4990","TABELA NUMERACAO REMESSA GAR.","TABLA NUMERACION ENVIO GAR.","DELIVERY NUMBERING TABLE","","E","0","","","S"
"VG5","\DATA\","VG5990","PECAS\SERVICOS GARANTIA","PIEZAS/SERVICIO GARANTIA","PARTS/SERVICES WARRANTY","","E","0","","","S"
"VG6","\DATA\","VG6990","PECAS\SERVICOS GARANTIA SC","PIEZAS/SERVICIO GARANTIA SC","PARTS/SERVICES WARRANTY SC","","E","0","","","S"
"VG7","\DATA\","VG7990","TAB FORNECEDORES P/GARANTIA","","SUPPLIERS TO WARRANTY TABLE","","E","0","","","S"
"VG8","\DATA\","VG8990","DADOS DA RR DE GARANTIA SC","DATOS DE LA RR DE GARANTIA SC","DATA ON SC WARRANTY RR","","E","0","","","S"
"VG9","\DATA\","VG9990","MOVIMENTACAO CREDITO\DEBITO SC","MOVIMIENTO CREDITO/DEBITO SC","SC CREDIT/DEBIT MOVEMENT","","E","0","","","S"
"VGA","\DATA\","VGA990","DADOS DA OS DE GARANTIA VW","DATOS DE LA OS DE GARANTIA VW","VW WARRNATY SO DATA","","E","0","","","S"
"VGB","\DATA\","VGB990","RET.REV. DN RESP. NAO EXEC. VW","RET.REV. DN RESP. NO EJEC. VW","CAR REVIS. NOT PERFORM.(VW/SC)","","E","0","","","S"
"VGC","\DATA\","VGC990","Log p/ Gar. Excluida c/Canc.OS","LOG P/GAR. ELIMIN. C/CANC. OS","LOG FOR EXCL. GAR. W/ SO CANC.","","E","0","","","S"
"VGD","\DATA\","VGD990","TABELA DE ERROS / LAUDO","","ERROR/REPORT TABLE","","E","0","","","S"
"VH0","\DATA\","VH0990","Cabecalhos de Lay-Out","","Layout headers","","E","0","","","S"
"VH1","\DATA\","VH1990","Itens de Lay-Out (Trans/Recep)","","Layout items (Trans/Rec.)","","E","0","","","S"
"VH2","\DATA\","VH2990","Param p/Operacoes (Trans/Recp)","","Param f/operat. (Trans/Rec.)","","E","0","","","S"
"VH3","\DATA\","VH3990","Itens componentes p/Trans/Recp","","Component items for trans/rec.","","E","0","","","S"
"VH4","\DATA\","VH4990","Validade de Lay-Outs","","Layout validity","","E","0","","","S"
"VH5","\DATA\","VH5990","Datas de Validade (lay-outs)","","Validity dates (layouts)","","E","0","","","S"
"VH6","\DATA\","VH6990","TAB DE ASSUNTOS P/TRANSMISSAO","TAB DE ASUNTOS P/TRANSMISION","TRANSMISSION SUBJECTS TABLE","","E","0","","","S"
"VH7","\DATA\","VH7990","TAB. P/ VERIFIC NA INT.MONTAD.","TAB. P/ VERIFIC EN INT.ENSAMBL","TAB.FOR CHECK.IN CAR ASSEM.CO.","","E","0","","","S"
"VH8","\DATA\","VH8990","CTRL DE APOIO A TRANSACOES","","TRANSACTION SUPPORT CONTROL","","E","0","","","S"
"VH9","\DATA\","VH9990","CTRL DE APOIO A SEMAFORO","","TRAFFIC LIGHT SUPPORT CONTROL","","E","0","","","S"
"VI0","\DATA\","VI0990","CAB. NOTA FISCAL RECEP.","CAB. FACTURA RECEP.","RECEP. INVOICE HEADER","","E","0","","","S"
"VI1","\DATA\","VI1990","GARANTIA RECEPCAO (VW/SC)","GARANTIA RECEPCION (VW/SC)","RECEPTION WARRANTY (VW/SC)","","E","0","","","S"
"VI2","\DATA\","VI2990","ALTERACAO PRECO RECEP.(VW/SC)","MODIFICAC.PRECIO RECEP.(VW/SC)","PRICE ADJ.ON THE RECEP.(VW/SC)","","E","0","","","S"
"VI3","\DATA\","VI3990","DADOS CADAST. PECAS RECEP.(VW)","DATOS REGIST.PIEZAS RECEP.(VW)","PARTS DATA ON RECEP.(VW)","","E","0","","","S"
"VI4","\DATA\","VI4990","CANCEL./SUBST. PECA RECEP.(VW)","ANULAC/SUST. PIEZA RECEP.(VW)","CANC/REPL. PART RECEP.(VW)","","E","0","","","S"
"VI5","\DATA\","VI5990","CAB. PEDIDO TRANSMISSAO(VW/SC)","CAB.PEDID.TRANSMISION(VW/SC)","TRANSM. ORDER HEADER (VW/SC)","","E","0","","","S"
"VI6","\DATA\","VI6990","CAB.GARANTIA TRANSMIS.(VW/SC)","CAB.GARANTIA TRANSM.(VW/SC)","TRANS. WARRANTY HEADER (VW/SC)","","E","0","","","S"
"VI7","\DATA\","VI7990","VENDA VEICULOS TRANSMISSAO(VW)","VENTA VEHICULOS TRANSMIS. (VW)","VEHICLES SALES TRANSM. (VW)","","E","0","","","S"
"VI8","\DATA\","VI8990","NATO TRANSMISSAO (VW)","NATO TRANSMISION (VW)","TRANSMISSION NATO (VW)","","E","0","","","S"
"VI9","\DATA\","VI9990","CADASTRO/CANC./SUBST. PECA(SC)","ARCHIVO/ANULAC/SUBST.PIEZA(SC)","CANCEL/REPLACE PART REGIS.(SC)","","E","0","","","S"
"VIA","\DATA\","VIA990","ITENS NOTA FISCAL RECEP(VW/SC)","ITEMS FACTURA RECEP. (VW/SC)","INV.ITEMS ON RECEP.(VW/SC)","","E","0","","","S"
"VIB","\DATA\","VIB990","ITENS DO PEDIDO TRANSM.(VW/SC)","ITEMS DE PEDIDO TRANSM.(VW/SC)","TRANSM. ORDER ITEMS (VW/SC)","","E","0","","","S"
"VIC","\DATA\","VIC990","ITENS GARANTIA TRANSM.","ITEMS GARANTIA TRANSM.","TRANSM. .WARRANTY ITEMS","","E","0","","","S"
"VID","\DATA\","VID990","SALDO/DEMANDA/RETORNO","SALDO/DEMANDA/RETORNO","BALANCE/DEMAND/RETURN","","E","0","","","S"
"VIE","\DATA\","VIE990","RETORNO DE PEDIDO DE PECAS","","PART ORDER RETURN","","E","0","","","S"
"VIF","\DATA\","VIF990","INTEGRACAO PPA","INTEGRACAO PPA","PPA INTEGRATION","","E","0","","","S"
"VIG","\DATA\","VIG990","TEMPO PADRAO DE REPARO- IMPORT","","REPAIR STANDARD TIME - IMPORT","","E","0","","","S"
"VIH","\DATA\","VIH990","TABELA LOCAL/FORNECEDOR","","PLACE/SUPPLIER TABLE","","C","0","","","S"
"VII","\DATA\","VII990","TABELA ERROS / LAUDOS","","ERROR/REPORT TABLE","","C","0","","","S"
"VIJ","\DATA\","VIJ990","DADOS DO CLIENTE","","CUSTOMER DATA","","C","0","","","S"
"VIM","\DATA\","VIM990","Controle de arquivos do EDI","","EDI file management","","E","0","","","N"
"VIS","\DATA\","VIS990","PECAS A DEVOLVER","","PARTS TO BE RETURNED","","E","0","","","S"
"VIT","\DATA\","VIT990","PPA","","PPA","","C","0","","","S"
"VIU","\DATA\","VIU990","CATALOGO VEICULOS","","VEHICLE CATALOGUE","","C","0","","","S"
"VIX","\DATA\","VIX990","PEDIDO RELAC DISTRIB/MONTADORA","","ORDER RELAT. DISTRIB/ASSEMBLER","","C","0","","","S"
"VO1","\DATA\","VO1990","ORDEM DE SERVICO","ORDEN DE SERVICIO","SERVICE ORDERS","","E","0","","","S"
"VO2","\DATA\","VO2990","REQUISICAO DE CABECALHO","REQUERIMIENTO ENCABEZAMIENTO","HEADER REQUEST","","E","0","","","S"
"VO3","\DATA\","VO3990","REQUISICAO DE PECAS","REQUERIMIENTO DE PIEZAS","PARTS REQUEST","","E","0","","","S"
"VO4","\DATA\","VO4990","REQUISICAO DE SERVICOS","REQUERIMIENTO DE SERVICIOS","SERVICES REQUEST","","E","0","","","S"
"VO5","\DATA\","VO5990","CADASTRO DE VEICULOS OFICINA","ARCHIVO DE VEHICULOS TALLER","WORKSHOP VEHICLE FILE","","E","0","","","S"
"VO6","\DATA\","VO6990","TABELA DE SERVICOS","TABLA DE SERVICIOS","SERVICE TABLE","","E","0","","","S"
"VO7","\DATA\","VO7990","TABELA DE TEMPOS DE SERVICOS","TABLA DE TIEMPOS DE SERVICIOS","SERVICE TIME TABLE","","E","0","","","S"
"VO8","\DATA\","VO8990","AGRUPAMENTO DE SERVICOS","AGRUPACION DE SERVICIOS","SERVICE GROUPING","","E","0","","","S"
"VO9","\DATA\","VO9990","CADASTRO DE FERRAMENTAS","ARCHIVO DE HERRAMIENTAS","TOOL FILE","","E","0","","","S"
"VOA","\DATA\","VOA990","GRUPOS DE FERRAMENTAS","GRUPOS DE HERRAMIENTAS","TOOL GROUPS","","E","0","","","S"
"VOB","\DATA\","VOB990","CONTA CORRENTE DO PRODUTIVO","CUENTA CORRIENTE DE PRODUCTIVO","PRODUCTIVE CURRENT ACCOUNT","","E","0","","","S"
"VOC","\DATA\","VOC990","HABILIDADES DO PRODUTIVO","HABILIDADES DEL PRODUCTIVO","PRODUCTIVE SKILLS","","E","0","","","S"
"VOD","\DATA\","VOD990","SECOES DA OFICINA","SECCIONES DEL TALLER","SHOP SECTIONS","","E","0","","","S"
"VOE","\DATA\","VOE990","ESCALAS","ESCALAS","SCALES","","E","0","","","S"
"VOF","\DATA\","VOF990","SITUACAO DO PRODUTIVO","SITUACION DEL PRODUCTIVO","PRODUCTIVE STATUS","","E","0","","","S"
"VOG","\DATA\","VOG990","CADASTRO DE MOTORISTAS OFICINA","ARCHIVO DE CONDUCTORES TALLER","WORKSHOP DRIVER FILE","","E","0","","","S"
"VOH","\DATA\","VOH990","HORARIOS","HORARIOS","TIMETABLE","","E","0","","","S"
"VOI","\DATA\","VOI990","TIPOS DE TEMPO","TIPOS DE TIEMPO","TIME TYPES","","E","0","","","S"
"VOJ","\DATA\","VOJ990","HIST. VALORES DAS HORAS","HIST. VALORES DE LAS HORAS","HIST. HOURLY VALUES","","E","0","","","S"
"VOK","\DATA\","VOK990","TIPO DE SERVICO","TIPO DE SERVICIO","SERVICE TYPE","","E","0","","","S"
"VOL","\DATA\","VOL990","TAB SECOES P/TIPO DE SERVICO","TAB.SECCIONES P/TIPO SERVICIO","TAB SECTIONS FOR SERVICE TYPE","","E","0","","","S"
"VOM","\DATA\","VOM990","ARQ REL POS VENDA","ARCH. REL. POSVENTA","POST SALE LIST FILE","","E","0","","","S"
"VON","\DATA\","VON990","BOX DA OFICINA","BOX DEL TALLER","WORKSHOP BOX","","E","0","","","S"
"VOO","\DATA\","VOO990","ARQ DE NROS DE NOTAS FISCAIS","ARCH.DE Nº DE FACTURAS","INVOICE NUMBER FILE","","E","0","","","S"
"VOP","\DATA\","VOP990","CAMPANHA PENDENCIA TECNICA","CAMPAÑA PENDENCIA TECNICA","TECHNICAL PENDING CAMPAIGN","","E","0","","","S"
"VOQ","\DATA\","VOQ990","TAB AGRUP DE FORM P/AVALIACAO","TAB.AGRUP.DE IMPR.P/EVALUACION","TAB GROUPING OF FORM F/EVALUAT","","E","0","","","S"
"VOR","\DATA\","VOR990","MOVTOS DE DISP./CANC. DA OS","MOVTOS DE DISP./ANULAC. DE OS","REASON DISCH/CANC OF SO","","E","0","","","S"
"VOS","\DATA\","VOS990","GRUPOS DE SERVICOS","GRUPOS DE SERVICIOS","SERVICE GROUPS","","E","0","","","S"
"VOT","\DATA\","VOT990","ABASTECIMENTOS","PROVISIONES","FUEL LOADS","","E","0","","","S"
"VOU","\DATA\","VOU990","ITENS DA CAMPANHA TECNICA","ITEMS DE LA CAMPAÑA TECNICA","TECHNICAL CAMPAIG ITEMS","","E","0","","","S"
"VOV","\DATA\","VOV990","GRUPO DE PECAS P/TIPO DE TEMPO","GRUPO DE PIEZAS P/TIPO TIEMPO","PART GROUP PER TIME TYPE","","E","0","","","S"
"VOW","\DATA\","VOW990","TIPO DE TEMPO DO CONSULTOR","TIPO DE TIEMPO DEL CONSULTOR","CONSULTANT TIME TYPE","","E","0","","","S"
"VOX","\DATA\","VOX990","TIPO DE SERVICO P/ TIPO TEMPO","TIPO DE SERVICIO P/TIPO TIEMPO","SERVICE TYPE PER TIME TYPE","","E","0","","","S"
"VOY","\DATA\","VOY990","HISTORICO SALARIAL PRODUTIVO","HISTORIAL SALARIAL PRODUCTIVO","PRODUCTIVE SALARY HISTORY","","E","0","","","S"
"VOZ","\DATA\","VOZ990","MOVTOS DISP/CANC DA OS","MOVTOS DISP/ANULAC. DE OS","REASON DISCH/CANC OF SO","","E","0","","","S"
"VP1","\DATA\","VP1990","PARTICIPANTES","PARTICIPANTES","PARTICIPANTS","","E","0","","","S"
"VP2","\DATA\","VP2990","PARCELAS","CUOTAS","INSTALLMENTS","","E","0","","","S"
"VP3","\DATA\","VP3990","TABELA DE GRUPOS","TABLA DE GRUPOS","GROUP TABLE","","E","0","","","S"
"VP4","\DATA\","VP4990","LANCES","OFERTAS","BIDS","","E","0","","","S"
"VP5","\DATA\","VP5990","DATAS DE ASSEMBLEIAS","FECHAS DE ASAMBLEAS","MEETING DATES","","E","0","","","S"
"VP6","\DATA\","VP6990","TABELA DE BENS","TABLA DE BIENES","GOODS TABLE","","E","0","","","S"
"VP7","\DATA\","VP7990","PRECO DOS BENS","PRECIO DE LOS BIENES","GOODS PRICE","","E","0","","","S"
"VP8","\DATA\","VP8990","TABELA DE DOCUMENTOS","TABLA DE DOCUMENTOS","DOCUMENT TABLE","","E","0","","","S"
"VP9","\DATA\","VP9990","CONTROLE DE DOCUMENTOS","CONTROL DE DOCUMENTOS","DOCUMENT CONTROL","","E","0","","","S"
"VPA","\DATA\","VPA990","DOCUMENTOS REQUISITADOS","DOCUMENTOS REQUERIDOS","DOCUMENTS REQUIRED","","E","0","","","S"
"VPB","\DATA\","VPB990","CONTEMPLADOS","ADJUDICADOS","REGARDED","","E","0","","","S"
"VS0","\DATA\","VS0990","TABELA DE MOTIVOS","TABLA DE MOTIVOS","REASON TABLE","","E","0","","","S"
"VS1","\DATA\","VS1990","ORCAMENTO","PRESUPUESTO","BUDGET","","E","0","","","S"
"VS2","\DATA\","VS2990","TAB DESC P/ CLASSIF.(GIRO/FIN)","TAB DESC P/CLASIF.(GIRO/FIN)","CLASSIF. DESC. TABLE (FINANC.)","","E","0","","","S"
"VS3","\DATA\","VS3990","ITENS DE ORCAMENTO (PECAS)","ITEMS DE PRESUPUESTO (PIEZAS)","BUDGET ITEMS (PARTS)","","E","0","","","S"
"VS4","\DATA\","VS4990","ITENS DE ORCAMENTO (SERVICOS)","ITEMS DE PRESUPUESTO (SERVIC.)","BUDGET ITEMS (SERVICES)","","E","0","","","S"
"VS5","\DATA\","VS5990","MAPA DE AVALIACAO DE RESULTADO","MAPA DE EVALUACION DE RESULT.","RESULT EVALUATION MAP","","E","0","","","S"
"VS6","\DATA\","VS6990","CABECALHO DA LIBERACAO VENDA","ENCABEZAM.APROBACION VENTA","SALES RELEASE HEADER","","E","0","","","S"
"VS7","\DATA\","VS7990","ITENS DA LIBERACAO DE VENDA","ITEMS DE APROBACION DE VENTA","SALE RELEASE ITEMS","","E","0","","","S"
"VS8","\DATA\","VS8990","PERIODO DE TRABALHO MECANICO","PERIODO DE TRABAJO MECANICO","MECHANICAL SERVICE PERIOD","","E","0","","","S"
"VS9","\DATA\","VS9990","TIPOS DE ENTRADA","TIPOS DE CUOTA INICIAL","ENTRY TYPES","","E","0","","","S"
"VSA","\DATA\","VSA990","TIPO DE PAGAMENTOS","TIPOS DE PAGOS","PAYMENT TYPE","","E","0","","","S"
"VSB","\DATA\","VSB990","CAMPOS DO TIPO DE PAGAMENTOS","CAMPOS DE TIPO DE PAGOS","PAYMENT TYPE FIELDS","","E","0","","","S"
"VSC","\DATA\","VSC990","AVALIACAO DE VENDA DE SERVICOS","EVALUACION VENTA DE SERVICIOS","SERVICE SALES EVALUATION","","E","0","","","S"
"VSD","\DATA\","VSD990","PECAS ITENS - CAMPANHA TECNICA","PIEZAS ITEMS-CAMPAÑA TECNICA","PART ITEMS - TECHNICAL CAMPAIG","","E","0","","","S"
"VSE","\DATA\","VSE990","DADOS DO PARC. DA ENTRADA","DATOS DE DIV CUOT INICIAL","DOWN PAYMENT INSTALLMENTS DATA","","E","0","","","S"
"VSF","\DATA\","VSF990","DADOS PARA FECHAMENTO DE OS","DATOS PARA CIERRE DE OS","SO CLOSING DATE","","E","0","","","S"
"VSG","\DATA\","VSG990","VALORES DE COMISSAO DO ITEM","VALORES DE COMISION DE ITEM","ITEM COMMISSIONING VALUES","","E","0","","","S"
"VSH","\DATA\","VSH990","CUSTO ADMINISTRATIVO OFICINA","COSTO ADMINISTRATIVO TALLER","REPAIR SHOP ADMIN. COST","","E","0","","","S"
"VSI","\DATA\","VSI990","PERCENTUAL DE ENCARGOS SOCIAIS","PORCENTAJE DE CARGAS SOCIALES","SOCIAL CHARGES PERCENTAGE","","E","0","","","S"
"VSJ","\DATA\","VSJ990","PECAS EM ESPERA PARA APLICACAO","PIEZAS EN ESPERA PARA APLICAC.","PARTS WAITING FOR APPLICATION","","E","0","","","S"
"VSK","\DATA\","VSK990","GRUPO DE INCONVENIENTES","","INCONVENIENT GROUP","","E","0","","","S"
"VSL","\DATA\","VSL990","CADASTRO DE INCONVENIENTES","","INCONVENIENT FILE","","E","0","","","S"
"VSM","\DATA\","VSM990","INCONVENIENTES DA OS","","SO INCONVENIENTS","","E","0","","","S"
"VSN","\DATA\","VSN990","PRISMA DA OFICINA","PRISMA DEL TALLER","REPAIR SHOP PRISM","","E","0","","","S"
"VSO","\DATA\","VSO990","AGENDAMENTO DE CLIENTES","","CUSTOMER SCHEDULING","","E","0","","","S"
"VSP","\DATA\","VSP990","INCONVENIENTES DA AGENDA","","SCHEDULE INCONVENIENTS","","E","0","","","S"
"VSQ","\DATA\","VSQ990","CABEC AJUSTES EM COMISSOES","","HEAD. ADJUST. IN COMMISS.","","E","0","","","S"
"VSR","\DATA\","VSR990","ITENS CHECK-LIST OFICINA","","WORKSHOP CHECKLIST ITEMS","","C","0","","","S"
"VSY","\DATA\","VSY990","AVAL DE VENDA DE PECAS P/FECTO","EVAL DE VENTA DE REP. P/CIERRE","PART SALES EVAL. F/CLSNG","","E","0","","","S"
"VSZ","\DATA\","VSZ990","AVALIACAO DE VENDA DE P/FECTO","EVALUACION VENTA REP. P/CIERRE","SALES EVALUATION F/CLSNG","","E","0","","","S"
"VV0","\DATA\","VV0990","SAIDAS DE VEICULOS","SALIDAS DE VEHICULOS","VEHICLES OUTFLOW","","E","0","","","S"
"VV1","\DATA\","VV1990","VEICULOS","VEHICULOS","VEHICLES","","E","0","","","S"
"VV2","\DATA\","VV2990","MODELOS DE VEICULOS","MODELOS DE VEHICULOS","VEHICLE MODELS","","E","0","","","S"
"VV3","\DATA\","VV3990","TIPOS DE VENDA DE VEICULOS","TIPOS DE VENTA DE VEHICULOS","VEHICLE SALE TYPES","","E","0","","","S"
"VV4","\DATA\","VV4990","CONSORCIADORAS","CONSORCIADORAS","CONSORTIUMS","","E","0","","","S"
"VV5","\DATA\","VV5990","COD DESPES/RECEITA C/ VEICULOS","COD GASTOS/INGRESO VEHICULOS","VEHICLE EXPENSE/REVENUE CODE","","E","0","","","S"
"VV6","\DATA\","VV6990","OPCIONAIS/ACESS INSTALADOS","","OPTIONALS/ACCESSORIES INST.","","E","0","","","S"
"VV7","\DATA\","VV7990","CARROCERIAS","CARROCERIAS","CAR BODY","","E","0","","","S"
"VV8","\DATA\","VV8990","TIPO DE VEICULOS","TIPO DE VEHICULOS","VEHICLE TYPE","","E","0","","","S"
"VV9","\DATA\","VV9990","RECEPCAO CLIENTES/VISITANTES","RECEPCION CLIENTES/VISITANTES","CUSTOMERS/VISITORS RECEPTION","","E","0","","","S"
"VVA","\DATA\","VVA990","SAIDA DE VEICULOS - AVALIACAO","SALIDA DE VEHICULOS - EVALUAC.","VEHICLES OUTFLOW - EVALUATION","","E","0","","","S"
"VVB","\DATA\","VVB990","CATEGORIAS DE VEICULOS","CATEGORIAS DE VEHICULOS","VEHICLE CATEGORIES","","E","0","","","S"
"VVC","\DATA\","VVC990","CORES DE VEICULOS","COLORES DE VEHICULOS","VEHICLE COLORS","","E","0","","","S"
"VVD","\DATA\","VVD990","DESPESAS COM VEICULOS","GASTOS CON VEHICULOS","VEHICLE DISBURSEMENTS","","E","0","","","S"
"VVE","\DATA\","VVE990","ESPECIE DE VEICULOS","CLASES DE VEHICULOS","VEHICLE TYPES","","E","0","","","S"
"VVF","\DATA\","VVF990","ENTRADAS/SAIDAS DE VEICULOS","ENTRADAS/SALIDAS DE VEHICULOS","VEHICLES INFLOW/OUTFLOW","","E","0","","","S"
"VVG","\DATA\","VVG990","ITENS DAS ENTRADAS DE VEICULOS","ITEMS DE ENTRADAS DE VEHICULOS","VEHICLE INFLOW ITEMS","","E","0","","","S"
"VVH","\DATA\","VVH990","TIPOS DE INDICES CNV VEICULOS","TIPOS DE INDICES CNV VEHICULOS","VEHICLE CNV INDEX TYPES","","E","0","","","S"
"VVI","\DATA\","VVI990","INDICES DE CONVERSAO DE VEICS","INDICES DE CONVERSION DE VEHIC","VEHICLE CONVERSION INDEXES","","E","0","","","S"
"VVJ","\DATA\","VVJ990","PERC COMISS COTAS CONSORCIO","PORC.COMIS.CUOTAS PLAN AHORRO","CONSORTIUM QUOTAS COMM.PERC","","E","0","","","S"
"VVK","\DATA\","VVK990","IDENTIF CONCES. X FABRICA","IDENTIF CONCES. VS FABRICA","IDENT. CAR DEALER vs.FACTORY","","E","0","","","S"
"VVL","\DATA\","VVL990","PERIODO DE GARANTIA DO MODELO","PERIODO DE GARANTIA DE MODELO","MODEL WARRANTY PERIOD","","E","0","","","S"
"VVM","\DATA\","VVM990","ACESSORIOS DO MODELO","ACCESORIOS DEL MODELO","MODEL ACESSORIES","","E","0","","","S"
"VVN","\DATA\","VVN990","TABELA DE GARANTIA ESTENDIDA","TABLA DE GARANTIA ExTENDIDA","EXTENDED WARRANTY TABLE","","E","0","","","S"
"VVO","\DATA\","VVO990","BONUS POR MODELO","BONO POR MODELO","BONUS PER MODEL","","E","0","","","S"
"VVP","\DATA\","VVP990","TABELA DE PRECOS DE VEICULOS","LISTA DE PRECIOS DE VEHICULOS","VEHICLE PRICE LIST","","E","0","","","S"
"VVQ","\DATA\","VVQ990","GRUPO DE CORES","GRUPOS DE COLORES","COLOR GROUPS","","E","0","","","S"
"VVR","\DATA\","VVR990","GRUPO DE MODELOS","GRUPOS DE MODELOS","MODEL GROUP","","E","0","","","S"
"VVS","\DATA\","VVS990","SIMULACAO/AVALIACAO","SIMULACION/EVALUACION","SIMULATION/APPRAISAL","","E","0","","","S"
"VVT","\DATA\","VVT990","ACESSORIOS (INTERMEDIARIO VV6)","ACESSORIOS (INTERMEDIARIO VV6)","ACCESSORIES (VV6 INTERMEDIATE)","","E","0","","","S"
"VVU","\DATA\","VVU990","CABECALHO DO LAY-OUT DE IMAGEM","ENCABEZAMIENTO DE LAY-OUT DE I","IMAGE LAYOUT HEADER","","C","0","","","S"
"VVV","\DATA\","VVV990","ITENS DO LAY-OUT DE IMAGEM","ITEMS DE LAY-OUT DE IMAGEN","IMAGE LAYOUT ITEMS","","C","0","","","S"
"VVW","\DATA\","VVW990","TABELA DE OPCIONAIS","","OPTIONAL TABLE","","E","0","","","S"
"VVX","\DATA\","VVX990","SEGMENTO DO MODELO","","MODEL SEGMENT","","E","0","","","S"
"VVY","\DATA\","VVY990","DETALHES DOS OPCIONAIS","","OPTIONAL DETAILS","","E","0","","","S"
"VVZ","\DATA\","VVZ990","EQUIPAMENTOS DO VEICULO","","VEHICLE EQUIPMENTS","","E","0","","","S"
"VZ1","\DATA\","VZ1990","NEGOCIACAO DE PAGAMENTO DA OS","","SO PAYMENT NEGOTIATION","","E","0","","","N"
"VZ2","\DATA\","VZ2990","CAB LAYOUT POSICAO FINANCEIRA","","FINANCIAL STATUS LAYOUT CAB","","E","0","","","N"
"VZ3","\DATA\","VZ3990","ITEMS LAYOUT POS. FINANCEIRA","","FINANCIAL STATUS LAYOUT ITEMS","","E","0","","","N"
"VZ4","\DATA\","VZ4990","DIG. DA POSICAO FINANCEIRA","","FINANCIAL STATUS TYP.","","E","0","","","N"
"WF1","\DATA\","WF1990","PROCESSOS DO WORKFLOW","PROCESOS DE WORKFLOW","WORKFLOW PROCESSES","","E","0","","WF1_FILIAL+WF1_COD","S"
"WF2","\DATA\","WF2990","STATUS DO WORKFLOW","ESTATUS DE WORKFLOW","WORKFLOW STATUS","","E","0","","WF2_FILIAL+WF2_PROC+WF2_STATUS","S"
"WF3","\DATA\","WF3990","RASTREABILIDADE DO WORKFLOW","TRAZABILIDAD DEL WORKFLOW","WORKFLOW TRACKABILITY","","E","0","","","S"
"WF4","\DATA\","WF4990","EMAILS SUBSTITUTOS","EMAILS SUSTITUTOS","SUBSTITUTE E-MAILS","","E","0","","","S"
"WF6","\DATA\","WF6990","MESSENGER DO WORKFLOW","MESSENGER DEL WORKFLOW","WORKFLOW MESSENGER","","E","0","","","S"
"WF7","\DATA\","WF7990","CONTAS DE E-MAILS DO WORKFLOW","CUENTAS DE E-MAIL DEL WORKFLOW","WORKFLOW E-MAIL ACCOUNTS","","C","0","","WF7_FILIAL+WF7_PASTA","S"
"WFA","\DATA\","WFA990","MENSAGENS WORKFLOW","MENSAJES WORKFLOW","WORKFLOW MESSAGES","","E","0","","WFA_FILIAL+WFA_TIPO+WFA_IDENT","S"
"WFC","\DATA\","WFC990","TEMPLATE VISIO DE WF","TEMPLATE VISIO DE WF","WF VISIO TEMPLATE","","E","0","","","S"
"WFD","\DATA\","WFD990","Rastreabilidade Visio WF","Trazabilidad Visio WF","WF Visio Trackability","","E","0","","","S"
"ZA1","\DATA\","ZA1990","TABELA DE PETS","TABELA DE PETS","TABELA DE PETS","","C","0","","",""
"SZ1","\DATA\","SZ1990","CONTATOS","CONTATOS","CONTATOS","","C","0","","",""
"SZ2","\DATA\","SZ2990","INTERACöES","INTERACöES","INTERACöES","","C","0","","",""
"ZZ1","\DATA\","ZZ1990","CONTROLE FORNECIMENTO ISO 9001","CONTROL DE SUMINISTRO ISO 9001","ISO 9001 SUPPLY CONTROL","","C","0","","",""
"ZZ2","\DATA\","ZZ2990","OCORRENCIAS DE NAO CONFORMIDAD","CASOS DE DISCONFORMIDAD","OCCURRENCES OF NONCONFORMITY","","C","0","","",""
