"X7_CAMPO","X7_SEQUENC","X7_REGRA","X7_CDOMIN","X7_TIPO","X7_SEEK","X7_ALIAS","X7_ORDEM","X7_CHAVE","X7_CONDIC","X7_PROPRI"
"A1_CDRDES","001","DUY->DUY_DESCRI","A1_REGDES","P","S","DUY","1","xFilial()+M->A1_CDRDES","!Empty(M->A1_CDRDES)","S"
"A1_CGC","001","N12->N12_NOME","A1_NOME","P","S","N12","1","XFILIAL(""N12"")+M->A1_CGC","GETNEWPAR(""MV_SIGAGSP"",""0"")==""1""","S"
"A1_CGC","002","N12->N12_END","A1_END","P","N","","0","","GETNEWPAR(""MV_SIGAGSP"",""0"")==""1""","S"
"A1_CGC","003","N12->N12_BAIRRO","A1_BAIRRO","P","N","","0","","GETNEWPAR(""MV_SIGAGSP"",""0"") == ""1""","S"
"A1_CGC","004","N12->N12_CEP","A1_CEP","P","N","","0","","GETNEWPAR(""MV_SIGAGSP"",""0"") == ""1""","S"
"A1_CGC","005","N12->N12_EST","A1_EST","P","N","","0","","GETNEWPAR(""MV_SIGAGSP"",""0"") == ""1""","S"
"A1_CGC","006","N12->N12_MUN","A1_MUN","P","N","","0","","GETNEWPAR(""MV_SIGAGSP"",""0"") == ""1""","S"
"A1_CGC","007","N12->N12_RG","A1_RG","P","N","","0","","GETNEWPAR(""MV_SIGAGSP"",""0"") == ""1""","S"
"A1_CGC","008","N12->N12_DTNASC","A1_DTNASC","P","N","","0","","GETNEWPAR(""MV_SIGAGSP"",""0"") == ""1""","S"
"A1_CGC","009","N12->N12_EMAIL","A1_EMAIL","P","N","","0","","GETNEWPAR(""MV_SIGAGSP"",""0"") == ""1""","S"
"A1_CGC","010","N12->N12_HPAGE","A1_HPAGE","P","N","","0","","GETNEWPAR(""MV_SIGAGSP"",""0"") == ""1""","S"
"A1_CONDPAG","001","M->A1_DESCPAG:=SY6->(MSMM(SY6->Y6_DESC_P,50,,,3))","A1_DESCPAG","P","S","SY6","1","XFILIAL(""SY6"")+M->A1_CONDPAG+STR(M->A1_DIASPAG,AVSX3(""A1_DIASPAG"",3))","!EMPTY(M->A1_CONDPAG)","S"
"A1_DIASPAG","001","M->A1_DESCPAG:=SY6->(MSMM(SY6->Y6_DESC_P,50,,,3))","A1_DESCPAG","P","S","SY6","1","XFILIAL(""SY6"")+M->A1_CONDPAG+STR(M->A1_DIASPAG,AVSX3(""A1_DIASPAG"",3))","!EMPTY(M->A1_DIASPAG)","S"
"A1_PAIS","001","M->A1_PAISDES:=SYA->YA_DESCR","A1_PAISDES","P","S","SYA","1","xFilial(""SYA"")+M->A1_PAIS","!EMPTY(M->A1_PAIS)","S"
"A1_SATIV1","001","X5DESCRI()","A1_DSATIV1","P","S","SX5","1","xFilial(""SX5"")+ ""T3"" + M->A1_SATIV1","","S"
"A1_SATIV2","001","X5DESCRI()","A1_DSATIV2","P","S","SX5","1","xFilial(""SX5"") + ""T3"" + M->A1_SATIV2","","S"
"A1_SATIV3","001","X5DESCRI()","A1_DSATIV3","P","S","SX5","1","xFilial(""SX5"") + ""T3"" + M->A1_SATIV3","","S"
"A1_SATIV4","001","X5DESCRI()","A1_DSATIV4","P","S","SX5","1","xFilial(""SX5"") + ""T3"" + M->A1_SATIV4","","S"
"A1_SATIV5","001","X5DESCRI()","A1_DSATIV5","P","S","SX5","1","xFilial(""SX5"") + ""T3"" + M->A1_SATIV5","","S"
"A1_SATIV6","001","X5DESCRI()","A1_DSATIV6","P","S","SX5","1","xFilial(""SX5"") + ""T3"" + M->A1_SATIV6","","S"
"A1_SATIV7","001","X5DESCRI()","A1_DSATIV7","P","S","SX5","1","xFilial(""SX5"") + ""T3"" + M->A1_SATIV7","","S"
"A1_SATIV8","001","X5DESCRI()","A1_DSATIV8","P","S","SX5","1","xFilial(""SX5"") + ""T3"" + M->A1_SATIV8","","S"
"A1_SUBCOD","001","GSPFNVCOD1(""SA1"",""A1_COD"",1,M->A1_SUBCOD)","A1_COD","P","N","","0","","INCLUI","S"
"A2_BANCO","001","BCOAGE(M->A2_BANCO)","A2_AGENCIA","P","N","","0","","","S"
"A2_BANCO","002","SA6->A6_NUMCON","A2_NUMCON","P","N","","0","","","S"
"A2_CGC","001","N12->N12_NOME","A2_NOME","P","S","N12","1","XFILIAL(""N12"")+M->A2_CFG","GETNEWPAR(""MV_SIGAGSP"",""0"") == ""1""","S"
"A2_CGC","002","N12->N12_END","A2_END","P","N","","0","","GETNEWPAR(""MV_SIGAGSP"",""0"") == ""1""","S"
"A2_CGC","003","N12->N12_BAIRRO","A2_BAIRRO","P","N","","0","","GETNEWPAR(""MV_SIGAGSP"",""0"") == ""1""","S"
"A2_CGC","004","N12->N12_CEP","A2_CEP","P","N","","0","","GETNEWPAR(""MV_SIGAGSP"",""0"") == ""1""","S"
"A2_CGC","005","N12->N12_EST","A2_EST","P","N","","0","","GETNEWPAR(""MV_SIGAGSP"",""0"") == ""1""","S"
"A2_CGC","006","N12->N12_MUN","A2_MUN","P","N","","0","","GETNEWPAR(""MV_SIGAGSP"",""0"") == ""1""","S"
"A2_CGC","007","N12->N12_EMAIL","A2_EMAIL","P","N","","0","","GETNEWPAR(""MV_SIGAGSP"",""0"") == ""1""","S"
"A2_CGC","008","N12->N12_HPAGE","A2_HPAGE","P","N","","0","","GETNEWPAR(""MV_SIGAGSP"",""0"") == ""1""","S"
"A2_CODFAV","001","Posicione( ""SA2"", 1, xFilial(""SA2"") + M->A2_CODFAV + M->A2_LOJFAV, ""A2_NOME"" )","A2_NOMFAV","P","","","0","","","S"
"A2_DTAVA","001","A2_DTAVA + 365","A2_DTVAL","P","N","","0","","QE100GaDA()","S"
"A2_EMAIL","001","LOWER(M->A2_EMAIL)","A2_EMAIL","P","N","","0","","","S"
"A2_ID_FBFN","001","X5DESCRI()","A2_ID_FBFN","P","S","SX5","1","xFilial(""SX5"")+""48""+M->A2_ID_FBFN","","S"
"A2_LOJFAV","001","Posicione( ""SA2"", 1, xFilial(""SA2"") + M->A2_CODFAV + M->A2_LOJFAV, ""A2_NOME"" )","A2_NOMFAV","P","","","0","","","S"
"A2_PAIS","001","M->A2_PAISDES:=SYA->YA_DESCR","A2_PAISDES","P","S","SYA","1","xFilial(""SYA"")+M->A2_PAIS","!EMPTY(M->A2_PAIS)","S"
"A2_REPR_BA","001","IF(EMPTY(ALLTRIM(M->A2_REPR_BA)),"""",SA6->A6_AGENCIA)","A2_REPR_AG","P","N","","0","","","S"
"A2_REPR_EM","001","LOWER(M->A2_REPR_EM)","A2_REPR_EM","P","N","","0","","","S"
"A2_SUBCOD","001","GSPFNVCOD1(""SA2,""A2_COD"",1,M->A2_SUBCOD)","A2_COD","P","","","0","","INCLUI","S"
"A2_TIPAWB","001","X5Descri()","A2_DTPAWB","P","S","SX5","1","xFilial(""SX5"")+""MF""+M->A2_TIPAWB","","S"
"A3_FORNECE","001","Space(Len(SA3->A3_LOJA))","A3_LOJA","P","","","0","","Empty(M->A3_FORNECE)","S"
"A3_LOJA","001","""""","A3_FORNECE","P","","","0","","Empty( M->A3_LOJA )","S"
"A5_CODTAB","001","AIA->AIA_DESCRI","A5_DSCTAB","P","S","AIA","1","xFilial(""AIA"")+M->A5_FORNECE+M->A5_LOJA+M->A5_CODTAB","","S"
"A5_DTRIAI","001","A5_DTRIAI + 365","A5_VALRIAI","P","N","","0","","EMPTY(A5_VALRIAI).AND.!EMPTY(A5_DTRIAI)","S"
"A5_FABR","001","SA2->A2_NREDUZ","A5_FABRRED","P","S","SA2","1","xFilial(""SA2"")+M->A5_FABR","","S"
"A5_FABR","002","SA2->A2_LOJA","A5_FALOJA","P","S","SA2","1","xFilial(""SA2"")+M->A5_FABR","nModulo=17.or.nModulo=30.or.nModulo=31","S"
"A5_FORNECE","001","SA2->A2_LOJA","A5_LOJA","P","S","SA2","1","xFilial(""SA2"")+M->A5_FORNECE+IIF(SA2->A2_COD==M->A5_FORNECE,SA2->A2_LOJA,"""")","nModulo<>21","S"
"A5_FORNECE","002","SA2->A2_NOME","A5_NOMEFOR","P","S","SA2","1","Iif(Empty(M->A5_LOJA),xFilial(""SA2"")+M->A5_FORNECE,xFilial(""SA5"")+M->A5_FORNECE+M->A5_LOJA)","","S"
"A5_FORNECE","003","AIA->AIA_DESCRI","A5_DSCTAB","P","S","AIA","1","xFilial(""AIA"")+M->A5_FORNECE+M->A5_LOJA+M->A5_CODTAB","","S"
"A5_FORNECE","004","SA2->A2_NREDUZ","A5_NOMERED","P","S","SA2","1","xFilial(""SA2"")+M->A5_FORNECE","nModulo<>21","S"
"A5_FORNECE","005","AIA->AIA_DESCRI","A5_DSCTAB","P","S","AIA","1","xFilial(""AIA"")+M->A5_FORNECE+M->A5_LOJA+M->A5_CODTAB","","S"
"A5_LOJA","001","SA2->A2_NOME","A5_NOMEFOR","P","S","SA2","1","xFilial(""SA2"")+M->A5_FORNECE+M->A5_LOJA","","S"
"A5_PRODUTO","001","SB1->B1_DESC","A5_NOMPROD","P","S","SB1","1","xFilial(""SB1"")+M->A5_PRODUTO","","S"
"A6_BLOCKED","001","CTOD(""//"")","A6_DTBLOQ","P","N","","0","","M->A6_BLOCKED == ""2""","S"
"A6_CODCLI","001","SA1->A1_LOJA","A6_LOJCLI","P","N","","0","","!EMPTY(M->A6_CODCLI)","S"
"A6_CODFOR","001","SA2->A2_LOJA","A6_LOJFOR","P","N","","0","","!EMPTY(M->A6_CODFOR)","S"
"A6_COD_P","001","SYA->YA_DESCR","A6_DESCPAI","P","S","SYA","1","xFilial(""SYA"")+M->A6_COD_P","","S"
"AA1_CODFOR","001","SA2->A2_LOJA","AA1_LOJFOR","P","S","SA2","1","xFilial(""SA2"")+M->AA1_CODFOR+IIF(SA2->A2_COD==M->AA1_CODFOR,SA2->A2_LOJA,"""")","","S"
"AA1_CODFOR","002","SA2->A2_NOME","AA1_NOMFOR","P","S","SA2","1","Iif(Empty(M->AA1_LOJFOR),xFilial(""SA2"")+M->AA1_CODFOR,xFilial(""AA1"")+M->AA1_CODFOR+M->AA1_LOJFOR)","","S"
"AA1_LOJFOR","001","SA2->A2_NOME","AA1_NOMFOR","P","S","SA2","1","xFilial(""SA2"")+M->AA1_CODFOR+M->AA1_LOJFOR","","S"
"AA1_RATE","001","( AA1_VALOR * AA1_RATE ) / 100","AA1_CUSTO","P","N","","0","","","S"
"AA1_VALOR","001","( AA1_RATE * AA1_VALOR ) / 100","AA1_CUSTO","P","N","","0","","!EMPTY( AA1_RATE )","S"
"AA2_HABIL","001","Tabela(""A4"",M->AA2_HABIL)","AA2_DESCRI","P","N","","0","","","S"
"AA3_CBASE","001","SN1->N1_ITEM","AA3_ITEM","P","S","SN1","1","xFilial(""SN1"")+M->AA3_CBASE","SN1->N1_CBASE!=M->AA3_CBASE","S"
"AA3_CBASE","002","SN1->N1_ITEM","AA3_ITEM","P","N","","0","","SN1->N1_CBASE==M->AA3_CBASE","S"
"AA3_CBASE","003","SN1->N1_CHAPA","AA3_CHAPA","P","N","SN1","1","xFilial(""SN1"")+M->AA3_CBASE+M->AA3_ITEM","","S"
"AA3_CODGRP","001","Posicione(""AAA"",1,xFilial(""AAA"")+M->AA3_CODGRP,""AAA_DESCRI"" )","AA3_GRPDES","P","","","0","","","S"
"AA3_CODPRO","001","At040DtGar()","AA3_DTGAR","P","N","","0","","Empty(M->AA3_DTGAR)","S"
"AA3_DTVEND","001","M->AA3_DTVEND","AA3_DTINST","P","N","","0","","","S"
"AA3_ITEM","001","SN1->N1_CHAPA","AA3_CHAPA","P","S","SN1","1","xFilial(""SN1"")+M->AA3_CBASE+M->AA3_ITEM","","S"
"AA3_STATUS","001","SX5->X5_DESCRI","AA3_DESSTA","P","S","SX5","1","xFilial(""SX5"")+ ""A5"" + M->AA3_STATUS","","S"
"AA5_PRCCLI","001","100-M->AA5_PRCCLI","AA5_PRCFAB","P","N","","0","","M->AA5_PRCFAB>0","S"
"AA5_PRCFAB","001","100-M->AA5_PRCFAB","AA5_PRCCLI","P","N","","0","","M->AA5_PRCCLI>0","S"
"AA6_PRODUT","001","SB1->B1_DESC","AA6_DESPRO","P","S","SB1","1","xFilial(""SB1"")+M->AA6_PRODUT","","S"
"AA7_CODPRB","001","AAG->AAG_DESCRI","AA7_DESCRI","P","S","AAG","1","xFilial(""AAG"")+M->AA7_CODPRB","","S"
"AA7_CODPRO","001","SB1->B1_DESC","AA7_DESPRO","P","S","SB1","1","xFilial(""SB1"")+M->AA7_CODPRO","","S"
"AA7_GRPATE","001","AAP->AAP_DESCRI","AA7_DESGRP","P","S","AAP","1","xFilial(""AAP"")+M->AA7_GRPATE","","S"
"AAA_CODSER","001","Posicione(""AA5"",1,xFilial(""AA5"")+M->AAA_CODSER,""AA5_DESCRI"")","AAA_DESCOD","P","","","0","","","S"
"AAB_CODSER","001","Posicione(""AA5"",1,xFilial(""AA5"")+M->AAB_CODSER,""AA5_DESCRI"")","AAB_DESCRI","P","","","0","","","S"
"AAC_HABIL","001","Left( Posicione(""SX5"",1, xFilial(""SX5"")+""A4""+M->AAC_HABIL,""X5_DESCRI"" ),40)","AAC_DESCRI","P","","","0","","","S"
"AAG_COR","001","AtCorIni( M->AAG_COR, ""AAG_CORDES"" )","AAG_CORDES","P","","","0","","","S"
"AAH_CODGRP","001","Posicione(""AAA"",1,xFilial(""AAA"")+M->AAH_CODGRP,""AAA_DESCRI"" )","AAH_GRPDES","P","","","0","","","S"
"AAH_GRPATE","001","Posicione(""AAP"",1,xFilial(""AAP"")+M->AAH_GRPATE,""AAP_DESCRI"" )","AAH_GATDES","P","","","0","","","S"
"AAI_CODPRB","001","AAG->AAG_DESCRI","AAI_DESPRB","P","S","AAG","1","xFilial(""AAG"")+M->AAI_CODPRB","","S"
"AAM_CLASSI","001","Tabela( ""A7"", M->AAM_CLASSI, .F. )","AAM_DESCLA","P","","","0","","","S"
"AAM_CODCLI","001","Posicione( ""SA1"", 1, xFilial(""SA1"")+M->AAM_CODCLI+M->AAM_LOJA,""A1_NOME"")","AAM_NOMCLI","P","","","0","","","S"
"AAM_LOJA","001","Posicione( ""SA1"", 1, xFilial(""SA1"")+M->AAM_CODCLI+M->AAM_LOJA,""A1_NOME"")","AAM_NOMCLI","P","","","0","","","S"
"AAM_TPCONT","001","IIF(M->AAM_TPCONT==""1"",CTOD(""""),M->AAM_FIMVIG)","AAM_FIMVIG","P","","","0","","","S"
"AAN_CODPRO","001","Posicione( ""SB1"", 1, xFilial( ""SB1"" ) + M->AAN_CODPRO, ""B1_DESC"" )","AAN_DESCRI","P","","","0","","","S"
"AAO_ATIVID","001","Tabela(""L3"",M->AAO_ATIVID,.F.)","AAO_DESATI","P","N","","0","","","S"
"AAO_CODPRO","001","SB1->B1_DESC","AAO_DESPRO","P","S","SB1","1","xFilial(""SB1"")+M->AAO_CODPRO","","S"
"AAO_REFCOB","001","Tabela(""L8"",M->AAO_REFCOB,.F.)","AAO_DESREF","P","N","","0","","","S"
"AAO_SERVIC","001","Tabela(""L4"",M->AAO_SERVIC,.F.)","AAO_DESSER","P","N","","0","","","S"
"AAO_SERVIC","002","DC5->DC5_TIPO","AAO_TPSERV","P","S","DC5","1","xFilial(""DC5"")+M->AAO_SERVIC","","S"
"AAO_TAREFA","001","Tabela(""L2"",M->AAO_TAREFA,.F.)","AAO_DESTAR","P","N","","0","","","S"
"AB2_CODPRB","001","AAG->AAG_DESCRI","AB2_DESCRI","P","S","AAG","1","xFilial(""AAG"")+M->AB2_CODPRB","","S"
"AB3_CODCLI","001","SA1->A1_COND","AB3_CONPAG","P","S","SA1","1","xFilial(""SA1"")+M->AB3_CODCLI+M->AB3_LOJA","","S"
"AB3_CODCLI","002","SA1->A1_DESC","AB3_DESC1","P","S","SA1","1","xFilial(""SA1"")+M->AB3_CODCLI+M->AB3_LOJA","","S"
"AB3_LOJA","001","SA1->A1_COND","AB3_CONPAG","P","S","SA1","1","xFilial(""SA1"")+M->AB3_CODCLI+M->AB3_LOJA","","S"
"AB3_LOJA","002","SA1->A1_DESC","AB3_DESC1","P","S","SA1","1","xFilial(""SA1"")+M->AB3_CODCLI+M->AB3_LOJA","","S"
"AB5_CODPRO","001","SB1->B1_DESC","AB5_DESPRO","P","S","SB1","1","xFilial(""SB1"")+M->AB5_CODPRO","","S"
"AB5_CODPRO","002","AT400Tab(M->AB5_CODPRO,M->AB3_TABELA,M->AB5_QUANT,M->AB3_CODCLI,M->AB3_LOJA,M->AB3_MOEDA)","AB5_PRCLIS","P","N","","0","","","S"
"AB5_CODPRO","003","At400Desc()","AB5_VUNIT","P","N","","0","","","S"
"AB5_CODPRO","004","M->AB5_QUANT*M->AB5_VUNIT","AB5_TOTAL","P","N","","0","","","S"
"AB5_PRCLIS","001","AT400DESC()","AB5_VUNIT","P","N","","0","","","S"
"AB5_PRCLIS","002","M->AB5_QUANT*M->AB5_VUNIT","AB5_TOTAL","P","N","","0","","","S"
"AB5_QUANT","001","AT400Tab(M->AB5_CODPRO,M->AB3_TABELA,M->AB5_QUANT,M->AB3_CODCLI,M->AB3_LOJA,M->AB3_MOEDA)","AB5_VUNIT","P","N","","0","","","S"
"AB5_QUANT","002","M->AB5_VUNIT","AB5_PRCLIS","P","N","","0","","","S"
"AB5_QUANT","003","M->AB5_QUANT * M->AB5_VUNIT","AB5_TOTAL","P","N","","0","","","S"
"AB5_VUNIT","001","M->AB5_QUANT*M->AB5_VUNIT","AB5_TOTAL","P","N","","0","","","S"
"AB6_CODCLI","001","SA1->A1_COND","AB6_CONPAG","P","S","SA1","1","xFilial(""SA1"")+M->AB6_CODCLI+M->AB6_LOJA","","S"
"AB6_CODCLI","002","SA1->A1_DESC","AB6_DESC1","P","S","SA1","1","xFilial(""SA1"")+M->AB6_CODCLI+M->AB6_LOJA","","S"
"AB6_LOJA","001","SA1->A1_COND","AB6_CONPAG","P","S","SA1","1","xFilial(""SA1"")+M->AB6_CODCLI+M->AB6_LOJA","","S"
"AB6_LOJA","002","SA1->A1_DESC","AB6_DESC1","P","S","SA1","1","xFilial(""SA1"")+M->AB6_CODCLI+M->AB6_LOJA","","S"
"AB8_CODPRO","001","SB1->B1_DESC","AB8_DESPRO","P","S","SB1","1","xFilial(""SB1"")+M->AB8_CODPRO","","S"
"AB8_CODPRO","002","AT450Tab(M->AB8_CODPRO,M->AB6_TABELA,M->AB8_QUANT,M->AB6_CODCLI,M->AB6_LOJA,M->AB6_MOEDA)","AB8_PRCLIS","P","N","","0","","","S"
"AB8_CODPRO","003","At450Desc()","AB8_VUNIT","P","N","","0","","","S"
"AB8_CODPRO","004","M->AB8_QUANT*M->AB8_VUNIT","AB8_TOTAL","P","N","","0","","","S"
"AB8_CODPRO","005","SB1->B1_LOCPAD","AB8_LOCAL","P","S","SB1","1","xFilial(""SB1"")+M->AB8_CODPRO","","S"
"AB8_CODPRO","006","AtProdServ()","AB8_CODSER","P","N","","0","","","S"
"AB8_PRCLIS","001","AT450DESC()","AB8_VUNIT","P","N","","0","","","S"
"AB8_PRCLIS","002","M->AB8_VUNIT*M->AB8_QUANT","AB8_TOTAL","P","N","","0","","","S"
"AB8_QUANT","001","AT450Tab(M->AB8_CODPRO,M->AB6_TABELA,M->AB8_QUANT,M->AB6_CODCLI,M->AB6_LOJA,M->AB6_MOEDA)","AB8_VUNIT","P","N","","0","","","S"
"AB8_QUANT","002","M->AB8_VUNIT","AB8_PRCLIS","P","N","","0","","","S"
"AB8_QUANT","003","M->AB8_QUANT * M->AB8_VUNIT","AB8_TOTAL","P","N","","0","","","S"
"AB8_VUNIT","001","M->AB8_QUANT*M->AB8_VUNIT","AB8_TOTAL","P","N","","0","","","S"
"AB9_DTCHEG","001","M->AB9_DTCHEG","AB9_DTINI","P","N","","0","","EMPTY(M->AB9_DTINI)","S"
"AB9_DTFIM","001","IntToHora(SubtHoras(M->AB9_DTINI,M->AB9_HRINI,M->AB9_DTFIM,M->AB9_HRFIM)+HoraToInt(M->AB9_TRASLA))","AB9_TOTFAT","P","","","0","","","S"
"AB9_DTINI","001","IntToHora(SubtHoras(M->AB9_DTINI,M->AB9_HRINI,M->AB9_DTFIM,M->AB9_HRFIM)+HoraToInt(M->AB9_TRASLA))","AB9_TOTFAT","P","","","0","","","S"
"AB9_DTSAID","001","M->AB9_DTSAID","AB9_DTFIM","P","N","","0","","EMPTY(M->AB9_DTFIM)","S"
"AB9_HRCHEG","001","M->AB9_HRCHEG","AB9_HRINI","P","N","","0","","EMPTY(M->AB9_HRINI)","S"
"AB9_HRCHEG","002","IntToHora(SubtHoras(M->AB9_DTINI,M->AB9_HRINI,M->AB9_DTFIM,M->AB9_HRFIM)+HoraToInt(M->AB9_TRASLA))","AB9_TOTFAT","P","","","0","","","S"
"AB9_HRFIM","001","IntToHora(SubtHoras(M->AB9_DTINI,M->AB9_HRINI,M->AB9_DTFIM,M->AB9_HRFIM)+HoraToInt(M->AB9_TRASLA))","AB9_TOTFAT","P","","","0","","","S"
"AB9_HRINI","001","IntToHora(SubtHoras(M->AB9_DTINI,M->AB9_HRINI,M->AB9_DTFIM,M->AB9_HRFIM)+HoraToInt(M->AB9_TRASLA))","AB9_TOTFAT","P","","","0","","","S"
"AB9_HRSAID","001","M->AB9_HRSAID","AB9_HRFIM","P","N","","0","","EMPTY(M->AB9_HRFIM)","S"
"AB9_HRSAID","002","IntToHora(SubtHoras(M->AB9_DTINI,M->AB9_HRINI,M->AB9_DTFIM,M->AB9_HRFIM)+HoraToInt(M->AB9_TRASLA))","AB9_TOTFAT","P","","","0","","","S"
"AB9_NUMOS","001","AB7->AB7_CODPRB","AB9_CODPRB","P","S","AB7","1","xFilial(""AB7"")+M->AB9_NUMOS","","S"
"AB9_NUMOS","002","If(AtIsGar(AA3->AA3_CODFAB,AA3->AA3_LOJAFA,AA3->AA3_CODPRO,AA3->AA3_NUMSER),""S"",""N"")","AB9_GARANT","P","S","AB7","1","xFilial(""AB7"")+M->AB9_NUMOS","","S"
"AB9_NUMOS","003","If(AtIsObSol(AB7->AB7_CODFAB,AB7->AB7_LOJAFA,AB7->AB7_CODPRO,AB7->AB7_NUMSER),""S"",""N"")","AB9_OBSOL","P","S","AB7","1","xFilial(""AB7"")+M->AB9_NUMOS","","S"
"AB9_TAREFA","001","Posicione(""ABJ"",1,xFilial(""ABJ"")+M->AB9_TAREFA, ""ABJ_DESCRI"")","AB9_TFDESC","P","N","","0","","","S"
"AB9_TRASLA","001","IntToHora(SubtHoras(M->AB9_DTINI,M->AB9_HRINI,M->AB9_DTFIM,M->AB9_HRFIM)+HoraToInt(M->AB9_TRASLA))","AB9_TOTFAT","P","","","0","","","S"
"ABA_CODPRO","001","SB1->B1_DESC","ABA_DESCRI","P","S","SB1","1","xFilial(""SB1"")+M->ABA_CODPRO","","S"
"ABA_CODPRO","002","SB1->B1_LOCPAD","ABA_LOCAL","P","","","0","","","S"
"ABA_CODPRO","003","AtProdServ()","ABA_CODSER","P","","","0","","","S"
"ABB_DTFIM","001","AtTotHora(M->ABB_DTINI,M->ABB_HRINI,M->ABB_DTFIM,M->ABB_HRFIM)","ABB_HRTOT","P","N","","0","","","S"
"ABB_DTINI","001","AtTotHora(M->ABB_DTINI,M->ABB_HRINI,M->ABB_DTFIM,M->ABB_HRFIM)","ABB_HRTOT","P","N","","0","","","S"
"ABB_HRFIM","001","AtTotHora(M->ABB_DTINI,M->ABB_HRINI,M->ABB_DTFIM,M->ABB_HRFIM)","ABB_HRTOT","P","N","","0","","","S"
"ABB_HRINI","001","AtTotHora(M->ABB_DTINI,M->ABB_HRINI,M->ABB_DTFIM,M->ABB_HRFIM)","ABB_HRTOT","P","N","","0","","","S"
"ABC_CODPRO","001","SB1->B1_DESC","ABC_DESCRI","P","S","SB1","1","xFilial(""SB1"")+M->ABC_CODPRO","","S"
"ABC_CODPRO","002","At460Tab(M->ABC_CODPRO,M->ABC_QUANT)","ABC_VLUNIT","P","","","0","","","S"
"ABC_CODPRO","003","AtProdServ()","ABC_CODSER","P","","","0","","","S"
"ABC_QUANT","001","At460Tab(M->ABC_CODPRO,M->ABC_QUANT)","ABC_VLUNIT","P","","","0","","","S"
"ABC_QUANT","002","M->ABC_QUANT * M->ABC_VLUNIT","ABC_VALOR","P","","","0","","","S"
"ABC_VLUNIT","001","M->ABC_QUANT*M->ABC_VLUNIT","ABC_VALOR","P","","","0","","","S"
"ABG_CODPRO","001","SB1->B1_DESC","ABG_DESCRI","P","S","SB1","1","xFilial(""SB1"")+M->ABG_CODPRO","","S"
"ABG_CODPRO","002","SB1->B1_UM","ABG_UM","P","N","","0","","","S"
"ABG_CODPRO","003","SB1->B1_SEGUM","ABG_SEGUM","P","N","","0","","","S"
"ABG_CODPRO","004","AtProdServ()","ABG_CODSER","P","N","","0","","","S"
"ABH_CODPRO","001","Posicione( ""SB1"", 1, xFilial(""SB1"") + M->ABH_CODPRO, ""B1_DESC"" )","ABH_DESPRO","P","N","","0","","","S"
"ABJ_TPREVI","001","M->ABJ_TPREVI","ABJ_TORCAD","P","N","","0","","Empty( GDFieldGet( ""ABJ_TORCAD"") )","S"
"ABK_CODPRB","001","AAG->AAG_DESCRI","ABK_DESCRI","P","S","AAG","1","xFilial(""AAG"")+M->ABK_CODPRB","","S"
"ABM_HABIL","001","Left( Posicione(""SX5"",1, xFilial(""SX5"")+""A4""+M->ABM_HABIL,""X5_DESCRI"" ),40)","ABM_DESCRI","P","","","0","","","S"
"AC7_CODCAM","001","SUO->UO_DESC","AC7_TITCAM","P","S","SUZ","1","xFilial(""SUZ"")+M->AC7_CODCAM","","S"
"AC8_CODCON","001","Posicione(""SU5"",1,xFilial(""SU5"")+M->AC8_CODCON,""U5_CONTAT"" )","AC8_CONTAT","P","","","0","","","S"
"AC9_OBJETO","001","Posicione(""ACB"",2,xFilial(""ACB"")+M->AC9_OBJETO,""ACB_DESCRI"" )","AC9_DESCRI","P","","","0","","","S"
"AC9_OBJETO","002","""2""","AC9_PRVIEW","P","","","0","","","S"
"ACF_CLIENT","001","TkDCliente(M->ACF_CLIENT,M->ACF_LOJA)","ACF_DESC","P","N","","0","","","S"
"ACF_CODCON","001","Posicione(""SU5"",1,xFilial(""SU5"") + M->ACF_CODCON,""U5_CONTAT"")","ACF_DESCNT","P","N","","0","","","S"
"ACF_LOJA","001","TkDCliente(M->ACF_CLIENT,M->ACF_LOJA)","ACF_DESC","P","N","","0","","","S"
"ACF_MOTIVO","001","Posicione(""SU9"",2,xFilial(""SU9"") + M->ACF_MOTIVO,""U9_DESC"")","ACF_DESCMO","P","N","","0","","","S"
"ACF_OPERAD","001","Posicione(""SU7"",1,xFilial(""SU7"") + M->ACF_OPERAD,""U7_NOME"")","ACF_DESCOP","P","N","","0","","","S"
"ACG_DTVENC","001","DATAVALIDA(ACG_DTVENC)","ACG_DTREAL","P","N","","0","","","S"
"ACG_NATURE","001","Posicione(""SED"",1,xFilial(""SED"") + M->ACG_NATURE,""ED_DESCRIC"")","ACG_DESCNT","P","N","","0","","","S"
"ACG_TITULO","001","SE1->E1_PREFIXO","ACG_PREFIX","P","N","","0","","","S"
"ACG_TITULO","002","SE1->E1_PARCELA","ACG_PARCEL","P","N","","0","","","S"
"ACG_TITULO","003","SE1->E1_TIPO","ACG_TIPO","P","N","","0","","","S"
"ACG_TITULO","004","Posicione(""SX5"",1,xFilial(""SX5"") + ""05"" + M->ACG_TIPO,""X5_DESCRI"")","ACG_DESCTP","P","N","","0","","","S"
"ACG_TITULO","005","SE1->E1_NATUREZ","ACG_NATURE","P","N","","0","","","S"
"ACG_TITULO","006","Posicione(""SED"",1,xFilial(""SED"") + M->ACG_NATURE,""ED_DESCRIC"")","ACG_DESCNT","P","N","","0","","","S"
"ACG_TITULO","007","SE1->E1_VENCTO","ACG_DTVENC","P","N","","0","","","S"
"ACG_TITULO","008","SE1->E1_VENCREA","ACG_DTREAL","P","N","","0","","","S"
"ACG_TITULO","009","SE1->E1_VALOR","ACG_VALOR","P","N","","0","","","S"
"ACG_TITULO","010","SE1->E1_ACRESC","ACG_ACRESC","P","N","","0","","","S"
"ACG_TITULO","011","SE1->E1_DECRESC","ACG_DECRES","P","N","","0","","","S"
"ACG_TITULO","012","SE1->E1_NUMBCO","ACG_NUMBCO","P","N","","0","","","S"
"ACG_TITULO","013","SE1->E1_HIST","ACG_HIST","P","N","","0","","","S"
"ACG_TITULO","014","SE1->E1_VALJUR","ACG_VALJUR","P","N","","0","","","S"
"ACG_TITULO","015","SE1->E1_PORCJUR","ACG_PORJUR","P","N","","0","","","S"
"ACG_TITULO","016","SE1->E1_IRRF","ACG_IRRF","P","N","","0","","","S"
"ACG_TITULO","017","SE1->E1_ISS","ACG_ISS","P","N","","0","","","S"
"ACG_TITULO","018","SE1->E1_CSLL","ACG_CSLL","P","N","","0","","","S"
"ACG_TITULO","019","SE1->E1_COFINS","ACG_COFINS","P","N","","0","","","S"
"ACG_TITULO","020","SE1->E1_PIS","ACG_PIS","P","N","","0","","","S"
"ACG_TITULO","021","SE1->E1_DESCFIN","ACG_DESCFI","P","N","","0","","","S"
"ACG_TITULO","022","SE1->E1_LIDESCF","ACG_LIDESC","P","N","","0","","","S"
"ACG_TITULO","023","dDataBase - SE1->E1_VENCREA","ACG_ATRASO","P","N","","0","","","S"
"ACG_TITULO","024","SE1->E1_SITUACA","ACG_SITUAC","P","N","","0","","","S"
"ACG_TITULO","025","SE1->E1_PORTADO","ACG_PORTAD","P","N","","0","","","S"
"ACH_CODPRO","001","!Empty(ACH_CODPRO) .AND. !Empty(ACH_LOJPRO)","ACH_DESPRO","P","S","SUS","1","xFilial(""ACH"")+ACH->CODPRO+ACH_LOJPRO","SUS->US_NOME","S"
"ACK_CODCLI","001","""""","ACK_GRPCLI","P","","","0","","!EMPTY(M->ACK_GRPCLI)","S"
"ACK_CODVEN","001","""""","ACK_GRPVEN","P","","","0","","!EMPTY(ACK_GRPVEN)","S"
"ACK_GRPCLI","001","""""","ACK_CODCLI","P","","","0","","!Empty(M->ACK_CODCLI)","S"
"ACK_GRPCLI","002","""""","ACK_LOJA","P","","","0","","!EMPTY(M->ACK_LOJA)","S"
"ACK_GRPVEN","001","""""","ACK_CODVEN","P","","","0","","!EMPTY(M->ACK_CODVEN)","S"
"ACL_CODPRO","001","SB1->B1_DESC","ACL_DESPRO","P","S","SB1","1","xFilial(""SB1"")+M->ACL_CODPRO","","S"
"ACN_CODPRO","001","SB1->B1_DESC","ACN_DESPRO","P","S","SB1","1","xFilial(""SB1"")+M->ACN_CODPRO","","S"
"ACN_GRPPRO","001","SBM->BM_DESC","ACN_DESGRU","P","S","SBM","1","xFilial(""SBM"")+M->ACN_GRPPRO","","S"
"ACO_CODCLI","001","SA1->A1_LOJA","ACO_LOJA","P","N","","0","","SA1->A1_COD==M->ACO_CODCLI","S"
"ACO_CODCLI","002","SA1->A1_NOME","ACO_NOME","P","N","","0","","SA1->A1_COD==M->ACO_CODCLI","S"
"ACO_LOJA","001","SA1->A1_NOME","ACO_NOME","P","N","","0","","","S"
"ACP_CODPRO","001","SB1->B1_DESC","ACP_DESPRO","P","S","SB1","1","xFilial(""SB1"")+M->ACP_CODPRO","","S"
"ACP_CODPRO","002","Space(Len(SBM->BM_GRUPO))","ACP_GRUPO","P","N","","0","","!Empty(M->ACP_CODPRO)","S"
"ACP_GRUPO","001","Space(Len(SB1->B1_COD))","ACP_CODPRO","P","N","","0","","!Empty(M->ACP_GRUPO)","S"
"ACP_GRUPO","002","""""","ACP_DESPRO","P","N","","0","","!Empty(M->ACP_GRUPO)","S"
"ACQ_CODCLI","001","SA1->A1_LOJA","ACQ_LOJA","P","N","","0","","SA1->A1_COD==M->ACQ_CODCLI","S"
"ACQ_CODCLI","002","SA1->A1_NOME","ACQ_NOME","P","N","","0","","SA1->A1_COD==M->ACQ_CODCLI","S"
"ACQ_CODCLI","003","""""","ACQ_GRPVEN","P","","","0","","","S"
"ACQ_CODCLI","004","""""","ACQ_NOMGRP","P","","","0","","","S"
"ACQ_CODPRO","001","SB1->B1_DESC","ACQ_DESPRO","P","S","SB1","1","xFilial(""SB1"")+M->ACQ_CODPRO","","S"
"ACQ_GRPVEN","001","Posicione( ""ACY"", 1, xFilial( ""ACY"" ) + M->ACQ_GRPVEN, ""ACY_DESCRI"" )","ACQ_NOMGRP","P","","","0","","","S"
"ACQ_GRPVEN","002","""""","ACQ_CODCLI","P","","","0","","","S"
"ACQ_GRPVEN","003","""""","ACQ_LOJA","P","","","0","","","S"
"ACQ_GRPVEN","004","""""","ACQ_NOME","P","","","0","","","S"
"ACQ_LOJA","001","SA1->A1_NOME","ACQ_NOME","P","N","","0","","","S"
"ACR_CODPRO","001","SB1->B1_DESC","ACR_DESPRO","P","S","SB1","1","xFilial(""SB1"")+M->ACR_CODPRO","","S"
"ACR_CODPRO","002","Space(Len(SBM->BM_GRUPO))","ACR_GRUPO","P","N","","0","","!Empty(M->ACR_CODPRO)","S"
"ACR_GRUPO","001","Space(Len(SB1->B1_COD))","ACR_CODPRO","P","N","","0","","!Empty(M->ACR_GRUPO)","S"
"ACR_GRUPO","002","""""","ACR_DESPRO","P","N","","0","","!Empty(M->ACR_GRUPO)","S"
"ACS_CODCLI","001","SA1->A1_LOJA","ACS_LOJA","P","N","","0","","SA1->A1_COD==M->ACS_CODCLI","S"
"ACS_CODCLI","002","SA1->A1_NOME","ACS_NOME","P","N","","0","","SA1->A1_COD==M->ACS_CODCLI","S"
"ACS_CODCLI","003","""""","ACS_GRPVEN","P","N","","0","","","S"
"ACS_CODCLI","004","""""","ACS_DESGRP","P","N","","0","","","S"
"ACS_CODCLI","005","""""","ACS_LOJA","P","","","0","","Empty( M->ACS_CODCLI )","S"
"ACS_CODCLI","006","""""","ACS_NOME","P","","","0","","Empty( M->ACS_CODCLI )","S"
"ACS_GRPVEN","001","ACY->ACY_DESCRI","ACS_DESGRP","P","S","ACY","1","xFilial(""ACY"")+M->ACS_GRPVEN","","S"
"ACS_GRPVEN","002","""""","ACS_CODCLI","P","N","","0","","","S"
"ACS_GRPVEN","003","""""","ACS_LOJA","P","N","","0","","","S"
"ACS_GRPVEN","004","""""","ACS_NOME","P","N","","0","","","S"
"ACS_LOJA","001","Posicione( ""SA1"", 1, xFilial( ""SA1"" ) + M->ACS_CODCLI + M->ACS_LOJA, ""A1_NOME"" )","ACS_NOME","P","N","","0","","","S"
"ACS_LOJA","002","""""","ACS_GRPVEN","P","N","","0","","","S"
"ACS_LOJA","003","""""","ACS_DESGRP","P","N","","0","","","S"
"ACS_LOJA","004","""""","ACS_NOME","P","N","","0","","Empty( M->ACS_CODCLI )","S"
"ACT_CODTAB","001","DA0->DA0_DESCRI","ACT_DESTAB","P","S","DA0","1","xFilial(""DA0"")+M->ACT_CODTAB","","S"
"ACT_CONDPG","001","SE4->E4_DESCRI","ACT_DESCPG","P","S","SE4","1","xFilial(""SE4"")+M->ACT_CONDPG","","S"
"ACV_GRUPO","001","SBM->BM_DESC","ACV_DESGRU","P","S","SBM","1","xFilial(""SBM"")+M->ACV_GRUPO","","S"
"ACX_CODPRO","001","SB1->B1_DESC","ACX_DESPRO","P","S","SB1","1","xFilial(""SB1"")+M->ACX_CODPRO","","S"
"ACX_CODPRO","002","""""","ACX_GRUPO","P","N","","0","","","S"
"ACX_GRUPO","001","SBM->BM_DESC","ACX_DESGRU","P","S","SBM","1","xFilial(""SBM"")+M->ACX_GRUPO","","S"
"ACX_GRUPO","002","""""","ACX_CODPRO","P","N","","0","","","S"
"ACZ_EVENTO","001","AC5->AC5_DESCRI","ACZ_DESCRI","P","S","AC5","1","xFilial(""AC5"")+M->ACZ_EVENTO","","S"
"AD1_CODCLI","001","""""","AD1_LOJCLI","P","","","0","","Empty( M->AD1_CODCLI )","S"
"AD1_CODCLI","002","""""","AD1_NOMCLI","P","","","0","","Empty( M->AD1_CODCLI )","S"
"AD1_CODCLI","003","SUS->US_COD","AD1_PROSPE","P","S","SUS","5","xFilial(""SUS"")+M->AD1_CODCLI+M->AD1_LOJCLI","!Empty(M->AD1_CODCLI)","S"
"AD1_CODCLI","004","SUS->US_LOJA","AD1_LOJPRO","P","S","SUS","5","xFilial(""SUS"")+M->AD1_CODCLI+M->AD1_LOJCLI","!Empty(M->AD1_CODCLI)","S"
"AD1_CODCLI","005","SUS->US_NOME","AD1_NOMPRO","P","S","SUS","1","xFilial(""SUS"")+M->AD1_PROSPE+M->AD1_LOJPRO","!Empty(M->AD1_CODCLI)","S"
"AD1_CODCLI","006","SA1->A1_NOME","AD1_NOMCLI","P","S","SA1","1","xFilial(""SA1"")+M->AD1_CODCLI+M->AD1_LOJCLI","!Empty(M->AD1_CODCLI)","S"
"AD1_CODPRO","001","SB1->B1_DESC","AD1_DESPRO","P","S","SB1","1","xFilial(""SB1"")+M->AD1_CODPRO","","S"
"AD1_FCI","001","CriaVar( ""AD1_DESFCI"", .F.)","AD1_DESFCI","P","N","","0","","","S"
"AD1_FCI","002","Left(X5DESCRI(),30)","AD1_DESFCI","P","S","SX5","1","xFilial(""SX5"")+""A6""+M->AD1_FCI","","S"
"AD1_FCI","003","Left(Posicione(""SX5"",1,xFilial(""SX5"")+""A6""+M->AD1_FCI,""X5_DESCRI"" ),30)","AD1_DESFCI","P","N","","0","","","S"
"AD1_FCS","001","CriaVar( ""AD1_DESFCS"", .F.)","AD1_DESFCS","P","N","","0","","","S"
"AD1_FCS","002","Left(X5DESCRI(),30)","AD1_DESFCS","P","S","SX5","1","xFilial(""SX5"")+""A6""+M->AD1_FCS","","S"
"AD1_FCS","003","Left(Posicione(""SX5"",1,xFilial(""SX5"")+""A6""+M->AD1_FCS,""X5_DESCRI"" ),30)","AD1_DESFCS","P","N","","0","","","S"
"AD1_LOJCLI","001","SUS->US_LOJA","AD1_LOJPRO","P","S","SUS","5","xFilial(""SUS"")+M->AD1_CODCLI+M->AD1_LOJCLI","!Empty(M->AD1_CODCLI)","S"
"AD1_LOJPRO","001","SUS->US_NOME","AD1_NOMPRO","P","S","SUS","1","xFilial(""SUS"")+M->AD1_PROSPE+M->AD1_LOJPRO","","S"
"AD1_PROSPE","001","SUS->US_NOME","AD1_NOMPRO","P","S","SUS","1","xFilial(""SUS"")+M->AD1_PROSPE+M->AD1_LOJPRO","","S"
"AD1_PROSPE","002","SUS->US_CODCLI","AD1_CODCLI","P","S","SUS","1","xFilial(""SUS"")+M->AD1_PROSPE+M->AD1_CODPRO","","S"
"AD1_PROSPE","003","SUS->US_LOJACLI","AD1_LOJCLI","P","S","SUS","1","xFilial(""SUS"")+M->AD1_PROSPE+M->AD1_LOJPRO","","S"
"AD1_PROSPE","004","SA1->A1_NOME","AD1_NOMCLI","P","S","SA1","1","xFilial(""SA1"")+M->AD1_CODCLI+M->AD1_LOJCLI","","S"
"AD1_PROVEN","001","Ft300Perc( M->AD1_PROVEN, M->AD1_STAGE )","AD1_PERCEN","P","N","","0","","","S"
"AD1_STAGE","001","Ft300Perc( M->AD1_PROVEN, M->AD1_STAGE )","AD1_PERCEN","P","N","","0","","","S"
"AD1_VEND","001","SA3->A3_NOME","AD1_NOMVEN","P","S","SA3","1","xFilial(""SA3"")+M->AD1_VEND","","S"
"AD2_VEND","001","SA3->A3_NOME","AD2_NOMVEN","P","S","SA3","1","xFilial(""SA3"")+M->AD2_VEND","","S"
"AD3_CODCON","001","AC3->AC3_NOME","AD3_NOMCON","P","S","AC3","1","xFilial(""AC3"")+M->AD3_CODCON","","S"
"AD4_PARTNE","001","AC4->AC4_NOME","AD4_NOMPAR","P","S","AC4","1","xFilial(""AC4"")+M->AD4_PARTNE","","S"
"AD5_CODCLI","001","""""","AD5_LOJA","P","","","0","","Empty( M->AD5_CODCLI )","S"
"AD5_CODCLI","002","""""","AD5_NROPOR","P","","","0","","!Empty( M->AD5_CODCLI )","S"
"AD5_CODCLI","003","SA1->A1_LOJA","AD5_LOJA","P","","","0","","!Empty(M->AD5_CODCLI)","S"
"AD5_EVENTO","001","AC5->AC5_DESCRI","AD5_DESEVE","P","S","AC5","1","xFilial(""AC5"")+M->AD5_EVENTO","","S"
"AD5_NROPOR","001","""""","AD5_CODCLI","P","","","0","","!Empty( M->AD5_CODCLI )","S"
"AD5_NROPOR","002","""""","AD5_LOJA","P","","","0","","!Empty( M->AD5_LOJA )","S"
"AD5_VEND","001","SA3->A3_NOME","AD5_NOMVEN","P","S","SA3","1","xFilial(""SA3"")+M->AD5_VEND","","S"
"AD6_CODPRO","001","Posicione(""SB1"",1,xFilial(""SB1"")+M->AD6_CODPRO,""B1_DESC"")","AD6_DESPRO","P","S","SB1","1","xFilial(""SB1"")+M->AD6_CODPRO","","S"
"AD7_CODCLI","001","SA1->A1_NOME","AD7_NOMCLI","P","S","SA1","1","xFilial(""SA1"")+M->AD7_CODCLI+M->AD7_LOJA","","S"
"AD7_CODCLI","002","""""","AD7_CONTAT","P","N","","0","","","S"
"AD7_CODCLI","003","""""","AD7_NROPOR","P","N","","0","","","S"
"AD7_CONTAT","001","SU5->U5_CONTAT","AD7_NOMCON","P","S","SU5","1","xFilial(""SU5"")+M->AD7_CONTAT","","S"
"AD7_LOJA","001","SA1->A1_NOME","AD7_NOMCLI","P","S","SA1","1","xFilial(""SA1"")+M->AD7_CODCLI+M->AD7_LOJA","","S"
"AD7_LOJA","002","""""","AD7_CONTAT","P","N","","0","","","S"
"AD7_LOJA","003","""""","AD7_NROPOR","P","N","","0","","","S"
"AD7_LOJPRO","001","SUS->US_NOME","AD7_NOMPRO","P","S","SUS","1","xFilial(""SUS"")+M->AD7_PROSPE+M->AD7_LOJPRO","","S"
"AD7_LOJPRO","002","""""","AD7_NROPOR","P","N","","0","","","S"
"AD7_LOJPRO","003","""""","AD7_NROPOR","P","N","","0","","","S"
"AD7_NROPOR","001","AD1->AD1_PROSPE","AD7_PROSPE","P","S","AD1","1","xFilial(""AD1"")+M->AD7_NROPOR","","S"
"AD7_NROPOR","002","AD1->AD1_LOJPRO","AD7_LOJPRO","P","N","","0","","","S"
"AD7_NROPOR","003","""""","AD7_CODCLI","P","N","","0","","","S"
"AD7_NROPOR","004","""""","AD7_LOJA","P","N","","0","","","S"
"AD7_NROPOR","005","""""","AD7_NOMCLI","P","","","0","","","S"
"AD7_NROPOR","006","SUS->US_NOME","AD7_NOMPRO","P","S","SUS","1","xFilial(""SUS"")+M->AD7_PROSPE+M->AD7_LOJPRO","","S"
"AD7_PROSPE","001","SUS->US_NOME","AD7_NOMPRO","P","S","SUS","1","xFilial(""SUS"")+M->AD7_PROSPE+M->AD7_LOJPRO","","S"
"AD7_PROSPE","002","""""","AD7_NROPOR","P","N","","0","","","S"
"AD7_VEND","001","SA3->A3_NOME","AD7_NOMVEN","P","S","SA3","1","xFilial(""SA3"")+M->AD7_VEND","","S"
"AD8_PERC","001","""3""","AD8_STATUS","P","","","0","","M->AD8_PERC==100","S"
"AD8_STATUS","001","100","AD8_PERC","P","","","0","","M->AD8_STATUS==""3""","S"
"AD8_STATUS","002","0","AD8_PERC","P","","","0","","M->AD8_STATUS!=""3""","S"
"AD9_CODCON","001","Posicione(""SU5"",1,xFilial(""SU5"")+M->AD9_CODCON,""U5_CONTAT"" )","AD9_NOMCON","P","","","0","","","S"
"ADA_CODCLI","001","SA1->A1_LOJA","ADA_LOJCLI","P","S","SB1","1","xFilial(""SA1"")+M->ADA_CODCLI","M->ADA_CODCLI<>SA1->A1_COD","S"
"ADA_CODCLI","002","SA1->A1_LOJA","ADA_LOJCLI","P","N","","0","","","S"
"ADA_CODCLI","003","Posicione( ""SA1"", 1, xFilial(""SA1"")+M->ADA_CODCLI+M->ADA_LOJCLI,""A1_NOME"")","ADA_NOMCLI","P","","","0","","","S"
"ADA_LOJCLI","001","Posicione( ""SA1"", 1, xFilial(""SA1"")+M->ADA_CODCLI+M->ADA_LOJCLI,""A1_NOME"")","ADA_NOMCLI","P","","","0","","","S"
"ADB_CODPRO","001","Posicione( ""SB1"", 1, xFilial( ""SB1"" ) + M->ADB_CODPRO, ""B1_DESC"" )","ADB_DESPRO","P","N","","0","","","S"
"AE2_PRODUT","001","SB1->B1_DESC","AE2_DESCRI","P","S","SB1","1","xFilial(""SB1"")+M->AE2_PRODUT","","S"
"AE2_PRODUT","002","SB1->B1_UM","AE2_UM","P","S","SB1","1","xFilial(""SB1"")+M->AE2_PRODUT","","S"
"AE2_PRODUT","003","SB1->B1_CUSTD","AE2_CUSTD","P","S","SB1","1","xFilial(""SB1"")+M->AE2_PRODUT","","S"
"AE2_PRODUT","004","SB1->B1_SEGUM","AE2_SEGUM","P","S","SB1","1","xFilial(""SB1"")+M->AE2_PRODUT","","S"
"AE2_PRODUT","005","GetMv(""MV_SIMB""+SB1->B1_MCUSTD)","AE2_SIMBCS","P","S","SB1","1","xFilial(""SB1"")+M->AE2_PRODUT","","S"
"AE2_PRODUT","006","SB1->B1_TIPO","AE2_TIPO","P","S","SB1","1","xFilial(""SB1"")+M->AE2_PRODUT","","S"
"AE2_QUANT","001","M->AE2_QUANT","AE2_QUANT","P","N","","0","","","S"
"AE3_MOEDA","001","GetMv(""MV_SIMB""+AllTrim(Str(M->AE3_MOEDA,2,0)))","AE3_SIMBMO","P","N","","0","","","S"
"AE3_VALOR","001","M->AE3_VALOR","AE3_VALOR","P","N","","0","","","S"
"AE4_QUANT","001","M->AE4_QUANT","AE4_QUANT","P","N","","0","","","S"
"AE4_SUBCOM","001","AE1->AE1_DESCRI","AE4_DESCRI","P","S","AE1","1","xFilial(""AE1"")+M->AE4_SUBCOM","","S"
"AE4_SUBCOM","002","AE1->AE1_UM","AE4_UM","P","S","AE1","1","xFilial(""AE1"")+M->AE4_SUBCOM","","S"
"AF1_DATA","001","M->AF1_DATA","AF1_VALID","P","N","","0","","","S"
"AF2_BDI","001","(M->AF2_BDI * M->AF2_CUSTO) / 100","AF2_VALBDI","P","N","","0","","","S"
"AF2_BDI","002","(M->AF2_VALBDI + M->AF2_CUSTO)","AF2_TOTAL","P","N","","0","","","S"
"AF2_COMPOS","001","M->AF2_COMPOS","AF2_COMPOS","P","N","","0","","","S"
"AF2_CUSTO","001","M->AF2_CUSTO + (M->AF2_CUSTO * M->AF2_BDI / 100)","AF2_TOTAL","P","N","","0","","","S"
"AF2_CUSTO","002","(M->AF2_CUSTO * M->AF2_BDI / 100)","AF2_VALBDI","P","N","","0","","","S"
"AF2_ORCAME","001","MaGetNumAF2(,M->AF2_ORCAME)","AF2_TAREFA","P","N","","0","","","S"
"AF2_QUANT","001","M->AF2_QUANT","AF2_QUANT","P","N","","0","","","S"
"AF2_VALBDI","001","(M->AF2_VALBDI * 100) / M->AF2_CUSTO","AF2_BDI","P","N","","0","","","S"
"AF2_VALBDI","002","(M->AF2_VALBDI + M->AF2_CUSTO)","AF2_TOTAL","P","N","","0","","","S"
"AF3_MOEDA","001","GetMv(""MV_SIMB""+AllTrim(Str(M->AF3_MOEDA,2,0)))","AF3_SIMBMO","P","N","","0","","","S"
"AF3_PRODUT","001","SB1->B1_DESC","AF3_DESCRI","P","S","SB1","1","xFilial(""SB1"")+M->AF3_PRODUT","","S"
"AF3_PRODUT","002","SB1->B1_UM","AF3_UM","P","S","SB1","1","xFilial(""SB1"")+M->AF3_PRODUT","","S"
"AF3_PRODUT","003","SB1->B1_CUSTD","AF3_CUSTD","P","S","SB1","1","xFilial(""SB1"")+M->AF3_PRODUT","","S"
"AF3_PRODUT","004","SB1->B1_SEGUM","AF3_SEGUM","P","S","SB1","1","xFilial(""SB1"")+M->AF3_PRODUT","","S"
"AF3_PRODUT","005","Val(SB1->B1_MCUSTD)","AF3_MOEDA","P","S","SB1","1","xFilial(""SB1"")+M->AF3_PRODUT","","S"
"AF3_PRODUT","006","SB1->B1_TIPO","AF3_TIPO","P","S","SB1","1","xFilial(""SB1"")+M->AF3_PRODUT","","S"
"AF3_PRODUT","007","0","AF3_QUANT","P","N","","0","","","S"
"AF3_PRODUT","008","0","AF3_QTSEGU","P","N","","0","","","S"
"AF3_QTSEGU","001","ConvUm(SB1->B1_COD,,M->AF3_QTSEGU,1)","AF3_QUANT","P","S","SB1","1","xFilial(""SB1"")+M->AF3_PRODUT","","S"
"AF3_QUANT","001","ConvUm(SB1->B1_COD,M->AF3_QUANT,,2)","AF3_QTSEGU","P","S","SB1","1","xFilial(""SB1"")+M->AF3_PRODUT","","S"
"AF4_MOEDA","001","GetMv(""MV_SIMB""+AllTrim(Str(M->AF4_MOEDA,2,0)))","AF4_SIMBMO","P","N","","0","","","S"
"AF7_PREDEC","001","AF2->AF2_DESCRI","AF7_DESCRI","P","N","","0","","","S"
"AF9_BDI","001","(M->AF9_BDI * M->AF9_CUSTO) / 100","AF9_VALBDI","P","N","","0","","","S"
"AF9_BDI","002","(M->AF9_VALBDI + M->AF9_CUSTO)","AF9_TOTAL","P","N","","0","","","S"
"AF9_COMPOS","001","M->AF9_COMPOS","AF9_COMPOS","P","N","","0","","","S"
"AF9_CUSTO","001","M->AF9_CUSTO + (M->AF9_CUSTO * M->AF9_BDI / 100)","AF9_TOTAL","P","N","","0","","","S"
"AF9_CUSTO","002","(M->AF9_CUSTO * M->AF9_BDI / 100)","AF9_VALBDI","P","N","","0","","","S"
"AF9_PROJET","001","AF8->AF8_REVISA","AF9_REVISA","P","S","AF8","1","xFilial(""AF8"")+M->AF9_PROJET","","S"
"AF9_QUANT","001","M->AF9_QUANT","AF9_QUANT","P","N","","0","","","S"
"AF9_RESTRI","001","CTOD(""  /  /  "")","AF9_DTREST","P","","","0","","M->AF9_RESTRI$""78""","S"
"AF9_RESTRI","002","SPACE(LEN(M->AF9_HRREST))","AF9_HRREST","P","","","0","","M->AF9_RESTRI$""78""","S"
"AF9_RESTRI","003","M->AF9_HORAI","AF9_HRREST","P","","","0","","M->AF9_RESTRI$""134""","S"
"AF9_RESTRI","004","M->AF9_START","AF9_DTREST","P","","","0","","M->AF9_RESTRI$""134""","S"
"AF9_RESTRI","005","M->AF9_FINISH","AF9_DTREST","P","","","0","","M->AF9_RESTRI$""256""","S"
"AF9_RESTRI","006","M->AF9_HORAF","AF9_HRREST","P","","","0","","M->AF9_RESTRI$""256""","S"
"AF9_VALBDI","001","(M->AF9_VALBDI * 100) / M->AF9_CUSTO","AF9_BDI","P","N","","0","","","S"
"AF9_VALBDI","002","(M->AF9_VALBDI + M->AF9_CUSTO)","AF9_TOTAL","P","N","","0","","","S"
"AFA_MOEDA","001","GetMv(""MV_SIMB""+AllTrim(Str(M->AFA_MOEDA,2,0)))","AFA_SIMBMO","P","N","","0","","","S"
"AFA_PRODUT","001","SB1->B1_DESC","AFA_DESCRI","P","S","SB1","1","xFilial(""SB1"")+M->AFA_PRODUT","","S"
"AFA_PRODUT","002","SB1->B1_UM","AFA_UM","P","S","SB1","1","xFilial(""SB1"")+M->AFA_PRODUT","","S"
"AFA_PRODUT","003","SB1->B1_CUSTD","AFA_CUSTD","P","S","SB1","1","xFilial(""SB1"")+M->AFA_PRODUT","","S"
"AFA_PRODUT","004","SB1->B1_SEGUM","AFA_SEGUM","P","S","SB1","1","xFilial(""SB1"")+M->AFA_PRODUT","","S"
"AFA_PRODUT","005","Val(SB1->B1_MCUSTD)","AFA_MOEDA","P","S","SB1","1","xFilial(""SB1"")+M->AFA_PRODUT","","S"
"AFA_PRODUT","006","SB1->B1_TIPO","AFA_TIPO","P","S","SB1","1","xFilial(""SB1"")+M->AFA_PRODUT","","S"
"AFA_QUANT","001","ConvUm(SB1->B1_COD,M->AFA_QUANT,,2)","AFA_QTSEGU","X","S","SB1","1","xFilial(""SB1"") + M->AFA_PRODUT","","S"
"AFB_MOEDA","001","GetMv(""MV_SIMB""+AllTrim(Str(M->AFB_MOEDA,2,0)))","AFB_SIMBMO","P","N","","0","","","S"
"AFD_PREDEC","001","AF9->AF9_DESCRI","AFD_DESCRI","P","S","AF9","1","xFilial(""AF9"")+M->AF9_PROJET+M->AF9_REVISA+M->AFD_PREDEC","","S"
"AFD_PREDEC","002","M->AFD_PREDEC","AFD_PREDEC","P","","","0","","","S"
"AFD_TIPO","001","M->AFD_TIPO","AFD_TIPO","P","","","0","","","S"
"AFF_OCORRE","001","AE7->AE7_DESCRI","AFF_OCDESC","P","S","AE7","1","xFilial(""AE7"")+M->AFF_OCORRE","","S"
"AFF_PERC","001","PMS310PERC()","AFF_QUANT","P","","","0","","","S"
"AFF_QUANT","001","PMS310QT()","AFF_PERC","P","N","","0","","","S"
"AFG_PROJET","001","AF8->AF8_REVISA","AFG_REVISA","P","S","AF8","1","xFilial(""AF8"")+M->AFG_PROJET","","S"
"AFG_PROJET","002","SPACE(LEN(AFG->AFG_TAREFA))","AFG_TAREFA","P","N","","0","","","S"
"AFH_PROJET","001","AF8->AF8_REVISA","AFH_REVISA","P","S","AF8","1","xFilial(""AF8"")+M->AFH_PROJET","","S"
"AFH_PROJET","002","SPACE(LEN(AFH->AFH_TAREFA))","AFH_TAREFA","P","N","","0","","","S"
"AFI_PROJET","001","AF8->AF8_REVISA","AFI_REVISA","P","S","AF8","1","xFilial(""AF8"")+M->AFI_PROJET","","S"
"AFI_PROJET","002","SPACE(LEN(AFI->AFI_TAREFA))","AFI_TAREFA","P","N","","0","","","S"
"AFL_PROJET","001","AF8->AF8_REVISA","AFL_REVISA","P","S","AF8","1","xFilial(""AF8"")+M->AFL_PROJET","","S"
"AFL_PROJET","002","SPACE(LEN(AFL->AFL_TAREFA))","AFL_TAREFA","P","N","","0","","","S"
"AFM_PROJET","001","AF8->AF8_REVISA","AFM_REVISA","P","S","AF8","1","xFilial(""AF8"")+M->AFM_PROJET","","S"
"AFN_PROJET","001","AF8->AF8_REVISA","AFN_REVISA","P","S","AF8","1","xFilial(""AF8"")+M->AFN_PROJET","","S"
"AFN_PROJET","002","SPACE(LEN(AFN->AFN_TAREFA))","AFN_TAREFA","P","N","","0","","","S"
"AFP_CTV","001","SPACE(LEN(AFP->AFP_CTVITE))","AFP_CTVITE","P","","","0","","","S"
"AFP_CTVITE","001","SPACE(LEN(AFP->AFP_CTV))","AFP_CTV","P","","","0","","","S"
"AFP_PERC","001","PmsDtPrv(M->AF9_START,M->AF9_FINISH,M->AFP_PERC,M->AF9_TPMEDI)","AFP_DTCALC","P","","","0","","","S"
"AFR_PROJET","001","AF8->AF8_REVISA","AFR_REVISA","P","S","AF8","1","xFilial(""AF8"")+M->AFR_PROJET","","S"
"AFR_PROJET","002","SPACE(LEN(AFR->AFR_TAREFA))","AFR_TAREFA","P","N","","0","","","S"
"AFR_VALOR1","001","xMoeda(M->AFR_VALOR1,1,2,M->AFR_DATA)","AFR_VALOR2","P","N","","0","","","S"
"AFR_VALOR1","002","xMoeda(M->AFR_VALOR1,1,3,M->AFR_DATA)","AFR_VALOR3","P","N","","0","","","S"
"AFR_VALOR1","003","xMoeda(M->AFR_VALOR1,1,4,M->AFR_DATA)","AFR_VALOR4","P","N","","0","","","S"
"AFR_VALOR1","004","xMoeda(M->AFR_VALOR1,1,5,M->AFR_DATA)","AFR_VALOR5","P","N","","0","","","S"
"AFT_PROJET","001","AF8->AF8_REVISA","AFT_REVISA","P","S","AF8","1","xFilial(""AF8"")+M->AFT_PROJET","","S"
"AFT_PROJET","002","SPACE(LEN(AFT->AFT_TAREFA))","AFT_TAREFA","P","N","","0","","","S"
"AFT_VALOR1","001","xMoeda(M->AFT_VALOR1,1,2,M->AFT_DATA)","AFT_VALOR2","P","N","","0","","","S"
"AFT_VALOR1","002","xMoeda(M->AFT_VALOR1,1,3,M->AFT_DATA)","AFT_VALOR3","P","N","","0","","","S"
"AFT_VALOR1","003","xMoeda(M->AFT_VALOR1,1,4,M->AFT_DATA)","AFT_VALOR4","P","N","","0","","","S"
"AFT_VALOR1","004","xMoeda(M->AFT_VALOR1,1,5,M->AFT_DATA)","AFT_VALOR5","P","N","","0","","","S"
"AFU_PROJET","001","AF8->AF8_REVISA","AFU_REVISA","P","S","AF8","1","xFilial(""AF8"")+M->AFU_PROJET","","S"
"AFU_PROJET","002","SPACE(LEN(AFU->AFU_TAREFA))","AFU_TAREFA","P","N","","0","","","S"
"AFV_USER","001","UsrRetName(M->AFV_USER)","AFV_NOME","P","N","","0","","","S"
"AFX_USER","001","UsrRetName(M->AFX_USER)","AFX_NOME","P","N","","0","","","S"
"AG_CLASSE","001","A040DCla(M->AG_CLASSE,.t.)","AG_DESCLAS","P","N","","0","","","S"
"AH1_AGENLI","001","SA2->A2_LOJA","AH1_LOJAGE","P","S","SA2","1","xFilial(""SA2"") + M->AH1_AGENLI","","S"
"AH1_FORNEC","001","SA2->A2_NOME","AH1_NOMEAU","P","S","SA2","1","xFilial(""SA2"")+M->AH1_FORNEC+M->AH1_LOJAFO","","S"
"AH1_INICVI","001","CD010DtFim()","AH1_DATAFI","P","N","","0","","","S"
"AH1_PRODUT","001","SB1->B1_DESC","AH1_DESCPR","P","S","SB1","1","xFilial(""SB1"")+M->AH1_PRODUT","","S"
"AH1_RENOVA","001","CD010DtFim()","AH1_DATAFI","P","N","","0","","","S"
"AH1_VIGEIN","001","CD010DtFim()","AH1_DATAFI","P","N","","0","","","S"
"AH1_VIGENC","001","CD010DtFim()","AH1_DATAFI","P","N","","0","","","S"
"AH8_CODPRO","001","SB1->B1_DESC","AH8_DESCRI","P","S","SB1","1","xFilial(""SB1"")+M->AH8_CODPRO","","S"
"AH8_CODPRO","002","SB1->B1_QTDACUM","AH8_QTDACU","P","S","SB1","1","xFilial(""SB1"")+M->AH8_CODPRO","","S"
"AH8_CODPRO","003","SB1->B1_QTDINIC","AH8_QTDINI","P","S","SB1","1","xFilial(""SB1"")+M->AH8_CODPRO","","S"
"AH8_QTDACU","001","AH8->AH8_QTDACUM","AH8_QTDINI","P","N","","0","","","S"
"AI1_CODCLI","001","Posicione(""SA1"",1,xFilial(""SA1"")+M->AI1_CODCLI+M->AI1_LOJA,""A1_NREDUZ"")","AI1_NOMCLI","P","N","","0","","","S"
"AI1_CODCLI","002","""""","AI1_GRPVEN","P","N","","0","","","S"
"AI1_CODCLI","003","""""","AI1_DESGRP","P","N","","0","","","S"
"AI1_GRPVEN","001","Posicione(""ACY"",1,xFilial(""ACY"")+M->AI1_GRPVEN,""ACY_DESCRI"")","AI1_DESGRP","P","N","","0","","","S"
"AI1_GRPVEN","002","""""","AI1_CODCLI","P","N","","0","","","S"
"AI1_GRPVEN","003","""""","AI1_LOJA","P","N","","0","","","S"
"AI1_GRPVEN","004","""""","AI1_NOMCLI","P","N","","0","","","S"
"AI1_LOJA","001","""""","AI1_GRPVEN","P","N","","0","","","S"
"AI1_LOJA","002","""""","AI1_DESGRP","P","N","","0","","","S"
"AI2_CODPRO","001","Posicione(""SB1"",1,xFilial(""SB1"")+M->AI2_CODPRO,""B1_DESC"")","AI2_DESPRO","P","N","","0","","","S"
"AI2_CODPRO","002","""""","AI2_GRUPO","P","N","","0","","","S"
"AI2_CODPRO","003","""""","AI2_DESGRP","P","N","","0","","","S"
"AI2_GRUPO","001","Posicione(""SBM"",1,xFilial(""SBM"")+M->AI2_GRUPO,""BM_DESC"")","AI2_DESGRP","P","N","","0","","","S"
"AI2_GRUPO","002","""""","AI2_CODPRO","P","N","","0","","","S"
"AI2_GRUPO","003","""""","AI2_DESPRO","P","N","","0","","","S"
"AI2_PERCB","001","0","AI2_VALORB","P","N","","0","","GDFieldGet( ""AI2_REGRAB"" ) == ""1""","S"
"AI2_QUANTC","001","0","AI2_VALORC","P","N","","0","","","S"
"AI2_REGRAB","001","0","AI2_PERCB","P","N","","0","","M->AI2_REGRAB == ""1""","S"
"AI2_REGRAB","002","0","AI2_VALORB","P","N","","0","","M->AI2_REGRAB == ""1""","S"
"AI2_VALORB","001","0","AI2_PERCB","P","N","","0","","GDFieldGet( ""AI2_REGRAB"" ) == ""1""","S"
"AI2_VALORC","001","0","AI2_QUANTC","P","N","","0","","","S"
"AI3_GRUPO","001","""""","AI3_ADMIN","P","","","0","","M->AI3_ADMIN==""3""","S"
"AI4_CODCLI","001","SA1->A1_NOME","AI4_NOMCLI","P","S","SA1","1","xFilial(""SA1"")+M->AI4_CODCLI+M->AI4_LOJCLI","","S"
"AI4_LOJCLI","001","SA1->A1_NOME","AI4_NOMCLI","P","S","SA1","1","xFilial(""SA1"")+M->AI4_CODCLI+M->AI4_LOJCLI","","S"
"AI5_CODFOR","001","SA2->A2_NOME","AI5_NOMFOR","P","S","SA2","1","XFILIAL(""SA2"")+M->AI5_CODFOR+M->AI5_LOJFOR","","S"
"AI5_LOJFOR","001","SA2->A2_NOME","AI5_NOMFOR","P","S","SA2","1","XFILIAL(""SA2"")+M->AI5_CODFOR+M->AI5_LOJFOR","","S"
"AI6_WEBSRV","001","POSICIONE(""AI7"",1,xFilial(""AI7"")+AI7->AI7_WEBSRV,""AI7_DESCRI"")","AI6_NOMEWS","P","N","","0","","","S"
"AIA_CODFOR","001","SA2->A2_LOJA","AIA_LOJFOR","P","S","SA2","1","xFilial(""SA2"")+M->AIA_CODFOR+AllTrim(M->AIA_LOJFOR)","","S"
"AIA_CODFOR","002","SA2->A2_NOME","AIA_NOMFOR","P","S","SA2","1","xFilial(""SA2"")+M->AIA_CODFOR+AllTrim(M->AIA_LOJFOR)","","S"
"AIA_LOJFOR","001","SA2->A2_NOME","AIA_NOMFOR","P","S","SA2","1","xFilial(""SA2"")+M->AIA_CODFOR+AllTrim(M->AIA_LOJFOR)","","S"
"AIB_CODPRO","001","SA5->A5_CODPRF","AIB_CODPRF","P","S","SA5","1","xFilial(""SA5"")+M->AIA_CODFOR+M->AIA_LOJFOR+M->AIB_CODPRO","","S"
"AIB_CODPRO","002","SB1->B1_DESC","AIB_DESCRI","P","S","SB1","1","xFilial(""SB1"")+M->AIB_CODPRO","","S"
"AIC_FORNEC","001","SA2->A2_NOME","AIC_NOMFOR","P","S","SA2","1","xFilial(""SA2"")+M->AIC_FORNEC+ALLTRIM(M->AIC_LOJA)","","S"
"AIC_LOJA","001","SA2->A2_NOME","AIC_NOMFOR","P","S","SA2","1","xFilial(""SA2"")+M->AIC_FORNEC+M->AIC_LOJA","","S"
"AIC_PRODUT","001","SB1->B1_DESC","AIC_DESCRI","P","S","SB1","1","xFilial(""SB1"")+M->AIC_PRODUT","","S"
"AI_GRUPO","001","M->AI_PRODUTO := ""*""","AI_PRODUTO","P","N","","0","","","S"
"AI_PRODUTO","001","M->AI_GRUPO   := ""*""","AI_GRUPO","P","N","","0","","","S"
"AJ1_PREDEC","001","AF5->AF5_DESCRI","AJ1_DESCRI","P","S","AF5","1","xFilial()+M->AF2_ORCAME+M->AJ1_PREDEC","","S"
"AJ2_PREDEC","001","AF2->AF2_DESCRI","AJ2_DESCRI","P","S","AF2","1","xFilial()+M->AF5_ORCAME+M->AJ2_PREDEC","","S"
"AJ3_PREDEC","001","AF5->AF5_DESCRI","AJ3_DESCRI","P","S","AF5","1","xFilial()+M->AF5_ORCAME+M->AJ3_PREDEC","","S"
"AJ4_PREDEC","001","AFC->AFC_DESCRI","AJ4_DESCRI","P","S","AFC","1","xFilial()+M->AF9_PROJET+M->AF9_REVISA+M->AJ4_PREDEC","","S"
"AJ5_PREDEC","001","AF9->AF9_DESCRI","AJ5_DESCRI","P","S","AF9","1","xFilial()+M->AFC_PROJET+M->AFC_REVISA+M->AJ5_PREDEC","","S"
"AJ6_PREDEC","001","AFC->AFC_DESCRI","AJ6_DESCRI","P","S","AFC","1","xFilial()+M->AFC_PROJET+M->AFC_REVISA+M->AJ6_PREDEC","","S"
"AJ7_PROJET","001","AF8->AF8_REVISA","AJ7_REVISA","P","S","AF8","1","xFilial(""AF8"")+M->AJ7_PROJET","","S"
"AJ7_PROJET","002","SPACE(LEN(AJ7->AJ7_TAREFA))","AJ7_TAREFA","P","","","0","","","S"
"AJ8_EDTPMS","001","SPACE(LEN(M->AJ8_TASKPM))","AJ8_TASKPM","P","","","0","","","S"
"AJ8_PROJPM","001","SPACE(LEN(M->AJ8_EDTPMS))","AJ8_EDTPMS","P","","","0","","","S"
"AJ8_PROJPM","002","SPACE(LEN(M->AJ8_TASKPM))","AJ8_TASKPM","P","","","0","","","S"
"AJ8_TASKPM","001","SPACE(LEN(M->AJ8_EDTPMS))","AJ8_EDTPMS","P","","","0","","S","S"
"AJC_PROJET","001","AF8->AF8_REVISA","AJC_REVISA","P","S","AF8","1","'xFilial(""AF8"")+M->AJC_PROJET'","","S"
"AJC_PROJET","002","SPACE(LEN(AJC->AJC_TAREFA))","AJC_TAREFA","P","N","","0","","","S"
"AJC_TIPO","001","If(M->AJC_TIPO==""1"", SPACE(LEN(AJC->AJC_DESCRI)), M->AJC_DESCRI)","AJC_DESCRI","P","N","","0","","","S"
"AJC_TIPO","002","If(M->AJC_TIPO==""1"", SPACE(LEN(AJC->AJC_TIPOD)), M->AJC_TIPOD)","AJC_TIPOD","P","N","","0","","","S"
"AJC_TIPO","003","If(M->AJC_TIPO==""2"", SPACE(LEN(AJC->AJC_COD)), M->AJC_COD)","AJC_COD","P","N","","0","","","S"
"AJC_TIPO","004","If(M->AJC_TIPO==""2"", 0, M->AJC_QUANT)","AJC_QUANT","P","N","","0","","","S"
"AJE_EDT","001","SPACE(LEN(AJE->AJE_TAREFA))","AJE_TAREFA","P","","","0","","","S"
"AJE_PROJET","001","AF8->AF8_REVISA","AJE_REVISA","P","S","AF8","1","xFilial(""AF8"")+M->AJE_PROJET","","S"
"AJE_PROJET","002","SPACE(LEN(AJE->AJE_EDT))","AJE_EDT","P","N","","0","","","S"
"AJE_PROJET","003","SPACE(LEN(AJE->AJE_TAREFA))","AJE_TAREFA","P","N","","0","","","S"
"AJE_TAREFA","001","SPACE(LEN(AJE->AJE_EDT))","AJE_EDT","P","","","0","","","S"
"AJ_USER","001","M->AJ_US2NAME := UsrFullName(M->AJ_USER)","AJ_US2NAME","P","N","","0","","","S"
"AK1_INIPER","001","M->AK1_INIPER","AK1_FIMPER","P","","","0","","","S"
"AK2_CLASSE","001","AK6->AK6_DESCRI","AK2_DESCLA","P","S","AK6","1","xFilial(""AK6"")+M->AK2_CLASSE","","S"
"AK2_CLASSE","002","AK6->AK6_OPERPA","AK2_OPER","P","S","AK6","1","xFilial(""AK6"")+M->AK2_CLASSE","","S"
"AK3_CO","001","AK5->AK5_DESCRI","AK3_DESCRI","P","S","AK5","1","xFIlial(""AK5"")+M->AK3_CO","","S"
"AK3_CO","002","AK5->AK5_TIPO","AK3_TIPO","P","S","AK5","1","xFIlial(""AK5"")+M->AK3_CO","","S"
"AK3_ORCAME","001","AK1->AK1_VERSAO","AK3_VERSAO","P","S","AK1","1","xFilial(""AK1"")+M->AK3_ORCAME","","S"
"AK5_CODIGO","001","PcoRetCO(M->AK5_CODIGO,M->AK5_MASC)","AK5_PREVIE","P","N","","0","","","S"
"AK5_MASC","001","PcoRetCO(M->AK5_CODIGO,M->AK5_MASC)","AK5_PREVIE","P","N","","0","","","S"
"AKD_CLASSE","001","AK6->AK6_OPERPA","AKD_OPER","P","S","AK6","1","xFilial(""AK6"")+AKD->AKD_CLASSE","","S"
"AKG_USER","001","UsrRetName(M->AKG_USER)","AKG_NOME","P","","","0","","","S"
"AKV_USER","001","UsrRetName(M->AKV_USER)","AKV_NOME","P","","","0","","","S"
"AKW_CHAVER","001","LEN(&(M->AKW_CHAVER))","AKW_TAMANH","P","N","","0","","","S"
"AKX_USER","001","UsrRetName(M->AKX_USER)","AKX_NOME","P","","","0","","","S"
"AKY_USER","001","UsrRetName(M->AKY_USER)","AKY_NOME","P","","","0","","","S"
"AK_USER","001","M->AK_NOME := UsrFullName(M->AK_USER)","AK_NOME","P","N","","0","","","S"
"AL4_CODIGO","001","AL3->AL3_DESCRI","AL4_DESCRI","P","S","AL3","1","M->AL4_CODIGO","","S"
"AL4_NIVEL","001","Replicate(""z"",AKW->AKW_TAMANH)","AL4_EXPRFI","P","S","AKW","1","xFIlial()+M->AL4_CONFIG+M->AL4_NIVEL","","S"
"AL_APROV","001","M->AL_USER  := SAK->AK_USER","AL_USER","P","S","SAK","1","XFILIAL(""SAK"")+AL_APROV","","S"
"AL_APROV","002","M->AL_NOME := SAK->AK_NOME","AL_NOME","P","N","","0","","","S"
"AL_NIVEL","001","M->AL_NIVEL := StrZero(Val(M->AL_NIVEL),2)","AL_NIVEL","P","N","","0","","","S"
"AR_CODCLI","001","M->AR_LOJCLI := SA1->A1_LOJA","AR_LOJCLI","P","S","SA1","1","XFILIAL(""SA1"")+M->AR_CODCLI","","S"
"AR_CODCOBR","001","M->AR_COBNOME := SAQ->AQ_NOME","AR_COBNOME","P","S","SAQ","1","XFILIAL(""SAR"")+M->AR_CODCOBR","","S"
"AR_CODCOBR","002","M->AR_CLINOME := SA1->A1_NOME","AR_CLINOME","P","S","SA1","1","XFILIAL(""SA1"")+M->AR_CODCLI+M->AR_LOJCLI","","S"
"AR_LOJCLI","001","M->AR_CLINOME := SA1->A1_NOME","AR_CLINOME","P","S","SA1","1","XFILIAL(""SA1"")+M->AR_CODCLI+M->AR_LOJCLI","","S"
"B1_COD","001","m->b1_cod","B1_CODBAR","P","N","","0","","INCLUI","S"
"B1_CODBAR","001","trim(m->b1_codbar)+eandigito(trim(m->b1_codbar))","B1_CODBAR","P","N","","0","","","S"
"B1_DESC","001","IF(EMPTY(M->B1_VM_P),M->B1_DESC,M->B1_VM_P)","B1_VM_P","P","N","","0","","nModulo=17.or.nModulo=30.or.nModulo=31","S"
"B1_DESC","002","IF(EMPTY(M->B1_VM_GI),M->B1_DESC,M->B1_VM_GI)","B1_VM_GI","P","N","","0","","nModulo=17.or.nModulo=30.or.nModulo=31","S"
"B1_EX_NCM","001","IF(RTRIM(SYD->YD_TEC)+SYD->YD_EX_NCM==RTRIM(M->B1_POSIPI)+M->B1_EX_NCM,SYD->YD_EX_NBM,M->B1_EX_NBM)","B1_EX_NBM","P","N","SYD","1","xFilial(""SYD"")+M->B1_POSIPI+""  ""+M->B1_EX_NCM","nModulo <> 12","S"
"B1_POSIPI","001","IF (RTRIM(SYD->YD_TEC) == RTRIM(M->B1_POSIPI),SYD->YD_EX_NCM,M->B1_EX_NCM)","B1_EX_NCM","P","N","SYD","1","xFilial(""SYD"")+M->B1_POSIPI","nModulo <> 12","S"
"B1_QTDACUM","001","M->B1_QTDACUM","B1_QTDINIC","P","","","0","","","S"
"B1_VM_P","001","IF(EMPTY(M->B1_VM_GI),M->B1_VM_P,M->B1_VM_GI)","B1_VM_GI","P","N","","0","","nModulo=17.or.nModulo=30.or.nModulo=31","S"
"B7_COD","001","SB1->B1_DESC+"" - ""+SB1->B1_UM","B7_DESC","P","N","","0","","","S"
"BC_CODDEST","001","SB1->B1_LOCPAD","BC_LOCAL","P","S","SB1","1","xFilial()+M->BC_CODDEST","","S"
"BC_QUANT","001","M->BC_QUANT","BC_QTDDEST","P","N","","0","","","S"
"BM_CODMAR","001","VE1->VE1_DESMAR","BM_DESMAR","P","S","VE1","1","xFILIAL(""VE1"")+M->BM_CODMAR","","S"
"BM_TIPGRU","001","SX5->X5_DESCRI","BM_DESTGR","P","S","SX5","1","xFILIAL(""SX5"")+""V0""+M->BM_TIPGRU","","S"
"C0_LOCALIZ","001","M->C0_QUANT","C0_QTDORIG","P","N","","0","","","S"
"C0_QUANT","001","M->C0_QUANT","C0_QTDORIG","P","N","","0","","","S"
"C3_PRECO","001","M->C3_TOTAL := NoRound(M->C3_PRECO*M->C3_QUANT,TamSX3(""C3_TOTAL"")[2])","C3_TOTAL","P","N","","0","","","S"
"C3_PRECO","002","M->C3_TOTAL := If(A125Trigger(""C3_TOTAL""),M->C3_TOTAL,0)","C3_TOTAL","P","N","","0","","","S"
"C3_QUANT","001","M->C3_TOTAL := NoRound(M->C3_PRECO*M->C3_QUANT,TamSX3(""C3_TOTAL"")[2])","C3_TOTAL","P","N","","0","","","S"
"C6_OPER","001","MaTesInt(2,,M->C5_CLIENTE,M->C5_LOJACLI,If(M->C5_TIPO$'DB',""F"",""C""),M->C6_PRODUTO,""C6_TES"")","C6_TES","P","N","","0","","","S"
"C6_PRODUTO","001","Subs(SB1->B1_ORIGEM,1,1)+SF4->F4_SITTRIB","C6_CLASFIS","P","S","SF4","1","xFilial()+SB1->B1_TS","","S"
"C6_PROJPMS","001","SPACE(LEN(SC6->C6_TASKPMS))","C6_TASKPMS","P","N","","0","","","S"
"C6_PROJPMS","002","SPACE(LEN(AFC->AFC_EDT))","C6_EDTPMS","P","N","","0","","","S"
"C6_TES","001","Subs(M->C6_CLASFIS,1,1)+SF4->F4_SITTRIB","C6_CLASFIS","P","S","SF4","1","xFilial()+M->C6_TES","","S"
"C7_DESC","001","M->C7_VLDESC := NoRound(M->C7_TOTAL*M->C7_DESC/100,TamSx3(""C7_VLDESC"")[2])","C7_VLDESC","P","N","","0","","","S"
"C7_DESC","002","M->C7_VLDESC := If(A120Trigger(""C7_VLDESC""),M->C7_VLDESC,0)","C7_VLDESC","P","N","","0","","","S"
"C7_OPER","001","MaTesInt(1,M->C7_OPER,cA120Forn,cA120Loj,""F"",M->C7_PRODUTO,""C7_TES"")","C7_TES","P","N","","0","","","S"
"C7_PRECO","001","M->C7_TOTAL := NoRound(M->C7_PRECO*M->C7_QUANT,TamSX3(""C7_TOTAL"")[2])","C7_TOTAL","P","N","","0","","","S"
"C7_PRECO","002","M->C7_TOTAL := If(A120Trigger(""C7_TOTAL""),M->C7_TOTAL,0)","C7_TOTAL","P","N","","0","","","S"
"C7_QUANT","001","M->C7_TOTAL := NoRound(M->C7_PRECO*M->C7_QUANT,TamSX3(""C7_TOTAL"")[2])","C7_TOTAL","P","N","","0","","","S"
"C7_QUANT","002","M->C7_TOTAL := IF(A120Trigger(""C7_TOTAL""),M->C7_TOTAL,0)","C7_TOTAL","P","N","","0","","","S"
"C7_VLDESC","001","M->C7_DESC := 0","C7_DESC","P","N","","0","","","S"
"C8_DESC","001","M->C8_VLDESC := NoRound(M->C8_TOTAL*M->C8_DESC/100,TamSx3(""C8_VLDESC"")[2])","C8_VLDESC","P","N","","0","","","S"
"C8_DESC","002","M->C8_VLDESC := If(A150Trigger(""C8_VLDESC""),M->C8_VLDESC,0)","C8_VLDESC","P","N","","0","","","S"
"C8_VLDESC","001","M->C8_DESC := 0","C8_DESC","P","N","","0","","","S"
"CJ_CLIENTE","001","Posicione(""SA1"",1,xFilial(""SA1"")+M->CJ_CLIENTE+M->CJ_LOJA,""A1_NOME"")","CJ_NOMCLI","P","N","","0","","","S"
"CJ_CLIENTE","002","A415TabCli()","CJ_TABELA","P","N","","0","","","S"
"CJ_CLIENTE","003","M->CJ_CLIENTE","CJ_CLIENT","P","N","","0","","","S"
"CJ_LOJA","001","Posicione(""SA1"",1,xFilial(""SA1"")+M->CJ_CLIENTE+M->CJ_LOJA,""A1_NOME"")","CJ_NOMCLI","P","N","","0","","","S"
"CJ_LOJA","002","M->CJ_LOJA","CJ_LOJAENT","P","N","","0","","","S"
"CJ_TABELA","001","A415TabAlt()","CJ_TABELA","P","N","","0","","","S"
"CJ_TABELA","002","DA0->DA0_CONDPG","CJ_CONDPAG","P","N","","0","","!Empty(DA0->DA0_CONDPG)","S"
"CK_EDTPMS","001","SPACE(LEN(SCK->CK_TASKPMS))","CK_TASKPMS","P","","","0","","","S"
"CK_OPER","001","MaTesInt(2,M->CK_OPER,M->CJ_CLIENTE,M->CJ_LOJA,""C"",M->CK_PRODUTO,""CK_TES"")","CK_TES","P","N","","0","","","S"
"CK_PRODUTO","001","a415Tabela(M->CK_PRODUTO,M->CJ_TABELA,TMP1->CK_QTDVEN)","CK_PRUNIT","P","N","","0","","!GetMv(""MV_PRCORC"")","S"
"CK_PRODUTO","002","M->CK_PRUNIT","CK_PRCVEN","P","N","","0","","!GetMv(""MV_PRCORC"")","S"
"CK_PRODUTO","003","0.00","CK_VALDESC","P","N","","0","","","S"
"CK_PRODUTO","004","0.00","CK_DESCONT","P","N","","0","","","S"
"CK_PRODUTO","005","M->CK_QTDVEN*M->CK_PRCVEN","CK_VALOR","P","N","","0","","!GetMv(""MV_PRCORC"").And.A415DesCab(.F.)","S"
"CK_PRODUTO","006","FtRegraDesc(2)","CK_DESCONT","P","N","","0","","","S"
"CK_PRODUTO","007","Subs(SB1->B1_ORIGEM,1,1)+SF4->F4_SITTRIB","CK_CLASFIS","P","S","SF4","1","xFilial(""SF4"")+SB1->B1_TS","","S"
"CK_PROJPMS","001","SPACE(LEN(SCK->CK_EDTPMS))","CK_EDTPMS","P","","","0","","","S"
"CK_PROJPMS","002","SPACE(LEN(SCK->CK_TASKPMS))","CK_TASKPMS","P","","","0","","","S"
"CK_QTDVEN","001","a415Tabela(M->CK_PRODUTO,M->CJ_TABELA,TMP1->CK_QTDVEN)","CK_PRUNIT","P","N","","0","","!GETMV(""MV_PRCORC"")","S"
"CK_QTDVEN","002","M->CK_PRUNIT","CK_PRCVEN","P","N","","0","","!GETMV(""MV_PRCORC"")","S"
"CK_QTDVEN","003","a415PrcLista()","CK_PRUNIT","P","N","","0","","GETMV(""MV_PRCORC"")","S"
"CK_QTDVEN","004","M->CK_PRUNIT","CK_PRCVEN","P","N","","0","","GETMV(""MV_PRCORC"")","S"
"CK_QTDVEN","005","Round(M->CK_QTDVEN*M->CK_PRCVEN,2)","CK_VALOR","P","N","","0","","a415DesCab(.F.)","S"
"CK_QTDVEN","006","FtRegraDesc(2)","CK_DESCONT","P","N","","0","","","S"
"CK_TASKPMS","001","SPACE(LEN(SCK->CK_EDTPMS))","CK_EDTPMS","P","","","0","","","S"
"CK_TES","001","Subs(M->CK_CLASFIS,1,1)+SF4->F4_SITTRIB","CK_CLASFIS","P","N","","0","","","S"
"CT1_CONTA","001","M->CT1_CONTA","CT1_CTLALU","P","N","","0","","","S"
"CTB_EMPORI","001","Ct240Emp(SM0->M0_CODIGO,SM0->M0_CODFIL,""E"")","CTB_EMPORI","P","N","","0","","","S"
"CTB_EMPORI","002","Ct240Emp(SM0->M0_CODIGO,SM0->M0_CODFIL,""F"")","CTB_FILORI","P","N","","0","","","S"
"CTJ_PERCEN","001","Ctb120QtPc(0,CTJ_PERCEN)","CTJ_QTDDIS","P","N","","0","","","S"
"CTJ_QTDDIS","001","Ctb120QtPc(CTJ_QTDDIS,0)","CTJ_PERCEN","P","N","","0","","","S"
"CT_GRUPO","001","""""","CT_TIPO","P","N","","0","","","S"
"CT_GRUPO","002","""""","CT_PRODUTO","P","N","","0","","","S"
"CT_PRODUTO","001","SB1->B1_TIPO","CT_TIPO","P","S","SB1","1","xFilial(""SB1"")+M->CT_PRODUTO","","S"
"CT_PRODUTO","002","SB1->B1_GRUPO","CT_GRUPO","P","N","","0","","","S"
"CT_TIPO","001","""""","CT_GRUPO","P","N","","0","","","S"
"CT_TIPO","002","""""","CT_PRODUTO","P","N","","0","","","S"
"CV_FORMAPG","001","Tabela(""24"",M->CV_FORMAPG)","CV_DESCFOR","P","N","","0","","","S"
"D1_COD","001","Subs(SB1->B1_ORIGEM,1,1)+SF4->F4_SITTRIB","D1_CLASFIS","P","S","SF4","1","xFilial()+SB1->B1_TE","","S"
"D1_DESC","001","M->D1_VALDESC := NoRound(M->D1_TOTAL*M->D1_DESC/100,TamSx3(""D1_VALDESC"")[2])","D1_VALDESC","P","N","","0","","","S"
"D1_DESC","002","M->D1_VALDESC := If(A103Trigger(""D1_VALDESC""),M->D1_VALDESC,0)","D1_VALDESC","P","N","","0","","","S"
"D1_NFORI","001","M->D1_ITEMORI := If(A103Trigger(""D1_ITEMORI""),M->D1_ITEMORI,""  "")","D1_ITEMORI","P","N","","0","","","S"
"D1_OPER","001","MaTesInt(1,M->D1_OPER,cA100For,cLoja,If(cTipo$""DB"",""C"",""F""),M->D1_COD,""D1_TES"")","D1_TES","P","N","","0","","","S"
"D1_SERIORI","001","M->D1_ITEMORI := If(A103Trigger(""D1_ITEMORI""),M->D1_ITEMORI,""  "")","D1_ITEMORI","P","N","","0","","","S"
"D1_TES","001","SubStr(m->D1_CLASFIS,1,1)+SF4->F4_SITTRIB","D1_CLASFIS","P","S","SF4","1","xFilial()+M->D1_TES","","S"
"D1_TPESTR","001","DC8->DC8_DESEST","D1_DESEST","P","S","DC8","1","xFilial(""DC8"")+M->D1_TPESTR","!Empty(M->D1_TPESTR)","S"
"D1_VALDESC","001","M->D1_DESC := 0","D1_DESC","P","N","","0","","","S"
"D2_COD","001","SB1->B1_UM","D2_UM","P","S","SB1","1","xFilial()+M->D2_COD","","S"
"D2_COD","002","If(Empty(SB1->B1_TS),GetMV(""MV_TESSAI""),SB1->B1_TS)","D2_TES","P","N","","0","","","S"
"D2_COD","003","SB1->B1_LOCPAD","D2_LOCAL","P","N","","0","","","S"
"D2_COD","004","SUBSTR(SB1->B1_ORIGEM,1,1)+SF4->F4_SITTRIB","D2_CLASFIS","P","S","SF4","1","xFilial()+SB1->B1_TS","","S"
"D2_DESC","001","M->D2_DESCON  := NoRound(M->D2_TOTAL*M->D2_DESC/100,TamSx3(""D2_DESCON"")[2])","D2_DESCON","P","N","","0","","SuperGetMv(""MV_DESCSAI"")==""2""","S"
"D2_DESC","002","M->D2_DESCON  := NoRound((M->D2_DESCON+M->D2_TOTAL)*M->D2_DESC/100,TamSx3(""D2_DESCON"")[2])","D2_DESCON","P","N","","0","","SuperGetMv(""MV_DESCSAI"")==""1""","S"
"D2_DESC","003","M->D2_DESCON := If(A103Trigger(""D2_DESCON""),M->D2_DESCON,0)","D2_DESCON","P","N","","0","","","S"
"D2_TES","001","SUBSTR(M->D2_CLASFIS,1,1)+SF4->F4_SITTRIB","D2_CLASFIS","P","S","SF4","1","xFilial()+M->D2_TES","","S"
"D3_OP","001","SPACE(LEN(SD3->D3_PROJPMS))","D3_PROJPMS","P","N","","0","","","S"
"D3_OP","002","SPACE(LEN(SD3->D3_TASKPMS))","D3_TASKPMS","P","N","","0","","","S"
"D3_PROJPMS","001","SPACE(LEN(SD3->D3_TASKPMS))","D3_TASKPMS","P","N","","0","","","S"
"D3_PROJPMS","002","SPACE(LEN(SD3->D3_OP))","D3_OP","P","N","","0","","","S"
"DA1_CODPRO","001","SB1->B1_DESC","DA1_DESCRI","P","S","SB1","1","xFilial(""SB1"")+M->DA1_CODPRO","","S"
"DA1_CODPRO","002","SB1->B1_PRV1","DA1_PRCBAS","P","S","SB1","1","xFilial(""SB1"")+M->DA1_CODPRO","","S"
"DA1_MOEDA","001","Oms010Calc()","DA1_PRCVEN","P","N","","0","","","S"
"DA1_PERDES","001","Oms010Calc()","DA1_PERDES","P","N","","0","","","S"
"DA1_VLRDES","001","Oms010Calc()","DA1_VLRDES","P","N","","0","","","S"
"DA3_CODFOR","001","SA2->A2_NOME","DA3_DESCFO","P","S","SA2","1","xFilial(""SA2"")+M->DA3_CODFOR+M->DA3_LOJFOR","!EMPTY(M->DA3_CODFOR)","S"
"DA3_CORVEI","001","Tabela(""M7"",M->DA3_CORVEI,.F.)","DA3_DESCOR","P","N","","0","","","S"
"DA3_MARVEI","001","Tabela(""M6"",M->DA3_MARVEI,.F.)","DA3_DESMAR","P","N","","0","","","S"
"DA3_MOTORI","001","DA4->DA4_NOME","DA3_DESCMO","P","S","DA4","1","xFilial(""DA4"")+M->DA3_MOTORI","!Empty(M->DA3_MOTORI)","S"
"DA3_TIPVEI","001","DUT->DUT_DESCRI","DA3_DESTIP","P","S","DUT","1","xFilial()+M->DA3_TIPVEI","","S"
"DA4_CORBAR","001","Tabela(""M8"",M->DA4_CORBAR,.F.)","DA4_DESBAR","P","N","","0","","","S"
"DA4_CORCAB","001","Tabela(""M8"",M->DA4_CORCAB,.F.)","DA4_DESCAB","P","N","","0","","","S"
"DA4_COROLH","001","Tabela(""M8"",M->DA4_COROLH,.F.)","DA4_DESOLH","P","N","","0","","","S"
"DA4_CORPEL","001","Tabela(""M8"",M->DA4_CORPEL,.F.)","DA4_DESPEL","P","N","","0","","","S"
"DA4_FORNEC","001","SA2->A2_NOME","DA4_NOMFOR","P","S","SA2","1","xFilial(""SA2"")+M->DA4_FORNEC+M->DA4_LOJA","","S"
"DA4_MAT","001","SRA->RA_ENDEREC","DA4_END","P","S","SRA","1","xFilial()+M->DA4_MAT","!Empty(M->DA4_EST)","S"
"DA4_MAT","002","SRA->RA_BAIRRO","DA4_BAIRRO","P","S","SRA","1","xFilial()+M->DA4_MAT","!Empty(M->DA4_END)","S"
"DA4_MAT","003","SRA->RA_MUNICIP","DA4_MUN","P","S","SRA","1","xFilial()+M->DA4_MAT","!Empty(M->DA4_NUMCNH)","S"
"DA4_MAT","004","SRA->RA_ESTADO","DA4_EST","P","S","SRA","1","xFilial()+M->DA4_MAT","!Empty(M->DA4_CEP)","S"
"DA4_MAT","005","SRA->RA_CEP","DA4_CEP","P","S","SRA","1","xFilial()+M->DA4_MAT","!Empty(M->DA4_BAIRRO)","S"
"DA4_MAT","006","SRA->RA_CIC","DA4_CGC","P","S","SRA","1","xFilial()+M->DA4_MAT","!Empty(M->DA4_MUN)","S"
"DA4_MAT","007","SRA->RA_TELEFON","DA4_TEL","P","S","SRA","1","xFilial()+M->DA4_MAT","!Empty(M->DA4_RGORG)","S"
"DA4_MAT","008","SRA->RA_HABILIT","DA4_NUMCNH","P","S","SRA","1","xFilial()+M->DA4_MAT","!Empty(M->DA4_ESTCIV)","S"
"DA4_MAT","009","SRA->RA_NOME","DA4_NOME","P","S","SRA","1","xFilial()+M->DA4_MAT","!Empty(M->DA4_NOME)","S"
"DA4_MAT","010","SRA->RA_PAI","DA4_PAI","P","S","SRA","1","xFilial()+M->DA4_MAT","!Empty(M->DA4_PAI)","S"
"DA4_MAT","011","SRA->RA_MAE","DA4_MAE","P","S","SRA","1","xFilial()+M->DA4_MAT","!Empty(M->DA4_TEL)","S"
"DA4_MAT","012","SRA->RA_RG","DA4_RG","P","S","SRA","1","xFilial()+M->DA4_MAT","!Empty(M->DA4_MAE)","S"
"DA4_MAT","013","SRA->RA_RGORG","DA4_RGORG","P","S","SRA","1","xFilial()+M->DA4_MAT","!Empty(M->DA4_RG)","S"
"DA4_MAT","014","SRA->RA_ESTCIVI","DA4_ESTCIV","P","S","SRA","1","xFilial()+M->DA4_MAT","!Empty(M->DA4_CGC)","S"
"DA8_CDRORI","001","DUY->DUY_DESCRI","DA8_REGORI","P","S","DUY","1","xFilial()+M->DA8_CDRORI","","S"
"DA8_SERVIC","001","X5DESCRI()","DA8_DESSER","P","S","SX5","1","xFilial()+""L4""+M->DA8_SERVIC","!Empty(M->DA8_SERVIC)","S"
"DA8_SERVIC","002","DC5->DC5_SERTMS","DA8_SERTMS","P","S","DC5","1","xFilial()+M->DA8_SERVIC","","S"
"DA8_SERVIC","003","TmsValField(""DA8_SERTMS"", .F., ""DA8_DESSVT"")","DA8_DESSVT","P","N","","0","","","S"
"DA8_SERVIC","004","DC5->DC5_TIPTRA","DA8_TIPTRA","P","S","DC5","1","xFilial()+M->DA8_SERVIC","","S"
"DA8_SERVIC","005","TmsValField(""DA8_TIPTRA"", .F., ""DA8_DESTPT"")","DA8_DESTPT","P","N","","0","","","S"
"DA8_TIPROT","001","X5DESCRI()","DA8_DESROT","P","S","SX5","1","xFilial()+""M3""+M->DA8_TIPROT","","S"
"DAD_CODCLI","001","SA1->A1_LOJA","DAD_LOJA","P","N","","0","","M->DAD_CODCLI == SA1->A1_COD","S"
"DAD_CODCLI","002","""""","DAD_LOJA","P","N","","0","","Empty(M->DAD_CODCLI)","S"
"DAD_LOJA","001","""""","DAD_CODCLI","P","","","0","","Empty(M->DAD_LOJA)","S"
"DAF_CODCLI","001","""""","DAF_LOJA","P","","","0","","Empty(M->DAF_CODCLI)","S"
"DAF_CODCLI","002","""""","DAF_GRPCLI","P","N","","0","","!Empty(M->DAF_GRPCLI)","S"
"DAF_GRPCLI","001","""""","DAF_CODCLI","P","N","","0","","!Empty(M->DAF_CODCLI)","S"
"DAF_GRPCLI","002","""""","DAF_LOJA","P","N","","0","","!Empty(M->DAF_LOJA)","S"
"DAF_LOJA","001","""""","DAF_CODCLI","P","","","0","","Empty(M->DAF_LOJA)","S"
"DAF_LOJA","002","""""","DAF_GRPCLI","P","N","","0","","!Empty(M->DAF_GRPCLI)","S"
"DAP_CODGRU","001","Tabela(""24"",M->DAP_CODGRU)","DAP_GRUPO","P","N","","0","","","S"
"DB_ANOMAL","001","Tabela( ""L2"", M->DB_ANOMAL, .F. )","DB_ANOMDES","P","N","","0","","","S"
"DC2_CODUNI","001","DC1->DC1_DESUNI","DC2_DESUNI","P","S","DC1","1","xFilial(""DC1"")+M->DC2_CODUNI","","S"
"DC3_CODNOR","001","DC2->DC2_DESNOR","DC3_DESNOR","P","S","DC2","1","xFilial(""DC2"")+M->DC3_CODNOR","!Empty(M->DC3_CODNOR)","S"
"DC3_CODPRO","001","SB1->B1_DESC","DC3_DESPRO","P","S","SB1","1","xFilial(""SB1"")+M->DC3_CODPRO","Inclui","S"
"DC3_TPESTR","001","DC8->DC8_DESEST","DC3_DESEST","P","S","DC8","1","xFilial(""DC8"")+M->DC3_TPESTR","!Empty(M->DC3_TPESTR)","S"
"DC5_CATSER","001","Space(Len(M->DC5_SEROPE))","DC5_SEROPE","P","","","0","","","S"
"DC5_CATSER","002","Space(Len(M->DC5_DSEOPE))","DC5_DSEOPE","P","","","0","","","S"
"DC5_CATSER","003","Space(Len(M->DC5_DOCTMS))","DC5_DOCTMS","P","","","0","","","S"
"DC5_CATSER","004","Space(Len(M->DC5_DESDOC))","DC5_DESDOC","P","","","0","","","S"
"DC5_CATSER","005","Space(Len(M->DC5_SEGPER))","DC5_SEGPER","P","","","0","","","S"
"DC5_CATSER","006","Space(Len(M->DC5_TABSEG))","DC5_TABSEG","P","","","0","","","S"
"DC5_CATSER","007","Space(Len(M->DC5_TPTSEG))","DC5_TPTSEG","P","","","0","","","S"
"DC5_CATSER","008","0","DC5_DESC1","P","","","0","","","S"
"DC5_CATSER","009","0","DC5_DESC2","P","","","0","","","S"
"DC5_CATSER","010","0","DC5_DESC3","P","","","0","","","S"
"DC5_CATSER","011","0","DC5_DESC4","P","","","0","","","S"
"DC5_SEROPE","001","Tabela(""L4"",M->DC5_SEROPE,.F.)","DC5_DSEOPE","P","","","0","","","S"
"DC5_SERTMS","001","Space(Len(M->DC5_SEROPE))","DC5_SEROPE","P","","","0","","","S"
"DC5_SERTMS","002","Space(Len(M->DC5_DSEOPE))","DC5_DSEOPE","P","","","0","","","S"
"DC5_SERVIC","001","SX5->X5_DESCRI","DC5_DESSER","P","S","SX5","1","xFilial(""SX5"")+""L4""+M->DC5_SERVIC","Inclui","S"
"DC5_TAREFA","001","SX5->X5_DESCRI","DC5_DESTAR","P","S","SX5","1","xFilial(""SX5"")+""L2""+M->DC5_TAREFA","!Empty(M->DC5_TAREFA)","S"
"DC5_TIPTRA","001","Space(Len(M->DC5_SEROPE))","DC5_SEROPE","P","","","0","","","S"
"DC5_TIPTRA","002","Space(Len(M->DC5_DSEOPE))","DC5_DSEOPE","P","","","0","","","S"
"DC6_ATIVID","001","SX5->X5_DESCRI","DC6_DESATI","P","S","SX5","1","xFilial(""SX5"")+""L3""+M->DC6_ATIVID","!Empty(M->DC6_ATIVID)","S"
"DC6_FUNCAO","001","SRJ->RJ_DESC","DC6_DESFUN","P","S","SRJ","1","xFilial(""SRJ"")+M->DC6_FUNCAO","","S"
"DC6_TAREFA","001","SX5->X5_DESCRI","DC6_DESTAR","P","S","SX5","1","xFilial(""SX5"")+""L2""+M->DC6_TAREFA","Inclui","S"
"DC6_TPREC","001","SX5->X5_DESCRI","DC6_DESREC","P","S","SX5","1","xFilial(""SX5"")+""L1""+M->DC6_TPREC","","S"
"DC9_ESTFIS","001","DC8->DC8_DESEST","DC9_DESEST","P","S","DC8","1","xFilial(""DC8"")+M->DC9_ESTFIS","!Empty(M->DC9_ESTFIS)","S"
"DCA_TIPSER","001","SX5->X5_DESCRI","DCA_DESSER","P","S","SX5","1","xFilial(""SX5"")+""L5""+M->DCA_TIPSER","Inclui","S"
"DCB_TIPSER","001","SX5->X5_DESCRI","DCB_DESSER","P","S","SX5","1","xFilial(""SX5"")+""L5""+M->DCB_TIPSER","Inclui","S"
"DCC_TIPCAR","001","SX5->X5_DESCRI","DCC_DESCAR","P","S","SX5","1","xFilial(""SX5"")+""DU""+M->DCC_TIPCAR","Inclui","S"
"DCF_SERVIC","001","SX5->X5_DESCRI","DCF_DESSER","P","S","SX5","1","xFilial(""SX5"")+""L4""+M->DCF_SERVIC","Inclui","S"
"DCG_CODPRO","001","SB1->B1_DESC","DCG_PRODES","P","S","SB1","1","XFILIAL(""SB1"")+M->DCG_CODPRO","!EMPTY(M->DCG_CODPRO) .AND. INCLUI","S"
"DCG_SERVIC","001","Tabela( ""L4"", M->DCG_SERVIC, .F. )","DCG_DESSER","P","N","","0","","!EMPTY(M->DCG_SERVIC)","S"
"DCH_CODPRO","001","SB1->B1_DESC","DCH_DESPRO","P","S","SB1","1","xFilial(""SB1"")+M->DCH_CODPRO","Inclui","S"
"DCH_CODZON","001","DC4->DC4_DESZON","DCH_DESZON","P","S","DC4","1","xFilial(""DC4"")+M->DCH_CODZON","Inclui","S"
"DCI_FUNCAO","001","SRJ->RJ_DESC","DCI_DESFUN","P","S","SRJ","1","xFilial(""SRJ"")+M->DCI_FUNCAO","Inclui","S"
"DCJ_CODLOC","001","DC9->DC9_DESLOC","DCJ_DESLOC","P","S","DC9","1","xFilial(""DC8"")+M->DCJ_CODLOC","Inclui.Or.Altera","S"
"DCJ_ESTFIS","001","DC8->DC8_DESEST","DCJ_DESEST","P","S","DC8","1","xFilial(""DC8"")+M->DCJ_ESTFIS","Inclui.Or.Altera","S"
"DCL_ATIVID","001","SX5->X5_DESCRI","DCL_DESATI","P","S","SX5","1","xFilial('SX5')+'L3'+M->DCL_ATIVID","!Empty(M->DCL_ATIVID)","S"
"DD_QUANT","001","M->DD_QTDORIG:=M->DD_QUANT","DD_QTDORIG","P","N","","0","","Inclui","S"
"DD_QUANT","002","M->DD_SALDO:=M->DD_QUANT","DD_SALDO","P","N","","0","","Inclui","S"
"DD_QUANT","003","M->DD_SALDO2:=M->DD_QTSEGUM","DD_SALDO2","P","N","","0","","Inclui","S"
"DE0_CODLAY","001","DE9->DE9_DSCLAY","DE0_DSCLAY","P","S","DE9","1","xFilial()+M->DE0_CODLAY","","S"
"DE0_CODRCP","001","DE3->DE3_DSCREG","DE0_DSCRCP","P","S","DE3","1","xFilial(""DE3"")+M->DE0_CODRCP","","S"
"DE0_CODREG","001","DE3->DE3_DSCREG","DE0_DSCREG","P","S","DE3","1","xFilial()+M->DE0_CODREG","","S"
"DE1_CAMPO","001","TMSAE20INI(""DE1"",DE1_CAMPO,3,.T.)","DE1_FORMAT","P","N","","0","","","S"
"DE1_CAMPO","002","TMSAE20INI(""DE1"",DE1_CAMPO,1,.T.)","DE1_TAMANH","P","N","","0","","","S"
"DE1_CAMPO","003","TMSAE20INI(""DE1"",DE1_CAMPO,2,.T.)","DE1_DECIMA","P","N","","0","","","S"
"DE4_CNPJ","001","SA1->A1_NREDUZ","DE4_NREDUZ","P","S","SA1","3","xFilial()+M->DE4_CNPJ","","S"
"DE4_CNPJ1","001","SA1->A1_NREDUZ","DE4_NREDAG","P","S","SA1","3","xFilial()+M->DE4_CNPJ1","","S"
"DE6_CODCLI","001","SA1->A1_NOME","DE6_NOMCLI","P","S","SA1","1","xFilial()+M->DE6_CODCLI+M->DE6_LOJCLI","","S"
"DE6_CODOCO","001","DT2->DT2_DESCRI","DE6_DESOCO","P","S","DT2","1","xFilial()+M->DE6_CODOCO","","S"
"DE7_CODCLI","001","SA1->A1_NOME","DE7_NOMCLI","P","S","SA1","1","xFilial()+M->DE7_CODCLI+M->DE7_LOJCLI","","S"
"DE7_CODPRO","001","SB1->B1_DESC","DE7_DSCPRO","P","S","SB1","1","xFilial()+M->DE7_CODPRO","","S"
"DE8_CODLAY","001","DE9->DE9_DSCLAY","DE8_DSCLAY","P","S","DE9","1","XFILIAL(""DE9"")+M->DE8_CODLAY","","S"
"DE8_CODRCP","001","DE3->DE3_DSCREG","DE8_DSCRCP","P","S","DE3","1","XFILIAL(""DE3"")+M->DE8_CODRCP","","S"
"DE8_CODREG","001","DE3->DE3_DSCREG","DE8_DSCREG","P","S","DE3","1","XFILIAL(""DE3"")+M->DE8_CODREG","","S"
"DEA_CDRDES","001","DUY->DUY_DESCRI","DEA_REGDES","P","S","DUY","1","xFilial()+M->DEA_CDRDES","!Empty(M->DEA_CDRDES)","S"
"DEC_CODCLI","001","SA1->A1_NOME","DEC_NOME","P","S","SA1","1","xFilial(""SA1"")+M->DEC_CODCLI+M->DEC_LOJCLI","","S"
"DEC_CODLAY","001","DE9->DE9_DSCLAY","DEC_DSCLAY","P","S","DE9","1","xFilial(""DE9"")+M->DEC_CODLAY","","S"
"DEC_CODLAY","002","DE9->DE9_TIPLAY","DEC_TIPLAY","P","S","DE9","1","xFilial(""DE9"")+M->DEC_CODLAY","","S"
"DEC_CODLAY","003","DE9->DE9_TIPENV","DEC_TIPENV","P","S","DE9","1","xFilial(""DE9"")+M->DEC_CODLAY","","S"
"DEE_CAMPO","001","TMSAE20INI(""DEE"",DEE_CAMPO,3,.T.)","DEE_FORMAT","P","N","","0","","","S"
"DEE_CAMPO","002","TMSAE20INI(""DEE"",DEE_CAMPO,1,.T.)","DEE_TAMANH","P","N","","0","","","S"
"DEE_CAMPO","003","TMSAE20INI(""DEE"",DEE_CAMPO,2,.T.)","DEE_DECIMA","P","N","","0","","","S"
"DF0_DDD","001","DUE->DUE_NOME","DF0_NOMSOL","P","S","DUE","1","xFilial('DUE')+M->DF0_DDD+M->DF0_TEL","!Empty(M->DF0_TEL)","S"
"DF0_DDD","002","DUE->DUE_END","DF0_END","P","N","","0","","!Empty(M->DF0_TEL)","S"
"DF0_DDD","003","DUE->DUE_BAIRRO","DF0_BAIRRO","P","N","","0","","!Empty(M->DF0_TEL)","S"
"DF0_DDD","004","DUE->DUE_MUN","DF0_MUN","P","N","","0","","!Empty(M->DF0_TEL)","S"
"DF0_DDD","005","DUE->DUE_EST","DF0_EST","P","N","","0","","!Empty(M->DF0_TEL)","S"
"DF0_DDD","006","DUE->DUE_CEP","DF0_CEP","P","N","","0","","!Empty(M->DF0_TEL)","S"
"DF0_DDD","007","DUE->DUE_CONTAT","DF0_CONTAT","P","N","","0","","!Empty(M->DF0_TEL)","S"
"DF0_DDD","008","SPACE(LEN(DF0->DF0_SEQEND))","DF0_SEQEND","P","N","","0","","!Empty(M->DF0_TEL)","S"
"DF0_SEQEND","001","DUE->DUE_NOME","DF0_NOMSOL","P","S","DUE","1","xFilial('DUE')+M->DF0_DDD+M->DF0_TEL","!Empty(M->DF0_TEL)","S"
"DF0_SEQEND","002","If(Empty(M->DF0_SEQEND), DUE->DUE_END, DUL->DUL_END)","DF0_END","P","S","DUL","1","xFilial('DUL')+M->DF0_DDD+M->DF0_TEL+M->DF0_SEQEND","!Empty(M->DF0_TEL)","S"
"DF0_SEQEND","003","If(Empty(M->DF0_SEQEND), DUE->DUE_BAIRRO, DUL->DUL_BAIRRO)","DF0_BAIRRO","P","N","","0","","!Empty(M->DF0_TEL)","S"
"DF0_SEQEND","004","If(Empty(M->DF0_SEQEND), DUE->DUE_MUN, DUL->DUL_MUN)","DF0_MUN","P","N","","0","","!Empty(M->DF0_TEL)","S"
"DF0_SEQEND","005","If(Empty(M->DF0_SEQEND), DUE->DUE_EST, DUL->DUL_EST)","DF0_EST","P","N","","0","","!Empty(M->DF0_TEL)","S"
"DF0_SEQEND","006","If(Empty(M->DF0_SEQEND), DUE->DUE_CEP, DUL->DUL_CEP)","DF0_CEP","P","N","","0","","!Empty(M->DF0_TEL)","S"
"DF0_SEQEND","007","DUE->DUE_CONTAT","DF0_CONTAT","P","N","","0","","!Empty(M->DF0_TEL)","S"
"DF0_TEL","001","DUE->DUE_NOME","DF0_NOMSOL","P","S","DUE","1","xFilial('DUE')+M->DF0_DDD+M->DF0_TEL","!Empty(M->DF0_TEL)","S"
"DF0_TEL","002","DUE->DUE_END","DF0_END","P","N","","0","","!Empty(M->DF0_TEL)","S"
"DF0_TEL","003","DUE->DUE_BAIRRO","DF0_BAIRRO","P","N","","0","","!Empty(M->DF0_TEL)","S"
"DF0_TEL","004","DUE->DUE_MUN","DF0_MUN","P","N","","0","","!Empty(M->DF0_TEL)","S"
"DF0_TEL","005","DUE->DUE_EST","DF0_EST","P","N","","0","","!Empty(M->DF0_TEL)","S"
"DF0_TEL","006","DUE->DUE_CEP","DF0_CEP","P","N","","0","","!Empty(M->DF0_TEL)","S"
"DF0_TEL","007","DUE->DUE_CONTAT","DF0_CONTAT","P","N","","0","","!Empty(M->DF0_TEL)","S"
"DF0_TEL","008","SPACE(LEN(DF0->DF0_SEQEND))","DF0_SEQEND","P","N","","0","","!Empty(M->DF0_TEL)","S"
"DF1_CLIDES","001","SA1->A1_NOME","DF1_NOMDES","P","S","SA1","1","xFilial(""SA1"")+M->DF1_CLIDES+aCols[n,GDFieldPos('DF1_LOJDES')]","","S"
"DF1_CLIDES","002","SA1->A1_CDRDES","DF1_CDRDES","P","N","","0","","","S"
"DF1_CLIDES","003","SA1->A1_END","DF1_ENDDES","P","N","","0","","","S"
"DF1_CLIDES","004","SA1->A1_BAIRRO","DF1_BAIDES","P","N","","0","","","S"
"DF1_CLIDES","005","SA1->A1_MUN","DF1_MUNDES","P","N","","0","","","S"
"DF1_CLIDES","006","SA1->A1_EST","DF1_ESTDES","P","N","","0","","","S"
"DF1_CLIDES","007","SA1->A1_CEP","DF1_CEPDES","P","N","","0","","","S"
"DF1_CLIDES","008","SPACE(LEN(DF1->DF1_SQEDES))","DF1_SQEDES","P","N","","0","","","S"
"DF1_CLIDEV","001","SA1->A1_NOME","DF1_NOMDEV","P","S","SA1","1","xFilial(""SA1"")+M->DF1_CLIDEV+aCols[n,GDFieldPos('DF1_LOJDEV')]","","S"
"DF1_CLIREM","001","SA1->A1_NOME","DF1_NOMREM","P","S","SA1","1","xFilial(""SA1"")+M->DF1_CLIREM+aCols[n,GDFieldPos('DF1_LOJREM')]","","S"
"DF1_CLIREM","002","SA1->A1_END","DF1_END","P","N","","0","","","S"
"DF1_CLIREM","003","SA1->A1_BAIRRO","DF1_BAIRRO","P","N","","0","","","S"
"DF1_CLIREM","004","SA1->A1_MUN","DF1_MUN","P","N","","0","","","S"
"DF1_CLIREM","005","SA1->A1_EST","DF1_EST","P","N","","0","","","S"
"DF1_CLIREM","006","SA1->A1_CEP","DF1_CEP","P","N","","0","","","S"
"DF1_CLIREM","007","Space(Len(DF1->DF1_SQEREM))","DF1_SQEREM","P","N","","0","","","S"
"DF1_LOJDES","001","SA1->A1_NOME","DF1_NOMDES","P","S","SA1","1","xFilial(""SA1"")+aCols[n,GDFieldPos('DF1_CLIDES')]+M->DF1_LOJDES","","S"
"DF1_LOJDES","002","SA1->A1_CDRDES","DF1_CDRDES","P","N","","0","","","S"
"DF1_LOJDES","003","SA1->A1_END","DF1_ENDDES","P","N","","0","","","S"
"DF1_LOJDES","004","SA1->A1_BAIRRO","DF1_BAIDES","P","N","","0","","","S"
"DF1_LOJDES","005","SA1->A1_MUN","DF1_MUNDES","P","N","","0","","","S"
"DF1_LOJDES","006","SA1->A1_EST","DF1_ESTDES","P","N","","0","","","S"
"DF1_LOJDES","007","SA1->A1_CEP","DF1_CEPDES","P","N","","0","","","S"
"DF1_LOJDES","008","SPACE(LEN(DF1->DF1_SQEDES))","DF1_SQEDES","P","N","","0","","","S"
"DF1_LOJDEV","001","SA1->A1_NOME","DF1_NOMDEV","P","S","SA1","1","xFilial(""SA1"")+aCols[n,GDFieldPos('DF1_CLIDEV')]+M->DF1_LOJDEV","","S"
"DF1_LOJREM","001","SA1->A1_NOME","DF1_NOMREM","P","S","SA1","1","xFilial(""SA1"")+aCols[n,GDFieldPos('DF1_CLIREM')]+M->DF1_LOJREM","","S"
"DF1_LOJREM","002","SA1->A1_END","DF1_END","P","N","","0","","","S"
"DF1_LOJREM","003","SA1->A1_BAIRRO","DF1_BAIRRO","P","N","","0","","","S"
"DF1_LOJREM","004","SA1->A1_MUN","DF1_MUN","P","N","","0","","","S"
"DF1_LOJREM","005","SA1->A1_EST","DF1_EST","P","N","","0","","","S"
"DF1_LOJREM","006","SA1->A1_CEP","DF1_CEP","P","N","","0","","","S"
"DF1_LOJREM","007","Space(Len(DF1->DF1_SQEREM))","DF1_SQEREM","P","N","","0","","","S"
"DF1_SERVIC","001","X5Descri()","DF1_DESSER","P","S","SX5","1","xFilial()+""L4""+M->DF1_SERVIC","","S"
"DF1_SQEDES","001","SA1->A1_NOME","DF1_NOMDES","P","S","SA1","1","xFilial('SA1')+aCols[n,GDFieldPos('DF1_CLIDES')]+aCols[n,GDFieldPos('DF1_LOJDES')]","!Empty(M->DF1_SQEDES)","S"
"DF1_SQEDES","002","Iif(Empty(M->DF1_SQEDES), SA1->A1_END, DUL->DUL_END)","DF1_ENDDES","P","S","DUL","1","xFilial('DUL')+SA1->A1_DDD+SA1->A1_TEL+M->DF1_SQEDES","!Empty(M->DF1_SQEDES)","S"
"DF1_SQEDES","003","Iif(Empty(M->DF1_SQEDES), SA1->A1_BAIRRO, DUL->DUL_BAIRRO)","DF1_BAIDES","P","N","","0","","!Empty(M->DF1_SQEDES)","S"
"DF1_SQEDES","004","Iif(Empty(M->DF1_SQEDES), SA1->A1_MUN, DUL->DUL_MUN)","DF1_MUNDES","P","N","","0","","!Empty(M->DF1_SQEDES)","S"
"DF1_SQEDES","005","Iif(Empty(M->DF1_SQEDES), SA1->A1_EST, DUL->DUL_EST)","DF1_ESTDES","P","N","","0","","!Empty(M->DF1_SQEDES)","S"
"DF1_SQEDES","006","Iif(Empty(M->DF1_SQEDES), SA1->A1_CEP, DUL->DUL_CEP)","DF1_CEPDES","P","N","","0","","!Empty(M->DF1_SQEDES)","S"
"DF1_SQEREM","001","DUE->DUE_NOME","DF1_NOMREM","P","S","DUE","3","xFilial('DUE')+aCols[n,GDFieldPos('DF1_CLIREM')]+aCols[n,GDFieldPos('DF1_LOJREM')]","!Empty(M->DF1_SQEREM)","S"
"DF1_SQEREM","002","Iif(Empty(M->DF1_SQEREM), DUE->DUE_END, DUL->DUL_END)","DF1_END","P","S","DUL","1","xFilial('DUL')+DUE->DUE_DDD+DUE->DUE_TEL+M->DF1_SQEREM","!Empty(M->DF1_SQEREM)","S"
"DF1_SQEREM","003","Iif(Empty(M->DF1_SQEREM), DUE->DUE_BAIRRO, DUL->DUL_BAIRRO)","DF1_BAIRRO","P","N","","0","","!Empty(M->DF1_SQEREM)","S"
"DF1_SQEREM","004","Iif(Empty(M->DF1_SQEREM), DUE->DUE_MUN, DUL->DUL_MUN)","DF1_MUN","P","N","","0","","!Empty(M->DF1_SQEREM)","S"
"DF1_SQEREM","005","Iif(Empty(M->DF1_SQEREM), DUE->DUE_EST, DUL->DUL_EST)","DF1_EST","P","N","","0","","!Empty(M->DF1_SQEREM)","S"
"DF1_SQEREM","006","Iif(Empty(M->DF1_SQEREM), DUE->DUE_CEP, DUL->DUL_CEP)","DF1_CEP","P","N","","0","","!Empty(M->DF1_SQEREM)","S"
"DF2_CODEMB","001","SX5->X5_DESCRI","DF2_DESEMB","P","S","SX5","1","xFilial(""SX5"")+""MG""+M->DF2_CODEMB","","S"
"DF2_CODPRO","001","SB1->B1_DESC","DF2_DESPRO","P","S","SB1","1","xFilial(""SB1"")+M->DF2_CODPRO","","S"
"DF3_CODPAS","001","DT3->DT3_DESCRI","DF3_DESPAS","P","S","DT3","1","xFilial(""DT3"")+M->DF3_CODPAS","","S"
"DF5_TIPVEI","001","DUT->DUT_DESCRI","DF5_DESVEI","P","S","DUT","1","xFilial(""DUT"")+M->DF5_TIPVEI","","S"
"DG_CODDES","001","DT7->DT7_DESCRI","DG_DESCRI","P","S","DT7","1","xFilial()+M->DG_CODDES","","S"
"DG_CODVEI","001","DA3->DA3_DESC","DG_DESVEI","P","S","DA3","1","xFilial()+M->DG_CODVEI","","S"
"DH_CLIENTE","001","Space(Len(SA1->A1_COD))","DH_FORNECE","P","N","","0","","","S"
"DH_FORNECE","001","Space(Len(SA2->A2_COD))","DH_CLIENTE","P","N","","0","","","S"
"DH_LOJACLI","001","Space(Len(SA2->A2_LOJA))","DH_LOJAFOR","P","N","","0","","","S"
"DH_LOJAFOR","001","Space(Len(SA1->A1_LOJA))","DH_LOJACLI","P","N","","0","","","S"
"DT0_CDRDES","001","DUY->DUY_DESCRI","DT0_REGDES","P","S","DUY","1","xFilial()+M->DT0_CDRDES","!Empty(M->DT0_CDRDES)","S"
"DT0_CDRORI","001","DUY->DUY_DESCRI","DT0_REGORI","P","S","DUY","1","xFilial()+M->DT0_CDRORI","!Empty(M->DT0_CDRORI)","S"
"DT0_CODPRO","001","Posicione(""SB1"",1,xFilial(""SB1"")+M->DT0_CODPRO,""B1_DESC"")","DT0_DESPRO","P","N","","0","","","S"
"DT1_VALATE","001","M->DT1_VALATE","DT1_FATPES","P","N","","0","","","S"
"DT2_COMSEG","001","DU3->DU3_DESCRI","DT2_DESSEG","P","S","DU3","1","xFilial()+M->DT2_COMSEG","","S"
"DT2_TIPOCO","001","""1""","DTX_NUMAWB","P","","","0","","M->DT2_TIPOCO==""11""","S"
"DT2_TIPPND","001","Tabela(""ME"",M->DT2_TIPPND,.F.)","DT2_DESPND","P","N","","0","","","S"
"DT3_TIPFAI","001","TmsValField(""DT3_TIPFAI"",.F.,""DT3_DESFAI"")","DT3_DESFAI","P","N","","0","","","S"
"DT3_TIPVEI","001","DUT->DUT_DESCRI","DT3_DESTIP","P","S","DUT","1","xFilial(""DUT"")+M->DT3_TIPVEI","","S"
"DT4_CDRDES","001","DUY->DUY_DESCRI","DT4_REGDES","P","S","DUY","1","xFilial()+M->DT4_CDRDES","!Empty(M->DT4_CDRDES)","S"
"DT4_CDRORI","001","DUY->DUY_DESCRI","DT4_REGORI","P","S","DUY","1","xFilial()+M->DT4_CDRORI","!Empty(M->DT4_CDRORI)","S"
"DT4_SERTMS","001","TMSValField(""DT4_SERTMS"",.F.,""DT4_DESSVT"")","DT4_DESSVT","P","N","","0","","","S"
"DT4_SERVIC","001","SX5->X5_DESCRI","DT4_DESSER","P","S","SX5","1","xFilial()+""L4""+M->DT4_SERVIC","!Empty(M->DT4_SERVIC)","S"
"DT5_CDRDCA","001","DUY->DUY_DESCRI","DT5_REGDCA","P","S","DUY","1","xFilial()+M->DT5_CDRDCA","!Empty(M->DT5_CDRDCA)","S"
"DT5_CDRORI","001","DUY->DUY_DESCRI","DT5_REGORI","P","S","DUY","1","xFilial()+M->DT5_CDRORI","!Empty(M->DT5_CDRORI)","S"
"DT5_CLIDES","001","SA1->A1_NOME","DT5_NOMDES","P","S","SA1","1","xFilial(""SA1"")+M->DT5_CLIDES+Alltrim(M->DT5_LOJDES)","","S"
"DT5_CLIDES","002","SA1->A1_LOJA","DT5_LOJDES","P","N","","0","","","S"
"DT5_CLIDES","003","SA1->A1_END","DT5_ENDDES","P","N","","0","","","S"
"DT5_CLIDES","004","SA1->A1_BAIRRO","DT5_BAIDES","P","N","","0","","","S"
"DT5_CLIDES","005","SA1->A1_MUN","DT5_MUNDES","P","N","","0","","","S"
"DT5_CLIDES","006","SA1->A1_EST","DT5_ESTDES","P","N","","0","","","S"
"DT5_CLIDES","007","SA1->A1_CEP","DT5_CEPDES","P","N","","0","","","S"
"DT5_CLIDES","008","Space(Len(DT5->DT5_SQEDES))","DT5_SQEDES","P","N","","0","","","S"
"DT5_DDD","001","DUE->DUE_NOME","DT5_NOME","P","S","DUE","1","xFilial('DUE')+M->DT5_DDD+M->DT5_TEL","!Empty(M->DT5_TEL)","S"
"DT5_DDD","002","DUE->DUE_END","DT5_END","P","N","","0","","!Empty(M->DT5_TEL)","S"
"DT5_DDD","003","DUE->DUE_BAIRRO","DT5_BAIRRO","P","N","","0","","!Empty(M->DT5_TEL)","S"
"DT5_DDD","004","DUE->DUE_MUN","DT5_MUN","P","N","","0","","!Empty(M->DT5_TEL)","S"
"DT5_DDD","005","DUE->DUE_EST","DT5_EST","P","N","","0","","!Empty(M->DT5_TEL)","S"
"DT5_DDD","006","DUE->DUE_CEP","DT5_CEP","P","N","","0","","!Empty(M->DT5_TEL)","S"
"DT5_DDD","007","DUE->DUE_CONTAT","DT5_CONTAT","P","N","","0","","!Empty(M->DT5_TEL)","S"
"DT5_DDD","008","DUE->DUE_TIPTRA","DT5_TIPTRA","P","N","","0","","","S"
"DT5_DDD","009","TMSValField(""M->DT5_TIPTRA"",.F.)","DT5_DESTPT","P","N","","0","","!Empty(M->DT5_TIPTRA)","S"
"DT5_DDD","010","DUE->DUE_HORCOI","DT5_HORCOI","P","N","","0","","","S"
"DT5_DDD","011","DUE->DUE_HORCOF","DT5_HORCOF","P","N","","0","","","S"
"DT5_FILORI","001","Posicione(""SX6"", 1, M->DT5_FILORI+""MV_CDRORI"", ""X6_CONTEUD"")","DT5_CDRORI","P","N","","0","","","S"
"DT5_LOJDES","001","SA1->A1_NOME","DT5_NOMDES","P","S","SA1","1","xFilial(""SA1"")+M->DT5_CLIDES+M->DT5_LOJDES","","S"
"DT5_LOJDES","002","SA1->A1_END","DT5_ENDDES","P","N","","0","","","S"
"DT5_LOJDES","003","SA1->A1_BAIRRO","DT5_BAIDES","P","N","","0","","","S"
"DT5_LOJDES","004","SA1->A1_MUN","DT5_MUNDES","P","N","","0","","","S"
"DT5_LOJDES","005","SA1->A1_EST","DT5_ESTDES","P","N","","0","","","S"
"DT5_LOJDES","006","SA1->A1_CEP","DT5_CEPDES","P","N","","0","","","S"
"DT5_SEQEND","001","DUE->DUE_NOME","DT5_NOME","P","S","DUE","1","xFilial()+M->DT5_DDD+M->DT5_TEL","","S"
"DT5_SEQEND","002","Iif(Empty(M->DT5_SEQEND), DUE->DUE_END, DUL->DUL_END)","DT5_END","P","S","DUL","1","xFilial('DUL')+M->DT5_DDD+M->DT5_TEL+M->DT5_SEQEND","","S"
"DT5_SEQEND","003","Iif(Empty(M->DT5_SEQEND), DUE->DUE_BAIRRO, DUL->DUL_BAIRRO)","DT5_BAIRRO","P","N","","0","","","S"
"DT5_SEQEND","004","Iif(Empty(M->DT5_SEQEND), DUE->DUE_MUN, DUL->DUL_MUN)","DT5_MUN","P","N","","0","","","S"
"DT5_SEQEND","005","Iif(Empty(M->DT5_SEQEND), DUE->DUE_EST, DUL->DUL_EST)","DT5_EST","P","N","","0","","","S"
"DT5_SEQEND","006","Iif(Empty(M->DT5_SEQEND), DUE->DUE_CEP, DUL->DUL_CEP)","DT5_CEP","P","N","","0","","","S"
"DT5_SEQEND","007","DUE->DUE_CONTAT","DT5_CONTAT","P","N","","0","","!Empty(M->DT5_TEL)","S"
"DT5_SQEDES","001","SA1->A1_NOME","DT5_NOMDES","P","S","SA1","1","xFilial(""SA1"")+M->DT5_CLIDES+M->DT5_LOJDES","","S"
"DT5_SQEDES","002","Iif(Empty(M->DT5_SQEDES), SA1->A1_END, DUL->DUL_END)","DT5_ENDDES","P","S","DUL","1","xFilial(""DUL"")+SA1->A1_DDD+SA1->A1_TEL+M->DT5_SQEDES","","S"
"DT5_SQEDES","003","Iif(Empty(M->DT5_SQEDES), SA1->A1_BAIRRO, DUL->DUL_BAIRRO)","DT5_BAIDES","P","N","","0","","","S"
"DT5_SQEDES","004","Iif(Empty(M->DT5_SQEDES), SA1->A1_MUN, DUL->DUL_MUN)","DT5_MUNDES","P","N","","0","","","S"
"DT5_SQEDES","005","Iif(Empty(M->DT5_SQEDES), SA1->A1_EST, DUL->DUL_EST)","DT5_ESTDES","P","N","","0","","","S"
"DT5_SQEDES","006","Iif(Empty(M->DT5_SQEDES), SA1->A1_CEP, DUL->DUL_CEP)","DT5_CEPDES","P","N","","0","","","S"
"DT5_TEL","001","DUE->DUE_NOME","DT5_NOME","P","S","DUE","1","xFilial('DUE')+M->DT5_DDD+M->DT5_TEL","!Empty(M->DT5_DDD)","S"
"DT5_TEL","002","DUE->DUE_END","DT5_END","P","N","","0","","!Empty(M->DT5_DDD)","S"
"DT5_TEL","003","DUE->DUE_BAIRRO","DT5_BAIRRO","P","N","","0","","!Empty(M->DT5_DDD)","S"
"DT5_TEL","004","DUE->DUE_MUN","DT5_MUN","P","N","","0","","!Empty(M->DT5_DDD)","S"
"DT5_TEL","005","DUE->DUE_EST","DT5_EST","P","N","","0","","!Empty(M->DT5_DDD)","S"
"DT5_TEL","006","DUE->DUE_CEP","DT5_CEP","P","N","","0","","!Empty(M->DT5_DDD)","S"
"DT5_TEL","007","DUE->DUE_CONTAT","DT5_CONTAT","P","N","","0","","!Empty(M->DT5_TEL)","S"
"DT5_TEL","008","DUE->DUE_TIPTRA","DT5_TIPTRA","P","N","","0","","","S"
"DT5_TEL","009","TMSValField(""M->DT5_TIPTRA"",.F.)","DT5_DESTPT","P","N","","0","","!Empty(M->DT5_TIPTRA)","S"
"DT9_AGRPAS","001","DT3->DT3_DESCRI","DT9_DESAGR","P","S","DT3","1","xFilial()+M->DT9_AGRPAS","","S"
"DT9_CODPAS","001","DT3->DT3_DESCRI","DT9_DESPAS","P","S","DT3","1","xFilial()+M->DT9_CODPAS","","S"
"DT9_CODPAS","002","DT3->DT3_CALPES","DT9_CALPES","P","S","DT3","1","xFilial()+M->DT9_CODPAS","","S"
"DTB_CDRDES","001","DUY->DUY_DESCRI","DTB_REGDES","P","S","DUY","1","xFilial()+M->DTB_CDRDES","!Empty(M->DTB_CDRDES)","S"
"DTB_CODMOT","001","Posicione(""DA4"",1,xFilial(""DA4"")+M->DTB_CODMOT,""DA4_NOME"")","DTB_NOMMOT","P","N","","0","","","S"
"DTC_ALIANC","001","Tabela(""MI"",M->DTC_ALIANC)","DTC_DESALI","P","N","","0","","!Empty(M->DTC_ALIANC)","S"
"DTC_CDRCAL","001","DUY->DUY_DESCRI","DTC_REGCAL","P","S","DUY","1","xFilial()+M->DTC_CDRCAL","","S"
"DTC_CDRDES","001","DUY->DUY_DESCRI","DTC_REGDES","P","S","DUY","1","xFilial()+M->DTC_CDRDES","!Empty(M->DTC_CDRDES)","S"
"DTC_CDRPER","001","DUY->DUY_DESCRI","DTC_REGPER","P","S","DUY","1","xFilial()+M->DTC_CDRPER","!Empty(M->DTC_CDRPER)","S"
"DTC_CLICON","001","SA1->A1_NOME","DTC_NOMCON","P","S","SA1","1","xFilial()+M->DTC_CLICON+M->DTC_LOJCON","!Empty(M->DTC_CLICON)","S"
"DTC_CLIDES","001","SA1->A1_NOME","DTC_NOMDES","P","S","SA1","1","xFilial()+M->DTC_CLIDES+M->DTC_LOJDES","!Empty(M->DTC_CLIDES)","S"
"DTC_CLIDES","002","SA1->A1_CDRDES","DTC_CDRDES","P","S","SA1","1","xFilial()+M->DTC_CLIDES+M->DTC_LOJDES","Empty(M->DTC_NUMCOT)","S"
"DTC_CLIDES","003","DUY->DUY_DESCRI","DTC_REGDES","P","S","DUY","1","xFilial()+M->DTC_CDRDES","!Empty(M->DTC_CDRDES)","S"
"DTC_CLIDES","004","TMSDestCal( M->DTC_CLIDEV, M->DTC_LOJDEV, M->DTC_CDRDES )","DTC_CDRCAL","P","N","","0","","","S"
"DTC_CLIDES","005","DUY->DUY_DESCRI","DTC_REGCAL","P","S","DUY","1","xFilial()+M->DTC_CDRCAL","","S"
"DTC_CLIDES","006","TMSA050Ali()","DTC_ALIANC","P","N","","0","","","S"
"DTC_CLIDPC","001","SA1->A1_NOME","DTC_NOMDPC","P","S","SA1","1","xFilial()+M->DTC_CLIDPC+M->DTC_LOJDPC","!Empty(M->DTC_CLIDPC)","S"
"DTC_CLIREM","001","SA1->A1_NOME","DTC_NOMREM","P","S","SA1","1","xFilial()+M->DTC_CLIREM+M->DTC_LOJREM","!Empty(M->DTC_CLIREM)","S"
"DTC_CODEMB","001","SX5->X5_DESCRI","DTC_DESEMB","P","S","SX5","1","xFilial()+""MG""+M->DTC_CODEMB","","S"
"DTC_CODPRO","001","SB1->B1_DESC","DTC_DESPRO","P","S","SB1","1","xFilial()+M->DTC_CODPRO","!Empty(M->DTC_CODPRO)","S"
"DTC_LOJDES","001","SA1->A1_NOME","DTC_NOMDES","P","S","SA1","1","xFilial()+M->DTC_CLIDES+M->DTC_LOJDES","!Empty(M->DTC_CLIDES)","S"
"DTC_LOJDES","002","SA1->A1_CDRDES","DTC_CDRDES","P","S","SA1","1","xFilial()+M->DTC_CLIDES+M->DTC_LOJDES","Empty(M->DTC_NUMCOT)","S"
"DTC_LOJDES","003","DUY->DUY_DESCRI","DTC_REGDES","P","S","DUY","1","xFilial()+M->DTC_CDRDES","!Empty(M->DTC_CDRDES)","S"
"DTC_LOJDES","004","TMSDestCal( M->DTC_CLIDEV, M->DTC_LOJDEV, M->DTC_CDRDES )","DTC_CDRCAL","P","N","","0","","","S"
"DTC_LOJDES","005","DUY->DUY_DESCRI","DTC_REGCAL","P","S","DUY","1","xFilial()+M->DTC_CDRCAL","","S"
"DTC_LOTNFC","001","Posicione(""DTP"",2,xFilial(""DTP"")+M->DTC_FILORI+M->DTC_LOTNFC,""DTP_NUMSOL"")","DTC_NUMSOL","P","N","","0","","","S"
"DTC_SERTMS","001","TMSValField(""DTC_SERTMS"",.F.,""DTC_DESSVT"")","DTC_DESSVT","P","N","","0","","","S"
"DTC_SERVIC","001","X5DESCRI()","DTC_DESSER","P","S","SX5","1","xFilial()+""L4""+M->DTC_SERVIC","","S"
"DTD_CDRDES","001","DUY->DUY_DESCRI","DTD_REGDES","P","S","DUY","1","xFilial()+M->DTD_CDRDES","!Empty(M->DTD_CDRORI)","S"
"DTD_CDRORI","001","DUY->DUY_DESCRI","DTD_REGORI","P","S","DUY","1","xFilial()+M->DTD_CDRORI","!Empty(M->DTD_CDRORI)","S"
"DTG_VALATE","001","M->DTG_VALATE","DTG_FATPES","P","N","","0","","","S"
"DTH_CDRCAL","001","DUY->DUY_DESCRI","DTH_REGCAL","P","S","DUY","1","xFilial()+M->DTH_CDRCAL","","S"
"DTH_CDRDES","001","DUY->DUY_DESCRI","DTH_REGDES","P","S","DUY","1","xFilial()+M->DTH_CDRDES","","S"
"DTH_CLIDEV","001","SA1->A1_NOME","DTH_NOMDEV","P","S","SA1","1","xFilial()+M->DTH_CLIDEV+M->DTH_LOJDEV","","S"
"DTH_LOJDEV","001","SA1->A1_NOME","DTH_NOMDEV","P","S","SA1","1","xFilial()+M->DTH_CLIDEV+M->DTH_LOJDEV","","S"
"DTI_CLICON","001","SA1->A1_NOME","DTI_NOMCON","P","S","SA1","1","xFilial()+M->DTI_CLICON+M->DTI_LOJCON","","S"
"DTI_CLIDES","001","SA1->A1_NOME","DTI_NOMDES","P","S","SA1","1","xFilial()+M->DTI_CLIDES+M->DTI_LOJDES","","S"
"DTI_CLIREM","001","SA1->A1_NOME","DTI_NOMREM","P","S","SA1","1","xFilial()+M->DTI_CLIREM+M->DTI_LOJREM","","S"
"DTI_LOJCON","001","SA1->A1_NOME","DTI_NOMCON","P","S","SA1","1","xFilial()+M->DTI_CLICON+M->DTI_LOJCON","","S"
"DTI_LOJDES","001","SA1->A1_NOME","DTI_NOMDES","P","S","SA1","1","xFilial()+M->DTI_CLIDES+M->DTI_LOJDES","","S"
"DTI_LOJREM","001","SA1->A1_NOME","DTI_NOMREM","P","S","SA1","1","xFilial()+M->DTI_CLIREM+M->DTI_LOJREM","","S"
"DTJ_CNDCON","001","X5DESCRI()","DTJ_DSCCON","P","S","SX5","1","xFilial()+""M4""+M->DTJ_CNDCON","","S"
"DTJ_CNDDEP","001","X5DESCRI()","DTJ_DSCDEP","P","S","SX5","1","xFilial()+""M4""+M->DTJ_CNDDEP","","S"
"DTJ_CNDDES","001","X5DESCRI()","DTJ_DSCDES","P","S","SX5","1","xFilial()+""M4""+M->DTJ_CNDDES","","S"
"DTJ_CNDREM","001","X5DESCRI()","DTJ_DSCREM","P","S","SX5","1","xFilial()+""M4""+M->DTJ_CNDREM","","S"
"DTL_TIPTAB","001","X5DESCRI()","DTL_DESTIP","P","S","SX5","1","xFilial()+""M5""+M->DTL_TIPTAB","","S"
"DTN_GRPVEN","001","DUY->DUY_DESCRI","DTN_DESGRP","P","S","DUY","1","xFilial()+M->DTN_GRPVEN","","S"
"DTN_SERTMS","001","TMSValField(""DTN_SERTMS"",.F.,""DTN_DESSVT"")","DTN_DESSVT","P","N","","0","","","S"
"DTN_TIPTRA","001","TMSValField(""DTN_TIPTRA"",.F.,""DTN_DESTPT"")","DTN_DESTPT","P","","","0","","","S"
"DTO_CODMOT","001","Posicione(""DA4"",1,xFilial(""DA4"")+M->DTO_CODMOT,""DA4_NOME"")","DTO_NOMMOT","P","N","","0","","","S"
"DTQ_ROTA","001","Posicione(""DA8"",1,xFilial(""DA8"")+M->DTQ_ROTA,""DA8_DESC"")","DTQ_DESROT","P","N","","0","","","S"
"DTR_CODRB1","001","DA3->DA3_DESC","DTR_MODRB1","P","S","DA3","1","xFilial()+M->DTR_CODRB1","","S"
"DTR_CODRB2","001","DA3->DA3_DESC","DTR_MODRB2","P","S","DA3","1","xFilial()+M->DTR_CODRB2","","S"
"DTR_CODVEI","001","DA3->DA3_DESC","DTR_MODVEI","P","S","DA3","1","xFilial()+M->DTR_CODVEI","","S"
"DTR_CODVEI","002","Posicione(""SA2"",1,xFilial(""SA2"")+DA3->(DA3_CODFOR+DA3_LOJFOR),""A2_NOME"")","DTR_PROVEI","P","N","","0","","","S"
"DTR_CODVEI","003","DA3->DA3_CODFOR","DTR_CREADI","P","N","","0","","","S"
"DTR_CODVEI","004","DA3->DA3_LOJFOR","DTR_LOJCRE","P","N","","0","","","S"
"DTR_CODVEI","005","SA2->A2_NOME","DTR_NOMCRE","P","N","","0","","","S"
"DTR_CREADI","001","Posicione('SA2',1,xFilial()+M->DTR_CREADI+ALLTRIM(M->DTR_LOJCRE),'A2_NOME')","DTR_NOMCRE","P","N","","0","","","S"
"DTR_LOJCRE","001","Posicione('SA2',1,xFilial()+M->DTR_CREADI+M->DTR_LOJCRE,'A2_NOME')","DTR_NOMCRE","P","N","","0","","","S"
"DTS_ROTA","001","Posicione(""DA8"",1,xFilial(""DA8"")+M->DTS_ROTA,""DA8_DESC"")","DTS_DESROT","P","N","","0","","","S"
"DTS_TABCAR","001","DUS->DUS_DESCRI","DTS_DESCRI","P","S","DUS","1","xFilial()+M->DTS_TABCAR","","S"
"DTT_TIPVEI","001","DUT->DUT_DESCRI","DTT_DTPVEI","P","S","DUT","1","xFilial()+M->DTT_TIPVEI","","S"
"DTU_CODVEI","001","Posicione(""DA3"",1,xFilial(""DA3"")+M->DTU_CODVEI,""DA3_DESC"")","DTU_MODVEI","P","N","","0","","","S"
"DTU_CODVEI","002","TMSTipoVei( M->DTU_CODVEI )","DTU_TIPVEI","P","N","","0","","","S"
"DTU_CODVEI","003","Posicione(""DA3"",1,xFilial(""DA3"")+M->DTU_CODVEI,""DA3_PLACA"")","DTU_PLACA","P","N","","0","","","S"
"DTU_CODVEI","004","TA430SgOdo()","DTU_ODOENT","P","N","","0","","","S"
"DTU_CODVEI","005","TA430SgOdo()","DTU_ODOSAI","P","N","","0","","","S"
"DTV_CDRDES","001","DUY->DUY_DESCRI","DTV_REGDES","P","S","DUY","1","xFilial()+M->DTV_CDRDES","!Empty(M->DTV_CDRDES)","S"
"DTV_CODCIA","001","SA2->A2_NOME","DTV_NOMCIA","P","S","SA2","1","xFilial(""SA2"")+M->DTV_CODCIA+M->DTV_LOJCIA","","S"
"DTV_CODPRO","001","PADR(SB1->B1_DESC,LEN(SB1->B1_DESC))","DTV_DESPRO","P","S","SB1","1","XFILIAL(""SB1"")+M->DTV_CODPRO","","S"
"DTV_DESPRO","001","PADR(SB1->B1_COD,LEN(SB1->B1_COD))","DTV_CODPRO","P","S","SB1","3","XFILIAL(""SB1"")+M->DTV_DESPRO","","S"
"DTV_LOJCIA","001","SA2->A2_NOME","DTV_NOMCIA","P","S","SA2","1","xFilial(""SA2"")+M->DTV_CODCIA+M->DTV_LOJCIA","","S"
"DU0_CODFOR","001","SA2->A2_NOME","DU0_NOMFOR","P","S","SA2","1","xFilial()+M->DU0_CODFOR+M->DU0_LOJFOR","","S"
"DU0_CODROD","001","Posicione(""DTZ"",1,xFilial(""DU0"")+M->DU0_CODROD,""DTZ_NOMROD"")","DU0_NOMROD","P","N","","0","","","S"
"DU0_CODROD","002","TmsA270Seq()","DU0_SEQPDG","P","N","","0","","","S"
"DU0_LOJFOR","001","SA2->A2_NOME","DU0_NOMFOR","P","S","SA2","1","xFilial()+M->DU0_CODFOR+M->DU0_LOJFOR","","S"
"DU1_CODCLI","001","SA1->A1_NOME","DU1_NOMCLI","P","S","SA1","1","xFilial()+M->DU1_CODCLI+M->DU1_LOJCLI","","S"
"DU1_LOJCLI","001","SA1->A1_NOME","DU1_NOMCLI","P","S","SA1","1","xFilial()+M->DU1_CODCLI+M->DU1_LOJCLI","","S"
"DU2_ROTA","001","Posicione(""DA8"",1,xFilial(""DA8"")+M->DU2_ROTA,""DA8_DESC"")","DU2_DESROT","P","N","","0","","","S"
"DU4_TPTSEG","001","X5DESCRI()","DU4_DESTPT","P","S","SX5","1","xFilial()+""MD""+M->DU4_TPTSEG","","S"
"DU5_CDRDES","001","DUY->DUY_DESCRI","DU5_REGDES","P","S","DUY","1","xFilial()+M->DU5_CDRDES","","S"
"DU5_CDRORI","001","DUY->DUY_DESCRI","DU5_REGORI","P","S","DUY","1","xFilial()+M->DU5_CDRORI","","S"
"DU5_CODPRO","001","SB1->B1_DESC","DU5_DESPRO","P","S","SB1","1","xFilial()+M->DU5_CODPRO","!Empty(M->DU5_CODPRO)","S"
"DU6_CDRDES","001","DUY->DUY_DESCRI","DU6_REGDES","P","S","DUY","1","xFilial()+M->DU6_CDRDES","","S"
"DU6_COMSEG","001","DU3->DU3_DESCRI","DU6_DESCOM","P","S","DU3","1","xFilial()+M->DU6_COMSEG","","S"
"DU8_CODFOR","001","SA2->A2_NOME","DU8_NOMFOR","P","S","SA2","1","xFilial()+M->DU8_CODFOR+M->DU8_LOJFOR","","S"
"DU9_CODHIS","001","Posicione(""DVI"",1,xFilial(""DVI"")+M->DU9_CODHIS,""DVI_HISTOR"")","DU9_HISTOR","P","","","0","","","S"
"DU9_CODHIS","002","Posicione(""DVI"",1,xFilial(""DVI"")+M->DU9_CODHIS,""DVI_TIPCAL"")","DU9_TIPCAL","P","","","0","","","S"
"DUA_CODOCO","001","DT2->DT2_DESCRI","DUA_DESOCO","P","S","DT2","1","xFilial()+M->DUA_CODOCO","!Empty(M->DUA_CODOCO)","S"
"DUB_CODOCO","001","DT2->DT2_DESCRI","DUB_DESOCO","P","S","DT2","1","xFilial()+M->DUB_CODOCO","!Empty(M->DUB_CODOCO)","S"
"DUB_COMSEG","001","DU3->DU3_DESCRI","DUB_DESSEG","P","S","DU3","1","xFilial()+M->DUB_COMSEG","!Empty(M->DUB_COMSEG)","S"
"DUB_VALPRE","001","Tmsa370Val()","DUB_VALIND","P","N","","0","","","S"
"DUE_CDRSOL","001","DUY->DUY_DESCRI","DUE_REGSOL","P","S","DUY","1","xFilial(""DUY"")+M->DUE_CDRSOL","","S"
"DUE_CODCLI","001","SA1->A1_NOME","DUE_NOME","P","S","SA1","1","xFilial()+M->DUE_CODCLI+M->DUE_LOJCLI","","S"
"DUE_CODCLI","002","SA1->A1_NREDUZ","DUE_NREDUZ","P","N","","0","","","S"
"DUE_CODCLI","003","SA1->A1_END","DUE_END","P","N","","0","","","S"
"DUE_CODCLI","004","SA1->A1_MUN","DUE_MUN","P","N","","0","","","S"
"DUE_CODCLI","005","SA1->A1_EST","DUE_EST","P","N","","0","","","S"
"DUE_CODCLI","006","SA1->A1_BAIRRO","DUE_BAIRRO","P","N","","0","","","S"
"DUE_CODCLI","007","SA1->A1_CEP","DUE_CEP","P","N","","0","","","S"
"DUE_CODCLI","008","SA1->A1_CGC","DUE_CGC","P","N","","0","","","S"
"DUE_CODCLI","009","SA1->A1_INSCR","DUE_INSCR","P","N","","0","","","S"
"DUE_CODCLI","010","SA1->A1_CONTATO","DUE_CONTAT","P","N","","0","","","S"
"DUE_CODCLI","011","SA1->A1_EMAIL","DUE_EMAIL","P","N","","0","","","S"
"DUE_CODCLI","012","SA1->A1_DDD","DUE_DDD","P","N","","0","","","S"
"DUE_CODCLI","013","SA1->A1_TEL","DUE_TEL","P","N","","0","","","S"
"DUE_CODCLI","014","SA1->A1_CDRDES","DUE_CDRSOL","P","N","","0","","","S"
"DUE_CODCLI","015","DUY->DUY_DESCRI","DUE_REGSOL","P","S","DUY","1","xFilial(""DUY"")+M->DUE_CDRSOL","","S"
"DUE_LOJCLI","001","SA1->A1_NOME","DUE_NOME","P","S","SA1","1","xFilial()+M->DUE_CODCLI+M->DUE_LOJCLI","","S"
"DUE_LOJCLI","002","SA1->A1_NREDUZ","DUE_NREDUZ","P","N","","0","","","S"
"DUE_LOJCLI","003","SA1->A1_END","DUE_END","P","N","","0","","","S"
"DUE_LOJCLI","004","SA1->A1_MUN","DUE_MUN","P","N","","0","","","S"
"DUE_LOJCLI","005","SA1->A1_EST","DUE_EST","P","N","","0","","","S"
"DUE_LOJCLI","006","SA1->A1_BAIRRO","DUE_BAIRRO","P","N","","0","","","S"
"DUE_LOJCLI","007","SA1->A1_CEP","DUE_CEP","P","N","","0","","","S"
"DUE_LOJCLI","008","SA1->A1_CGC","DUE_CGC","P","N","","0","","","S"
"DUE_LOJCLI","009","SA1->A1_INSCR","DUE_INSCR","P","N","","0","","","S"
"DUE_LOJCLI","010","SA1->A1_CONTATO","DUE_CONTAT","P","N","","0","","","S"
"DUE_LOJCLI","011","SA1->A1_EMAIL","DUE_EMAIL","P","N","","0","","","S"
"DUF_REGTRI","001","Tabela(""MC"",M->DUF_REGTRI,.F.)","DUF_DESCRI","P","N","","0","","","S"
"DUG_CODPAS","001","Posicione(""DT3"",1,xFilial(""DT3"")+M->DUG_CODPAS,""DT3_DESCRI"")","DUG_DESPAS","P","N","","0","","","S"
"DUI_CODPRO","001","SB1->B1_DESC","DUI_DESPRO","P","S","SB1","1","xFilial()+M->DUI_CODPRO","","S"
"DUI_PRDCIF","001","SB1->B1_DESC","DUI_DESCIF","P","","","0","xFilial()+M->DUI_PRDCIF","","S"
"DUJ_CODFOR","001","SA2->A2_NOME","DUJ_NOMFOR","P","S","SA2","1","xFilial()+M->DUJ_CODFOR+M->DUJ_LOJFOR","","S"
"DUJ_LOJFOR","001","SA2->A2_NOME","DUJ_NOMFOR","P","S","SA2","1","xFilial()+M->DUJ_CODFOR+M->DUJ_LOJFOR","","S"
"DUK_CODFUN","001","DCD->DCD_NOMFUN","DUK_NOMFUN","P","S","DCD","1","xFilial()+M->DUK_CODFUN","","S"
"DUL_CODCLI","001","SA1->A1_NOME","DUL_NOME","P","S","SA1","1","xFilial(""SA1"")+M->DUL_CODCLI+M->DUL_LOJCLI","!Empty(M->DUL_CODCLI)","S"
"DUL_LOJCLI","001","SA1->A1_NOME","DUL_NOME","P","S","SA1","1","xFilial(""SA1"")+M->DUL_CODCLI+M->DUL_LOJCLI","!Empty(M->DUL_LOJCLI)","S"
"DUM_CODEMB","001","SX5->X5_DESCRI","DUM_DESEMB","P","S","SX5","1","xFilial()+""MG""+M->DUM_CODEMB","","S"
"DUM_CODPRO","001","Posicione(""SB1"",1,xFilial(""SB1"")+M->DUM_CODPRO,""B1_DESC"")","DUM_DESPRO","P","N","","0","","","S"
"DUN_CDRDCA","001","DUY->DUY_DESCRI","DUN_REGDCA","P","S","DUY","1","xFilial()+M->DUN_CDRDCA","","S"
"DUN_CDRDCA","002","DUY->DUY_FILDES","DUN_FILDCA","P","N","","0","","","S"
"DUN_CDRDES","001","DUY->DUY_DESCRI","DUN_REGDES","P","S","DUY","1","xFilial()+M->DUN_CDRDES","!Empty(M->DUN_CDRDES)","S"
"DUN_CDRDES","002","DUY->DUY_FILDES","DUN_FILDES","P","S","DUY","1","xFilial()+M->DUN_CDRDES","!Empty(M->DUN_CDRDES)","S"
"DUO_CLIAGR","001","SA1->A1_NOME","DUO_NOMAGR","P","S","SA1","1","xFilial()+M->DUO_CLIAGR+M->DUO_LOJAGR","","S"
"DUO_CNDFRE","001","Tabela(""M4"",M->DUO_CNDFRE,.F.)","DUO_DESCND","P","N","","0","","","S"
"DUO_CODCLI","001","SA1->A1_NOME","DUO_NOMCLI","P","S","SA1","1","xFilial()+M->DUO_CODCLI+M->DUO_LOJCLI","","S"
"DUO_LOJAGR","001","SA1->A1_NOME","DUO_NOMAGR","P","S","SA1","1","xFilial()+M->DUO_CLIAGR+M->DUO_LOJAGR","","S"
"DUO_LOJCLI","001","SA1->A1_NOME","DUO_NOMCLI","P","S","SA1","1","xFilial()+M->DUO_CODCLI+M->DUO_LOJCLI","","S"
"DUO_TIPFAT","001","Posicione(""DUZ"",1,xFilial()+M->DUO_TIPFAT,""DUZ_DESCRI"")","DUO_DESFAT","P","N","","0","","","S"
"DUP_CODMOT","001","DA4->DA4_NOME","DUP_NOMMOT","P","S","DA4","1","xFilial()+M->DUP_CODMOT","","S"
"DUP_CODMOT","002","DA4->DA4_TIPMOT","DUP_TIPMOT","P","","","0","","","S"
"DUQ_CODAJU","001","DAU->DAU_NOME","DUQ_NOMAJU","P","S","DAU","1","xFilial()+M->DUQ_CODAJU","","S"
"DUR_CODPAS","001","DT3->DT3_DESCRI","DUR_DESPAS","P","S","DT3","1","xFilial()+M->DUR_CODPAS","","S"
"DUR_GRPVEN","001","DUY->DUY_DESCRI","DUR_DESGRP","P","S","DUY","1","xFilial() + M->DUR_GRPVEN","","S"
"DUU_CODCLI","001","SA1->A1_NOME","DUU_NOMCLI","P","S","SA1","1","xFilial()+M->DUU_CODCLI+M->DUU_LOJCLI","!Empty(M->DUU_CODCLI)","S"
"DUW_COMSEG","001","DU3->DU3_DESCRI","DUW_DESSEG","P","S","DU3","1","xFilial()+M->DUW_COMSEG","!Empty(M->DUW_COMSEG)","S"
"DUW_TABSEG","001","Tabela(""MD"",M->DUW_TPTSEG,.F.)","DUW_DESTPT","P","","","0","","","S"
"DUW_TPTSEG","001","Tabela(""MD"",M->DUW_TPTSEG,.F.)","DUW_DESTPT","P","","","0","","","S"
"DUX_SERVIC","001","Tabela(""L4"",M->DUX_SERVIC,.F.)","DUX_DESSER","P","N","","0","","","S"
"DV1_CODCLI","001","Posicione(""SA1"",1,xFilial(""SA1"")+M->DV1_CODCLI+M->DV1_LOJCLI,""A1_NOME"")","DV1_NOMCLI","P","N","","0","","","S"
"DV1_CODPRO","001","SB1->B1_DESC","DV1_DESPRO","P","S","SB1","1","xFilial()+M->DV1_CODPRO","!EMPTY (M->DV1_CODPRO)","S"
"DV1_LOJCLI","001","Posicione(""SA1"",1,xFilial(""SA1"")+M->DV1_CODCLI+M->DV1_LOJCLI,""A1_NOME"")","DV1_NOMCLI","P","N","","0","","","S"
"DV1_REGTRI","001","Tabela(""MC"",M->DV1_REGTRI)","DV1_DESREG","P","N","","0","","","S"
"DV2_CODCLI","001","SA1->A1_NOME","DV2_NOMCLI","P","S","SA1","1","xFilial()+M->DV2_CODCLI+M->DV2_LOJCLI","","S"
"DV2_LOJCLI","001","SA1->A1_NOME","DV2_NOMCLI","P","S","SA1","1","xFilial()+M->DV2_CODCLI+M->DV2_LOJCLI","","S"
"DV3_CODCLI","001","SA1->A1_NOME","DV3_NOMCLI","P","S","SA1","1","xFilial()+M->DV3_CODCLI+M->DV3_LOJCLI","","S"
"DV3_LOJCLI","001","SA1->A1_NOME","DV3_NOMCLI","P","S","SA1","1","xFilial()+M->DV3_CODCLI+M->DV3_LOJCLI","","S"
"DV5_CODBLQ","001","Tabela(""M2"",M->DV5_CODBLQ,.F.)","DV5_DESBLQ","P","N","","0","","","S"
"DV5_CODCLI","001","SA1->A1_NOME","DV5_NOMCLI","P","S","SA1","1","xFilial()+M->DV5_CODCLI+M->DV5_LOJCLI","","S"
"DV5_LOJCLI","001","SA1->A1_NOME","DV5_NOMCLI","P","S","SA1","1","xFilial()+M->DV5_CODCLI+M->DV5_LOJCLI","","S"
"DV6_CLIDEV","001","SA1->A1_NOME","DV6_NOMDEV","P","S","SA1","1","xFilial(""SA1"")+M->DV6_CLIDEV+M->DV6_LOJDEV","","S"
"DV6_COMSEG","001","DU3->DU3_DESCRI","DV6_DESSEG","P","S","DU3","1","xFilial(""DU3"")+M->DV6_COMSEG","","S"
"DV6_LOJDEV","001","SA1->A1_NOME","DV6_NOMDEV","P","S","SA1","1","xFilial(""SA1"")+M->DV6_CLIDEV+M->DV6_LOJDEV","","S"
"DV8_CDRDES","001","DUY->DUY_DESCRI","DV8_REGDES","P","S","DUY","1","xFilial()+M->DV8_CDRDES","!Empty(M->DV8_CDRDES)","S"
"DVA_CDRDES","001","DUY->DUY_DESCRI","DVA_REGDES","P","S","DUY","1","xFilial()+M->DVA_CDRDES","!Empty(M->DVA_CDRDES)","S"
"DVA_CDRORI","001","DUY->DUY_DESCRI","DVA_REGORI","P","S","DUY","1","xFilial()+M->DVA_CDRORI","!Empty(M->DVA_CDRORI)","S"
"DVA_TIPTRA","001","TMSValField(""DVA_TIPTRA"",.F.,""DVA_DESTPT"")","DVA_DESTPT","P","N","","0","","","S"
"DVC_CDRDES","001","DUY->DUY_DESCRI","DVC_REGDES","P","S","DUY","1","xFilial()+M->DVC_CDRDES","!Empty(M->DVC_CDRDES)","S"
"DVC_CDRORI","001","DUY->DUY_DESCRI","DVC_REGORI","P","S","DUY","1","xFilial()+M->DVC_CDRORI","!Empty(M->DVC_CDRORI)","S"
"DVC_CODCLI","001","SA1->A1_NOME","DVC_NOMCLI","P","S","SA1","1","xFilial()+M->DVC_CODCLI+M->DVC_LOJCLI","","S"
"DVC_CODPRO","001","Posicione(""SB1"",1,xFilial(""SB1"")+M->DVC_CODPRO,""B1_DESC"")","DVC_DESPRO","P","N","","0","","","S"
"DVC_LOJCLI","001","SA1->A1_NOME","DVC_NOMCLI","P","S","SA1","1","xFilial()+M->DVC_CODCLI+M->DVC_LOJCLI","","S"
"DVC_SERVIC","001","X5DESCRI()","DVC_DESSER","P","S","SX5","1","xFilial()+""L4""+M->DVC_SERVIC","","S"
"DVD_VALATE","001","M->DVD_VALATE","DVD_FATPES","P","N","","0","","","S"
"DVE_CODPAS","001","Posicione(""DT3"",1,xFilial(""DT3"")+M->DVE_CODPAS,""DT3_DESCRI"")","DVE_DESPAS","P","N","","0","","","S"
"DVF_CODEMB","001","SX5->X5_DESCRI","DVF_DESEMB","P","S","SX5","1","xFilial()+""MG""+M->DVF_CODEMB","!Empty(M->DVF_CODEMB)","S"
"DVF_CODPRO","001","SB1->B1_DESC","DVF_DESPRO","P","S","SB1","1","xFilial()+M->DVF_CODPRO","!Empty(M->DVF_CODPRO)","S"
"DVG_SERTMS","001","TmsValField(""DVG_SERTMS"", .F., ""DVG_DESSVT"")","DVG_DESSVT","P","N","","0","","","S"
"DVG_TIPTRA","001","TmsValField(""DVG_TIPTRA"", .F., ""DVG_DESTPT"")","DVG_DESTPT","P","N","","0","","","S"
"DVG_TIPVEI","001","DUT->DUT_DESCRI","DVG_DESTIP","P","S","DUT","1","XFILIAL() + M->DVG_TIPVEI","","S"
"DVG_TIPVEI","002","SPACE (TAMSX3 (""DVG_TABCAR"") [1])","DVG_TABCAR","P","N","","0","","","S"
"DVH_CODCIA","001","SA2->A2_NOME","DVH_NOMCIA","P","S","SA2","1","xFilial(""SA2"")+M->DVH_CODCIA+M->DVH_LOJCIA","","S"
"DVH_LOJCIA","001","SA2->A2_NOME","DVH_NOMCIA","P","S","SA2","1","xFilial(""SA2"")+M->DVH_CODCIA+M->DVH_LOJCIA","","S"
"DVJ_CODEMB","001","SX5->X5_DESCRI","DVJ_DESEMB","P","S","SX5","1","xFilial()+""MG""+M->DVJ_CODEMB","","S"
"DVJ_CODPRO","001","Posicione(""SB1"",1,xFilial(""SB1"")+M->DVJ_CODPRO,""B1_DESC"")","DVJ_DESPRO","P","N","","0","","","S"
"DVL_ALIANC","001","Tabela(""MI"",M->DVL_ALIANC)","DVL_DESCRI","P","N","","0","","!Empty(M->DVL_ALIANC)","S"
"DVL_FILALI","001","Posicione(""SM0"",1,cEmpAnt+M->DVL_FILALI,""M0_FILIAL"")","DVL_DESALI","P","N","","0","","","S"
"DVN_CDRDES","001","DUY->DUY_DESCRI","DVN_REGDES","P","S","DUY","1","XFILIAL()+M->DVN_CDRDES","!EMPTY(M->DVN_CDRDES)","S"
"DVN_CDRORI","001","DUY->DUY_DESCRI","DVN_REGORI","P","S","DUY","1","XFILIAL()+M->DVN_CDRORI","!EMPTY(M->DVN_CDRORI)","S"
"DVN_CODCLI","001","SA1->A1_NOME","DVN_NOMCLI","P","S","SA1","1","XFILIAL()+M->DVN_CODCLI+ALLTRIM(M->DVN_LOJCLI)","","S"
"DVN_LOJCLI","001","SA1->A1_NOME","DVN_NOMCLI","P","S","SA1","1","XFILIAL()+M->DVN_CODCLI+ALLTRIM(M->DVN_LOJCLI)","","S"
"DVQ_CODPAS","001","Posicione(""DT3"",1,xFilial(""DT3"")+M->DVQ_CODPAS,""DT3_DESCRI"")","DVQ_DESPAS","P","N","","0","","","S"
"DVR_CODPAS","001","Posicione(""DT3"",1,xFilial(""DT3"")+M->DVR_CODPAS,""DT3_DESCRI"")","DVR_DESPAS","P","N","","0","","","S"
"DVS_CODPAS","001","Posicione(""DT3"",1,xFilial(""DT3"")+M->DVS_CODPAS,""DT3_DESCRI"")","DVS_DESPAS","P","N","","0","","","S"
"DVT_TIPVEI","001","DUT->DUT_DESCRI","DVT_DESVEI","P","S","DUT","1","xFilial('DUT')+M->DVT_TIPVEI","","S"
"DVU_TIPVEI","001","DUT->DUT_DESCRI","DVU_DESVEI","P","S","DUT","1","xFilial('DUT')+M->DVU_TIPVEI","","S"
"DVW_CODPAS","001","Posicione(""DT3"",1,xFilial(""DT3"")+M->DVW_CODPAS,""DT3_DESCRI"")","DVW_DESPAS","P","N","","0","","","S"
"DVZ_CDRDES","001","DUY->DUY_DESCRI","DVZ_REGDES","P","S","DUY","1","xFilial()+M->DVZ_CDRDES","!EMPTY(M->DVZ_CDRDES)","S"
"DVZ_CDRORI","001","DUY->DUY_DESCRI","DVZ_REGORI","P","S","DUY","1","xFilial()+M->DVZ_CDRORI","!EMPTY(M->DVZ_CDRORI)","S"
"DVZ_CODCLI","001","SA1->A1_NOME","DVZ_NOMCLI","P","S","SA1","1","xFilial()+M->DVZ_CODCLI+AllTrim(M->DVZ_LOJCLI)","","S"
"DVZ_LOJCLI","001","SA1->A1_NOME","DVZ_NOMCLI","P","S","SA1","1","xFilial()+M->DVZ_CODCLI+AllTrim(M->DVZ_LOJCLI)","","S"
"DVZ_TIPTRA","001","TmsValField(""DVZ_TIPTRA"",.F.,""DVZ_DESTPT"")","DVZ_DESTPT","P","N","","0","","","S"
"E1_CLIENTE","001","SA1->A1_NREDUZ","E1_NOMCLI","P","N","","0","","!EMPTY(M->E1_CLIENTE)","S"
"E1_CLIENTE","002","SA1->A1_LOJA","E1_LOJA","P","N","","0","","!EMPTY(M->E1_CLIENTE)","S"
"E1_CODIMOV","001","N01->N01_PROPRI","E1_CLIENTE","P","S","N01","9","XFILIAL(""N01"")+M->E1_CODIMOV","GETNEWPAR(""MV_SIGAGSP"",""0"")==""1""","S"
"E1_CODIMOV","002","SA1->A1_LOJA","E1_LOJA","P","S","SA1","1","XFILIAL(""SA1"")+M->E1_CLIENTE","GETNEWPAR(""MV_SIGAGSP"",""0"")==""1""","S"
"E1_COMIS1","001","SA3->A3_ALEMISS","E1_VALCOM1","P","S","SA3","1","XFILIAL(""SA3"")+M->E1_VEND1","!EMPTY(M->E1_VEND1) .AND. INCLUI","S"
"E1_COMIS1","002","(m->e1_VLCRUZ*m->e1_comis1/100)*(SA3->A3_ALEMISS/100)","E1_VALCOM1","P","N","","0","","!EMPTY(M->E1_VEND1) .AND. INCLUI","S"
"E1_COMIS2","001","SA3->A3_ALEMISS","E1_VALCOM2","P","S","SA3","1","XFILIAL(""SA3"")+M->E1_VEND2","!EMPTY(M->E1_VEND2) .AND. INCLUI","S"
"E1_COMIS2","002","(m->e1_vlcruz*m->e1_comis2/100)*(sa3->a3_alemiss/100)","E1_VALCOM2","P","N","","0","","!EMPTY(M->E1_VEND2) .AND. INCLUI","S"
"E1_COMIS3","001","SA3->A3_ALEMISS","E1_VALCOM3","P","S","SA3","1","XFILIAL(""SA3"")+M->E1_VEND3","!EMPTY(M->E1_VEND3) .AND. INCLUI","S"
"E1_COMIS3","002","(m->e1_vlcruz*m->e1_comis3/100)*(SA3->A3_ALEMISS/100)","E1_VALCOM3","P","N","","0","","!EMPTY(M->E1_VEND3) .AND. INCLUI","S"
"E1_COMIS4","001","SA3->A3_ALEMISS","E1_VALCOM4","P","S","SA3","1","XFILIAL(""SA3"") + M->E1_VEND4","!EMPTY(M->E1_VEND4) .AND. INCLUI","S"
"E1_COMIS4","002","(m->e1_vlcruz*m->e1_comis4/100)*(SA3->A3_ALEMISS/100)","E1_VALCOM4","P","N","","0","","!EMPTY(M->E1_VEND4) .AND. INCLUI","S"
"E1_COMIS5","001","SA3->A3_ALEMISS","E1_VALCOM5","P","S","SA3","1","XFILIAL(""SA3"") + M->E1_VEND5","!EMPTY(M->E1_VEND5) .AND. INCLUI","S"
"E1_COMIS5","002","(m->e1_vlcruz*m->e1_comis5/100)*(SA3->A3_ALEMISS/100)","E1_VALCOM5","P","N","","0","","!EMPTY(M->E1_VEND5) .AND. INCLUI","S"
"E1_LOJA","001","SA1->A1_NREDUZ","E1_NOMCLI","P","S","SA1","1","XFILIAL(""SA1"")+M->E1_CLIENTE+M->E1_LOJA","!EMPTY(M->E1_CLIENTE)","S"
"E1_MOEDA","001","SA3->A3_ALEMISS","E1_VALCOM1","P","S","SA3","1","xfilial(""SA3"")+M->E1_VEND1","!EMPTY(M->E1_VEND1) .AND. INCLUI","S"
"E1_MOEDA","002","(m->e1_VLCRUZ*m->e1_comis1/100)*(SA3->A3_ALEMISS/100)","E1_VALCOM1","P","N","","0","","!EMPTY(M->E1_VEND1) .AND. INCLUI","S"
"E1_MOEDA","003","SA3->A3_ALEMISS","E1_VALCOM2","P","S","SA3","1","xfilial(""SA3"")+M->E1_VEND2","!EMPTY(M->E1_VEND2) .AND. INCLUI","S"
"E1_MOEDA","004","(m->e1_vlcruz*m->e1_comis2/100)*(SA3->A3_ALEMISS/100)","E1_VALCOM2","P","N","","0","","!EMPTY(M->E1_VEND2) .AND. INCLUI","S"
"E1_MOEDA","005","SA3->A3_alemiss","E1_VALCOM3","P","S","SA3","1","xfilial(""SA3"")+M->E1_VEND3","!EMPTY(M->E1_VEND3) .AND. INCLUI","S"
"E1_MOEDA","006","(m->e1_vlcruz*m->e1_comis3/100)*(SA3->A3_ALEMISS/100)","E1_VALCOM3","P","N","","0","","!EMPTY(M->E1_VEND3) .AND. INCLUI","S"
"E1_MOEDA","007","SA3->A3_alemiss","E1_VALCOM4","P","S","SA3","1","xfilial(""SA3"")+M->E1_VEND4","!EMPTY(M->E1_VEND4) .AND. INCLUI","S"
"E1_MOEDA","008","(m->e1_vlcruz*m->e1_comis4/100)*(SA3->A3_ALEMISS/100)","E1_VALCOM4","P","N","","0","","!EMPTY(M->E1_VEND4) .AND.INCLUI","S"
"E1_MOEDA","009","SA3->A3_alemiss","E1_VALCOM5","P","S","SA3","1","xfilial(""SA3"")+M->E1_VEND5","!EMPTY(M->E1_VEND5) .AND. INCLUI","S"
"E1_MOEDA","010","(m->e1_vlcruz*m->e1_comis5/100)*(SA3->A3_ALEMISS/100)","E1_VALCOM5","P","N","","0","","!EMPTY(M->E1_VEND5) .AND. INCLUI","S"
"E1_TXMOEDA","001","xMoeda(M->E1_VALOR,M->E1_MOEDA,1,M->E1_EMISSAO,,M->E1_TXMOEDA)","E1_VLCRUZ","P","N","","0","","","S"
"E1_VALOR","001","SA3->A3_ALEMISS","E1_VALCOM1","P","S","SA3","1","xFilial(""SA3"")+M->E1_VEND1","!EMPTY(M->E1_VEND1) .AND. INCLUI","S"
"E1_VALOR","002","(m->e1_vlcruz*m->e1_comis1/100)*(SA3->A3_ALEMISS/100)","E1_VALCOM1","P","N","","0","","!EMPTY(M->E1_VEND1) .AND. INCLUI","S"
"E1_VALOR","003","SA3->A3_ALEMISS","E1_VALCOM2","P","S","SA3","1","xFilial(""SA3"")+m->E1_VEND2","!EMPTY(M->E1_VEND2) .AND. INCLUI","S"
"E1_VALOR","004","(m->e1_vlcruz*m->e1_comis2/100)*(SA3->A3_ALEMISS/100)","E1_VALCOM2","P","N","","0","","!EMPTY(M->E1_VEND2) .AND. INCLUI","S"
"E1_VALOR","005","SA3->A3_ALEMISS","E1_VALCOM3","P","S","SA3","1","xFilial(""SA3"")+m->E1_VEND3","!EMPTY(M->E1_VEND3) .AND. INCLUI","S"
"E1_VALOR","006","(m->e1_vlcruz*m->e1_comis3/100)*(SA3->A3_ALEMISS/100)","E1_VALCOM3","P","N","","0","","!EMPTY(M->E1_VEND3).AND. INCLUI","S"
"E1_VALOR","007","SA3->A3_ALEMISS","E1_VALCOM4","P","S","SA3","1","xFilial(""SA3"")+m->E1_VEND4","!EMPTY(M->E1_VEND4) .AND. INCLUI","S"
"E1_VALOR","008","(M->E1_VLCRUZ*M->E1_COMIS4/100)*(SA3->A3_ALEMISS/100)","E1_VALCOM4","P","N","","0","","!EMPTY(M->E1_VEND4) .AND. INCLUI","S"
"E1_VALOR","009","SA3->A3_ALEMISS","E1_VALCOM5","P","S","SA3","1","xFilial(""SA3"")+M->E1_VEND5","!EMPTY(M->E1_VEND5) .AND. INCLUI","S"
"E1_VALOR","010","(M->E1_VLCRUZ*M->E1_COMIS5/100)*(SA3->A3_ALEMISS/100)","E1_VALCOM5","P","N","","0","","!EMPTY(M->E1_VEND5) .AND. INCLUI","S"
"E1_VEND1","001","sa3->a3_comis","E1_COMIS1","P","S","SA3","1","xfilial(""SA3"")+m->e1_vend1","","S"
"E1_VEND1","002","(M->E1_VLCRUZ*M->E1_COMIS1/100)*(SA3->A3_ALEMISS/100)","E1_VALCOM1","P","N","","0","","INCLUI","S"
"E1_VEND2","001","SA3->A3_COMIS","E1_COMIS2","P","S","SA3","1","XFILIAL(""SA3"")+M->E1_VEND2","","S"
"E1_VEND2","002","(M->E1_VLCRUZ*M->E1_COMIS2/100)*(SA3->A3_ALEMISS/100)","E1_VALCOM2","P","N","","0","","INCLUI","S"
"E1_VEND3","001","SA3->A3_COMIS","E1_COMIS3","P","S","SA3","1","XFILIAL(""SA3"")+M->E1_VEND3","","S"
"E1_VEND3","002","(M->E1_VLCRUZ*M->E1_COMIS3/100)*(SA3->A3_ALEMISS/100)","E1_VALCOM3","P","N","","0","","INCLUI","S"
"E1_VEND4","001","SA3->A3_COMIS","E1_COMIS4","P","S","SA3","1","XFILIAL(""SA3"")+M->E1_VEND4","","S"
"E1_VEND4","002","(M->E1_VLCRUZ*M->E1_COMIS4/100)*(SA3->A3_ALEMISS/100)","E1_VALCOM4","P","N","","0","","INCLUI","S"
"E1_VEND5","001","SA3->A3_COMIS","E1_COMIS5","P","S","SA3","1","XFILIAL(""SA3"")+M->E1_VEND5","","S"
"E1_VEND5","002","(M->E1_VLCRUZ*M->E1_COMIS5/100)*(SA3->A3_ALEMISS/100)","E1_VALCOM5","P","N","","0","","INCLUI","S"
"E2_FORNECE","001","SA2->A2_NREDUZ","E2_NOMFOR","P","N","","0","","","S"
"E2_FORNECE","002","SA2->A2_LOJA","E2_LOJA","P","N","","0","","","S"
"E2_LOJA","001","SA2->A2_NREDUZ","E2_NOMFOR","P","S","SA2","1","XFILIAL(""SA2"")+M->E2_FORNECE+M->E2_LOJA","!EMPTY(M->E2_LOJA)","S"
"E2_NATUREZ","001","SED->ED_CONTA","E2_CONTAD","P","S","SED","1","XFILIAL(""SED"")+M->E2_NATUREZ","GETNEWPAR(""MV_SIGAGSP"",""0"") == ""1""","S"
"E2_TXMOEDA","001","xMoeda(M->E2_VALOR,M->E2_MOEDA,1,M->E2_EMISSAO,,M->E2_TXMOEDA)","E2_VLCRUZ","P","N","","0","","","S"
"E5_AGENCIA","001","SA6->A6_CONTA","E5_CREDITO","P","S","SA6","1","XFILIAL(""SA6"")+M->E5_BANCO+M->E5_AGENCIA","GETNEWPAR(""MV_SIGAGSP"",""0"")==""1""","S"
"E5_BANCO","001","SA6->A6_CONTA","E5_CREDITO","P","S","SA6","1","XFILIAL(""SA6"")+M->E5_BANCO","GETNEWPAR(""MV_SIGAGSP"",""0"")==""1""","S"
"E5_CONTA","001","SA6->A6_CONTA","E5_CREDITO","P","S","SA6","1","XFILIAL(""SA6"")+M->E5_BANCO+M->E5_AGENCIA+M->E5_CONTA","GETNEWPAR(""MV_SIGAGSP"",""0"")==""1""","S"
"E5_EDTPMS","001","SPACE(LEN(SE5->E5_TASKPMS))","E5_TASKPMS","P","N","","0","","","S"
"E5_NATUREZ","001","SED->ED_CONTA","E5_DEBITO","P","S","SED","1","XFILIAL(""SED"")+M->E5_NATUREZ","GETNEWPAR(""MV_SIGAGSP"",""0"") == ""1""","S"
"E5_PROJPMS","001","SPACE(LEN(SE5->E5_EDTPMS))","E5_EDTPMS","P","N","","0","","","S"
"E5_PROJPMS","002","SPACE(LEN(SE5->E5_TASKPMS))","E5_TASKPMS","P","N","","0","","","S"
"E5_TASKPMS","001","SPACE(LEN(SE5->E5_EDTPMS))","E5_EDTPMS","P","N","","0","","","S"
"ED0_IMPORT","001","E_Field(""ED0_IMPORT"",""YT_NOME"",""G"")","ED0_DESCIM","P","N","","0","","","S"
"ED0_TIPOAC","001","X5Descri()","ED0_VMTIPO","P","S","SX5","1","xFilial(""SX3"")+""CD""+M->ED0_TIPOAC","","S"
"ED5_PD","001","ED0->ED0_AC","ED5_AC","P","S","ED0","1","xFilial(""ED0"")+M->ED5_PD","","S"
"ED_CALCIRF","001","""N""","ED_IRRFCAR","P","N","","0","Type(""M->ED_IRRFCAR"") == ""C""","","S"
"ED_INSSCAR","001","""N""","ED_INSSCAR","P","N","","0","Type(""M->ED_INSSCAR"") == ""C""","","S"
"ED_IRRFCAR","001","0","ED_BASEIRC","P","N","","0","","M->ED_IRRFCAR == ""N""","S"
"EE1_PAIS","001","M->EE1_DESCR:=SYA->YA_DESCR","EE1_DESCR","P","S","SYA","1","xFilial(""SYA"")+M->EE1_PAIS","","S"
"EE5_CCOM","001","IF(M->EE5_CCOM # 0,ALLTRIM(STR(M->EE5_CCOM,10,2)),"""")+"" X ""","EE5_DIMENS","P","","","0","","","S"
"EE5_CCOM","002","ALLTRIM(M->EE5_DIMENS)+IF(M->EE5_LLARG # 0,"" ""+ALLTRIM(STR(M->EE5_LLARG,10,2)),"""")+"" X ""","EE5_DIMENS","P","","","0","","","S"
"EE5_CCOM","003","ALLTRIM(M->EE5_DIMENS)+IF(M->EE5_HALT  # 0,"" ""+ALLTRIM(STR(M->EE5_HALT ,10,2)),"""")","EE5_DIMENS","P","","","0","","","S"
"EE5_HALT","001","IF(M->EE5_CCOM # 0,ALLTRIM(STR(M->EE5_CCOM,10,2)),"""")+"" X ""","EE5_DIMENS","P","","","0","","","S"
"EE5_HALT","002","ALLTRIM(M->EE5_DIMENS)+IF(M->EE5_LLARG # 0,"" ""+ALLTRIM(STR(M->EE5_LLARG,10,2)),"""")+"" X ""","EE5_DIMENS","P","","","0","","","S"
"EE5_HALT","003","ALLTRIM(M->EE5_DIMENS)+IF(M->EE5_HALT # 0,"" ""+ALLTRIM(STR(M->EE5_HALT,10,2)),"""")","EE5_DIMENS","P","","","0","","","S"
"EE5_LLARG","001","IF(M->EE5_CCOM # 0,ALLTRIM(STR(M->EE5_CCOM,10,2))+"" X "","""")","EE5_DIMENS","P","","","0","","","S"
"EE5_LLARG","002","ALLTRIM(M->EE5_DIMENS)+IF(M->EE5_LLARG # 0,"" ""+ALLTRIM(STR(M->EE5_LLARG,10,2))+"" X"","""")","EE5_DIMENS","P","","","0","","","S"
"EE5_LLARG","003","ALLTRIM(M->EE5_DIMENS)+IF(M->EE5_HALT  # 0,"" ""+ALLTRIM(STR(M->EE5_HALT ,10,2)),"""")","EE5_DIMENS","P","","","0","","","S"
"EE6_AGENT1","001","SY5->Y5_NOME","EE6_DSCAG1","P","S","SY5","1","XFILIAL(""SY5"")+M->EE6_AGENT1","!EMPTY(M->EE6_AGENT1)","S"
"EE6_AGENT2","001","SY5->Y5_NOME","EE6_DSCAG2","P","S","SY5","1","XFILIAL(""SY5"")+M->EE6_AGENT2","!EMPTY(M->EE6_AGENT2)","S"
"EE6_AGENT3","001","SY5->Y5_NOME","EE6_DSCAG3","P","S","SY5","1","XFILIAL(""SY5"")+M->EE6_AGENT3","!EMPTY(M->EE6_AGENT3)","S"
"EE6_AGENT4","001","SY5->Y5_NOME","EE6_DSCAG4","P","S","SY5","1","XFILIAL(""SY5"")+M->EE6_AGENT4","!EMPTY(M->EE6_AGENT4)","S"
"EE6_AGENT5","001","SY5->Y5_NOME","EE6_DSCAG5","P","S","SY5","1","XFILIAL(""SY5"")+M->EE6_AGENT5","!EMPTY(M->EE6_AGENT5)","S"
"EE6_AGENTE","001","M->EE6_DSCAGE := SY5->Y5_NOME","EE6_DSCAGE","P","S","SY5","1","XFILIAL(""SY5"")+M->EE6_AGENTE","","S"
"EE6_BANDEI","001","SYA->YA_DESCR","EE6_DSCBAN","P","S","SYA","1","xFilial(""SYA"")+M->EE6_BANDEI","","S"
"EE6_COD","001","M->EE6_NOME := EE6->EE6_NOME","EE6_NOME","P","S","EE6","1","XFILIAL(""EE6"")+M->EE6_COD","Empty(M->EE6_ORIGEM)","S"
"EE6_COD","002","M->EE6_DT_CON := EE6->EE6_DT_CON","EE6_DT_CON","P","N","","0","","Empty(M->EE6_DT_CON)","S"
"EE6_ORIGEM","001","M->EE6_DSCORI := SY9->Y9_DESCR","EE6_DSCORI","P","S","SY9","2","XFILIAL(""SY9"")+M->EE6_ORIGEM","!EMPTY(M->EE6_ORIGEM)","S"
"EE7_BELOJA","001","IF(!EMPTY(M->EE7_BELOJA),SA2->A2_NOME,"""")","EE7_BENEDE","P","S","SA2","1","XFILIAL(""SA2"")+M->EE7_BENEF+M->EE7_BELOJA","","S"
"EE7_BELOJA","002","IF(!EMPTY(M->EE7_BENEF),EECMEND(""SA2"",1,M->EE7_BENEF,.T.,,1),"""")","EE7_ENDBEN","P","N","","0","","","S"
"EE7_BELOJA","003","IF(!EMPTY(M->EE7_BENEF),EECMEND(""SA2"",1,M->EE7_BENEF,.T.,,2),"""")","EE7_END2BE","P","N","","0","","","S"
"EE7_BENEF","001","IF(!EMPTY(M->EE7_BENEF),SA2->A2_NOME,"""")","EE7_BENEDE","P","N","","0","","","S"
"EE7_BENEF","002","IF(!EMPTY(M->EE7_BENEF),SA2->A2_LOJA,"""")","EE7_BELOJA","P","N","","0","","","S"
"EE7_BENEF","003","IF(!EMPTY(M->EE7_BENEF),EECMEND(""SA2"",1,M->EE7_BENEF+M->EE7_BELOJA,.T.,,1),"""")","EE7_ENDBEN","P","N","","0","","","S"
"EE7_BENEF","004","IF(!EMPTY(M->EE7_BENEF),EECMEND(""SA2"",1,M->EE7_BENEF+M->EE7_BELOJA,.T.,,2),"""")","EE7_END2BE","P","N","","0","","","S"
"EE7_CLIENT","001","IF(!EMPTY(M->EE7_CLIENT),SA1->A1_NOME,"""")","EE7_CLIEDE","P","N","","0","","","S"
"EE7_CLIENT","002","IF(!EMPTY(M->EE7_CLIENT),SA1->A1_LOJA,"""")","EE7_CLLOJA","P","N","","0","","","S"
"EE7_CLLOJA","001","IF(!EMPTY(M->EE7_CLLOJA),SA1->A1_NOME,"""")","EE7_CLIEDE","P","S","SA1","1","XFILIAL(""SA1"")+M->EE7_CLIENT+M->EE7_CLLOJA","","S"
"EE7_COLOJA","001","IF(!EMPTY(M->EE7_COLOJA),SA1->A1_NOME,"""")","EE7_CONSDE","P","S","SA1","1","XFILIAL(""SA1"")+M->EE7_CONSIG+IF(!EMPTY(M->EE7_COLOJA),M->EE7_COLOJA,"""")","","S"
"EE7_CONDPA","001","SY6->Y6_DIAS_PA","EE7_DIASPA","P","S","SY6","1","XFILIAL(""SY6"")+M->EE7_CONDPA","","S"
"EE7_CONDPA","002","MSMM(SY6->Y6_DESC_P,50)","EE7_DESCPA","P","S","SY6","1","XFILIAL(""SY6"")+M->EE7_CONDPA+STR(M->EE7_DIASPA,AVSX3(""EE7_DIASPA"",3))","","S"
"EE7_CONDPA","003","IF(EMPTY(M->EE7_CONDPA),"""",SY6->Y6_MDPGEXP)","EE7_MPGEXP","P","S","SY6","1","XFILIAL(""SY6"")+M->EE7_CONDPA+STR(M->EE7_DIASPA,AVSX3(""EE7_DIASPA"",3))","","S"
"EE7_CONDPA","004","IF(EMPTY(M->EE7_CONDPA),"""",EEF->EEF_DESC)","EE7_DSCMPE","P","S","EEF","1","XFILIAL(""EEF"")+M->EE7_MPGEXP","","S"
"EE7_CONDPA","005","M->EE7_CONDPA","EE7_COND2","P","N","","0","","","S"
"EE7_CONDPA","006","M->EE7_DIASPA","EE7_DIAS2","P","N","","0","","","S"
"EE7_CONSIG","001","IF(!EMPTY(M->EE7_CONSIG),SA1->A1_NOME,"""")","EE7_CONSDE","P","S","SA1","1","XFILIAL(""SA1"")+M->EE7_CONSIG+IF(!EMPTY(M->EE7_COLOJA),M->EE7_COLOJA,"""")","","S"
"EE7_CONSIG","002","IF(!EMPTY(M->EE7_CONSIG),SA1->A1_LOJA,"""")","EE7_COLOJA","P","S","SA1","1","XFILIAL(""SA1"")+M->EE7_CONSIG+IF(!EMPTY(M->EE7_COLOJA),M->EE7_COLOJA,"""")","","S"
"EE7_DIASPA","001","SY6->(MSMM(SY6->Y6_DESC_P,50,,,3))","EE7_DESCPA","P","S","SY6","1","XFILIAL(""SY6"")+M->EE7_CONDPA+STR(M->EE7_DIASPA,AVSX3(""EE7_DIASPA"",3))","!EMPTY(M->EE7_DIASPA)","S"
"EE7_DTAPCR","001","IF(!EMPTY(M->EE7_DTAPCR).AND.M->EE7_STATUS$""1/2"",""3"",M->EE7_STATUS)","EE7_STATUS","P","N","","0","","!EMPTY(M->EE7_DTAPCR)","S"
"EE7_DTAPCR","002","DSCSITEE7()","EE7_STTDES","P","N","","0","","!EMPTY(M->EE7_DTAPCR)","S"
"EE7_DTPROC","001","IF(EMPTY(M->EE7_MPGEXP),"""",EEF->EEF_DESC)","EE7_IMPORT","P","S","","0","XFILIAL(""EEF"")+M->EE7_MPGEXP","","S"
"EE7_DTPROC","002","IF(EMPTY(M->EE7_MPGEXP),"""",EEF->EEF_DESC)","EE7_DSCMPE","P","S","","0","","","S"
"EE7_DTSLCR","001","IF(!EMPTY(M->EE7_DTSLCR).AND.M->EE7_STATUS$""1"",""2"",M->EE7_STATUS)","EE7_STATUS","P","N","","0","","","S"
"EE7_DTSLCR","002","IF(EMPTY(M->EE7_DTSLCR),""1"",M->EE7_STATUS)","EE7_STATUS","P","N","","0","","","S"
"EE7_DTSLCR","003","DSCSITEE7()","EE7_STTDES","P","N","","0","","","S"
"EE7_EMBAFI","001","AP100CUBAGEM(.T.,""P"")","EE7_CUBAGE","P","N","","0","","!EMPTY(M->EE7_EMBAFI)","S"
"EE7_EXLOJA","001","IF(!EMPTY(M->EE7_EXLOJA),SA2->A2_NOME,"""")","EE7_EXPODE","P","S","SA2","1","XFILIAL(""SA2"")+M->EE7_EXPORT+IF(!EMPTY(M->EE7_EXLOJA),M->EE7_EXLOJA,"""")","","S"
"EE7_EXPORT","001","IF(!EMPTY(M->EE7_EXPORT),SA2->A2_NOME,"""")","EE7_EXPODE","P","S","SA2","1","XFILIAL(""SA2"")+M->EE7_EXPORT+IF(!EMPTY(M->EE7_EXLOJA),M->EE7_EXLOJA,"""")","","S"
"EE7_EXPORT","002","IF(!EMPTY(M->EE7_EXPORT),SA2->A2_LOJA,"""")","EE7_EXLOJA","P","S","SA2","1","XFILIAL(""SA2"")+M->EE7_EXPORT+IF(!EMPTY(M->EE7_EXLOJA),M->EE7_EXLOJA,"""")","","S"
"EE7_FOLOJA","001","IF(!EMPTY(M->EE7_FOLOJA),SA2->A2_NOME,"""")","EE7_FORNDE","P","S","SA2","1","XFILIAL(""SA2"")+M->EE7_FORN+M->EE7_FOLOJA","","S"
"EE7_FORN","001","SA2->A2_NOME","EE7_FORNDE","P","N","","0","","","S"
"EE7_FORN","002","SA2->A2_LOJA","EE7_FOLOJA","P","N","","0","","","S"
"EE7_IMLOJA","001","SA1->A1_NOME","EE7_IMPODE","P","S","SA1","1","XFILIAL(""SA1"")+M->EE7_IMPORT+M->EE7_IMLOJA","","S"
"EE7_IMLOJA","002","AP100Import()","EE7_VALCOM","P","N","","0","","","S"
"EE7_IMLOJA","003","IF(!EMPTY(SA1->A1_CONDPAG),SA1->A1_CONDPAG,M->EE7_CONDPA)","EE7_CONDPA","P","N","","0","","","S"
"EE7_IMLOJA","004","IF(!EMPTY(SA1->A1_CONDPAG),SA1->A1_DIASPAG,M->EE7_DIASPA)","EE7_DIASPA","P","N","","0","","","S"
"EE7_IMLOJA","005","EECMEND(""SA1"",1,M->EE7_IMPORT+M->EE7_IMLOJA,.T.,,1)","EE7_ENDIMP","P","N","","0","","","S"
"EE7_IMLOJA","006","EECMEND(""SA1"",1,M->EE7_IMPORT+M->EE7_IMLOJA,.T.,,2)","EE7_END2IM","P","N","","0","","","S"
"EE7_IMLOJA","007","POSICIONE(""SYA"",1,xFilial(""SYA"")+SA1->A1_PAIS,""YA_IDIOMA"")","EE7_IDIOMA","P","N","","0","","!Empty(SA1->A1_PAIS)","S"
"EE7_IMPORT","001","SA1->A1_NOME","EE7_IMPODE","P","N","","0","","","S"
"EE7_IMPORT","002","SA1->A1_LOJA","EE7_IMLOJA","P","N","","0","","","S"
"EE7_IMPORT","003","AP100Import()","EE7_VALCOM","P","N","","0","","","S"
"EE7_IMPORT","004","IF(!EMPTY(SA1->A1_CONDPAG),SA1->A1_CONDPAG,M->EE7_CONDPA)","EE7_CONDPA","P","N","","0","","","S"
"EE7_IMPORT","005","IF(!EMPTY(SA1->A1_CONDPAG),SA1->A1_DIASPAG,M->EE7_DIASPA)","EE7_DIASPA","P","N","","0","","","S"
"EE7_IMPORT","006","EECMEND(""SA1"",1,M->EE7_IMPORT+M->EE7_IMLOJA,.T.,,1)","EE7_ENDIMP","P","N","","0","","","S"
"EE7_IMPORT","007","EECMEND(""SA1"",1,M->EE7_IMPORT+M->EE7_IMLOJA,.T.,,2)","EE7_END2IM","P","N","","0","","","S"
"EE7_IMPORT","008","POSICIONE(""SYA"",1,xFilial(""SYA"")+SA1->A1_PAIS,""YA_IDIOMA"")","EE7_IDIOMA","P","N","","0","","!Empty(SA1->A1_PAIS)","S"
"EE7_INCOTE","001","IF(!EMPTY(SYJ->YJ_FRPPCC),SYJ->YJ_FRPPCC,M->EE7_FRPPCC)","EE7_FRPPCC","P","S","SYJ","1","XFILIAL(""SYJ"")+M->EE7_INCOTE","","S"
"EE7_INCOTE","002","M->EE7_INCOTE","EE7_INCO2","P","N","","0","","","S"
"EE7_MOTSIT","001","IF(!EMPTY(M->EE7_MOTSIT),EE4->(MSMM(EE4->EE4_TEXTO,60)),"""")","EE7_DSCMTS","P","S","EE4","1","XFILIAL(""EE4"")+M->EE7_MOTSIT+""1""","","S"
"EE7_MPGEXP","001","IF(EMPTY(M->EE7_MPGEXP),"""",EEF->EEF_DESC)","EE7_DSCMPE","P","S","EEF","1","XFILIAL(""EEF"")+M->EE7_MPGEXP","","S"
"EE7_UNIDAD","001","IF(ALLWAYSTRUE(AP100TTELA(.F.)),M->EE7_UNIDAD,NIL)","EE7_UNIDAD","P","N","","0","","","S"
"EE8_CODAGE","001","If(!Empty(M->EE8_CODAGE),WorkAg->EEB_NOME,Space(1))","EE8_DSCAGE","P","N","","0","","","S"
"EE8_CODNOR","001","MSMM(EEI->EEI_DESC,60,1)","EE8_VM_NOR","P","S","EEI","1","XFILIAL(""EEI"")+M->EE8_CODNOR","!EMPTY(M->EE8_CODNOR)","S"
"EE8_COD_I","001","SB1->B1_PESO","EE8_PSLQUN","P","N","","0","","","S"
"EE8_COD_I","002","SB1->B1_CODEMB","EE8_EMBAL1","P","N","","0","","","S"
"EE8_COD_I","003","SB1->B1_UM","EE8_UNIDAD","P","N","","0","","","S"
"EE8_COD_I","004","SB1->B1_QE","EE8_QE","P","N","","0","","","S"
"EE8_COD_I","005","IF(EECPPE07(""CALCEMB""),M->EE8_DESC,M->EE8_DESC)","EE8_DESC","P","N","","0","","","S"
"EE8_COD_I","006","IF(AP100PrecoI(),M->EE8_DESC,M->EE8_DESC)","EE8_DESC","P","N","","0","","","S"
"EE8_COD_I","007","IF(!Empty(SA5->A5_VLCOTUS),SA5->A5_VLCOTUS,M->EE8_PRECO)","EE8_PRECO","P","S","SA5","1","XFILIAL(""SA5"")+M->EE8_FORN+M->EE8_FOLOJA+M->EE8_COD_I","","S"
"EE8_COD_I","008","IF(!Empty(SA5->A5_CODPRF),SA5->A5_CODPRF,M->EE8_PART_N)","EE8_PART_N","P","S","SA5","1","XFILIAL(""SA5"")+M->EE8_FORN+M->EE8_FOLOJA+M->EE8_COD_I","","S"
"EE8_COD_I","009","IF(!Empty(SA5->A5_UNID),SA5->A5_UNID,M->EE8_UNIDAD)","EE8_UNIDAD","P","S","SA5","1","XFILIAL(""SA5"")+M->EE8_FORN+M->EE8_FOLOJA+M->EE8_COD_I","","S"
"EE8_COD_I","010","IF(!Empty(SA5->A5_FABR),SA5->A5_FABR,M->EE8_FABR)","EE8_FABR","P","S","SA5","1","XFILIAL(""SA5"")+M->EE8_FORN+M->EE8_FOLOJA+M->EE8_COD_I","","S"
"EE8_COD_I","011","IF(!Empty(SA5->A5_FALOJA),SA5->A5_FALOJA,M->EE8_FALOJA)","EE8_FALOJA","P","S","SA5","1","XFILIAL(""SA5"")+M->EE8_FORN+M->EE8_FOLOJA+M->EE8_COD_I","","S"
"EE8_COD_I","012","Ap100ShowStFix(.T.)","EE8_VM_FIX","P","","","0","","","S"
"EE8_COD_I","013","TABPRECO(M->EE8_PRECO,M->EE8_COD_I,"""",M->EE7_IMPORT+M->EE7_IMLOJA,M->EE7_MOEDA)","EE8_PRECO","P","N","","0","","","S"
"EE8_COD_I","014","M->EE8_VM_DES","EE8_VM_DES","P","N","","0","","BUSCAPROCLI()","S"
"EE8_COD_I","015","EXN->EXN_NORMA","EE8_CODNOR","P","S","EXN","1","xFilial(""EXN"")+M->EE8_COD_I+M->EE7_PAISET","","S"
"EE8_COD_I","016","MSMM(EEI->EEI_DESC,60,1)","EE8_VM_NOR","P","S","EEI","1","XFILIAL(""EEI"")+M->EE8_CODNOR","!EMPTY(M->EE8_CODNOR)","S"
"EE8_DIFERE","001","Ap100ShowStFix(.T.)","EE8_VM_FIX","P","","","0","","","S"
"EE8_DTFIX","001","Ap100ShowStFix(.T.)","EE8_VM_FIX","P","","","0","","","S"
"EE8_EMBAL1","001","IF(EECPPE07(""CALCEMB""),M->EE8_DESC,M->EE8_DESC)","EE8_DESC","P","N","","0","","","S"
"EE8_FABR","001","IF(!EMPTY(M->EE8_FABR),SA2->A2_LOJA,"""")","EE8_FALOJA","P","N","","0","","","S"
"EE8_FORN","001","SA2->A2_LOJA","EE8_FOLOJA","P","N","","0","","","S"
"EE8_PERCOM","001","Round(M->EE8_PRCINC*(M->EE8_PERCOM/100),2)","EE8_VLCOM","P","","","0","","","S"
"EE8_PRCFIX","001","If(!Empty(M->EE8_DTFIX),M->EE8_DTFIX,Nil)","EE8_PRECO","P","","","0","","","S"
"EE8_PRECO","001","If(lCommodity,Ap100ShowStFix(.T.),Nil)","EE8_VM_FIX","P","","","0","","","S"
"EE8_PRENEG","001","IF(M->EE7_PERC>0,(M->EE8_PRENEG - M->EE8_PRENEG*(M->EE7_PERC/100)),M->EE8_PRENEG)","EE8_PRECO","P","N","","0","","","S"
"EE8_QTDFIX","001","If(!Empty(M->EE8_DTFIX,M->EE8_QTDFIX,Nil)","EE8_SLDINI","P","","","0","","","S"
"EE8_UNPES","001","IF(ALLWAYSTRUE(AP100DETTELA(.F.)),M->EE8_UNPES,NIL)","EE8_UNPES","P","N","","0","","","S"
"EE9_CC","001","If(Empty(M->EE9_CC),"""",SY3->Y3_DESC)","EE9_DESCCC","P","N","","0","","","S"
"EE9_CODAGE","001","IF(!Empty(M->EE9_CODAGE),WorkAg->EEB_NOME,Space(1))","EE9_DSCAGE","P","N","","0","","","S"
"EE9_CODNOR","001","MSMM(EEI->EEI_DESC,60,1)","EE9_VM_NOR","P","S","EEI","1","XFILIAL(""EEI"")+M->EE9_CODNOR","!EMPTY(M->EE9_CODNOR)","S"
"EE9_COD_I","001","IF(EMPTY(M->EE9_DESC),SB1->B1_DESC,M->EE9_DESC)","EE9_DESC","P","S","SB1","1","XFILIAL(""SB1"")+M->EE9_COD_I","","S"
"EE9_COD_I","002","SB1->B1_PESO","EE9_PSLQUN","P","N","","0","","","S"
"EE9_COD_I","003","SB1->B1_CODEMB","EE9_EMBAL1","P","N","","0","","","S"
"EE9_COD_I","004","SB1->B1_UM","EE9_UNIDAD","P","N","","0","","","S"
"EE9_COD_I","005","SB1->B1_QE","EE9_QE","P","N","","0","","","S"
"EE9_COD_I","006","IF(AE100CALC(""CALCEM""),M->EE9_DESC,M->EE9_DESC)","EE9_DESC","P","N","","0","","","S"
"EE9_COD_I","007","IF(AP100PrecoI(),M->EE9_DESC,M->EE9_DESC)","EE9_DESC","P","N","","0","","","S"
"EE9_FABR","001","IF(!EMPTY(M->EE9_FABR),SA2->A2_LOJA,"""")","EE9_FALOJA","P","N","","0","","","S"
"EE9_FORN","001","SA2->A2_LOJA","EE9_FOLOJA","P","N","","0","","","S"
"EE9_PERCOM","001","Round(M->EE9_PRCINC*(M->EE9_PERCOM/100),2)","EE9_VLCOM","P","","","0","","","S"
"EE9_RE","001","M->EE9_DTRE := IF(EMPTY(M->EE9_RE),AVCTOD(""  /  /  ""),M->EE9_DTRE)","EE9_DTRE","P","N","","0","","","S"
"EE9_UNPES","001","IF(ALLWAYSTRUE(AE100DETTELA(.F.)),M->EE9_UNPES,NIL)","EE9_UNPES","P","N","","0","","","S"
"EEA_DOCBAS","001","EEA->EEA_TITULO","EEA_TITDB","P","S","EEA","1","XFILIAL(""EEA"")+M->EEA_DOCBAS","!EMPTY(M->EEA_DOCBAS)","S"
"EEB_CODAGE","001","EEBTrigger(""EEB_CODAGE"", 1)
","EEB_NOME","P","S","SY5","1","xFilial(""SY5"")+M->EEB_CODAGE
","","S"
"EEB_CODAGE","002","EEBTrigger(""EEB_CODAGE"", 2)
","EEB_TIPOAG","P","N","","0","","","S"
"EEC_BELOJA","001","IF(!EMPTY(M->EEC_BELOJA),SA2->A2_NOME,"""")","EEC_BENEDE","P","S","SA2","1","XFILIAL(""SA2"")+M->EEC_BENEF+M->EEC_BELOJA","","S"
"EEC_BELOJA","002","IF(!EMPTY(M->EEC_BENEF),EECMEND(""SA2"",1,M->EEC_BENEF+M->EEC_BELOJA,.T.,,1),"""")","EEC_ENDBEN","P","N","","0","","","S"
"EEC_BELOJA","003","IF(!EMPTY(M->EEC_BENEF),EECMEND(""SA2"",1,M->EEC_BENEF+M->EEC_BELOJA,.T.,,2),"""")","EEC_END2BE","P","N","","0","","","S"
"EEC_BELOJA","004","IF(!EMPTY(M->EEC_BENEF).AND.AE100CRIT(""EEC_BENEF"",.F.),M->EEC_BENEF,M->EEC_BENEF)","EEC_BENEF","P","N","","0","","","S"
"EEC_BENEF","001","IF(!EMPTY(M->EEC_BENEF),SA2->A2_LOJA,"""")","EEC_BELOJA","P","N","","0","","","S"
"EEC_BENEF","002","IF(!EMPTY(M->EEC_BENEF),SA2->A2_NOME,"""")","EEC_BENEDE","P","N","","0","","","S"
"EEC_BENEF","003","IF(!EMPTY(M->EEC_BENEF),EECMEND(""SA2"",1,M->EEC_BENEF+M->EEC_BELOJA,.T.,,1),"""")","EEC_ENDBEN","P","N","","0","","","S"
"EEC_BENEF","004","IF(!EMPTY(M->EEC_BENEF),EECMEND(""SA2"",1,M->EEC_BENEF+M->EEC_BELOJA,.T.,,2),"""")","EEC_END2BE","P","N","","0","","","S"
"EEC_BENEF","005","IF(!EMPTY(M->EEC_BENEF).AND.AE100CRIT(""EEC_BENEF"",.F.),M->EEC_BENEF,M->EEC_BENEF)","EEC_BENEF","P","N","","0","","","S"
"EEC_CLIENT","001","IF(!EMPTY(M->EEC_CLIENT),SA1->A1_LOJA,"""")","EEC_CLLOJA","P","N","","0","","","S"
"EEC_CLIENT","002","IF(!EMPTY(M->EEC_CLIENT),SA1->A1_NOME,"""")","EEC_CLIEDE","P","N","","0","","","S"
"EEC_CLIENT","003","IF(!EMPTY(M->EEC_CLIENT),SA1->A1_PAIS,M->EEC_PAISET)","EEC_PAISET","P","N","","0","","","S"
"EEC_CLLOJA","001","IF(!EMPTY(M->EEC_CLLOJA),SA1->A1_NOME,"""")","EEC_CLIEDE","P","S","SA1","1","XFILIAL(""SA1"")+M->EEC_CLIENT+M->EEC_CLLOJA","","S"
"EEC_CODAGT","001","IF(!EMPTY(M->EEC_CODAGT),SY5->Y5_NOME,"""")","EEC_DSCAGT","P","S","SY5","1","XFILIAL(""SY5"")+M->EEC_CODAGT","","S"
"EEC_COLOJA","001","IF(!EMPTY(M->EEC_COLOJA),SA1->A1_NOME,"""")","EEC_CONSDE","P","S","SA1","1","XFILIAL(""SA1"")+M->EEC_CONSIG+IF(!EMPTY(M->EEC_COLOJA),M->EEC_COLOJA,"""")","","S"
"EEC_CONDPA","001","SY6->Y6_DIAS_PA","EEC_DIASPA","P","S","SY6","1","XFILIAL(""SY6"")+M->EEC_CONDPA","EMPTY(M->EEC_DIASPA)","S"
"EEC_CONDPA","002","IF(SY6->(EOF()),Posicione(""SY6"",1,xFilial(""SY6"")+M->EEC_CONDPA,""Y6_DIAS_PA""),M->EEC_DIASPA)","EEC_DIASPA","P","S","SY6","1","XFILIAL(""SY6"")+M->EEC_CONDPA+STR(M->EEC_DIASPA,AVSX3(""EEC_DIASPA"",3))","!EMPTY(M->EEC_DIASPA)","S"
"EEC_CONDPA","003","SY6->(MSMM(SY6->Y6_DESC_P,50,,,3))","EEC_DESCPA","P","S","SY6","1","XFILIAL(""SY6"")+M->EEC_CONDPA+STR(M->EEC_DIASPA,AVSX3(""EEC_DIASPA"",3))","!EMPTY(M->EEC_CONDPA)","S"
"EEC_CONDPA","004","IF(EMPTY(M->EEC_CONDPA),"""",SY6->Y6_MDPGEXP)","EEC_MPGEXP","P","N","","0","","","S"
"EEC_CONDPA","005","IF(EMPTY(M->EEC_CONDPA),"""",EEF->EEF_DESC)","EEC_DSCMPE","P","S","EEF","1","XFILIAL(""EEF"")+M->EEC_MPGEXP","","S"
"EEC_CONSIG","001","IF(!EMPTY(M->EEC_CONSIG),SA1->A1_LOJA,"""")","EEC_COLOJA","P","S","SA1","1","XFILIAL(""SA1"")+M->EEC_CONSIG","EMPTY(M->EEC_COLOJA)","S"
"EEC_CONSIG","002","IF(!EMPTY(M->EEC_CONSIG),SA1->A1_NOME,"""")","EEC_CONSDE","P","S","SA1","1","XFILIAL(""SA1"")+M->EEC_CONSIG+IF(!EMPTY(M->EEC_COLOJA),M->EEC_COLOJA,"""")","","S"
"EEC_DIASPA","001","SY6->(MSMM(SY6->Y6_DESC_P,50,,,3))","EEC_DESCPA","P","S","SY6","1","XFILIAL(""SY6"")+M->EEC_CONDPA+STR(M->EEC_DIASPA,AVSX3(""EEC_DIASPA"",3))","!EMPTY(M->EEC_DIASPA)","S"
"EEC_DTEMBA","001","""6""","EEC_STATUS","P","N","","0","","!EMPTY(M->EEC_DTEMBA)","S"
"EEC_DTEMBA","002","DSCSITEE7(,""E"")","EEC_STTDES","P","N","","0","","!EMPTY(M->EEC_DTEMBA)","S"
"EEC_EMBAFI","001","IF(EMPTY(M->EEC_CUBAGE),AP100CUBAGEM(.T.,""Q""),M->EEC_CUBAGE)","EEC_CUBAGE","P","N","","0","","!EMPTY(M->EEC_EMBAFI)","S"
"EEC_EXLOJA","001","IF(!EMPTY(M->EEC_EXLOJA),SA2->A2_NOME,"""")","EEC_EXPODE","P","S","SA2","1","XFILIAL(""SA2"")+M->EEC_EXPORT+IF(!EMPTY(M->EEC_EXLOJA),M->EEC_EXLOJA,"""")","","S"
"EEC_EXPORT","001","SA2->A2_LOJA","EEC_EXLOJA","P","S","SA2","1","XFILIAL(""SA2"")+M->EEC_EXPORT","EMPTY(M->EEC_EXLOJA)","S"
"EEC_EXPORT","002","IF(!EMPTY(M->EEC_EXPORT),SA2->A2_NOME,"""")","EEC_EXPODE","P","S","SA2","1","XFILIAL(""SA2"")+M->EEC_EXPORT+IF(!EMPTY(M->EEC_EXLOJA),M->EEC_EXLOJA,"""")","","S"
"EEC_FOLOJA","001","IF(!EMPTY(M->EEC_FOLOJA),SA2->A2_NOME,"""")","EEC_FORNDE","P","S","SA2","1","XFILIAL(""SA2"")+M->EEC_FORN+M->EEC_FOLOJA","","S"
"EEC_FORN","001","SA2->A2_NOME","EEC_FORNDE","P","N","","0","","","S"
"EEC_FORN","002","SA2->A2_LOJA","EEC_FOLOJA","P","N","","0","","","S"
"EEC_IMLOJA","001","SA1->A1_NOME","EEC_IMPODE","P","S","SA1","1","XFILIAL(""SA1"")+M->EEC_IMPORT+M->EEC_IMLOJA","","S"
"EEC_IMLOJA","002","IF(EMPTY(M->EEC_PAISET),SA1->A1_PAIS,M->EEC_PAISET)","EEC_PAISET","P","N","","0","","","S"
"EEC_IMLOJA","003","AE100Import()","EEC_VALCOM","P","N","","0","","","S"
"EEC_IMLOJA","004","IF(AE100CRIT(""EEC_IMPORT"",.F.),M->EEC_IMPORT,M->EEC_IMPORT)","EEC_IMPORT","P","N","","0","","","S"
"EEC_IMLOJA","005","EECMEND(""SA1"",1,M->EEC_IMPORT+M->EEC_IMLOJA,.T.,,1)","EEC_ENDIMP","P","N","","0","","","S"
"EEC_IMLOJA","006","EECMEND(""SA1"",1,M->EEC_IMPORT+M->EEC_IMLOJA,.T.,,2)","EEC_END2IM","P","N","","0","","","S"
"EEC_IMLOJA","007","POSICIONE(""SYA"",1,xFilial(""SYA"")+SA1->A1_PAIS,""YA_IDIOMA"")","EEC_IDIOMA","P","N","","0","","!Empty(SA1->A1_PAIS)","S"
"EEC_IMPORT","001","SA1->A1_LOJA","EEC_IMLOJA","P","N","","0","","","S"
"EEC_IMPORT","002","SA1->A1_NOME","EEC_IMPODE","P","N","","0","","","S"
"EEC_IMPORT","003","IF(EMPTY(M->EEC_PAISET),SA1->A1_PAIS,M->EEC_PAISET)","EEC_PAISET","P","N","","0","","","S"
"EEC_IMPORT","004","AE100Import()","EEC_VALCOM","P","N","","0","","","S"
"EEC_IMPORT","005","IF(AE100CRIT(""EEC_IMPORT"",.F.),M->EEC_IMPORT,M->EEC_IMPORT)","EEC_IMPORT","P","N","","0","","","S"
"EEC_IMPORT","006","EECMEND(""SA1"",1,M->EEC_IMPORT+M->EEC_IMLOJA,.T.,,1)","EEC_ENDIMP","P","N","","0","","","S"
"EEC_IMPORT","007","EECMEND(""SA1"",1,M->EEC_IMPORT+M->EEC_IMLOJA,.T.,,2)","EEC_END2IM","P","N","","0","","","S"
"EEC_IMPORT","008","POSICIONE(""SYA"",1,xFilial(""SYA"")+SA1->A1_PAIS,""YA_IDIOMA"")","EEC_IDIOMA","P","N","","0","","!Empty(SA1->A1_PAIS)","S"
"EEC_INCOTE","001","SYJ->YJ_FRPPCC","EEC_FRPPCC","P","S","SYJ","1","XFILIAL(""SYJ"")+M->EEC_INCOTE","","S"
"EEC_LIBSIS","001","IF(EMPTY(M->EEC_LIBSIS),""1"",""2"")","EEC_STASIS","P","N","","0","","","S"
"EEC_MOTSIT","001","IF(!EMPTY(M->EEC_MOTSIT),EE4->(MSMM(EE4->EE4_TEXTO,60)),"""")","EEC_DSCMTS","P","S","EE4","1","XFILIAL(""EE4"")+M->EEC_MOTSIT+""1""","","S"
"EEC_MPGEXP","001","IF(EMPTY(M->EEC_MPGEXP),"""",EEF->EEF_DESC)","EEC_DSCMPE","P","S","EEF","1","XFILIAL(""EEF"")+M->EEC_MPGEXP","","S"
"EEC_PEDREF","001","AE100PEDREF()","EEC_IMPORT","P","N","","0","","!EMPTY(M->EEC_PEDREF)","S"
"EEC_PREEMB","001","""1""","EEC_STASIS","P","N","","0","","!EMPTY(M->EEC_PREEMB)","S"
"EEC_UNIDAD","001","IF(ALLWAYSTRUE(AE100TTELA(.F.)),M->EEC_UNIDAD,NIL)","EEC_UNIDAD","P","N","","0","","","S"
"EEH_COD_RL","001","if(!Empty(M->EEH_COD_RL),EEG->EEG_NOME,"""")","EEH_DES_RL","P","S","EEG","1","XFILIAL(""EEG"")+Left(M->EEH_IDIOMA,AVSX3(""EEG_IDIOMA"",3))+M->EEH_COD_RL","","S"
"EEJ_CODIGO","001","BCOAGE(M->EEJ_CODIGO)","EEJ_AGENCI","P","N","","0","","","S"
"EEJ_CODIGO","002","SA6->A6_NUMCON","EEJ_NUMCON","P","N","","0","","","S"
"EEJ_CODIGO","003","SA6->A6_NOME","EEJ_NOME","P","N","","0","","","S"
"EEL_BCOAV","001","BCOAGE(M->EEL_BCOAV)","EEL_AGCAV","P","N","","0","","","S"
"EEL_BCOAV","002","SA6->A6_NOME","EEL_VMBCAV","P","N","","0","","","S"
"EEL_BCOCON","001","BCOAGE(M->EEL_BCOCON)","EEL_AGCCON","P","N","","0","","","S"
"EEL_BCOCON","002","SA6->A6_NOME","EEL_VMBCCO","P","N","","0","","","S"
"EEL_BCOEM","001","BCOAGE(M->EEL_BCOEM)","EEL_AGCEM","P","N","","0","","","S"
"EEL_BCOEM","002","SA6->A6_NOME","EEL_VMBCEM","P","N","","0","","","S"
"EEN_IMLOJA","001","SA1->A1_NOME","EEN_IMPODE","P","S","SA1","1","XFILIAL(""SA1"")+M->EEN_IMPORT+M->EEN_IMLOJA","","S"
"EEN_IMLOJA","002","EECMEND(""SA1"",1,M->EEN_IMPORT+M->EEN_IMLOJA,.T.,,1)","EEN_ENDIMP","P","N","","0","","","S"
"EEN_IMLOJA","003","EECMEND(""SA1"",1,M->EEN_IMPORT+M->EEN_IMLOJA,.T.,,2)","EEN_END2IM","P","N","","0","","","S"
"EEN_IMPORT","001","SA1->A1_LOJA","EEN_IMLOJA","P","N","","0","","","S"
"EEN_IMPORT","002","SA1->A1_NOME","EEN_IMPODE","P","N","","0","","","S"
"EEN_IMPORT","003","EECMEND(""SA1"",1,M->EEN_IMPORT+M->EEN_IMLOJA,.T.,,1)","EEN_ENDIMP","P","N","","0","","","S"
"EEN_IMPORT","004","EECMEND(""SA1"",1,M->EEN_IMPORT+M->EEN_IMLOJA,.T.,,2)","EEN_END2IM","P","N","","0","","","S"
"EEQ_BANC","001","SA6->A6_AGENCIA","EEQ_AGEN","P","N","","0","","","S"
"EEQ_BANC","002","SA6->A6_NUMCON","EEQ_NCON","P","N","","0","","","S"
"EEQ_BANC","003","SA6->A6_NOME","EEQ_NOMEBC","P","N","","0","","","S"
"EEQ_CODEMP","001","SY5->Y5_FORNECE","EEQ_FORN","P","S","SY5","1","xFilial(""SY5"")+M->EEQ_CODEMP","","S"
"EEQ_CODEMP","002","SY5->Y5_LOJAF","EEQ_FOLOJA","P","S","SY5","1","xFilial(""SY5"")+M->EEQ_CODEMP","","S"
"EEQ_DESCON","001","M->EEQ_VL-M->EEQ_DESCON","EEQ_VM_REC","P","N","","0","","!lFinanciamento","S"
"EEQ_DESCON","002","M->EEQ_TX*M->EEQ_VM_REC","EEQ_EQVL","P","N","","0","","!lFinanciamento","S"
"EEQ_EVENT","001","Af200LoadCpo(""EEQ_MOEDA"")","EEQ_MOEDA","P","N","","0","","","S"
"EEQ_EVENT","002","Af200LoadCpo(""EEQ_PARI"")","EEQ_PARI","P","N","","0","","","S"
"EEQ_EVENT","003","Af200LoadCpo(""EEQ_TIPO"")","EEQ_TIPO","P","","","0","","","S"
"EEQ_EVENT","004","Af200LoadCpo(""EEQ_FORN"")","EEQ_FORN","P","N","","0","","","S"
"EEQ_EVENT","005","Af200LoadCpo(""EEQ_FOLOJA"")","EEQ_FOLOJA","P","","","0","","","S"
"EEQ_EVENT","006","Af200LoadCpo(""EEQ_CODEMP"")","EEQ_CODEMP","P","","","0","","","S"
"EEQ_MOEDA","001","Af200LoadCpo(""EEQ_PARI"")","EEQ_PARI","P","","","0","","","S"
"EEQ_PGT","001","BUSCATAXA(EEC->EEC_MOEDA,M->EEQ_PGT)","EEQ_TX","P","N","","0","","Type(""lIsEmb"")=""L"" .And. lIsEmb = .T.","S"
"EEQ_PGT","002","M->EEQ_TX*IF(TYPE(""nTOTFFC"")=""N"",nTOTFFC,M->EEQ_VM_REC)","EEQ_EQVL","P","N","","0","","!lFinanciamento","S"
"EEQ_PGT","003","BuscaTaxa(Posicione(""EXJ"",1,xFilial(""EXJ"")+SA1->A1_COD+SA1->A1_LOJA,""EXJ_MOEDA""),M->EEQ_PGT)","EEQ_TX","P","N","","0","","Type(""cTipoCad"")=""C"" .AND. cTipoCad='I'","S"
"EEQ_PGT","004","BUSCATAXA(EE7->EE7_MOEDA,M->EEQ_PGT)","EEQ_TX","P","N","","0","","Type(""lIsPed"")=""L"" .AND. lIsPed = .T.","S"
"EEQ_PGT","005","M->EEQ_TX*M->EEQ_VL","EEQ_EQVL","P","N","","0","","Type(""lIsEmb"")=""U""","S"
"EEQ_TX","001","M->EEQ_TX*IF(TYPE(""nTOTFFC"")=""N"",nTOTFFC,M->EEQ_VM_REC)","EEQ_EQVL","P","N","","0","","!lFinanciamento","S"
"EEQ_TX","002","M->EEQ_TX*M->EEQ_VL","EEQ_EQVL","P","","","0","","Type(""lIsEmb"")=""U""","S"
"EEQ_VL","001","M->EEQ_VL-M->EEQ_DESCON","EEQ_VM_REC","P","N","","0","","!lFinanciamento","S"
"EEQ_VL","002","M->EEQ_TX*M->EEQ_VM_REC","EEQ_EQVL","P","N","","0","","!lFinanciamento","S"
"EEQ_VL","003","M->EEQ_TX*M->EEQ_VL","EEQ_EQVL","P","N","","0","","Type(""lIsEmb"")=""U""","S"
"EET_DESPES","001","E_Field(""EET_DESPES"",""YB_DESCR"",""G"")","EET_DESCDE","P","N","","0","","","S"
"EET_DESPES","002","M->EET_EVENT := SYB->YB_EVENT","EET_EVENT","P","S","SYB","1","XFILIAL(""SYB"")+M->EET_DESPES","","S"
"EEU_DESPES","001","E_FIELD(""EEU_DESPES"",""YB_DESCR"",""G"")","EEU_DESCDE","P","N","","0","","","S"
"EEV_CODEMB","001","EE5->EE5_DESC","EEV_EMBALA","P","S","EE5","1","XFILIAL(""EE5"")+M->EEV_CODEMB","!EMPTY(M->EEV_CODEMB)","S"
"EEV_CODEMB","002","EE5->EE5_DIMENS","EEV_DIMENS","P","S","EE5","1","XFILIAL(""EE5"")+M->EEV_CODEMB","!EMPTY(M->EEV_CODEMB)","S"
"EEV_CODEMB","003","EE5->EE5_PESO","EEV_PESBRU","P","S","EE5","1","XFILIAL(""EE5"")+M->EEV_CODEMB","!EMPTY(M->EEV_CODEMB)","S"
"EEW_PROEMB","001","SB1->B1_DESC","EEW_DESC","P","S","SB1","1","XFILIAL(""SB1"")+M->EEW_PROEMB","!EMPTY(M->EEW_PROEMB)","S"
"EEX_ESP1","001","M->EEX_DESP1 := PADR(SX5->X5_DESCRI,30,"" "")","EEX_DESP1","P","S","SX5","1","XFILIAL(""SX5"")+""CL""+M->EEX_ESP1","","S"
"EEX_ESP10","001","M->EEX_DESP10 := PADR(SX5->X5_DESCRI,30,"" "")","EEX_DESP10","P","S","SX5","1","XFILIAL(""SX5"")+""CL""+M->EEX_ESP10","","S"
"EEX_ESP11","001","M->EEX_DESP11 := PADR(SX5->X5_DESCRI,30,"" "")","EEX_DESP11","P","S","SX5","1","XFILIAL(""SX5"")+""CL""+M->EEX_ESP11","","S"
"EEX_ESP12","001","M->EEX_DESP12 := PADR(SX5->X5_DESCRI,30,"" "")","EEX_DESP12","P","S","SX5","1","XFILIAL(""SX5"")+""CL""+M->EEX_ESP12","","S"
"EEX_ESP13","001","M->EEX_DESP13 := PADR(SX5->X5_DESCRI,30,"" "")","EEX_DESP13","P","S","SX5","1","XFILIAL(""SX5"")+""CL""+M->EEX_ESP13","","S"
"EEX_ESP14","001","M->EEX_DESP14 := PADR(SX5->X5_DESCRI,30,"" "")","EEX_DESP14","P","S","SX5","1","XFILIAL(""SX5"")+""CL""+M->EEX_ESP14","","S"
"EEX_ESP2","001","M->EEX_DESP2 := PADR(SX5->X5_DESCRI,30,"" "")","EEX_DESP2","P","S","SX5","1","XFILIAL(""SX5"")+""CL""+M->EEX_ESP2","","S"
"EEX_ESP3","001","M->EEX_DESP3 := PADR(SX5->X5_DESCRI,30,"" "")","EEX_DESP3","P","S","SX5","1","XFILIAL(""SX5"")+""CL""+M->EEX_ESP3","","S"
"EEX_ESP4","001","M->EEX_DESP4 := PADR(SX5->X5_DESCRI,30,"" "")","EEX_DESP4","P","S","SX5","1","XFILIAL(""SX5"")+""CL""+M->EEX_ESP4","","S"
"EEX_ESP5","001","M->EEX_DESP5 := PADR(SX5->X5_DESCRI,30,"" "")","EEX_DESP5","P","S","SX5","1","XFILIAL(""SX5"")+""CL""+M->EEX_ESP5","","S"
"EEX_ESP6","001","M->EEX_DESP6 := PADR(SX5->X5_DESCRI,30,"" "")","EEX_DESP6","P","S","SX5","1","XFILIAL(""SX5"")+""CL""+M->EEX_ESP6","","S"
"EEX_ESP7","001","M->EEX_DESP7 := PADR(SX5->X5_DESCRI,30,"" "")","EEX_DESP7","P","S","SX5","1","XFILIAL(""SX5"")+""CL""+M->EEX_ESP7","","S"
"EEX_ESP8","001","M->EEX_DESP8 := PADR(SX5->X5_DESCRI,30,"" "")","EEX_DESP8","P","S","SX5","1","XFILIAL(""SX5"")+""CL""+M->EEX_ESP8","","S"
"EEX_ESP9","001","M->EEX_DESP9 := PADR(SX5->X5_DESCRI,30,"" "")","EEX_DESP9","P","S","SX5","1","XFILIAL(""SX5"")+""CL""+M->EEX_ESP9","","S"
"EEX_NATUOP","001","SX5->X5_CHAVE","EEX_NATUOP","P","S","SX5","1","xFilial(""SX5"")+""YJ""+M->EEX_NATUOP","","S"
"EEX_NATUOP","002","SX5->X5_DESCRI","EEX_DESCNO","P","N","","0","","","S"
"EEX_VIAINT","001","M->EEX_DVIAIN := PADR(SX5->X5_DESCRI,20,"" "")","EEX_DVIAIN","P","S","SX5","1","XFILIAL(""SX5"")+""Y3""+M->EEX_VIAINT","","S"
"EF1_BAN_FI","001","If(Empty(M->EF1_BAN_FI),"""",SA6->A6_NREDUZ)","EF1_DES_FI","P","S","SA6","1","xFilial(""SA6"")+M->EF1_BAN_FI","","S"
"EF1_BAN_MO","001","If(Empty(M->EF1_BAN_MO),"""",SA6->A6_NREDUZ)","EF1_DES_MO","P","S","SA6","1","xFilial(""SA6"")+M->EF1_BAN_MO","","S"
"EF1_CC","001","If(Empty(M->EF1_CC),"""",SY3->Y3_DESC)","EF1_DESCCC","P","S","SY3","1","xFilial(""SY3"")+M->EF1_CC","","S"
"EF1_EXPORT","001","IF(EMPTY(M->EF1_EXPORT),"""",SA2->A2_NOME)","EF1_VM_EXP","P","S","SA2","1","XFILIAL(""EF1"")+M->EF1_EXPORT","","S"
"EF1_MODPAG","001","IF(EMPTY(M->EF1_MODPAG),"""",EEF->EEF_DESC)","EF1_MDPDES","P","S","EEF","1","XFILIAL(""EEF"")+M->EF1_MODPAG","","S"
"EF1_TP_FIN","001","X5Descri()","EF1_VM_FIN","P","S","SX5","1","xFilial(""SX3"")+""CG""+M->EF1_TP_FIN","","S"
"EF2_TP_FIN","001","X5Descri()","EF2_VM_FIN","P","S","SX5","1","xFilial(""SX3"")+""CG""+M->EF2_TP_FIN","","S"
"EF2_TP_VAR","001","M->EF2_DEC_VA := SX5->X5_DESCRI","EF2_DEC_VA","P","S","SX5","1","xFilial(""SX3"")+""CI""+M->EF2_TP_VAR","","S"
"EG4_CODEEA","001","EEA->EEA_TITULO","EG4_TITULO","P","S","EEA","1","XFILIAL(""EEA"")+M->EG4_CODEEA","!EMPTY(M->EG4_CODEEA)","S"
"EH_AGENCIA","001","SA6->A6_NREDUZ","EH_NBANCO","P","S","SA6","1","xFilial(""SA6"")+M->EH_BANCO+M->EH_AGENCIA+M->EH_CONTA","EMPTY(M->EH_NBANCO)","S"
"EH_BANCO","001","SA6->A6_NREDUZ","EH_NBANCO","P","S","SA6","1","xFilial(""SA6"")+M->EH_BANCO+M->EH_AGENCIA+M->EH_CONTA","EMPTY(M->EH_NBANCO)","S"
"EH_CONTA","001","SA6->A6_NREDUZ","EH_NBANCO","P","S","SA6","1","xFilial(""SA6"")+M->EH_BANCO+M->EH_AGENCIA+M->EH_CONTA","EMPTY(M->EH_NBANCO)","S"
"EH_CONTRAT","001","SE9->E9_BANCO","EH_BCOCONT","P","N","","0","","INCLUI","S"
"EH_CONTRAT","002","SE9->E9_AGENCIA","EH_AGECONT","P","N","","0","","INCLUI","S"
"EH_CONTRAT","003","SE9->E9_CONTA","EH_CTACONT","P","N","","0","","INCLUI","S"
"EH_CONTRAT","004","M->EH_QUOTAS*SE9->E9_VLRCOTA","EH_VALOR","P","S","SE9","1","xFilial(""SE9"")+M->EH_CONTRAT+M->EH_BCOCONT+M->EH_AGECONT","INCLUI","S"
"EH_CONTRAT","005","M->EH_VALOR","EH_SALDO","P","N","","0","","INCLUI","S"
"EH_CONTRAT","006","M->EH_VALOR*RecMoeda(M->EH_DATA,M->EH_MOEDA)","EH_VLCRUZ","P","N","","0","","INCLUI","S"
"EH_CONTRAT","007","M->EH_VLRCOTA := SE9->E9_VLRCOTA","EH_VLRCOTA","P","S","SE9","1","xFilial(""SE9"")+M->EH_CONTRAT+M->EH_BCOCONT+M->EH_AGECONT","","S"
"EH_MOEDA","001","M->EH_VALOR*RecMoeda(M->EH_DATA,M->EH_MOEDA)","EH_VLCRUZ","P","N","","0","","M->EH_MOEDA!=1.AND.M->EH_APLEMP==""EMP""","S"
"EH_MOEDA","002","M->EH_VALOR","EH_VLCRUZ","P","N","","0","","M->EH_MOEDA==1.OR.M->EH_APLEMP==""APL""","S"
"EH_QUOTAS","001","M->EH_QUOTAS*SE9->E9_VLRCOTA","EH_VALOR","P","S","SE9","1","xFilial(""SE9"")+M->EH_CONTRAT+M->EH_BCOCONT+M->EH_AGECONT","INCLUI","S"
"EH_QUOTAS","002","M->EH_VALOR","EH_SALDO","P","N","","0","","INCLUI","S"
"EH_QUOTAS","003","M->EH_VALOR*RecMoeda(M->EH_DATA,M->EH_MOEDA)","EH_VLCRUZ","P","N","","0","","INCLUI","S"
"EH_QUOTAS","004","Space(15)","EH_CONTRAT","P","N","","0","","INCLUI","S"
"EH_QUOTAS","005","M->EH_QUOTAS","EH_SLDCOTA","P","N","","0","","","S"
"EH_VALOR","001","M->EH_VALOR","EH_SALDO","P","N","","0","","INCLUI","S"
"EH_VALOR","002","M->EH_VALOR*RecMoeda(M->EH_DATA,M->EH_MOEDA)","EH_VLCRUZ","P","N","","0","","M->EH_MOEDA!=1","S"
"EH_VALOR","003","M->EH_VALOR","EH_VLCRUZ","P","N","","0","","M->EH_MOEDA==1","S"
"EI6_QTD_EM","001","M->EI6_TOTAL/M->EI6_QTD_EM","EI6_IPIUNI","P","N","","0","","!EMPTY(M->EI6_QTD_EM)","S"
"EI6_TOTAL","001","M->EI6_TOTAL/M->EI6_QTD_EM","EI6_IPIUNI","P","N","","0","","!EMPTY(M->EI6_QTD_EM)","S"
"EIC_DESPES","001","E_FIELD(""EIC_DESPES"",""YB_DESCR"",""G"")","EIC_DESCDE","P","N","","0","","","S"
"EIC_FORN","001","SA2->A2_LOJA","EIC_LOJA","P","S","SA2","1","xFilial(""SA2"")+M->EIC_FORN","","S"
"EID_CORRET","001","SYW->YW_NOME","EID_VM_COR","P","S","SYW","1","xFilial(""SYW"")+M->EID_CORRET","","S"
"EID_TAXA","001","CalcCorret(M->EID_CORRET, SWB->WB_FOBMOE, M->EID_TAXA)","EID_VLCORR","P","N","","0","","","S"
"EIE_TIPCNT","001","M->EIE_DESCNT := SUBSTR(SX5->X5_DESCRI,1,30)","EIE_DESCNT","P","S","SX5","1","xFilial(""SX3"")+""C3""+M->EIE_TIPCNT","","S"
"EIJ_FABR","001","E_Field(""EIJ_FABR"",""A2_NOME"",""G"")","EIJ_FABRVM","P","N","","0","","","S"
"EIJ_FORN","001","E_Field(""EIJ_FORN"",""A2_NOME"",""G"")","EIJ_FORNVM","P","N","","0","","","S"
"EIJ_INCOTE","001","E_Field(""EIJ_INCOTE"",""YJ_DESCR"",""G"")","EIJ_INCOVM","P","N","","0","","","S"
"EIJ_INSTFI","001","SJ7->J7_DESC","EIJ_INSTDE","P","S","SJ7","1","XFILIAL(""SJ7"")+M->EIJ_INSTFI","","S"
"EIJ_METVAL","001","E_Field(""EIJ_METVAL"",""JM_DESC"",""G"")","EIJ_METVVM","P","N","","0","","","S"
"EIJ_MODALI","001","SJ6->J6_DESC","EIJ_MODDES","P","S","SJ6","1","XFILIAL(""SJ6"")+M->EIJ_MODALI","","S"
"EIJ_MOTADI","001","POSICIONE(""SJR"",1,XFILIAL(""SJR"")+M->EIJ_MOTADI+IF(lDISimples,M->EIJ_FUNREG,""""),""JR_DESC"")","EIJ_MOTAVM","P","N","","0","","","S"
"EIJ_MOTIVO","001","SJ8->J8_DESC","EIJ_MOTDES","P","S","SJ8","1","XFILIAL(""SJ8"")+M->EIJ_MOTIVO","","S"
"EIJ_TEC","001","E_Field(""EIJ_TEC"",""YD_DESC_P"",""G"")","EIJ_TECVM","P","N","","0","","","S"
"EIJ_TPRECE","001","E_Field(""EIJ_TPRECE"",""JT_DESC"",""G"")","EIJ_TPREVM","P","N","","0","","","S"
"EIJ_URFENT","001","E_Field(""EIJ_URFENT"",""J0_DESC"",""G"")","EIJ_URFEVM","P","N","","0","","","S"
"EL_TIPODOC","001","""1""","EL_TPCRED","P","N","","0","","M->EL_TIPODOC$ cCredInm","S"
"EL_TIPODOC","002","""3""","EL_TPCRED","P","N","","0","","M->EL_TIPODOC$ cCredMed","S"
"EL_TIPODOC","003","""4""","EL_TPCRED","P","N","","0","","M->EL_TIPODOC$ ""RG|RB|RS|RI""","S"
"EN_CODIOC","001","FINXIOC( M->EN_CODIOC, .t. )","EN_IOC","P","N","","0","","","S"
"EN_INDICE","001","FINXIND( M->EN_INDICE, .t. )","EN_TAXA","P","N","","0","","","S"
"EN_INDICE","002","M->EN_CARENC := SEP->EP_MINDIA","EN_CARENC","P","N","","0","","","S"
"EN_INDICE","003","M->EN_MAXPARC := SEP->EP_MAXPARC","EN_MAXPARC","P","N","","0","","","S"
"EN_INDICE","004","M->EN_RAZAO := SEP->EP_MAXDIA","EN_RAZAO","P","N","","0","","","S"
"EN_INDICE","005","FA520CAL()","EN_COEF","P","N","","0","","","S"
"EN_MAXPARC","001","FA520CAL()","EN_COEF","P","N","","0","","","S"
"EU_CODVEI","001","DA3->DA3_DESC","EU_DESVEI","P","S","DA3","1","xFilial()+M->EU_CODVEI","","S"
"EU_TIPO","001","IF( M->EU_TIPO==""01"" .And. !Empty(M->EU_VALOR), M->EU_VALOR,0)","EU_SLDADIA","P","N","","0","","","S"
"EU_VALOR","001","IF( Type(""M->EU_TIPO"")==""C"" .And. M->EU_TIPO==""01"", M->EU_VALOR, 0)","EU_SLDADIA","P","N","","0","","","S"
"EX3_AGENTE","001","M->EX3_DSCAGE := SY5->Y5_NOME","EX3_DSCAGE","P","S","SY5","1","xFilial(""SY5"")+M->EX3_AGENTE","!EMPTY(M->EX3_AGENTE)","S"
"EX3_DEST","001","M->EX3_DSCDES := SY9->Y9_DESCR","EX3_DSCDES","P","S","SY9","2","xFilial(""SY9"")+M->EX3_DEST","!EMPTY(M->EX3_DEST)","S"
"EX3_ORIGEM","001","M->EX3_DSCORI := SY9->Y9_DESCR","EX3_DSCORI","P","S","SY9","2","xFilial(""SY9"")+M->EX3_ORIGEM","!EMPTY(M->EX3_ORIGEM)","S"
"EX5_PAIS","001","SYA->YA_DESCR","EX5_PAISDE","P","S","SYA","1","XFILIAL(""SYA"")+M->EX5_PAIS","","S"
"EX6_PAIS","001","SYA->YA_DESCR","EX6_PAISDE","P","S","SYA","1","XFILIAL(""SYA"")+M->EX6_PAIS","","S"
"EX8_DEST","001","M->EX8_DSCDES := SY9->Y9_DESCR","EX8_DSCDES","P","S","SY9","2","xFilial(""SY9"")+M->EX8_DEST","!Empty(M->EX8_DEST)","S"
"EX8_DEST","002","AC170Destino(""EX8_TT_ETA"")","EX8_TT_ETA","P","N","","0","","","S"
"EX8_DEST","003","AC170Destino(""EX8_ETADES"")","EX8_ETADES","P","N","","0","","","S"
"EX8_DEST","004","AC170Destino(""EX8_TT_ETB"")","EX8_TT_ETB","P","N","","0","","","S"
"EX8_DEST","005","AC170Destino(""EX8_ETBDES"")","EX8_ETBDES","P","N","","0","","","S"
"EX8_ETADES","001","AC170Destino(""EX8_ETBDES"")","EX8_ETBDES","P","N","","0","","","S"
"EX8_ETADES","002","AC170AtuCpo(""EX8_TT_ETA"")","EX8_TT_ETA","P","N","","0","","","S"
"EX8_ETBDES","001","AC170AtuCpo(""EX8_ETSDES"")","EX8_ETSDES","P","N","","0","","","S"
"EX8_ETBDES","002","AC170AtuCpo(""EX8_TT_ETB"")","EX8_TT_ETB","P","N","","0","","","S"
"EX8_TT_ETA","001","AC170Destino(""EX8_ETADES"")","EX8_ETADES","P","N","","0","","","S"
"EX8_TT_ETA","002","AC170Destino(""EX8_ETBDES"")","EX8_ETBDES","P","N","","0","","","S"
"EX8_TT_ETB","001","AC170Destino(""EX8_ETBDES"")","EX8_ETBDES","P","N","","0","","","S"
"EXB_CODATV","001","If(!Empty(M->EXB_CODATV),Posicione(""EEA"",1,xFilial(""EEA"")+M->EXB_CODATV,""EEA_TITULO""),"" "")","EXB_VM_DES","P","N","","0","","","S"
"EXF_AGENTE","001","M->EXF_DSCAGE := SY5->Y5_NOME","EXF_DSCAGE","P","S","SY5","1","xFilial(""SY5"")+M->EXF_AGENTE","!Empty(M->EXF_AGENTE)","S"
"EXG_CORR","001","POSICIONE(""SY5"",1,XFILIAL(""SY5"")+M->EXG_CORR,""Y5_NOME"")","EXG_CRNO","P","N","","0","","","S"
"EXN_NORMA","001","MSMM(EEI->EEI_DESC,60,1)","EXN_NORMDE","P","S","EEI","1","xFilial(""EEI"")+M->EXN_NORMA","","S"
"EXN_PAIS","001","SYA->YA_DESCR","EXN_PAISDE","P","S","SYA","1","xFilial(""SYA"")+M->EXN_PAIS","","S"
"F4_CODIGO","001","IIF(M->F4_CODIGO > ""500"", ""2"", ""1"")","F4_DEVZERO","P","N","","0","","M->F4_CODIGO > '500'","S"
"F6_BANCO","001","SA6->A6_AGENCIA","F6_AGENCIA","P","N","","0","","","S"
"GA2_ORIPAC","001","IIF(M->GA2_ORIPAC $ ""04"", ""1"", ""0"")","GA2_MOVEST","P","N","","0","","Inclui","S"
"GAG_CCOKIT","001","SB1->B1_CODBAR","GAG_CODBAR","P","S","SB1","1","XFILIAL(""SB1"") + M->GAG_CCOKIT","","S"
"GAG_CODBAR","001","SB1->B1_COD","GAG_CCOKIT","P","S","SB1","5","XFILIAL(""SB1"")+ M->GAG_CODBAR","","S"
"GAG_CODBAR","002","SB1->B1_DESC","GAG_DESCOM","P","N","","0","","","S"
"GAK_CODBAR","001","GBI->GBI_PRCUNC","GAK_PCUMAT","P","N","GBI","1","XFILIAL(""GBI"") + M->GAK_CODMAT","","S"
"GAK_CODBAR","002","SB1->B1_COD","GAK_CODMAT","P","N","","0","","","S"
"GAK_CODMAT","001","SB1->B1_CUSTD/GBI->GBI_FMTHSP","GAK_PCUMAT","P","S","GBI","1","XFILIAL(""GBI"")+SB1->B1_COD","","S"
"GAK_CODMAT","002","M->GAK_CODPRE","GAK_CODPRE","P","N","","0","","","S"
"GAK_CODMAT","003","GAZ->GAZ_FANPRE","GAK_NOMPRE","P","S","GAZ","1","XFILIAL(""GAZ"")+M->GAK_CODPRE","","S"
"GAL_CODTAX","001","GAB->GAB_VALCTX","GAL_PCUTAX","P","S","GAB","1","XFILIAL(""GAB"")+GAA->GAA_CODTXD","","S"
"GAL_CODTAX","002","M->GAL_CODPRE","GAL_CODPRE","P","N","","0","","","S"
"GAL_CODTAX","003","GAZ->GAZ_FANPRE","GAL_NOMPRE","P","S","GAZ","1","XFILIAL(""GAZ"")+M->GAL_CODPRE","","S"
"GAO_CODPRO","001","M->GAO_CODPRE","GAO_CODPRE","P","N","","0","","","S"
"GAO_CODPRO","002","GAZ->GAZ_FANPRE","GAO_NOMPRE","P","S","GAZ","1","XFILIAL(""GAZ"")+M->GAO_CODPRE","","S"
"GAO_CODPRO","003","GA7->GA7_CUSTOP","GAO_PCUPRO","P","N","","0","","","S"
"GB2_REGATE","001","""RN DE ""+GAD->GAD_NOME","GB2_NOME","P","N","","0","","","S"
"GB2_REGATE","002","GAD->GAD_NOME","GB2_MAE","P","N","","0","","","S"
"GB2_REGATE","003","GBH->GBH_NOMCJG","GB2_PAI","P","S","GBH","1","XFILIAL(""GBH"")+GAD->GAD_REGGER","","S"
"GB2_REGATE","004","GAD->GAD_CODCRM","GB2_CODCRM","P","N","","0","","","S"
"GB2_REGATE","005","SRA->RA_NOME","GB2_NOMMED","P","S","SRA","11","XFILIAL(""SRA"")+GAD->GAD_CODCRM","","S"
"GB4_REGATE","001","IF(!EMPTY(M->GB4_REGATE),GAD->GAD_CODCON,GB4->GB4_CODCON)","GB4_CODCON","P","N","","0","","","S"
"GBP_REGATE","001","GAD->GAD_NOME","GBP_NOME","P","S","GAD","1","XFILIAL(""GAD"")+M->GBP_REGATE","","S"
"GBP_REGATE","002","GAD->GAD_DATATE","GBP_DATATE","P","S","GAD","1","XFILIAL(""GAD"")+M->GBP_REGATE","","S"
"GBP_REGATE","003","GAD->GAD_HORATE","GBP_HORATE","P","S","GAD","1","XFILIAL(""GAD"")+M->GBP_REGATE","","S"
"GBX_CODPRE","001","GAZ->GAZ_FANPRE","GBX_NOMPRE","P","S","GAZ","1","XFILIAL(""GAZ"")+M->GBX_CODPRE","","S"
"GBX_REGATE","001","GAD->GAD_CCUINT","GBX_CODCCU","P","S","GAD","1","XFILIAL(""GAD"")+M->GBX_REGATE","","S"
"H2_RECALTE","001","M->H2_DESCRI:=SH1->H1_DESCRI","H2_DESCRI","P","S","SH1","1","xFilial()+M->H2_RECALTE","","S"
"H6_VERIFI","001","A680VERI()","H6_VERIFI","P","N","","0","","INCLUI .AND. cModulo == ""QIP""","S"
"H6_VERIFI","002","A680DICL(M->H6_VERIFI,.T.)","H6_INSCER","P","N","","0","","cModulo == ""QIP""","S"
"I1_CODIGO","001","CA020DIG()","I1_DC","P","N","","0","","","S"
"I1_SALVISU","001","IIF(SI1->I1_NORMAL=""D"",M->I1_SALVISU*(-1),M->I1_SALVISU)","I1_SALANT","P","N","","0","","","S"
"I3_MAT","001","M->I3_NMAT := QA_NUSR(M->I3_FILMAT,M->I3_MAT,.t.)","I3_NMAT","P","N","","0","","","S"
"I7_SALVISU","001","IIF(SI1->I1_NORMAL=""D"",M->I7_SALVISU*(-1),M->I7_SALVISU)","I7_SALANT","P","N","","0","","","S"
"IC4_CODQT","001","IF(INCLUI,ICEA100PRX(M->IC4_CODQT),M->IC4_PROCES)","IC4_PROCES","P","N","","0","","","S"
"IC6_CODPQ","001","IC5->IC5_DESC","IC6_DESCPQ","P","S","IC5","1","XFILIAL(""IC5"")+M->IC6_CODPQ","","S"
"IC7_CODQT","001","IC6->IC6_DESC","IC7_DESCQT","P","S","IC6","3","xFilial(""IC6"")+M->IC7_CODQT","!Empty(M->IC7_CODQT)","S"
"IC9_CODGRP","001","IC7->IC7_DESC","IC9_DESGRP","P","S","IC7","3","XFILIAL(""IC7"")+M->IC9_CODGRP","!EMPTY(M->IC9_CODGRP)","S"
"IC9_CODQT","001","IC6->IC6_DESC","IC9_DESCQT","P","S","IC6","3","XFILIAL(""IC6"")+M->IC9_CODQT","!EMPTY(M->IC9_CODQT)","S"
"IC9_CODSUB","001","IC8->IC8_DESC","IC9_DESSUB","P","S","IC8","3","XFILIAL(""IC8"")+M->IC9_CODSUB","!EMPTY(M->IC9_CODSUB)","S"
"IC9_OBSERV","001","IIf(Empty(M->IC9_OBSERV),0,CriaVar(""IC9_LIMRES""))","IC9_LIMRES","P","N","","0","","","S"
"IC9_PROCES","001","IF(INCLUI,ICEA110PRX(M->IC9_CODQT,M->IC9_PROCES),M->IC9_CODQST)","IC9_CODQST","P","N","","0","","","S"
"IC9_TIPEXI","001","ICEA110Exi()","IC9_TIPEXI","P","N","","0","","","S"
"IC9_TIPQST","001","ICEA110Exi()","IC9_TIPEXI","P","N","","0","","","S"
"JA1_CAMPUS","001","JA3->JA3_DESLOC","JA1_DCAMPU","P","S","JA3","1","xFilial(""JA3"")+M->JA1_CAMPUS","","S"
"JA1_CEP","001","JC2->JC2_LOGRAD","JA1_END","P","N","","0","","","S"
"JA1_CEP","002","JC2->JC2_BAIRRO","JA1_BAIRRO","P","N","","0","","","S"
"JA1_CEP","003","JC2->JC2_CIDADE","JA1_CIDADE","P","N","","0","","","S"
"JA1_CEP","004","JC2->JC2_ESTADO","JA1_ESTADO","P","N","","0","","","S"
"JA1_CEPPRF","001","JC2->JC2_LOGRAD","JA1_ENDPRF","P","N","","0","","","S"
"JA1_CEPPRF","002","JC2->JC2_BAIRRO","JA1_BAIPRF","P","N","","0","","","S"
"JA1_CEPPRF","003","JC2->JC2_CIDADE","JA1_CIDPRF","P","N","","0","","","S"
"JA1_CEPPRF","004","JC2->JC2_ESTADO","JA1_ESTPRF","P","N","","0","","","S"
"JA1_CPF","001","Iif(M->JA1_CPF==""11111111111"","" "", M->JA1_CPF)","JA1_CPF","P","N","","0","","","S"
"JA1_ENTIDA","001","JCL->JCL_NOME","JA1_DENTID","P","S","JCL","1","xFilial(""JCL"")+M->JA1_ENTIDA","","S"
"JA1_INDICA","001","JAB->JAB_NOME","JA1_DINDIC","P","S","JAB","1","xFilial(""JAB"")+M->JA1_INDICA","","S"
"JA1_INDICA","002","JAB->JAB_DESCON","JA1_DESCON","P","N","","0","","","S"
"JA1_LOCAL","001","JA3->JA3_DESLOC","JA1_DLOCAL","P","S","JA3","1","xFilial(""JA3"")+M->JA1_LOCAL","","S"
"JA1_LOCINS","001","Posicione(""JA3"",1,xFilial(""JA3"")+M->JA1_LOCINS,""JA3_DESLOC"")","JA1_DLOCIN","P","N","","0","","","S"
"JA1_PROSEL","001","JA6->JA6_DESC","JA1_DESCPR","P","S","JA6","1","xFilial(""JA6"")+M->JA1_PROSEL","","S"
"JA2_CEP","001","JC2->JC2_LOGRAD","JA2_END","P","N","","0","","","S"
"JA2_CEP","002","JC2->JC2_BAIRRO","JA2_BAIRRO","P","N","","0","","","S"
"JA2_CEP","003","JC2->JC2_CIDADE","JA2_CIDADE","P","N","","0","","","S"
"JA2_CEP","004","JC2->JC2_ESTADO","JA2_EST","P","N","","0","","","S"
"JA2_CEP","005","JC2->JC2_LOGRAD","JA2_ENDCOB","P","N","","0","","","S"
"JA2_CEP","006","JC2->JC2_BAIRRO","JA2_BAICOB","P","N","","0","","","S"
"JA2_CEP","007","JC2->JC2_CIDADE","JA2_CIDCOB","P","N","","0","","","S"
"JA2_CEP","008","JC2->JC2_ESTADO","JA2_ESTCOB","P","N","","0","","","S"
"JA2_CEP","009","M->JA2_CEP","JA2_CEPCOB","P","N","","0","","","S"
"JA2_CEPCOB","001","JC2->JC2_LOGRAD","JA2_ENDCOB","P","N","","0","","","S"
"JA2_CEPCOB","002","JC2->JC2_BAIRRO","JA2_BAICOB","P","N","","0","","","S"
"JA2_CEPCOB","003","JC2->JC2_CIDADE","JA2_CIDCOB","P","N","","0","","","S"
"JA2_CEPCOB","004","JC2->JC2_ESTADO","JA2_ESTCOB","P","N","","0","","","S"
"JA2_CEPPRF","001","JC2->JC2_LOGRAD","JA2_ENDPRF","P","N","","0","","","S"
"JA2_CEPPRF","002","JC2->JC2_BAIRRO","JA2_BAIPRF","P","N","","0","","","S"
"JA2_CEPPRF","003","JC2->JC2_CIDADE","JA2_CIDPRF","P","N","","0","","","S"
"JA2_CEPPRF","004","JC2->JC2_ESTADO","JA2_ESTPRF","P","N","","0","","","S"
"JA2_COMPLE","001","M->JA2_COMPLE","JA2_COMCOB","P","N","","0","","Empty(M->JA2_COMCOB)","S"
"JA2_ENTIDA","001","JCL->JCL_NOME","JA2_DENTID","P","S","JCL","1","xFilial(""JCL"")+M->JA2_ENTIDA","","S"
"JA2_INSTIT","001","JCL->JCL_NOME","JA2_DINSTI","P","S","JCL","1","xFilial(""JCL"")+M->JA2_INSTIT","","S"
"JA2_NACION","001","Tabela('34',M->JA2_NACION,.F.)","JA2_DESCNA","P","N","","0","","","S"
"JA2_NUMEND","001","M->JA2_NUMEND","JA2_NUMCOB","P","N","","0","","","S"
"JA3_CEP","001","JC2->JC2_LOGRAD","JA3_END","P","N","","0","","","S"
"JA3_CEP","002","JC2->JC2_BAIRRO","JA3_BAIRRO","P","N","","0","","","S"
"JA3_CEP","003","JC2->JC2_CIDADE","JA3_CIDADE","P","N","","0","","","S"
"JA3_CEP","004","JC2->JC2_ESTADO","JA3_EST","P","N","","0","","","S"
"JA4_CEP","001","JC2->JC2_LOGRAD","JA4_END","P","N","","0","","","S"
"JA4_CEP","002","JC2->JC2_BAIRRO","JA4_BAIRRO","P","N","","0","","","S"
"JA4_CEP","003","JC2->JC2_CIDADE","JA4_CIDADE","P","N","","0","","","S"
"JA4_CEP","004","JC2->JC2_ESTADO","JA4_EST","P","N","","0","","","S"
"JA6_EMAIL","001","Lower(M->JA6_EMAIL)","JA6_EMAIL","P","N","","0","","","S"
"JA6_TIPO","001","Tabela(""FV"",M->JA6_TIPO)","JA6_DTIPO","P","N","","0","","","S"
"JA7_CODCUR","001","JAH->JAH_DESC","JA7_DCURSO","P","N","","0","","","S"
"JA7_CODCUR","002","Posicione(""JAR"",1,xFilial(""JAR"")+M->JA7_CODCUR,""JAR_ANOLET"")","JA7_ANOLET","P","N","","0","","","S"
"JA7_CODCUR","003","Tabela('F5',JAH->JAH_TURNO,.F.)","JA7_DTURNO","P","N","","0","","","S"
"JA8_CODCUR","001","JAH->JAH_DESC","JA8_DCURSO","P","S","JAH","1","xFilial(""JAH"")+M->JA8_CODCUR","","S"
"JA8_CODDIS","001","JAE->JAE_DESC","JA8_DDISCI","P","S","JAE","1","xFilial(""JAE"")+M->JA8_CODDIS","","S"
"JA8_CODIGO","001","JA6->JA6_DESC","JA8_DCODIG","P","S","JA6","1","xFilial(""JA6"")+M->JA8_CODIGO","","S"
"JA8_CODIGO","002","Tabela(""F6"", M->JA8_FASE, .F.)","JA8_DFASE","P","N","","0","","","S"
"JA8_FASE","001","Tabela(""F6"", M->JA8_FASE, .F.)","JA8_DFASE","P","N","","0","","","S"
"JAA_CODCAN","001","JA1->JA1_NOME","JAA_DCANDI","P","S","JA1","1","xFilial(""JA1"")+M->JAA_CODCAN","","S"
"JAA_CODCAN","002","JAV->JAV_CODGAB","JAA_CODGAB","P","S","JAV","1","xFilial(""JAV"")+M->JAA_CODCAN+M->JAA_CODIGO+M->JAA_FASE","","S"
"JAA_CODCAN","003","JAL->JAL_DESC","JAA_DGABAR","P","S","JAL","1","xFilial(""JAL"")+M->JAA_CODGAB","","S"
"JAA_CODDIS","001","JAE->JAE_DESC","JAA_DDISCI","P","S","JAE","1","xFilial(""JAE"")+M->JAA_CODDIS","","S"
"JAA_CODIGO","001","JA6->JA6_DESC","JAA_DESC","P","S","JA6","1","xFilial(""JA6"")+M->JAA_CODIGO","","S"
"JAA_CODIGO","002","JAI->JAI_FASE","JAA_FASE","P","S","JAI","1","xFilial(""JAI"")+M->JAA_CODIGO","","S"
"JAA_CODIGO","003","Tabela(""F6"",M->JAA_FASE,.F.)","JAA_DFASE","P","N","","0","","","S"
"JAA_CODIGO","004","""""","JAA_CODCAN","P","N","","0","","M->JAA_CODIGO <> JAA->JAA_CODIGO","S"
"JAA_CODIGO","005","""""","JAA_DCANDI","P","N","","0","","M->JAA_CODIGO <> JAA->JAA_CODIGO","S"
"JAA_CODIGO","006","""""","JAA_CODDIS","P","N","","0","","M->JAA_CODIGO <> JAA->JAA_CODIGO","S"
"JAA_CODIGO","007","""""","JAA_DDISCI","P","N","","0","","M->JAA_CODIGO <> JAA->JAA_CODIGO","S"
"JAA_CODIGO","008","""""","JAA_CODQUE","P","N","","0","","M->JAA_CODIGO <> JAA->JAA_CODIGO","S"
"JAA_CODIGO","009","""""","JAA_DDISCI","P","N","","0","","M->JAA_CODIGO <> JAA->JAA_CODIGO","S"
"JAA_CODIGO","010","""""","JAA_CODQUE","P","N","","0","","M->JAA_CODIGO <> JAA->JAA_CODIGO","S"
"JAA_COMPAR","001","0","JAA_NOTA","P","N","","0","","M->JAA_COMPAR == ""2""","S"
"JAA_FASE","001","Tabela(""F6"",M->JAA_FASE,.F.)","JAA_DFASE","P","N","","0","","","S"
"JAA_FASE","002","JAI->JAI_CODGAB","JAA_CODGAB","P","S","JAI","1","xFilial(""JAI"")+M->JAA_CODIGO+M->JAA_FASE","","S"
"JAA_FASE","003","JAL->JAL_DESC","JAA_DGABAR","P","S","JAL","1","xFilial(""JAL"")+M->JAA_CODGAB","","S"
"JAE_AREA","001","JAG->JAG_DESC","JAE_DAREA","P","S","JAG","1","xFilial(""JAG"")+M->JAE_AREA","","S"
"JAE_COREQ","001","JAE->JAE_DESC","JAE_DCOREQ","P","S","JAE","1","xFilial(""JAE"") + M->JAE_COREQ","","S"
"JAE_DISPAI","001","JAE->JAE_DESC","JAE_DDISPA","P","S","JAE","1","xFilial(""JAE"") + M->JAE_DISPAI","","S"
"JAE_MODALI","001","Tabela(""FH"",M->JAE_MODALI,.F.)","JAE_DMODAL","P","N","","0","","","S"
"JAE_TIPO","001","TABELA(""F2"",M->JAE_TIPO)","JAE_DTIPO","P","N","","0","","","S"
"JAE_TIPO","002","Iif(M->JAE_TIPO == ""002"",100,0)","JAE_PERLAB","P","N","","0","","","S"
"JAF_AREA","001","JAG->JAG_DESC","JAF_DAREA","P","S","JAG","1","xFilial(""JAG"")+M->JAF_AREA","","S"
"JAF_CLASFI","001","JBX->JBX_DESC","JAF_DCLASF","P","S","JBX","1","xFilial(""JBX"")+M->JAF_CLASFI","","S"
"JAF_EQVCON","001","JDE->JDE_DESCRI","JAF_ECDESC","P","S","JDE","1","xFilial(""JDE"")+M->JAF_EQVCON","","S"
"JAF_FORMAC","001","Tabela(""FX"", M->JAF_FORMAC, .F.)","JAF_DFORMA","P","N","","0","","","S"
"JAF_REGIME","001","Tabela(""FI"", M->JAF_REGIME, .F.)","JAF_DREGIM","P","N","","0","","","S"
"JAH_CURSO","001","JAF->JAF_DESC","JAH_DCURSO","P","S","JAF","6","xFilial(""JAF"")+""1""+M->JAH_CURSO","","S"
"JAH_CURSO","002","JAF->JAF_VERSAO","JAH_VERSAO","P","N","","0","","","S"
"JAH_CURSO","003","JAF->JAF_DESC","JAH_DESC","P","N","","0","","","S"
"JAH_CURSO","004","JAF->JAF_CARGA","JAH_CARGA","P","N","","0","","","S"
"JAH_GRPDOC","001","JAK->JAK_DESC","JAH_DGRPDO","P","S","JAK","1","xFilial(""JAK"")+M->JAH_GRPDOC","","S"
"JAH_GRUPO","001","Tabela(""FC"", M->JAH_GRUPO, .F.)","JAH_DGRUPO","P","N","","0","","","S"
"JAH_TIPO","001","TABELA(""FG"",M->JAH_TIPO)","JAH_DTIPO","P","N","","0","","","S"
"JAH_TURNO","001","TABELA(""F5"",M->JAH_TURNO)","JAH_DTURNO","P","N","","0","","","S"
"JAH_UNIDAD","001","JA3->JA3_DESLOC","JAH_DUNID","P","S","JA3","1","XFILIAL(""JA3"")+M->JAH_UNIDAD","","S"
"JAI_DTNOR","001","M->JAI_DTNOR","JAI_DTESP","P","N","","0","","","S"
"JAJ_CODCOO","001","SRA->RA_NOME","JAJ_COORDE","P","S","SRA","1","XFILIAL(""SRA"")+M->JAJ_CODCOO","","S"
"JAJ_USUA","001","ACDescUsu(""JAJ_USUA"")","JAJ_NOME","P","N","","0","","","S"
"JAK_CODDOC","001","TABELA(""F0"",M->JAK_CODDOC)","JAK_DOCUM","P","N","","0","","","S"
"JAM_CODDIS","001","JAE->JAE_DESC","JAM_DDISCI","P","S","JAE","1","xFilial(""JAE"")+M->JAM_CODDIS","","S"
"JAO_FORMA","001","TABELA(""FZ"",M->JAO_FORMA)","JAO_DFORMA","P","N","","0","","","S"
"JAO_FORMA","002","M->JAO_TIPO:=if(M->JAO_FORMA <> ""003"", ""1"", ""2"")","JAO_TIPO","P","N","","0","","","S"
"JAP_CODCAN","001","JA1->JA1_NOME","JAP_DCANDI","P","S","JA1","1","xFilial(""JA1"")+M->JAP_CODCAN","","S"
"JAP_CODGAB","001","JAL->JAL_DESC","JAP_DGABAR","P","S","JAL","1","xFilial(""JAL"")+M->JAP_CODGAB","","S"
"JAP_CODGAB","002","JAI->JAI_DTNOR","JAP_DTFASE","P","S","JAI","3","xFilial(""JAI"")+JA1->JA1_PROSEL+M->JAP_CODGAB","","S"
"JAQ_FORMA","001","Tabela(""FZ"",M->JAQ_FORMA,.F.)","JAQ_DFORMA","P","N","","0","","","S"
"JAR_DATA1","001","Str(Year(M->JAR_DATA1), 4)","JAR_ANOLET","P","N","","0","","","S"
"JAR_EQVCON","001","JDE->JDE_DESCRI","JAR_ECDESC","P","S","JDE","1","xFilial(""JDE"")+M->JAR_EQVCON","","S"
"JAS_CARGA","001","if( ExistBlock(""ALTCARGA""),U_AltCarga(),M->JAR_CARGA )","JAR_CARGA","P","N","","0","","","S"
"JAS_CODDIS","001","A110IniVar()","JAS_DDISCI","P","S","JAE","1","xFilial(""JAE"")+M->JAS_CODDIS","","S"
"JAS_FRQMIN","001","JAE->JAE_NOTUNI","JAS_TIPNOT","P","S","JAE","1","xFilial(""JAE"")+M->JAS_CODDIS","","S"
"JAT_CODCUR","001","JAH->JAH_DESC","JAT_DCURSO","P","S","JAH","1","XFILIAL(""JAH"")+M->JAT_CODCUR","","S"
"JAT_CODCUR","002","Posicione(""JAR"",1,xFilial(""JAR"")+M->JAT_CODCUR,""JAR_ANOLET"")","JAT_ANOLET","P","N","","0","","","S"
"JAT_CODCUR","003","JAH->JAH_TURNO","JAT_TURNO","P","N","","0","","","S"
"JAT_CODCUR","004","Tabela('F5',M->JAT_TURNO,.F.)","JAT_DTURNO","P","N","","0","","","S"
"JAT_CODCUR","005","JBL->JBL_PERLET","JAT_PERLET","P","N","","0","","","S"
"JAT_CODCUR","006","JBL->JBL_TURMA","JAT_TURMA","P","N","","0","","","S"
"JAT_CODDIS","001","JAE->JAE_DESC","JAT_DDISCI","P","S","JAE","1","XFILIAL(""JAE"")+M->JAT_CODDIS","","S"
"JAT_CODDIS","002","JAR->JAR_DATA1","JAT_DATA1","P","S","JAR","1","xFilial(""JAR"")+M->JAT_CODCUR+M->JAT_PERLET+M->JAT_HABILI","","S"
"JAT_CODDIS","003","JAR->JAR_DATA2","JAT_DATA2","P","S","JAR","1","xFilial(""JAR"")+M->JAT_CODCUR+M->JAT_PERLET+M->JAT_HABILI","","S"
"JAU_MATPRF","001","SRA->RA_NOME","JAU_NOME","P","S","SRA","1","xFilial(""SRA"")+M->JAU_MATPRF","","S"
"JAX_CODCUR","001","JAH->JAH_DESC","JAX_DCURSO","P","S","JAH","1","xFilial(""JAH"")+M->JAX_CODCUR","","S"
"JAX_CODCUR","002","Posicione(""JAR"",1,xFilial(""JAR"")+M->JAX_CODCUR,""JAR_ANOLET"")","JAX_ANOLET","P","N","","0","","","S"
"JAX_CODCUR","003","Tabela('F5',JAH->JAH_TURNO,.F.)","JAX_DTURNO","P","N","","0","","","S"
"JAX_CODCUR","004","Posicione(""JAH"",1,xFilial(""JAH"")+M->JAX_CODCUR,""JAH_UNIDAD"")","JAX_UNIDAD","P","N","","0","","","S"
"JAX_CODCUR","005","Posicione(""JA3"",1,xFilial() + M->JAX_UNIDAD,""JA3_DESLOC"")","JAX_DUNID","P","N","","0","","","S"
"JAY_CODDIS","001","A210INIVAR()","JAY_DDISCI","P","S","JAE","1","xFilial(""JAY"")+M->JAY_CODDIS","","S"
"JB3_CODDIS","001","JAE->JAE_DESC","JB3_DDISCI","P","S","JAE","1","xFilial(""JAE"")+M->JB3_CODDIS","","S"
"JB3_CURSO","001","JAF->JAF_DESC","JB3_DCURSO","P","S","JAF","1","xFilial(""JAF"")+M->JB3_CURSO","","S"
"JB3_HABILI","001","JDK->JDK_DESC","JB3_DHABIL","P","S","JDK","1","xFilial(""JDK"")+M->JB3_HABILI","","S"
"JB5_CODFIN","001","JCB->JCB_DESC","JB5_DCALEN","P","S","JCB","2","xFilial(""JCB"")+M->JB5_CODFIN","","S"
"JB5_CODFIN","002","JCB->JCB_BANCO","JB5_BANCO","P","N","","0","","","S"
"JB5_CODFIN","003","JCB->JCB_AGENCI","JB5_AGENCI","P","N","","0","","","S"
"JB5_CODFIN","004","JCB->JCB_NUMCON","JB5_NUMCON","P","N","","0","","","S"
"JB5_DESC1","001","0","JB5_PERC1","P","N","","0","","GDFieldGet(""JB5_DESC1"",n) > 0","S"
"JB5_DESC2","001","0","JB5_PERC2","P","N","","0","","GDFieldGet(""JB5_DESC2"",n) > 0","S"
"JB5_DESC3","001","0","JB5_PERC3","P","N","","0","","GDFieldGet(""JB5_DESC3"",n) > 0","S"
"JB5_PAGTO1","001","""""","JB5_TPPAG1","P","N","","0","","Empty(GDFieldGet(""JB5_PAGTO1""))","S"
"JB5_PAGTO2","001","""""","JB5_TPPAG2","P","N","","0","","Empty(GDFieldGet(""JB5_PAGTO2""))","S"
"JB5_PAGTO3","001","""""","JB5_TPPAG3","P","N","","0","","Empty(GDFieldGet(""JB5_PAGTO3""))","S"
"JB5_PERC1","001","0","JB5_DESC1","P","N","","0","","GDFieldGet(""JB5_PERC1"",n) > 0","S"
"JB5_PERC2","001","0","JB5_DESC2","P","N","","0","","GDFieldGet(""JB5_PERC2"",n) > 0","S"
"JB5_PERC3","001","0","JB5_DESC3","P","N","","0","","GDFieldGet(""JB5_PERC3"",n) > 0","S"
"JBC_TURNO","001","Tabela(""F5"",M->JBC_TURNO,.F.)","JBC_DTURNO","P","N","","0","","","S"
"JBF_CODPRO","001","SB1->B1_DESC","JBF_DPRODU","P","S","SB1","1","xFilial(""SB1"")+M->JBF_CODPRO","","S"
"JBF_GRPDOC","001","JAK->JAK_DESC","JBF_DGRPDO","P","S","JAK","1","xFilial(""JAK"")+M->JBF_GRPDOC","","S"
"JBH_CODIDE","001","ACA410Solic(3,.T.)","JBH_NOME","P","N","","0","","","S"
"JBH_CODIDE","002","ACA410Solic(4,.T.)","JBH_EMAIL","P","N","","0","","","S"
"JBH_TIPO","001","JBF->JBF_DESC","JBH_DESC","P","S","JBF","2","xFilial(""JBF"")+M->JBH_TIPO+""1""","","S"
"JBH_TIPO","002","JBF->JBF_VERSAO","JBH_VERSAO","P","N","","0","","","S"
"JBI_CODDEP","001","JBJ->JBJ_DESC","JBI_DDEP","P","S","JBJ","1","xFilial(""JBJ"")+M->JBI_CODDEP","","S"
"JBI_CODDEP","002","JBJ->JBJ_RESPON","JBI_RESPON","P","N","","0","","","S"
"JBJ_MATRES","001","SRA->RA_NOME","JBJ_RESPON","P","S","SRA","1","XFILIAL(""SRA"")+M->JBJ_MATRES","","S"
"JBJ_MATRES","002","SRA->RA_EMAIL","JBJ_EMAIL","P","S","SRA","1","xFilial(""SRA"")+M->JBJ_MATRES","","S"
"JBJ_TIPO","001","Tabela(""FS"",M->JBJ_TIPO,.F.)","JBJ_DTIPO","P","N","","0","","","S"
"JBJ_UNIDAD","001","JA3->JA3_DESLOC","JBJ_DUNID","P","S","JA3","1","XFILIAL(""JA3"")+M->JBJ_UNIDAD","","S"
"JBK_CODCUR","001","JAH->JAH_DESC","JBK_DESC","P","S","JAH","1","xFilial(""JAH"")+M->JBK_CODCUR","","S"
"JBK_CODCUR","002","Posicione(""JAR"",1,xFilial(""JAR"")+M->JBK_CODCUR+M->JBK_PERLET+M->JBK_HABILI,""JAR_ANOLET"")","JBK_ANOLET","P","S","JAH","1","xFilial(""JAH"")+M->JBK_CODCUR","","S"
"JBK_CODCUR","003","JAH->JAH_TURNO","JBK_TURNO","P","S","JAH","1","xFilial(""JAH"")+M->JBK_CODCUR","","S"
"JBK_CODCUR","004","Tabela(""F5"",M->JBK_TURNO)","JBK_DTURNO","P","N","","0","","","S"
"JBK_HABILI","001","JBO->JBO_CODLOC","JBK_CODLOC","P","N","","0","","!EMPTY(M->JBK_TURMA)","S"
"JBK_HABILI","002","JA3->JA3_DESLOC","JBK_DLOCAL","P","S","JA3","1","xFilial(""JA5"")+M->JBK_CODLOC","!EMPTY(M->JBK_TURMA)","S"
"JBK_HABILI","003","JBO->JBO_CODPRE","JBK_CODPRE","P","N","","0","","!EMPTY(M->JBK_TURMA)","S"
"JBK_HABILI","004","JA4->JA4_DESPRE","JBK_DPREDI","P","S","JA4","1","xFilial(""JA5"")+M->JBK_CODLOC+M->JBK_CODPRE","!EMPTY(M->JBK_TURMA)","S"
"JBK_HABILI","005","JBO->JBO_ANDAR","JBK_ANDAR","P","N","","0","","!EMPTY(M->JBK_TURMA)","S"
"JBK_HABILI","006","JBO->JBO_CODSAL","JBK_CODSAL","P","N","","0","","!EMPTY(M->JBK_TURMA)","S"
"JBK_HABILI","007","JA5->JA5_DESCSA","JBK_DSALA","P","S","JA5","1","xFilial(""JA5"")+M->JBK_CODLOC+M->JBK_CODPRE+M->JBK_ANDAR+M->JBK_CODSAL","!EMPTY(M->JBK_TURMA)","S"
"JBK_HABILI","008","JAR->JAR_ANOLET","JBK_ANOLET","P","S","JAR","1","xFilial(""JAR"")+M->JBK_CODCUR+M->JBK_PERLET+M->JBK_HABILI","","S"
"JBK_HABILI","009","JDK->JDK_DESC","JBK_DHABIL","P","S","JDK","1","xFilial(""JDK"")+M->JBK_HABILI","","S"
"JBK_PERLET","001","JBO->JBO_CODLOC","JBK_CODLOC","P","N","","0","","!EMPTY(M->JBK_TURMA)","S"
"JBK_PERLET","002","JA3->JA3_DESLOC","JBK_DLOCAL","P","S","JA3","1","xFilial(""JA5"")+M->JBK_CODLOC","!EMPTY(M->JBK_TURMA)","S"
"JBK_PERLET","003","JBO->JBO_CODPRE","JBK_CODPRE","P","N","","0","","!EMPTY(M->JBK_TURMA)","S"
"JBK_PERLET","004","JA4->JA4_DESPRE","JBK_DPREDI","P","S","JA4","1","xFilial(""JA5"")+M->JBK_CODLOC+M->JBK_CODPRE","!EMPTY(M->JBK_TURMA)","S"
"JBK_PERLET","005","JBO->JBO_ANDAR","JBK_ANDAR","P","N","","0","","!EMPTY(M->JBK_TURMA)","S"
"JBK_PERLET","006","JBO->JBO_CODSAL","JBK_CODSAL","P","N","","0","","!EMPTY(M->JBK_TURMA)","S"
"JBK_PERLET","007","JA5->JA5_DESCSA","JBK_DSALA","P","S","JA5","1","xFilial(""JA5"")+M->JBK_CODLOC+M->JBK_CODPRE+M->JBK_ANDAR+M->JBK_CODSAL","!EMPTY(M->JBK_TURMA)","S"
"JBK_PERLET","008","JAR->JAR_ANOLET","JBK_ANOLET","P","S","JAR","1","xFilial(""JAR"")+M->JBK_CODCUR+M->JBK_PERLET+M->JBK_HABILI","","S"
"JBK_TURMA","001","JBO->JBO_CODLOC","JBK_CODLOC","P","N","","0","","!EMPTY(M->JBK_PERLET)","S"
"JBK_TURMA","002","JA3->JA3_DESLOC","JBK_DLOCAL","P","S","JA3","1","xFilial(""JA5"")+M->JBK_CODLOC","!EMPTY(M->JBK_PERLET)","S"
"JBK_TURMA","003","JBO->JBO_CODPRE","JBK_CODPRE","P","N","","0","","!EMPTY(M->JBK_PERLET)","S"
"JBK_TURMA","004","JA4->JA4_DESPRE","JBK_DPREDI","P","S","JA4","1","xFilial(""JA5"")+M->JBK_CODLOC+M->JBK_CODPRE","!EMPTY(M->JBK_PERLET)","S"
"JBK_TURMA","005","JBO->JBO_ANDAR","JBK_ANDAR","P","N","","0","","!EMPTY(M->JBK_PERLET)","S"
"JBK_TURMA","006","JBO->JBO_CODSAL","JBK_CODSAL","P","N","","0","","!EMPTY(M->JBK_PERLET)","S"
"JBK_TURMA","007","JA5->JA5_DESCSA","JBK_DSALA","P","S","JA5","1","xFilial(""JA5"")+M->JBK_CODLOC+M->JBK_CODPRE+M->JBK_ANDAR+M->JBK_CODSAL","!EMPTY(M->JBK_PERLET)","S"
"JBL_ANDAR","001","Eval({|| AC180HorL(,,JA5->JA5_CODSAL),JA5->JA5_CODSAL})","JBL_CODSAL","P","N","","0","","","S"
"JBL_ANDAR","002","JA5->JA5_DESCSA","JBL_DSALA","P","S","JA5","1","xFilial(""JA5"")+M->JBL_CODLOC+M->JBL_CODPRE+M->JBL_ANDAR+M->JBL_CODSAL","","S"
"JBL_CODDIS","001","JAE->JAE_DESC","JBL_DDISCI","P","S","JAE","1","xFilial(""JAE"")+M->JBL_CODDIS","","S"
"JBL_CODDIS","002","JBO->JBO_CODLOC","JBL_CODLOC","P","S","JBO","1","xFilial(""JBO"")+M->JBK_CODCUR+M->JBK_PERLET+M->JBK_HABILI+M->JBK_TURMA","","S"
"JBL_CODDIS","003","JA3->JA3_DESLOC","JBL_DLOCAL","P","S","JA3","1","XFilial(""JA3"")+JBO->JBO_CODLOC","","S"
"JBL_CODDIS","004","JBO->JBO_CODPRE","JBL_CODPRE","P","N","","0","","","S"
"JBL_CODDIS","005","JA4->JA4_DESPRE","JBL_DPREDI","P","S","JA4","1","xFilial(""JA4"")+JBO->JBO_CODLOC+JBO->JBO_CODPRE","","S"
"JBL_CODDIS","006","JBO->JBO_ANDAR","JBL_ANDAR","P","N","","0","","","S"
"JBL_CODDIS","007","JBO->JBO_CODSAL","JBL_CODSAL","P","N","","0","","","S"
"JBL_CODDIS","008","JA5->JA5_DESCSA","JBL_DSALA","P","S","JA5","1","xFilial(""JA5"")+JBO->JBO_CODLOC+JBO->JBO_CODPRE+JBO->JBO_ANDAR+JBO->JBO_CODSAL","","S"
"JBL_CODDIS","009","JAE->JAE_CARGA","JBL_CARGA","P","S","JAE","1","xFilial(""JAE"")+M->JBL_CODDIS","","S"
"JBL_CODDIS","010","JAS->JAS_DATA1","JBL_DATA1","P","S","JAS","2","XFilial(""JAS"")+M->JBK_CODCUR+M->JBK_PERLET+M->JBL_CODDIS","","S"
"JBL_CODDIS","011","JAS->JAS_DATA2","JBL_DATA2","P","S","JAS","2","XFilial(""JAS"")+M->JBK_CODCUR+M->JBK_PERLET+M->JBL_CODDIS","","S"
"JBL_CODHOR","001","JBD->JBD_HORA1","JBL_HORA1","P","","","0","","","S"
"JBL_CODHOR","002","Eval({|| AC180HorL(JBD->JBD_HORA1,JBD->JBD_HORA2),JBD->JBD_HORA2})","JBL_HORA2","P","","","0","","","S"
"JBL_CODLOC","001","JA3->JA3_DESLOC","JBL_DLOCAL","P","S","JA3","1","XFilial(""JA3"")+M->JBL_CODLOC","","S"
"JBL_CODLOC","002","JA5->JA5_CODPRE","JBL_CODPRE","P","N","","0","","","S"
"JBL_CODLOC","003","JA4->JA4_DESPRE","JBL_DPREDI","P","S","JA4","1","xFilial(""JA4"")+M->JBL_CODLOC+M->JBL_CODPRE","","S"
"JBL_CODLOC","004","JA5->JA5_ANDAR","JBL_ANDAR","P","N","","0","","","S"
"JBL_CODLOC","005","Eval({||A180HorLoc(,,JA5->JA5_CODSAL),JA5->JA5_CODSAL})","JBL_CODSAL","P","N","","0","","","S"
"JBL_CODLOC","006","JA5->JA5_DESCSA","JBL_DSALA","P","S","JA5","1","xFilial(""JA5"")+M->JBL_CODLOC+M->JBL_CODPRE+M->JBL_ANDAR+M->JBL_CODSAL","","S"
"JBL_CODPRE","001","JA4->JA4_DESPRE","JBL_DPREDI","P","S","JA4","1","xFilial(""JA4"")+M->JBL_CODLOC+M->JBL_CODPRE","","S"
"JBL_MATPR2","001","SRA->RA_NOME","JBL_NOME2","P","S","SRA","1","xFilial(""SRA"")+M->JBL_MATPR2","","S"
"JBL_MATPR3","001","SRA->RA_NOME","JBL_NOME3","P","S","SRA","1","xFilial(""SRA"")+M->JBL_MATPR3","","S"
"JBL_MATPR4","001","SRA->RA_NOME","JBL_NOME4","P","S","SRA","1","xFilial(""SRA"")+M->JBL_MATPR4","","S"
"JBL_MATPR5","001","SRA->RA_NOME","JBL_NOME5","P","S","SRA","1","xFilial(""SRA"")+M->JBL_MATPR5","","S"
"JBL_MATPR6","001","SRA->RA_NOME","JBL_NOME6","P","S","SRA","1","xFilial(""SRA"")+M->JBL_MATPR6","","S"
"JBL_MATPR7","001","SRA->RA_NOME","JBL_NOME7","P","S","SRA","1","xFilial(""SRA"")+M->JBL_MATPR7","","S"
"JBL_MATPR8","001","SRA->RA_NOME","JBL_NOME8","P","S","SRA","1","xFilial(""SRA"")+M->JBL_MATPR8","","S"
"JBL_MATPRF","001","SRA->RA_NOME","JBL_NOME","P","S","SRA","1","xFilial(""SRA"")+M->JBL_MATPRF","","S"
"JBL_MATPRF","002","SRA->RA_CODTIT","JBL_CODTIT","P","S","SRA","1","xFilial(""SRA"")+M->JBL_MATPRF","","S"
"JBL_MATPRF","003","Tabela(""FF"",SRA->RA_CODTIT,.F.)","JBL_DTITUL","P","S","SRA","1","xFilial(""SRA"")+M->JBL_MATPRF","","S"
"JBN_CODCUR","001","JAH->JAH_DESC","JBN_DESC","P","S","JAH","1","xFilial(""JAH"")+M->JBN_CODCUR","","S"
"JBN_CODCUR","002","Posicione(""JAR"",1,xFilial(""JAR"")+M->JBN_CODCUR,""JAR_ANOLET"")","JBN_ANOLET","P","N","","0","","","S"
"JBN_CODCUR","003","JAH->JAH_TURNO","JBN_TURNO","P","N","","0","","","S"
"JBN_CODCUR","004","Tabela(""F5"",JAH->JAH_TURNO,.F.)","JBN_DTURNO","P","N","","0","","","S"
"JBN_HABILI","001","Posicione(""JAR"",1,xFilial(""JAR"")+M->JBN_CODCUR+M->JBN_PERLET+M->JBN_HABILI,""JAR_ANOLET"")","JBN_ANOLET","P","N","","0","","","S"
"JBN_HABILI","002","Posicione(""JDK"",1,xFilial(""JDK"")+M->JBN_HABILI,""JDK_DESC"")","JBN_DHABIL","P","N","","0","","","S"
"JBN_HABILI","003","Posicione(""JAR"",1,xFilial(""JAR"")+M->JBN_CODCUR+M->JBN_PERLET+M->JBN_HABILI,""JAR_DPERLE"")","JBN_DPERLE","P","N","","0","","","S"
"JBN_PERLET","001","Posicione(""JAR"",1,xFilial(""JAR"")+M->JBN_CODCUR+M->JBN_PERLET+AllTrim(M->JBN_HABILI),""JAR_ANOLET"")","JBN_ANOLET","P","N","","0","","","S"
"JBN_PERLET","002","Posicione(""JAR"",1,xFilial(""JAR"")+M->JBN_CODCUR+M->JBN_PERLET+AllTrim(M->JBN_HABILI),""JAR_DPERLE"")","JBN_DPERLE","P","N","","0","","","S"
"JBO_CODLOC","001","JA3->JA3_DESLOC","JBO_DLOCAL","P","S","JA3","1","xFilial(""JA3"")+M->JBO_CODLOC","","S"
"JBO_CODLOC","002","GDFieldGet(""JBO_LUGAR"") - GDFieldGet(""JBO_OCUPAD"") - GDFieldGet(""JBO_QTDRES"")","JBO_LIVRE","P","","","0","","","S"
"JBO_CODPRE","001","JA4->JA4_DESPRE","JBO_DPREDI","P","S","JA4","1","xFilial(""JA4"")+M->JBO_CODLOC+M->JBO_CODPRE","","S"
"JBO_CODSAL","001","JA5->JA5_DESCSA","JBO_DSALA","P","S","JA5","1","xFilial('JA5')+M->JBO_CODLOC+M->JBO_CODPRE+M->JBO_ANDAR+GDFieldGet('JBO_CODSAL')","","S"
"JBO_CODSAL","002","JA5->JA5_LUGAR","JBO_LUGAR","P","N","","0","","","S"
"JBO_LUGAR","001","GDFieldGet(""JBO_LUGAR"") - GDFieldGet(""JBO_OCUPAD"") - GDFieldGet(""JBO_QTDRES"")","JBO_LIVRE","P","","","0","","","S"
"JBR_CODAVA","001","JBQ->JBQ_DESC","JBR_DAVALI","P","S","JBQ","3","xFilial(""JBQ"")+M->JBR_CODCUR+M->JBR_PERLET+M->JBR_HABILI+M->JBR_CODAVA","","S"
"JBR_CODAVA","002","JBQ->JBQ_TIPO","JBR_TIPO","P","N","","0","","","S"
"JBR_CODAVA","003",""" ""","JBR_CODDIS","P","N","","0","","","S"
"JBR_CODAVA","004",""" ""","JBR_DDISCI","P","N","","0","","","S"
"JBR_CODAVA","005",""" ""","JBR_MATPRF","P","N","","0","","","S"
"JBR_CODAVA","006",""" ""","JBR_NOME","P","N","","0","","","S"
"JBR_CODCUR","001","JAH->JAH_DESC","JBR_DCURSO","P","S","JAH","1","xFilial(""JAH"")+M->JBR_CODCUR","","S"
"JBR_CODCUR","002","Tabela(""F5"",JAH->JAH_TURNO,.F.)","JBR_DTURNO","P","S","JAH","1","xFilial(""JAH"")+M->JBR_CODCUR","","S"
"JBR_CODDIS","001","JAE->JAE_DESC","JBR_DDISCI","P","S","JAE","1","xFilial(""JAE"")+M->JBR_CODDIS","","S"
"JBR_CODDIS","002","JBL->JBL_MATPRF","JBR_MATPRF","P","N","","0","","","S"
"JBR_CODDIS","003","SRA->RA_NOME","JBR_NOME","P","S","SRA","1","xFilial(""SRA"")+M->JBR_MATPRF","","S"
"JBR_HABILI","001","JDK->JDK_DESC","JBR_DHABIL","P","S","JDK","1","xFilial(""JDK"")+M->JBR_HABILI","","S"
"JBS_CONCEI","001","JDF->JDF_NOTAPO","JBS_NOTA","P","S","JDF","1","xFilial(""JDF"")+cEqvCon+M->JBS_CONCEI","","S"
"JBT_CODCUR","001","JAF->JAF_DESC","JBT_DCURSO","P","S","JAF","1","xFilial(""JAF"")+M->JBT_CODCUR","","S"
"JBU_NUMRA","001","JA2->JA2_NOME","JBU_NOMEAL","P","S","JA2","1","xFilial(""JA2"")+M->JBU_NUMRA","","S"
"JBU_TIPO","001","Tabela(""FA"",M->JBU_TIPO)","JBU_DTIPO","P","N","","0","","","S"
"JBV_TIPO","001","Tabela(""F9"",M->JBV_TIPO)","JBV_DTIPO","P","N","","0","","","S"
"JBW_MATPRF","001","SRA->RA_NOME","JBW_NOME","P","S","SRA","1","xFilial(""SRA"")+M->JBW_MATPRF","","S"
"JC5_CURSO","001","JAH->JAH_DESC","JC5_DCURSO","P","S","JAH","1","xFilial(""JAH"")+M->JC5_CURSO","","S"
"JC5_CURSO","002","AC240PMax( GDFieldGet(""JC5_TIPBOL""), M->JC5_CURSO, M->JA2_NUMRA )","JC5_PERMAX","P","N","","0","","","S"
"JC5_TIPBOL","001","JC4->JC4_DESC","JC5_DTIPBO","P","S","JC4","1","xFilial(""JC4"")+M->JC5_TIPBOL","","S"
"JC5_TIPBOL","002","AC240PMax( M->JC5_TIPBOL, GDFieldGet(""JC5_CURSO""), M->JA2_NUMRA )","JC5_PERMAX","P","N","","0","","","S"
"JC5_TIPBOL","003","AC240PMax( M->JC5_TIPBOL, GDFieldGet(""JC5_CURSO""), M->JA2_NUMRA )","JC5_PERBOL","P","N","","0","","","S"
"JC6_CODCUR","001","JAH->JAH_DESC","JC6_DCURSO","P","S","JAH","1","xFilial(""JAH"")+M->JC6_CODCUR","","S"
"JC6_DOC","001","Tabela(""F0"",M->JC6_DOC,.F.)","JC6_DDOC","P","N","","0","","","S"
"JC8_CURSO","001","JAF->JAF_DESC","JC8_DCURSO","P","S","JAF","1","xFilial(""JAF"")+M->JC8_CURSO","","S"
"JC8_DISC1","001","JAE->JAE_DESC","JC8_DESC1","P","S","JAE","1","xFilial(""JAE"")+M->JC8_DISC1","","S"
"JC8_DISC2","001","JAE->JAE_DESC","JC8_DESC2","P","S","JAE","1","xFilial(""JAE"")+M->JC8_DISC2","","S"
"JCF_CURSO","001","JAF->JAF_DESC","JCF_DCURSO","P","S","JAF","6","xFilial(""JAF"")+""1""+M->JCF_CURSO","","S"
"JCF_UNIDAD","001","JA3->JA3_DESLOC","JCF_DUNID","P","S","JA3","1","xFilial(""JA3"")+M->JCF_UNIDAD","","S"
"JCG_CODAVA","001","JBQ->JBQ_DESC","JCG_DCODAV","P","S","JBQ","3","xFilial(""JBQ"")+M->JCG_CODCUR+M->JCG_PERLET+M->JCG_HABILI+M->JCG_CODAVA","","S"
"JCG_CODCUR","001","JAH->JAH_DESC","JCG_DCURSO","P","N","","0","","","S"
"JCG_DISCIP","001","JAE->JAE_DESC","JCG_DDISCI","P","N","","0","","","S"
"JCG_HABILI","001","JDK->JDK_DESC","JCG_DHABIL","P","S","JDK","1","xFilial(""JDK"")+M->JCG_HABILI","","S"
"JCI_VERBA","001","SRV->RV_TIPO","JCI_HORVAL","P","S","SRV","1","xFilial(""SRV"")+M->JCI_VERBA","","S"
"JCJ_COD","001","JCI->JCI_DESC","JCJ_DESPRO","P","S","JCI","1","xFilial(""JCI"")+M->JCJ_COD","","S"
"JCJ_COD","002","0","JCJ_HORAS","P","N","","0","","U_AC620G01() == ""V""","S"
"JCJ_COD","003","""1""","JCJ_TIPO","P","N","","0","","U_ac620G01() == ""V""","S"
"JCJ_CURSO","001","JAF->JAF_DESC","JCJ_DCURSO","P","S","JAF","1","xFilial(""JAF"")+M->JCJ_CURSO","","S"
"JCJ_CURSO","002","JAF->JAF_VERSAO","JCJ_VERSAO","P","N","","0","","","S"
"JCJ_CURSO","003","JAF->JAF_CCUSTO","JCJ_CCUSTO","P","N","","0","","","S"
"JCJ_MATPRF","001","SRA->RA_NOME","JCJ_NOME","P","S","SRA","1","xFilial(""SRA"")+M->JCJ_MATPRF","","S"
"JCJ_TIPO","001","U_AC620HS()","JCJ_HORAS","P","N","","0","","M->JCJ_TIPO == ""2""","S"
"JCJ_UNIDAD","001","JA3->JA3_DESLOC","JCJ_DUNID","P","S","JA3","1","xFilial(""JA3"")+M->JCJ_UNIDAD","","S"
"JCL_CEP","001","JC2->JC2_LOGRAD","JCL_ENDER","P","N","","0","","","S"
"JCL_CEP","002","JC2->JC2_BAIRRO","JCL_BAIRRO","P","N","","0","","","S"
"JCL_CEP","003","JC2->JC2_CIDADE","JCL_CIDADE","P","N","","0","","","S"
"JCL_CEP","004","JC2->JC2_ESTADO","JCL_ESTADO","P","N","","0","","","S"
"JCM_CODCID","001","TMR->TMR_DOENCA","JCM_DCID","P","S","TMR","1","xFilial(""TMR"")+M->JCM_CODCID","","S"
"JCR_CEP","001","JC2->JC2_LOGRAD","JCR_END","P","N","","0","","","S"
"JCR_CEP","002","JC2->JC2_BAIRRO","JCR_BAIRRO","P","N","","0","","","S"
"JCR_CEP","003","JC2->JC2_CIDADE","JCR_CIDADE","P","N","","0","","","S"
"JCR_CEP","004","JC2->JC2_ESTADO","JCR_EST","P","N","","0","","","S"
"JCR_CEP","005","JC2->JC2_LOGRAD","JCR_ENDCOB","P","N","","0","","","S"
"JCR_CEP","006","JC2->JC2_BAIRRO","JCR_BAICOB","P","N","","0","","","S"
"JCR_CEP","007","JC2->JC2_CIDADE","JCR_CIDCOB","P","N","","0","","","S"
"JCR_CEP","008","JC2->JC2_ESTADO","JCR_ESTCOB","P","N","","0","","","S"
"JCR_CEP","009","M->JCR_CEP","JCR_CEPCOB","P","N","","0","","","S"
"JCR_CEPCOB","001","JC2->JC2_LOGRAD","JCR_ENDCOB","P","N","","0","","","S"
"JCR_CEPCOB","002","JC2->JC2_BAIRRO","JCR_BAICOB","P","N","","0","","","S"
"JCR_CEPCOB","003","JC2->JC2_CIDADE","JCR_CIDCOB","P","N","","0","","","S"
"JCR_CEPCOB","004","JC2->JC2_ESTADO","JCR_ESTCOB","P","N","","0","","","S"
"JCR_CEPPRF","001","JC2->JC2_LOGRAD","JCR_ENDPRF","P","N","","0","","","S"
"JCR_CEPPRF","002","JC2->JC2_BAIRRO","JCR_BAIPRF","P","N","","0","","","S"
"JCR_CEPPRF","003","JC2->JC2_CIDADE","JCR_CIDPRF","P","N","","0","","","S"
"JCR_CEPPRF","004","JC2->JC2_ESTADO","JCR_ESTPRF","P","N","","0","","","S"
"JCR_COMPLE","001","M->JCR_COMPLE","JCR_COMCOB","P","N","","0","","","S"
"JCR_ENTIDA","001","JCL->JCL_NOME","JCR_DENTID","P","S","JCL","1","xFilial(""JCL"")+M->JCR_ENTIDA","","S"
"JCR_INSTIT","001","JCL->JCL_NOME","JCR_DINSTI","P","S","JCL","1","xFilial(""JCL"")+M->JCR_INSTIT","","S"
"JCR_NUMEND","001","M->JCR_NUMEND","JCR_NUMCOB","P","N","","0","","","S"
"JCT_SITUAC","001","Tabela(""F3"", M->JCT_SITUAC, .F.)","JCT_DSITUA","P","N","","0","","","S"
"JCT_SITUAC","002","0","JCT_MEDFIM","P","N","","0","","M->JCT_SITUAC<>""003""","S"
"JCT_SITUAC","003",""" ""","JCT_MEDCON","P","N","","0","","M->JCT_SITUAC<>""003""","S"
"JCT_SITUAC","004",""" ""","JCT_DESMCO","P","N","","0","","M->JCT_SITUAC<>""003""","S"
"JCT_SITUAC","005",""" ""","JCT_CODINS","P","N","","0","","M->JCT_SITUAC<>""003""","S"
"JCT_SITUAC","006",""" ""","JCT_NOMINS","P","N","","0","","M->JCT_SITUAC<>""003""","S"
"JCT_SITUAC","007",""" ""","JCT_ANOINS","P","N","","0","","M->JCT_SITUAC<>""003""","S"
"JCU_USUA","001","ACDescUsu(""JCU_USUA"")","JCU_NOME","P","N","","0","","","S"
"JCV_MATPRF","001","SRA->RA_NOME","JBL_NOME","P","S","SRA","1","xFilial(""SRA"")+M->JCV_MATPRF","","S"
"JD2_ANDAR","001","Eval({|| AC180HorL(,,JA5->JA5_CODSAL),JA5->JA5_CODSAL})","JD2_CODSAL","P","N","","0","","","S"
"JD2_ANDAR","002","JA5->JA5_DESCSA","JD2_DSALA","P","S","JA5","1","xFilial(""JA5"")+M->JD2_CODLOC+M->JD2_CODPRE+M->JD2_ANDAR+M->JD2_CODSAL","","S"
"JD2_CODDIS","001","JAE->JAE_DESC","JD2_DDISCI","P","S","JAE","1","xFilial(""JAE"")+M->JD2_CODDIS","","S"
"JD2_CODDIS","002","JBO->JBO_CODLOC","JD2_CODLOC","P","S","JBO","1","xFilial(""JBO"")+M->JBK_CODCUR+M->JBK_PERLET+M->JBK_HABILI+M->JBK_TURMA","","S"
"JD2_CODDIS","003","JA3->JA3_DESLOC","JD2_DLOCAL","P","S","JA3","1","XFilial(""JA3"")+JBO->JBO_CODLOC","","S"
"JD2_CODDIS","004","JBO->JBO_CODPRE","JD2_CODPRE","P","N","","0","","","S"
"JD2_CODDIS","005","JA4->JA4_DESPRE","JD2_DPREDI","P","S","JA4","1","xFilial(""JA4"")+JBO->JBO_CODLOC+JBO->JBO_CODPRE","","S"
"JD2_CODDIS","006","JBO->JBO_ANDAR","JD2_ANDAR","P","N","","0","","","S"
"JD2_CODDIS","007","JBO->JBO_CODSAL","JD2_CODSAL","P","N","","0","","","S"
"JD2_CODDIS","008","JA5->JA5_DESCSA","JD2_DSALA","P","S","JA5","1","xFilial(""JA5"")+JBO->JBO_CODLOC+JBO->JBO_CODPRE+JBO->JBO_ANDAR+JBO->JBO_CODSAL","","S"
"JD2_CODHOR","001","JBD->JBD_HORA1","JD2_HORA1","P","","","0","","","S"
"JD2_CODHOR","002","JBD->JBD_HORA2","JD2_HORA2","P","","","0","","","S"
"JD2_CODLOC","001","JA3->JA3_DESLOC","JD2_DLOCAL","P","S","JA3","1","XFilial(""JA3"")+M->JD2_CODLOC","","S"
"JD2_CODLOC","002","JA5->JA5_CODPRE","JD2_CODPRE","P","N","","0","","","S"
"JD2_CODLOC","003","JA4->JA4_DESPRE","JD2_DPREDI","P","S","JA4","1","xFilial(""JA4"")+M->JD2_CODLOC+M->JD2_CODPRE","","S"
"JD2_CODLOC","004","JA5->JA5_ANDAR","JD2_ANDAR","P","N","","0","","","S"
"JD2_CODLOC","005","JA5->JA5_DESCSA","JD2_DSALA","P","S","JA5","1","xFilial(""JA5"")+M->JD2_CODLOC+M->JD2_CODPRE+M->JD2_ANDAR+M->JD2_CODSAL","","S"
"JD2_CODPRE","001","JA4->JA4_DESPRE","JD2_DPREDI","P","S","JA4","1","xFilial(""JA4"")+M->JD2_CODLOC+M->JD2_CODPRE","","S"
"JD2_MATPR2","001","SRA->RA_NOME","JD2_NOME2","P","S","SRA","1","xFilial(""SRA"")+M->JD2_MATPR2","","S"
"JD2_MATPR3","001","SRA->RA_NOME","JD2_NOME3","P","S","SRA","1","xFilial(""SRA"")+M->JD2_MATPR3","","S"
"JD2_MATPR4","001","SRA->RA_NOME","JD2_NOME4","P","S","SRA","1","xFilial(""SRA"")+M->JD2_MATPR4","","S"
"JD2_MATPR5","001","SRA->RA_NOME","JD2_NOME5","P","S","SRA","1","xFilial(""SRA"")+M->JD2_MATPR5","","S"
"JD2_MATPR6","001","SRA->RA_NOME","JD2_NOME6","P","S","SRA","1","xFilial(""SRA"")+M->JD2_MATPR6","","S"
"JD2_MATPR7","001","SRA->RA_NOME","JD2_NOME7","P","S","SRA","1","xFilial(""SRA"")+M->JD2_MATPR7","","S"
"JD2_MATPR8","001","SRA->RA_NOME","JD2_NOME8","P","S","SRA","1","xFilial(""SRA"")+M->JD2_MATPR8","","S"
"JD2_MATPRF","001","SRA->RA_NOME","JD2_NOME","P","S","SRA","1","xFilial(""SRA"")+M->JD2_MATPRF","","S"
"JD2_MATPRF","002","SRA->RA_CODTIT","JD2_CODTIT","P","S","SRA","1","xFilial(""SRA"")+M->JD2_MATPRF","","S"
"JD2_MATPRF","003","Tabela(""FF"",SRA->RA_CODTIT,.F.)","JD2_DTITUL","P","S","SRA","1","xFilial(""SRA"")+M->JD2_MATPRF","","S"
"JD3_TURNO","001","TABELA(""F5"",M->JD3_TURNO)","JD3_DTURNO","P","N","","0","","","S"
"JD9_CODAVA","001","JBQ->JBQ_DESC","JD9_DCODAV","P","S","JBQ","3","xFilial(""JBQ"")+M->JD9_CODCUR+M->JD9_PERLET+M->JD9_HABILI+M->JD9_CODAVA","","S"
"JD9_CODCUR","001","JAH->JAH_DESC","JD9_DCURSO","P","S","JAH","1","xFilial(""JAH"")+M->JD9_CODCUR","","S"
"JD9_CODDIS","001","JAE->JAE_DESC","JD9_DDISCI","P","S","JAE","1","xFilial(""JAE"")+M->JD9_CODDIS","","S"
"JD9_CODDIS","002","JBL->JBL_MATPRF","JD9_MATPRF","P","S","JBL","1","xFilial(""JBL"")+M->JD9_CODCUR+M->JD9_PERLET+M->JD9_TURMA+M->JD9_CODDIS","","S"
"JD9_CODDIS","003","SRA->RA_NOME","JD9_NOME","P","S","SRA","1","xFilial(""SRA"")+M->JD9_MATPRF","","S"
"JD9_HABILI","001","JDK->JDK_DESC","JD9_DHABIL","P","S","JDK","1","xFilial(""JDK"")+M->JD9_HABILI","","S"
"JD9_MATPRF","001","SRA->RA_NOME","JD9_NOME","P","S","SRA","1","xFilial(""SRA"")+M->JD9_MATPRF","","S"
"JDB_ATIVID","001","JDA->JDA_DESC","JDB_DATIVI","P","S","JDA","1","xFilial(""JDA"")+M->(JDB_CODCUR+JDB_PERLET+JDB_HABILI+JDB_TURMA+JDB_CODDIS+JDB_CODAVA+JDB_ATIVID)","","S"
"JDB_CODAVA","001","JBQ->JBQ_DESC","JDB_DCODAV","P","S","JBQ","3","xFilial(""JBQ"")+M->JDB_CODCUR+M->JDB_PERLET+M->JDB_HABILI+M->JDB_CODAVA","","S"
"JDB_CODAVA","002","JBQ->JBQ_TIPO","JDB_TIPAVA","P","S","JBQ","3","xFilial(""JBQ"")+M->JDB_CODCUR+M->JDB_PERLET+M->JDB_HABILI+M->JDB_CODAVA","","S"
"JDB_CODCUR","001","JAH->JAH_DESC","JDB_DCURSO","P","S","JAH","1","xFilial(""JAH"")+M->JDB_CODCUR","","S"
"JDB_CODDIS","001","JAE->JAE_DESC","JDB_DDISCI","P","S","JAE","1","xFilial(""JAE"")+M->JDB_CODDIS","","S"
"JDB_HABILI","001","JDK->JDK_DESC","JDB_DHABIL","P","S","JDK","1","xFilial(""JDK"")+M->JDB_HABILI","","S"
"JDC_CONCEI","001","JDF->JDF_NOTAPO","JDC_NOTA","P","S","JDF","1","xFilial(""JDF"")+cEqvCon+M->JDC_CONCEI","","S"
"JDC_NUMRA","001","JA2->JA2_NOME","JDC_NOMALU","P","S","JA2","1","xFilial(""JA2"")+M->JDC_NUMRA","","S"
"JDD_CURSO","001","JAF->JAF_DESC","JDD_DCURSO","P","S","JDD","1","xFilial(""JAF"")+M->JDD_CURSO","","S"
"JDD_TURNO","001","X5Descri()","JDD_DTURNO","P","S","SX5","1","xFilial(""SX5"")+""F5""+M->JDD_TURNO","","S"
"JDD_UNIDAD","001","JA3->JA3_DESLOC","JDD_DUNID","P","S","JA3","1","xFilial(""JA3"")+M->JDD_UNIDAD","","S"
"JDK_FORMAC","001","Tabela(""FX"", M->JDK_FORMAC, .F.)","JDK_DFORMA","P","N","","0","","","S"
"JDN_CCUSTO","001","SI3->I3_DESC","JDN_DCUSTO","P","S","SI3","1","xFilial(""SI3"")+M->JDN_CCUSTO","","S"
"JDN_MATPRF","001","ACNomeProf(M->JDN_MATPRF)","JDN_NOME","P","N","","0","","","S"
"JDS_CODCOO","001","SRA->RA_NOME","JDS_COORDE","P","S","SRA","1","xFilial(""SRA"")+M->JDS_CODCOO","","S"
"JGL_AREA","001","JAG->JAG_DESC","JGL_DAREA","P","S","JAG","1","xFilial(""JAG"")+M->JGL_AREA","","S"
"JGL_CURSO","001","JAF->JAF_DESC","JGL_DCURSO","P","S","JAF","6","xFilial(""JAF"")+""1""+M->JGL_CURSO","","S"
"JGL_CURSO","002","If(JAF->(!Found()),""001"",JAF->JAF_VERSAO)","JGL_VERSAO","P","S","JAF","6","xFilial(""JAF"")+""1""+M->JGL_CURSO","","S"
"JGL_NUMRA","001","JA2->JA2_NOME","JGL_NOMALU","P","S","JA2","1","xFilial(""JA2"")+M->JGL_NUMRA","","S"
"JGL_REGIME","001","Tabela(""FI"", M->JGL_REGIME, .F.)","JGL_DREGIM","P","N","","0","","","S"
"JGL_TURNO","001","Tabela(""F5"",M->JGL_TURNO,.F.)","JGL_DTURNO","P","N","","0","","","S"
"JGL_UNIDAD","001","JA3->JA3_DESLOC","JGL_DUNID","P","S","JA3","1","xFilial(""JA3"")+M->JGL_UNIDAD","","S"
"JGM_CODDIS","001","JAE->JAE_DESC","JGM_DDISCI","P","S","JAE","1","xFilial(""JAE"")+GDFieldGet(""JGM_CODDIS"")","","S"
"JGM_DATA1","001","If(!Empty(M->JGM_DATA1),Str(Year(M->JGM_DATA1), 4),"""")","JGM_ANOLET","P","N","","0","","","S"
"JGM_HABILI","001","JDK->JDK_DESC","JGM_DHABIL","P","S","JDK","1","xFilial(""JDK"")+GDFieldGet(""JGM_HABILI"")","","S"
"JGM_SITDIS","001","X5Descri()","JGM_DSITDI","P","S","SX5","1","xFilial(""SX5"")+""F3""+M->JGM_SITDIS","","S"
"JGM_TIPCUR","001","Tabela(""FC"", M->JGM_TIPCUR, .F.)","JGM_DTIPCU","P","S","SX5","1","xFilial(""SX5"")+""FC""+M->JGM_TIPCUR","","S"
"JM0_AREA","001","Posicione(""JAG"",1,xFilial(""JAG"")+M->JM0_AREA,""JAG->JAG_DESC"")","JM0_ARDESC","P","N","","0","","","S"
"JM0_ASSUNT","001","Posicione(""JMH"",1,xFilial(""JMH"")+M->JM0_ASSUNT,""JMH->JMH_DESCRI"")","JM0_ASDESC","P","N","","0","","","S"
"JM0_ASSUNT","002","Posicione(""JMH"",1,xFilial(""JMH"")+M->JM0_ASSUNT,""JMH->JMH_CLASS"")","JM0_CLASS","P","N","","0","","","S"
"JM0_COLEC","001","Posicione(""JM8"",1,xFilial(""JM8"")+M->JM0_COLEC,""JM8->JM8_DESCRI"")","JM0_CODESC","P","N","","0","","","S"
"JM0_GRUPO","001","Posicione(""JM6"",1,xFilial(""JM6"")+M->JM0_GRUPO,""JM6->JM6_DESCRI"")","JM0_GRDESC","P","N","","0","","","S"
"JM0_IDIOMA","001","Tabela(""ID"",M->JM0_IDIOMA,.F.)","JM0_IDIDES","P","N","","0","","","S"
"JM0_LOCAL","001","Posicione(""JM9"",1,xFilial(""JM9"")+M->JM0_LOCAL,""JM9->JM9_DESCRI"")","JM0_LCDESC","P","N","","0","","","S"
"JM0_PAIS","001","Posicione(""SYA"",1,xFilial(""SYA"")+M->JM0_PAIS,""SYA->YA_DESCR"")","JM0_PAISDE","P","N","","0","","","S"
"JM0_TPPUBL","001","Posicione(""JM2"",1,xFilial(""JM0"")+M->JM0_TPPUBL,""JM2->JM2_DESCRI"")","JM0_TPDESC","P","N","","0","","","S"
"JM1_VOLUME","001","Posicione(""JMC"",1,xFilial(""JMC"")+M->JM1_VOLUME,""JMC->JMC_DESCRI"")","JM1_VOLDES","P","N","","0","","","S"
"JM2_ALIAS","001","Posicione(""SX2"",1,M->JM2_ALIAS,""X2NOME()"")","JM2_DESCRI","P","N","","0","","","S"
"JM2_CHAVE","001","Posicione(""SIX"",1,M->JM2_ALIAS+M->JM2_CHAVE,""SIX->CHAVE"")","JM2_CHADES","P","N","","0","","","S"
"JM2_CHPUBL","001","Posicione(""SIX"",1,M->JM2_ALIAS+M->JM2_CHPUBL,""SIX->CHAVE"")","JM2_CHPDES","P","N","","0","","","S"
"JM3_EDILOJ","001","Posicione(""SA2"",1,xFilial(""SA2"")+M->JM3_EDITOR+M->JM3_EDILOJ,""SA2->A2_NOME"")","JM3_EDINOM","P","N","","0","","","S"
"JM3_EDITOR","001","Posicione(""SA2"",1,xFilial(""SA2"")+M->JM3_EDITOR+M->JM3_EDILOJ,""SA2->A2_NOME"")","JM3_EDINOM","P","N","","0","","","S"
"JM3_INSTRU","001","Tabela(""26"",M->JM3_INSTRU,.F.)","JM3_INSDES","P","N","","0","","","S"
"JM4_EDILOJ","001","Posicione(""SA2"",1,xFilial(""SA2"")+M->JM4_EDITOR+M->JM4_EDILOJ,""SA2->A2_NOME"")","JM4_EDINOM","P","N","","0","","","S"
"JM4_EDITOR","001","Posicione(""SA2"",1,xFilial(""SA2"")+M->JM4_EDITOR+M->JM4_EDILOJ,""SA2->A2_NOME"")","JM4_EDINOM","P","N","","0","","","S"
"JM4_INSTRU","001","Tabela(""26"",M->JM4_INSTRU,.F.)","JM4_INSDES","P","N","","0","","","S"
"JM4_PERIOD","001","Posicione(""JMK"",1,xFilial(""JMK"")+M->JM4_PERIOD,""JMK->JMK_DESCRI"")","JM4_PERDES","P","N","","0","","","S"
"JM5_INSTRU","001","Tabela(""26"",M->JM5_INSTRU,.F.)","JM5_INSDES","P","N","","0","","","S"
"JMF_NACION","001","Posicione(""SYA"",1,xFilial(""SYA"")+M->JMF_NACION,""SYA->YA_DESCR"")","JMF_NACDES","P","N","","0","","","S"
"JMF_NATURA","001","Posicione(""JM9"",1,xFilial(""JM9"")+M->JMF_NATURA,""JM9->JM9_DESCRI"")","JMF_NATDES","P","N","","0","","","S"
"JML_TPPUBL","001","Posicione(""JM2"",1,xFilial(""JM2"")+M->JML_TPPUBL,""JM2->JM2_DESCRI"")","JML_TPUDES","P","N","","0","","","S"
"JML_TPUSR","001","Posicione(""JMJ"",1,xFilial(""JMJ"")+M->JML_TPUSR,""JMJ->JMJ_DESCRI"")","JML_TUSDES","P","N","","0","","","S"
"JMM_CLIENT","001","Posicione(""SA1"",1,xFilial(""SA1"")+M->JMM_CLIENT+M->JMM_LOJA,""SA1->A1_NOME"")","JMM_NOME","P","N","","0","","","S"
"JMM_CLIENT","002","Posicione(""JMO"",1,xFilial(""JMO"")+M->JMM_CLIENT+M->JMM_LOJA,""JMO->JMO_STATUS"")","JMO_STATUS","P","N","","0","","","S"
"JMM_LOJA","001","Posicione(""SA1"",1,xFilial(""SA1"")+M->JMM_CLIENT+M->JMM_LOJA,""SA1->A1_NOME"")","JMM_NOME","P","N","","0","","","S"
"JMM_LOJA","002","Posicione(""JMO"",1,xFilial(""JMO"")+M->JMM_CLIENT+M->JMM_LOJA,""JMO->JMO_STATUS"")","JMO_STATUS","P","N","","0","","","S"
"JMN_CLIENT","001","Posicione(""SA1"",1,xFilial(""SA1"")+M->JMN_CLIENT+M->JMN_LOJA,""SA1->A1_NOME"")","JMN_NOME","P","N","","0","","","S"
"JMN_EXEMPL","001","Gaca180_11(M->JMN_EXEMPL,""JM0_TITULO"")","JMN_TITULO","P","N","","0","","","S"
"JMN_EXEMPL","002","Posicione(""JM1"",1,xFilial(""JM1"")+M->JMN_EXEMPL,""JM1->JM1_TOMBO"")","JMN_TOMBO","P","N","","0","","","S"
"JMN_EXEMPL","003","Posicione(""JM1"",1,xFilial(""JM1"")+M->JMN_EXEMPL,""JM1->JM1_PUBLIC"")","JMN_PUBLIC","P","N","","0","","","S"
"JMN_LOJA","001","Posicione(""SA1"",1,xFilial(""SA1"")+M->JMN_CLIENT+M->JMN_LOJA,""SA1->A1_NOME"")","JMN_NOME","P","N","","0","","","S"
"JMN_PUBLIC","001","Posicione(""JM0"",1,xFilial(""JM0"")+M->JMN_PUBLIC,""JM0->JM0_TITULO"")","JMN_TITULO","P","N","","0","","","S"
"JMO_TPUSR","001","Posicione(""JMJ"",1,xFilial(""JMJ"")+M->JMO_TPUSR,""JMJ->JMJ_DESCRI"")","JMO_TPDESC","P","N","","0","","","S"
"JMP_EXEMPL","001","Gaca180_11(&(ReadVar()),""JM0_TITULO"")","JMP_TITULO","P","N","","0","","","S"
"JMP_EXEMPL","002","Posicione(""JM1"",1,xFilial(""JM1"")+&(ReadVar()),""JM1->JM1_TOMBO"")","JMP_TOMBO","P","N","","0","","","S"
"JMP_TPMOTI","001","Posicione(""JMQ"",1,xFilial(""JMQ"")+&(ReadVar()),""JMQ->JMQ_MOTIVO"")","JMP_MOTIVO","P","N","","0","","","S"
"JMR_AUTOR","001","JMF->JMF_NOME","JMR_AUTNOM","P","S","JMF","1","xFilial(""JMF"")+M->JMR_AUTOR","","S"
"JMS_AUTOR","001","JMF->JMF_NOME","JMS_AUTNOM","P","S","JMF","1","xFilial(""JMF"")+M->JMS_AUTOR","","S"
"KD_CODQT","001","Posicione(""SKP"",1,xFilial(""SKP"")+M->KD_CODQT,""KP_DESC"")","KD_DESC","P","","","0","","","S"
"KF_CODGRP","001","Posicione(""SKE"",1,xFilial(""SKE"")+M->KF_CODGRP,""KE_DESC"")","KF_DESCGRP","P","N","","0","","","S"
"KG_CODGRP","001","SKE->KE_DESC","KG_DESCGRP","P","S","SKE","1","XFILIAL(""SKE"")+M->KG_CODGRP","!EMPTY(M->KG_CODGRP)","S"
"KG_CODSUBG","001","SKF->KF_DESC","KG_DESCSUB","P","S","SKF","1","XFILIAL(""SKF"")+M->KG_CODGRP+M->KG_CODSUBG","","S"
"KG_OBSERV","001","Iif(Empty(M->KG_OBSERV),0,CriaVar(""KG_LIMRESP""))","KG_LIMRESP","P","N","","0","","","S"
"KG_TIPOQST","001","GPRA030Exi()","KG_TIPEXIB","P","N","","0","","","S"
"KL_REGERP","001","Posicione(""SKM"",1,xFilial(""SKM"")+M->KL_REGERP,""KM_DSCVAL"")","KL_DSCRERP","P","","","0","","","S"
"KO_CODPSQ","001","Posicione(""SKN"",1,xFilial(""SKN"")+M->KO_CODPSQ,""KN_NOMPES"")","KO_NOMPSQ","P","","","0","","","S"
"KR_CODGRU","001","Posicione(""SKE"",1,xFilial(""SKE"")+M->KR_CODGRU,""KE_DESC"")","KR_DESCGRU","P","","","0","","","S"
"L2_DESC","001","Lj010Nivel(1)","L2_DESC","P","N","","0","","","S"
"L2_DESC","002","NoRound(M->L2_PRCTAB - ((M->L2_PRCTAB * M->L2_DESC) /100),2)","L2_VRUNIT","P","N","","0","","","S"
"L2_DESC","003","Round((M->L2_PRCTAB * M->L2_QUANT) * M->L2_DESC / 100 ,2)","L2_VALDESC","P","N","","0","","","S"
"L2_DESC","004","NoRound(M->L2_PRCTAB * M->L2_QUANT,2) - M->L2_VALDESC","L2_VLRITEM","P","N","","0","","","S"
"L2_DESC","005","lj010ipi(,,,,""ACOLS"")","L2_VALIPI","P","N","","0","","","S"
"L2_DESC","006","lj010icms()","L2_VALICM","P","N","","0","","","S"
"L2_DESC","007","lj010Iss()","L2_VALISS","P","N","","0","","","S"
"L2_LOCAL","001","LJ010ESTOQ(""L"")","L2_LOCAL","P","N","","0","","","S"
"L2_PRODUTO","001","IiF(!lGradProd,Iif(M->L2_QUANT = 0,1,M->L2_QUANT),0)","L2_QUANT","P","N","","0","","","S"
"L2_PRODUTO","002","lj010Preco()","L2_VRUNIT","P","N","","0","","!(cConcomit==""S"" .and. aCols[n][nPco]>0)","S"
"L2_PRODUTO","003","Iif(!lGradProd,SB1->B1_UM,SB4->B4_UM)","L2_UM","P","N","","0","","!(cConcomit==""S"" .and. aCols[n][nPco]>0)","S"
"L2_PRODUTO","004","Iif(!lGradProd,SB1->B1_DESC,SB4->B4_DESC)","L2_DESCRI","P","N","","0","","!(cConcomit==""S"" .and. aCols[n][nPco]>0)","S"
"L2_PRODUTO","005","Iif(!lGradProd,Iif(Empty(SB1->B1_TS),GetMv(""MV_TESSAI""),SB1->B1_TS),SB4->B4_TS)","L2_TES","P","N","","0","","!(cConcomit==""S"" .and. aCols[n][nPco]>0)","S"
"L2_PRODUTO","006","NoRound((m->l2_quant * m->l2_vrunit),2)","L2_VLRITEM","P","N","","0","","!(cConcomit==""S"" .and. aCols[n][nPco]>0)","S"
"L2_PRODUTO","007","lj010Ipi(,,,,""ACOLS"")","L2_VALIPI","P","N","","0","","!(cConcomit==""S"" .and. aCols[n][nPco]>0)","S"
"L2_PRODUTO","008","lj010Icms()","L2_VALICM","P","N","","0","","!(cConcomit==""S"" .and. aCols[n][nPco]>0)","S"
"L2_PRODUTO","009","lj010iss()","L2_VALISS","P","N","","0","","!(cConcomit==""S"" .and. aCols[n][nPco]>0)","S"
"L2_PRODUTO","010","SF4->F4_CF","L2_CF","P","N","SF4","1","XFILIAL(""SB1"")+Iif(Empty(SB1->B1_TS),GetMv(""MV_TESSAI""),SB1->B1_TS)","!(cConcomit==""S"" .and. aCols[n][nPco]>0)","S"
"L2_PRODUTO","011","lj010DisTb()","L2_TABELA","P","N","","0","","!(cConcomit==""S"" .and. aCols[n][nPco]>0)","S"
"L2_PRODUTO","012","iIf(!lGradProd,SB1->B1_LOCPAD,SB4->B4_LOCPAD)","L2_LOCAL","P","N","","0","","!(cConcomit==""S"" .and. aCols[n][nPco]>0)","S"
"L2_PRODUTO","013","LJ010ESTOQ(""P"")","L2_PRODUTO","P","N","","0","","!(cConcomit==""S"" .and. aCols[n][nPco]>0)","S"
"L2_PRODUTO","014","LJ010PRECO(""TABELA"")","L2_PRCTAB","P","N","","0","","!(cConcomit==""S"" .and. aCols[n][nPco]>0)","S"
"L2_PRODUTO","015","IF(EXECBLOCK(""CORICON"",.F.,.F.),M->L2_PRODUTO,"""")","L2_PRODUTO","P","N","","0","","cConcomit == ""S"" .and. lVendaRapida","S"
"L2_PRODUTO","016","IIf(ExistBlock(""LJATUCF""),ExecBlock(""LJATUCF"",.F.,.F.),SF4->F4_CF)","L2_CF","P","N","","0","","","S"
"L2_PRODUTO","017","IIF(M->L2_VRUNIT==0, 0, M->L2_VALDESC)","L2_VALDESC","P","N","","0","","","S"
"L2_PRODUTO","018","IIF(M->L2_VRUNIT==0, 0, NoRound((M->L2_VALDESC*100)/(M->L2_QUANT*M->L2_VRUNIT),2))","L2_DESC","P","N","","0","","!GetMv(""MV_GRADE"")","S"
"L2_QUANT","001","NoRound((M->L2_PRCTAB * M->L2_QUANT - M->L2_VALDESC),2)","L2_VLRITEM","P","N","","0","","","S"
"L2_QUANT","002","lj010Ipi(,,,,""ACOLS"")","L2_VALIPI","P","N","","0","","","S"
"L2_QUANT","003","lj010Icms()","L2_VALICM","P","N","","0","","","S"
"L2_QUANT","004","lj010iss()","L2_VALISS","P","N","","0","","","S"
"L2_QUANT","005","LJ010ESTOQ(""Q"")","L2_QUANT","P","N","","0","","","S"
"L2_QUANT","006","NoRound(M->L2_PRCTAB * M->L2_QUANT - (M->L2_PRCTAB * M->L2_QUANT * M->L2_DESC / 100),2)","L2_VLRITEM","P","N","","0","","lTroca","S"
"L2_QUANT","007","NoRound((M->L2_PRCTAB * M->L2_QUANT) - M->L2_VLRITEM,2)","L2_VALDESC","P","N","","0","","lTroca","S"
"L2_QUANT","008","IIF(M->L2_QUANT > 0,NoRound(M->L2_PRCTAB - (M->L2_VALDESC / M->L2_QUANT),2),0)","L2_VRUNIT","P","N","","0","","","S"
"L2_QUANT","009","LJ010PRECO(""GRADE"")","L2_VRUNIT","P","N","","0","","M->L2_QUANT<=0 .AND. LGRADPROD","S"
"L2_QUANT","010","LJ010Quan()","L2_DESC","P","N","","0","","!GetMv(""MV_GRADE"")","S"
"L2_TES","001","lj010Ipi(,,,,""ACOLS"")","L2_VALIPI","P","N","","0",",","","S"
"L2_TES","002","lj010icms()","L2_VALICM","P","N","","0","","","S"
"L2_TES","003","lj010iss()","L2_VALISS","P","N","","0","","","S"
"L2_TES","004","SF4->F4_CF","L2_CF","P","N","","0","","","S"
"L2_TES","005","LJ010ESTOQ(""T"")","L2_TES","P","N","","0","","","S"
"L2_VALDESC","001","LJ010Nivel(2)","L2_VALDESC","P","N","","0","","","S"
"L2_VALDESC","002","NoRound(M->L2_PRCTAB - (M->L2_VALDESC / M->L2_QUANT),2)","L2_VRUNIT","P","N","","0","","","S"
"L2_VALDESC","003","NoRound(M->L2_PRCTAB * M->L2_QUANT,2) - M->L2_VALDESC","L2_VLRITEM","P","N","","0","","","S"
"L2_VALDESC","004","(M->L2_VALDESC * 100) / (M->L2_PRCTAB * M->L2_QUANT)","L2_DESC","P","N","","0","","","S"
"L2_VALDESC","005","lj010Ipi(,,,,""ACOLS"")","L2_VALIPI","P","N","","0","","","S"
"L2_VALDESC","006","lj010icms()","L2_VALICM","P","N","","0","","","S"
"L2_VALDESC","007","lj010Iss()","L2_VALISS","P","N","","0","","","S"
"L2_VLRITEM","001","lj010Ipi(,,,,""ACOLS"")","L2_VALIPI","P","N","","0","","","S"
"L2_VRUNIT","001","0","L2_DESC","P","N","","0","","","S"
"L2_VRUNIT","002","0","L2_VALDESC","P","N","","0","","","S"
"L2_VRUNIT","003","NoRound(M->L2_VRUNIT * M->L2_QUANT,2)","L2_VLRITEM","P","N","","0","","","S"
"L2_VRUNIT","004","NoRound((M->L2_VRUNIT*M->L2_QUANT)-M->L2_VALDESC,2)","L2_VLRITEM","P","N","","0","","","S"
"L2_VRUNIT","005","lj010Ipi(,,,,""ACOLS"")","L2_VALIPI","P","N","","0","","","S"
"L2_VRUNIT","006","lj010Icms()","L2_VALICM","P","N","","0","","","S"
"L2_VRUNIT","007","lj010iss()","L2_VALISS","P","N","","0","","","S"
"L2_VRUNIT","008","M->L2_VRUNIT","L2_PRCTAB","P","N","","0","","","S"
"L2_VRUNIT","009","NoRound(M->L2_VRUNIT - (M->L2_VALDESC / M->L2_QUANT),2)","L2_VRUNIT","P","N","","0","","","S"
"LN_COD","001","IIf(M->LN_QUANT=0,1,M->LN_QUANT)","LN_QUANT","P","N","","0","","","S"
"LN_COD","002","SB1->B1_UM","LN_UM","P","N","","0","","","S"
"LN_COD","003","IIf(Empty(SB1->B1_TS),GetMv(""MV_TESSAI""),SB1->B1_TS)","LN_TES","P","N","","0","","","S"
"LN_COD","004","NoRound((M->LN_QUANT*M->LN_VUNIT),2)","LN_TOTAL","P","N","","0","","","S"
"LN_COD","005","SF4->F4_CF","LN_CF","P","S","SF4","1","xFilial(""SB1"")+IIf(Empty(SB1->B1_TS),GetMv(""MV_TESSAI""),SB1->B1_TS)","","S"
"LN_VUNIT","001","NoRound(M->LN_QUANT*M->LN_VUNIT,2)","LN_TOTAL","P","N","","0","","","S"
"LQ_CLIENTE","001","Posicione(""SA1"",1,xFilial(""SA1"")+M->LQ_CLIENTE+M->LQ_LOJA,""A1_NOME"")","LQ_NOMCLI","P","N","","0","","","S"
"LQ_LOJA","001","Posicione(""SA1"",1,xFilial(""SA1"")+M->LQ_CLIENTE+M->LQ_LOJA,""A1_NOME"")","LQ_NOMCLI","P","N","","0","","","S"
"LQ_VEND","001","Posicione(""SA3"",1,xFilial(""SA3"")+M->LQ_VEND,""A3_NOME"")","LQ_NOMVEND","P","N","","0","","","S"
"MA8_CARGO","001","MAQ->MAQ_DESC","MA8_CARDES","P","S","MAQ","1","XFILIAL(""MAQ"")+M->MA8_CARGO","","S"
"MA9_CARTAO","001","MAM->MAM_DESC","MA9_CARDES","P","S","MAM","1","XFILIAL(""MAM"")+M->MA9_CARTAO","","S"
"MAA_BANCO","001","MAN->MAN_DESC","MAA_BANDES","P","S","MAN","1","XFILIAL(""MAN"")+M->MAA_BANCO","","S"
"MAC_DEPGRA","001","MAO->MAO_DESC","MAC_DEPDES","P","S","MAO","1","XFILIAL(""MAO"")+M->MAC_DEPGRA","","S"
"MAE_DESCR","001","MAP->MAP_DESC","MAE_DOCDES","P","S","MAP","1","XFILIAL(""MAP"")+M->MAE_DESCR","","S"
"N01_AREA","001","M->N01_AREA*N02->N02_VLRTER","N01_VLRTER","P","S","N02","1","XFILIAL(""N02"")+M->N01_LOGRAD","","S"
"N01_AREACO","001","M->N01_AREACO*N02->N02_VLRCON","N01_VLRPRE","P","S","N02","1","XFILIAL(""N02"")+M->N01_LOGRAD","","S"
"N01_DISTRI","001","SX5->X5_DESCRI","N01_COMP1","P","S","SX5","1","XFILIAL(""SX5"")+""N1""+M->N01_DISTRI","","S"
"N01_FUNDO","001","((M->N01_TESTAD+M->N01_FUNDO)/2)*M->N01_PROF","N01_AREA","P","N","N01","1","XFILIAL(""N01"")+M->N01_FUNDO","","S"
"N01_FUNDO","002","N02->N02_VLRTER * M->N01_AREA","N01_VLRTER","P","S","N02","1","XFILIAL(""N02"") + M->N01_LOGRAD","","S"
"N01_INFO","001","SX5->X5_DESCRI","N01_COMP10","P","S","SX5","1","XFILIAL(""SX5"")+""N9""+M->N01_INFO","","S"
"N01_LOGRAD","001","N02->N02_DESCRI","N01_COMP7","P","S","N02","1","XFILIAL(""N02"")+M->N01_LOGRAD","","S"
"N01_LOGRAD","002","N02->N02_DISTRI","N01_DISTRI","P","S","N02","1","XFILIAL(""N02"")+M->N01_LOGRAD","","S"
"N01_LOGRAD","003","N02->N02_SETOR","N01_SETOR","P","S","N02","1","XFILIAL(""N02"")+M->N01_LOGRAD","","S"
"N01_LOGRAD","004","N02->N02_QUADRA","N01_QUADRA","P","S","N02","1","XFILIAL(""N02"")+M->N01_LOGRAD","","S"
"N01_LOGRAD","005","N02->N02_SFI","N01_SETORF","P","S","N02","1","XFILIAL(""N02"")+M->N01_LOGRAD","","S"
"N01_LOGRAD","006","SX5->X5_DESCRI","N01_COMP1","P","S","SX5","1","XFILIAL(""SX5"")+""N1""+M->N01_DISTRI","","S"
"N01_LOGRAD","007","SX5->X5_DESCRI","N01_COMP2","P","S","SX5","1","XFILIAL(""SX5"")+""N2""+M->N01_SETOR","","S"
"N01_LOGRAD","008","SX5->X5_DESCRI","N01_COMP3","P","S","SX5","1","XFILIAL(""SX5"")+""N3""+M->N01_QUADRA","","S"
"N01_LOGRAD","009","SX5->X5_DESCRI","N01_COMP6","P","S","SX5","1","XFILIAL(""SX5"")+""N1""+M->N01_SETORF","","S"
"N01_LOTE","001","SX5->X5_DESCRI","N01_COMP4","P","S","SX5","1","XFILIAL(""SX5"")+""N4""+M->N01_LOTE","","S"
"N01_OCUPAC","001","SX5->X5_DESCRI","N01_COMP11","P","S","SX5","1","XFILIAL(""SX5"")+""N7""+M->N01_OCUPAC","","S"
"N01_PROFA","001","(M->N01_PROFA+M->N01_PROFB)/2","N01_PROF","P","N","N01","1","XFILIAL(""N01"")+M->N01_PROFA","","S"
"N01_PROFA","002","((M->N01_TESTAD+M->N01_FUNDO)/2)*M->N01_PROF","N01_AREA","P","N","N01","1","XFILIAL(""N01"")+M->N01_PROFA","","S"
"N01_PROFA","003","N02->N02_VLRTER * M->N01_AREA","N01_VLRTER","P","S","N02","1","XFILIAL(""N02"") + M->N01_LOGRAD","","S"
"N01_PROFB","001","(M->N01_PROFA+M->N01_PROFB)/2","N01_PROF","P","N","N01","1","XFILIAL(""N01"")+M->N01_PROFB","","S"
"N01_PROFB","002","((M->N01_TESTAD+M->N01_FUNDO)/2)*M->N01_PROF","N01_AREA","P","N","N01","1","XFILIAL(""N01"")+M->N01_PROFB","","S"
"N01_PROFB","003","N02->N02_VLRTER * M->N01_AREA","N01_VLRTER","P","S","N02","1","XFILIAL(""N02"") + M->N01_LOGRAD","","S"
"N01_PROPRI","001","SA1->A1_NOME","N01_COMP8","P","S","SA1","1","XFILIAL(""SA1"")+M->N01_PROPRI","","S"
"N01_QUADRA","001","SX5->X5_DESCRI","N01_COMP3","P","S","SX5","1","XFILIAL(""SX5"")+""N3""+M->N01_QUADRA","","S"
"N01_SETOR","001","SX5->X5_DESCRI","N01_COMP2","P","S","SX5","1","XFILIAL(""SX5"")+""N2""+M->N01_SETOR","","S"
"N01_SETORF","001","SX5->X5_DESCRI","N01_COMP6","P","S","SX5","1","XFILIAL(""SX5"")+""N6""+M->N01_SETORF","","S"
"N01_SUBLOT","001","SX5->X5_DESCRI","N01_COMP5","P","S","SX5","1","XFILIAL(""SX5"")+""N5""+M->N01_SUBLOT","","S"
"N01_TESTAD","001","((M->N01_TESTAD+M->N01_FUNDO)/2)*M->N01_PROF","N01_AREA","P","N","N01","1","XFILIAL(""N01"")+M->N01_TESTAD","","S"
"N01_TESTAD","002","N02->N02_VLRTER * M->N01_AREA","N01_VLRTER","P","S","N02","1","XFILIAL(""N02"") + M->N01_LOGRAD","","S"
"N01_TIPOCO","001","SX5->X5_DESCRI","N01_COMP12","P","S","SX5","1","XFILIAL(""SX5"")+""NA""+M->N01_TIPOCO","","S"
"N01_UTILIZ","001","SX5->X5_DESCRI","N01_COMP9","P","S","SX5","1","XFILIAL(""SX5"") + ""N8"" + M->N01_UTILIZ","","S"
"N02_BAI","001","SX5->X5_DESCRI","N02_COMP2","P","S","SX5","1","XFILIAL(""SX5"")+""NB""+M->N02_BAI","","S"
"N02_DISTRI","001","SX5->X5_DESCRI","N02_COMP1","P","S","SX5","1","XFILIAL(""SX5"")+""N1""+M->N02_DISTRI","","S"
"N02_QUADRA","001","SX5->X5_DESCRI","N02_COMP4","P","S","SX5","1","XFILIAL(""SX5"")+""N3""+M->N02_QUADRA","","S"
"N02_SETOR","001","SX5->X5_DESCRI","N02_COMP3","P","S","SX5","1","XFILIAL(""SX5"")+""N2""+M->N02_SETOR","","S"
"N02_SFI","001","SX5->X5_DESCRI","N02_COMP5","P","S","SX5","1","XFILIAL(""SX5"")+""N6""+M->N02_SFI","","S"
"N03_RAMO","001","SX5->X5_DESCRI","N03_COMP1","P","S","SX5","1","XFILIAL(""SX5"")+""RD""+M->N03_RAMO","","S"
"N04_CODCLI","001","SA1->A1_NOME","N04_COMP1","P","N","SA1","1","XFILIAL(""SA1"")+M->N04_CODCLI","","S"
"N04_CODPRO","001","TRIM(N01->N01_COMP1)+""-""+TRIM(N01->N01_COMP2) + ""-""+TRIM( N01->N01_COMP7)","N04_COMP2","P","S","N01","9","XFILIAL(""N01"")+M->N04_CODPRO","","S"
"N04_FORMAC","001","SX5->X5_DESCRI","N04_COMP3","P","S","SX5","1","XFILIAL(""SX5"")+""NC""+M->N04_FORMAC","","S"
"N05_CODPRO","001","N02->N02_DESCRI","N05_COMP2","P","S","N02","1","XFILIAL(""N02"")+M->N05_CODPRO","","S"
"N05_PROPRI","001","SA1->A1_NOME","N05_COMP1","P","S","SA1","1","XFILIAL(""SA1"")+M->N05_PROPRI","","S"
"N06_PRODUT","001","SB1->B1_DESC","N06_COMP1","P","S","SB1","1","XFILIAL(""SB1"")+M->N06_PRODUT","","S"
"N07_PRODUT","001","SB1->B1_DESC","N07_COMP1","P","S","SB1","1","XFILIAL(""SB1"")+M->N07_PRODUT","","S"
"N08_PRODUT","001","SB1->B1_DESC","N08_COMP1","P","S","SB1","1","XFILIAL(""SB1"")+M->N08_PRODUT","","S"
"N13_PROGR","001","N1D->N1D_NOME","N13_DESPRG","P","1","N1D","1","XFILIAL(""N1D"")+M->N13_PROGR","","S"
"N13_PROJET","001","N1F->N1F_NOME","N13_DESPRJ","P","1","N1F","1","xFILIAL(""N1F"") + M->N13_PROJET","","S"
"N13_SUBPRG","001","N1E->N1E_NOME","N13_DESCSP","P","1","N1E","1","XFILIAL(""N1E"") + M->N13_SUBPRG","","S"
"N14_CGC","001","N12->N12_NOME","N14_NOME","P","S","N12","1","XFILIAL(""N12"") + M->N14_CGC","EMPTY(M->N14_NOME)","S"
"N14_CGC","002","N12->N12_BAIRRO","N14_BAIRRO","P","","","0","","EMPTY(M->N14_BAIRRO)","S"
"N14_CGC","003","N12->N12_TEL","N14_TEL","P","","","0","","EMPTY(M->N14_TEL)","S"
"N14_CGC","004","N12->N12_END","N14_END","P","","","0","","EMPTY(M->N14_END)","S"
"N14_CGC","005","N12->N12_EMAIL","N14_EMAIL","P","","","0","","EMPTY( M->N14_EMAIL)","S"
"N1_APOLICE","001","SNB->NB_CODSEG","N1_CODSEG","P","S","SNB","1","xFilial(""SNB"")+M->N1_APOLICE","!EMPTY(M->N1_APOLICE)","S"
"N1_APOLICE","002","SNB->NB_DTVENC","N1_DTVENC","P","N","","0","","SNB->NB_APOLICE == M->N1_APOLICE","S"
"N1_APOLICE","003","SNB->NB_CSEGURO","N1_CSEGURO","P","N","","0","","","S"
"N1_BASESUP","001","SN1->N1_ITEM","N1_ITEMSUP","P","","","0","","","S"
"N1_CODCIAP","001","SF9->F9_VALICMS-SF9->F9_ICMIMOB","N1_ICMSAPR","P","S","SF9","1","xFilial(""SF9"")+M->N1_CODCIAP","","S"
"N1_CODSEG","001","SNB->NB_DTVENC","N1_DTVENC","P","S","SNB","1","xFilial(""SNB"")+M->N1_APOLICE+M->N1_CODSEG","","S"
"N1_CODSEG","002","SNB->NB_CSEGURO","N1_CSEGURO","P","N","","0","","","S"
"N1_FORNEC","001","SA2->A2_LOJA","N1_LOJA","P","N","","0","","SA2->A2_COD == M->N1_FORNEC","S"
"N1_FORNEC","002","SA2->A2_LOJA","N1_LOJA","P","S","SA2","1","xFilial(""SA2"")+M->N1_FORNEC","SA2->A2_COD != M->N1_FORNEC","S"
"N22_CODFUN","001","SRA->RA_NOME","N22_DESFUN","P","S","SRA","1","XFILIAL(""SRA"") + M->N22_CODFUN","","S"
"N22_RECURS","001","N21->N21_VALOR","N22_VALOR","P","S","N21","1","XFILIAL('N21') + M->N22_RECURS","INCLUI","S"
"N33_CID1","001","N31->N31_CDSUS","N33_CODCID","P","S","N31","2","XFILIAL(""N31"") + M->N33_CID1","","S"
"N33_CID2","001","N31->N31_CDSUS","N33_CODCI2","P","S","N31","2","XFILIAL(""N31"") + M->N33_CID2","","S"
"N33_PROCED","001","N31->N31_CDSUS","N33_CODPRO","P","S","N31","2","XFILIAL(""N31"") + M->N33_PROCED","","S"
"N34_CODIGO","001","N32->N32_DESC","N34_DESC","P","S","N32","1","xFILIAL(""N32"") + M->N34_CODIGO","","S"
"N35_CODIGO","001","N33->N33_NOME","N35_NOME","P","S","N33","1","XFILIAL(""N33"") + M->N35_CODIGO","","S"
"N35_CRM","001","N37->N37_NOME","N35_NOMED","P","S","N37","1","XFILIAL(""N37"") +M->N35_TIPOCR + M->N35_CRM","","S"
"N35_SAME","001","N33->N33_NOME","N35_NOME","P","S","N33","1","XFILIAL(""N33"") + M->N35_SAME","","S"
"N35_SAME","002","N33->N33_NOME","N35_RESPON","P","N","","0","","","S"
"N35_SAME","003","N33->N33_END1","N35_RESEND","P","N","","0","","","S"
"N35_SAME","004","N33->N33_CID1","N35_RESCID","P","N","","0","","","S"
"N35_SAME","005","N33->N33_UF1","N35_RESUF","P","N","","0","","","S"
"N35_SAME","006","N33->N33_CEP1","N35_RESCEP","P","N","","0","","","S"
"N35_SAME","007","N33->N33_FONE1","N35_RESFON","P","N","","0","","","S"
"N35_SAME","008","N33->N33_RG","N35_RESDOC","P","N","","0","","","S"
"N38_CODIGO","001","SB1->B1_DESC","N38_DESC","P","S","SB1","1","xFILIAL(""SB1"") + M->N38_CODIGO","","S"
"N38_CODIGO","002","GSPS020(M->N38_CODIGO,2,M->N38_USAEST)","N38_LOCAL","P","","","0","","","S"
"N38_QTDSOL","001","IIF(GSPS010(ReadVar(),M->N38_CODIGO,M->N38_LOCAL,M->N38_USAEST) == .T. , M->N38_QTDSOL, 0 )","N38_QTDSOL","P","","","0","","","S"
"N3A_CODIGO","001","SB1->B1_DESC","N3A_DESC","P","S","SB1","1","xFILIAL(""SB1"") + M->N3A_CODIGO","","S"
"N3B_MUN","001","N31->N31_CDSUS","N3B_CODMUN","P","S","N31","2","XFILIAL(""N31"") + M->N3B_MUN","","S"
"N3C_PROFIS","001","N37->N37_NOME","N3C_NOME","P","S","N37","1","xFILIAL(""N37"") + M->N3C_TIPOCR + M->N3C_PROFIS","","S"
"N3E_CODIGO","001","N3D->N3D_DESC","N3E_DESC","P","S","N3D","1","xFILIAL(""N3D"") + M->N3E_CODIGO","","S"
"N42_CODFAL","001","N41->N41_NOME","N42_NOMFAL","P","S","N41","1","XFILIAL(""N41"")+M->N42_CODFAL","","S"
"N42_CODJAZ","001","N43->N43_DESCRI","N42_DESC","P","S","N43","1","XFILIAL(""N43"") + M->N42_CODJAZ","","S"
"N43_CODCON","001","SA1->A1_NOME","N43_NOMCON","P","S","SA1","1","XFILIAL(""SA1"") + M->N43_CODCON","","S"
"N43_LOTE","001","SX5->X5_DESCRI","N43_COMP3","P","S","SX5","1","XFILIAL(""SX5"")+""N4""+M->N43_LOTE","","S"
"N43_PISO","001","SX5->X5_DESCRI","N43_COMP4","P","S","SX5","1","XFILIAL(""SX5"")+""NP""+M->N43_PISO","","S"
"N43_QUADRA","001","SX5->X5_DESCRI","N43_COMP1","P","S","SX5","1","XFILIAL(""SX5"")+""N3""+M->N43_QUADRA","","S"
"N43_SETOR","001","SX5->X5_DESCRI","N43_COMP2","P","S","SX5","1","XFILIAL(""SX5"")+""N2""+M->N43_SETOR","","S"
"N51_TIPOCT","001","N13->N13_RECVIN","N51_RECVIN","P","S","N13","1","XFILIAL(""N13"") + M->N51_MAPA","INCLUI .And. M->N51_TipoCt == ""R""","S"
"N55_FORNEC","001","SA2->A2_NOME","N55_DESFOR","P","S","SA2","1","XFILIAL(""SA2"") + M->N55_FORNEC","","S"
"N55_LOJA","001","SA2->A2_NOME","N55_DESFOR","P","S","SA2","1","XFILIAL(""SA2"") + M->N55_FORNEC+M->N55_LOJA","INCLUI","S"
"N55_PRODUT","001","SB1->B1_DESC","N55_DESPRO","P","S","SB1","1","XFILIAL('SB1') + M->N55_PRODUT","","S"
"N55_QUANT","001","ROUND(M->N55_QUANT * M->N55_UNIT,2)","N55_TOTAL","P","","","0","","","S"
"N55_UNIT","001","ROUND( M->N55_QUANT * M->N55_UNIT,2)","N55_TOTAL","P","","","0","","","S"
"N60_FILIAL","001","N60->N60_CODIGO","N60_CODIGO","P","N","","0","","ALTERA","S"
"N61_BAIRES","001",""" ""","N61_BAIRES","P","N","","0","","EMPTY(M->N61_RESP)","S"
"N61_CEPRES","001",""" ""","N61_CEPRES","P","N","","0","","EMPTY(M->N61_RESP)","S"
"N61_CODESC","001","N60->N60_NOME","N61_NOMESC","P","S","N60","1","XFILIAL(""N60"")+M->N61_CODESC","","S"
"N61_CODTUR","001","N6C->N6C_DESCRI","N61_DESCTU","P","S","N6C","1","XFILIAL(""N6C"")+M->N61_CODESC+M->N61_CODTUR","","S"
"N61_COMPRE","001",""" ""","N61_COMPRE","P","N","","0","","EMPTY(M->N61_RESP)","S"
"N61_CONRES","001",""" ""","N61_CONRES","P","N","","0","","EMPTY(M->N61_RESP)","S"
"N61_CPFRES","001",""" ""","N61_CEPRES","P","N","","0","","EMPTY(M->N61_RESP)","S"
"N61_EMPRES","001",""" ""","N61_EMPRES","P","N","","0","","EMPTY(M->N61_RESP)","S"
"N61_ENDRES","001",""" ""","N61_ENDRES","P","N","","0","","EMPTY(M->N61_RESP)","S"
"N61_ESTRES","001",""" ""","N61_ESTRES","P","N","","0","","EMPTY(M->N61_RESP)","S"
"N61_FONE13","001",""" ""","N61_FONE13","P","N","","0","","EMPTY(M->N61_RESP)","S"
"N61_FONE23","001",""" ""","N61_FONE23","P","N","","0","","EMPTY(M->N61_RESP)","S"
"N61_FONE33","001",""" ""","N61_FONE33","P","N","","0","","EMPTY(M->N61_RESP)","S"
"N61_FONE43","001",""" ""","N61_FONE43","P","N","","0","","EMPTY(M->N61_RESP)","S"
"N61_HORRES","001",""" ""","N61_HORRES","P","N","","0","","EMPTY(M->N61_RESP)","S"
"N61_MAE","001","M->N61_END","N61_ENDMAE","P","N","","0","","M->N61_SITPAI==""2""","S"
"N61_MAE","002","M->N61_NUMERO","N61_NUMMAE","P","N","","0","","M->N61_SITPAI==""2""","S"
"N61_MAE","003","M->N61_BAIRRO","N61_BAIMAE","P","N","","0","","M->N61_SITPAI==""2""","S"
"N61_MAE","004","M->N61_CEP","N61_CEPMAR","P","N","","0","","M->N61_SITPAI==""2""","S"
"N61_MAE","005","M->N61_COMPLE","N61_COMPMA","P","N","","0","","M->N61_SITPAI==""2""","S"
"N61_MAE","006","M->N61_MUNICI","N61_MUNMAE","P","N","","0","","M->N61_SITPAI==""2""","S"
"N61_MAE","007","M->N61_UF","N61_UFMAE","P","N","","0","","M->N61_SITPAI==""2""","S"
"N61_MUNRES","001",""" ""","N61_MUNRES","P","N","","0","","EMPTY(M->N61_RESP)","S"
"N61_NUMRES","001",""" ""","N61_NUMRES","P","N","","0","","EMPTY(M->N61_RESP)","S"
"N61_ORGRES","001",""" ""","N61_ORGRES","P","N","","0","","EMPTY(M->N61_RESP)","S"
"N61_PAI","001","M->N61_END","N61_ENDPAI","P","N","","0","","M->N61_SITPAI==""2""","S"
"N61_PAI","002","M->N61_NUMERO","N61_NUMPAI","P","N","","0","","M->N61_SITPAI==""2""","S"
"N61_PAI","003","M->N61_BAIRRO","N61_BAIPAI","P","N","","0","","M->N61_SITPAI==""2""","S"
"N61_PAI","004","M->N61_CEP","N61_CEPPAI","P","N","","0","","M->N61_SITPAI==""2""","S"
"N61_PAI","005","M->N61_COMPLE","N61_COMPPA","P","N","","0","","M->N61_SITPAI==""2""","S"
"N61_PAI","006","M->N61_MUNICI","N61_MUNPAI","P","N","","0","","M->N61_SITPAI==""2""","S"
"N61_PAI","007","M->N61_UF","N61_UFPAI","P","N","","0","","M->N61_SITPAI==""2""","S"
"N61_PRORES","001",""" ""","N61_PRORES","P","N","","0","","EMPTY(M->N61_RESP)","S"
"N61_UFRES","001",""" ""","N61_UFRES","P","N","","0","","EMPTY(M->N61_RESP)","S"
"N62_CODESC","001","N60->N60_NOME","N62_ESCOLA","P","S","N60","1","XFILIAL(""N60"")+M->N62_CODESC","","S"
"N67_CODDIS","001","N68->N68_NOME","N67_DISCIP","P","S","N68","1","xFilial(""N68"")+M->N67_CODDIS","","S"
"N67_CURSO","001","SX5->X5_DESCRI","N67_NOMCUR","P","S","SX5","1","xFilial(""SX5"")+""NR""+M->N67_CURSO","","S"
"N67_MATR","001","N66->N66_NOME","N67_NOME","P","S","N66","1","XFILIAL(""N66"")+M->N67_MATR","","S"
"N69_ESCOLA","001","N60->N60_NOME","N69_DESCRI","P","S","N60","1","XFILIAL(""N60"")+M->N69_ESCOLA","","S"
"N6A_CODIGO","001","N60->N60_NOME","N6A_NOMESC","P","S","N60","1","XFILIAL(""N60"")+M->N6A_CODIGO","","S"
"N6B_DISCIP","001","N68->N68_NOME","N6B_NOMDIS","P","S","N68","1","XFILIAL(""N68"")+M->N6B_DISCIP","","S"
"N6B_ESCOLA","001","N60->N60_NOME","N6B_NOMESC","P","S","N60","1","XFILIAL(""N60"")+M->N6B_ESCOLA","","S"
"N6B_GRACUR","001","X5DESCRI()","N6B_DESCSE","P","S","SX5","1","XFILIAL(""SX5"")+""NR""+M->N6B_DESCSE","","S"
"N6C_ESCOLA","001","N60->N60_NOME","N6C_NOMESC","P","S","N60","1","XFILIAL(""N60"")+M->N6C_ESCOLA","","S"
"N6C_ESCOLA","002","N6C->N6C_ESCOLA","N6C_ESCOLA","P","N","","0","","ALTERA","S"
"N6C_SALA","001","N6K->N6K_DESCR","N6C_NOMESA","P","S","N6K","1","xFilial(""N6K"")+M->N6C_ESCOLA+M->N6C_SALA","","S"
"N6C_SALA","002","N6K->N6K_CAPAC","N6C_CAP","P","S","N6K","1","xFilial(""N6K"")+M->N6C_ESCOLA+M->N6C_SALA","","S"
"N6C_SERIE","001","N6B->N6B_DESCRI","N6C_NOMSER","P","S","N6B","1","xFilial(""N6B"")+M->N6C_ESCOLA+M->N6C_SERIE","","S"
"N6C_SERIE","002","N6B->N6B_GRAATU","N6C_CURSO","P","N","N6B","1","xFilial(""N6B"")+M->N6C_ESCOLA+M->N6C_SERIE","","S"
"N6C_SERIE","003","SX5->X5_DESCRI","N6C_NOMCOR","P","S","SX5","1","xFilial(""SX5"")+""NR""+M->N6C_CURSO","","S"
"N6C_SERIE","004","N6B->N6B_GRACUR","N6C_CURSOD","P","S","N6B","1","xFilial(""N6B"")+M->N6C_ESCOLA+M->N6C_SERIE","","S"
"N6C_SERIE","005","SX5->X5_DESCRI","N6C_NOMCDE","P","S","SX5","1","xFilial(""SX5"")+""NR""+M->N6C_CURSOD","","S"
"N6C_TURNO","001","N69->N69_TURNO","N6C_NOMTUR","P","S","N69","1","xFilial(""N69"")+M->N6C_ESCOLA+M->N6C_TURNO","","S"
"N6D_CODESC","001","N60->N60_NOME","N6D_NOMESC","P","S","N60","1","xFilial(""N60"")+M->N6D_CODESC","","S"
"N6D_CONC1","001","SUBSTR(SX5->X5_DESCRI,1,15)","N6D_DCONC1","P","S","SX5","1","xFilial(""SX5"")+""NS""+M->N6D_CONC1","","S"
"N6D_CONC2","001","SUBSTR(SX5->X5_DESCRI,1,15)","N6D_DCONC2","P","S","SX5","1","xFilial(""SX5"")+""NS""+M->N6D_CONC2","","S"
"N6D_CONC3","001","SUBSTR(SX5->X5_DESCRI,1,15)","N6D_DCONC3","P","S","SX5","1","xFilial(""SX5"")+""NS""+M->N6D_CONC3","","S"
"N6D_CONC4","001","SUBSTR(SX5->X5_DESCRI,1,15)","N6D_DCONC4","P","S","SX5","1","xFilial(""SX5"")+""NS""+M->N6D_CONC4","","S"
"N6D_CONC5","001","SUBSTR(SX5->X5_DESCRI,1,15)","N6D_DCONC5","P","S","SX5","1","xFilial(""SX5"")+""NS""+M->N6D_CONC5","","S"
"N6F_ALUNO","001","N61->N61_NOME","N6F_NOMALU","P","S","N61","1","XFILIAL(""N61"")+M->N6F_ALUNO","","S"
"N6F_ESCOLA","001","N60->N60_NOME","N6F_NOMESC","P","S","N60","1","XFILIAL(""N60"")+M->N6F_ESCOLA","","S"
"N6G_ALUNO","001","N61->N61_SEXO","N6G_SEXO","P","S","N61","1","XFILIAL(""N61"")+M->N6G_SEXO","","S"
"N6G_ESCOLA","001","N60->N60_NOME","N6G_NOMESC","P","S","N60","1","XFILIAL(""N60"") +M->N6G_ESCOLA","","S"
"N6G_TURMA","001","N6C->N6C_SERIE","N6G_SERIE","P","S","N6C","1","XFILIAL(""N6C"")+M->N6G_ESCOLA+M->N6G_TURMA","INCLUI","S"
"N6G_TURMA","002","N6B->N6B_DESCRI","N6G_NOMSER","P","S","N6B","1","XFILIAL(""N6B"")+M->N6G_ESCOLA+N6C->N6C_SERIE","INCLUI","S"
"N6G_TURMA","003","N6C->N6C_TURNO","N6G_TURNO","P","N","","0","","","S"
"N6G_TURMA","004","N69->N69_TURNO","N6G_NOMTUR","P","S","N69","1","XFILIAL(""N69"")+M->N6G_ESCOLA+N6C->N6C_TURNO","INCLUI","S"
"N6I_ESCOL","001","N60->N60_NOME","N6I_NOMESC","P","S","N60","1","XFILIAL(""N60"")+M->N6I_ESCOL","","S"
"N6I_TURMA","001","N6C->N6C_DESCRI","N6I_NOMTMA","P","S","N6C","1","XFILIAL(""N6C"")+M->N6I_ESCOL+M->N6I_TURMA","","S"
"N6I_TURMA","002","N6C->N6C_SERIE","N6I_SERIE","P","N","","0","","","S"
"N6I_TURMA","003","N6B->N6B_DESCRI","N6I_NOMSER","P","S","N6B","1","XFILIAL(""N6B"")+M->N6I_ESCOL+N6C->N6C_SERIE","","S"
"N6I_TURMA","004","N6B->N6B_QTDAVA","N6I_AVALIA","P","N","N6B","1","","","S"
"N6J_ESCOLA","001","N60->N60_NOME","N6J_NOMESC","P","S","N60","1","XFILIAL(""N60"")+M->N6J_ESCOLA","","S"
"N6K_CODESC","001","N60->N60_NOME","N6K_ESCOLA","P","S","N60","1","XFILIAL(""N60"")+M->N6K_CODESC","","S"
"N6K_CODESC","002","N6K_CODESC","N6K_CODESC","P","N","","0","","ALTERA","S"
"N6K_CODIGO","001","N6K_CODIGO","N6K_CODIGO","P","N","","0","","ALTERA","S"
"N7_CBASE","001","A180DESCR()","N7_DESCRIC","P","N","","0","","","S"
"N7_CBASE","002","A180TxDep()","N7_TAXA","P","N","","0","","","S"
"N7_CBASE","003","A180Saldo()","N7_SALDEPR","P","N","","0","","","S"
"N7_CBASE","004","A180VlOri1()","N7_VORIG1","P","N","","0","","","S"
"N7_CBASE","005","a180VlOri3()","N7_VORIG3","P","N","","0","","","S"
"N7_CBASE","006","A180Conta()","N7_CONTA","P","N","","0","","","S"
"N7_CBASE","007","A180Ccust()","N7_CCUSTO","P","N","","0","","","S"
"N7_CBASE","008","A180Item()","N7_SUBCTA","P","N","","0","","","S"
"N7_ITEM","001","A180DESCR()","N7_DESCRIC","P","N","","0","","","S"
"N7_ITEM","002","A180TxDep()","N7_TAXA","P","N","","0","","","S"
"N7_ITEM","003","A180Saldo()","N7_SALDEPR","P","N","","0","","","S"
"N7_ITEM","004","A180VlOri1()","N7_VORIG1","P","N","","0","","","S"
"N7_ITEM","005","A180VlOri3()","N7_VORIG3","P","N","","0","","","S"
"N7_ITEM","006","A180Conta()","N7_CONTA","P","N","","0","","","S"
"N7_ITEM","007","A180CCust()","N7_CCUSTO","P","N","","0","","","S"
"N7_ITEM","008","A180Item()","N7_SUBCTA","P","N","","0","","","S"
"N9_MATRIC","001","SRA->RA_NOME","N9_NOMEPRO","P","N","","0","","","S"
"NB_CODSEG","001","SX5->X5_DESCRI","NB_NOMESEG","P","S","SX5","1","xFilial(""SX5"")+""AS""+M->NB_CODSEG","!EMPTY(M->NB_CODSEG)","S"
"NB_CODSEG","002","PADR(SX5->X5_DESCRI,LEN(NB_CSEGURO))","NB_CSEGURO","P","N","","0","","","S"
"NB_DTINI","001","AF300Venc(M->NB_DTINI)","NB_DTVENC","P","N","","0","","","S"
"NB_PARCELA","001","M->NB_VLRPREM / M->NB_PARCELA","NB_VLRPARC","P","N","","0","","!EMPTY(M->NB_VLRPREM)","S"
"NB_TIPOCOB","001","SX5->X5_DESCRI","NB_DCTPCOB","P","S","SX5","1","xFilial(""SX5"")+""AU""+M->NB_TIPOCOB","","S"
"NB_TIPOSEG","001","SX5->X5_DESCRI","NB_DCTPSEG","P","S","SX5","1","xFilial(""SX5"")+""AT""+M->NB_TIPOSEG","","S"
"NB_VLRPREM","001","M->NB_VLRPREM / M->NB_PARCELA","NB_VLRPARC","P","N","","0","","","S"
"NM1_PROD","001","NM6->NM6_KCAL","NM1_KCAL","P","N","","0","","","S"
"O4_PRODUTO","001","SB1->B1_DESC","O4_DESCPRO","P","S","SB1","1","xFilial(""SB1"")+M->O4_PRODUTO","","S"
"O5_VEICULO","001","SO1->O1_DESCRI","O5_DESCRI","P","S","SO1","1","xFilial(""SO1"")+M->O5_VEICULO","","S"
"O5_VEICULO","002","SV1->V1_DESCRI","O5_DESCRI","P","N","","0","","","S"
"OZ6_ALIAS","001","Posicione(""SX2"",1,M->OZ6_ALIAS,""X2Nome()"")","OZ6_DESCR","P","","","0","","","S"
"OZ6_ARQPAI","001","Posicione(""SX2"",1,M->OZ6_ARQPAI,""X2Nome()"")","OZ6_DESPAI","P","","","0","","","S"
"P2_ENTRA1","001","M->P2_HRSTRAB := fHrsTrabGat(""H"",""SP2"",""MB"",""1"")","P2_HRSTRAB","P","N","","0","","","S"
"P2_ENTRA1","002","M->P2_HRSTRA2 := fHrsTrabGat(""H"",""SP2"",""MB"",""2"")","P2_HRSTRA2","P","N","","0","","","S"
"P2_ENTRA1","003","M->P2_HRSTRA3 := fHrsTrabGat(""H"",""SP2"",""MB"",""3"")","P2_HRSTRA3","P","N","","0","","","S"
"P2_ENTRA1","004","M->P2_HRSTRA4 := fHrsTrabGat(""H"",""SP2"",""MB"",""4"")","P2_HRSTRA4","P","N","","0","","","S"
"P2_ENTRA1","005","M->P2_TOTHORA := fHrsTrabGat(""T"",""SP2"",""MB"")","P2_TOTHORA","P","N","","0","","","S"
"P2_ENTRA2","001","M->P2_HRSTRAB := fHrsTrabGat(""H"",""SP2"",""MB"",""1"")","P2_HRSTRAB","P","N","","0","","","S"
"P2_ENTRA2","002","M->P2_HRSTRA2 := fHrsTrabGat(""H"",""SP2"",""MB"",""2"")","P2_HRSTRA2","P","N","","0","","","S"
"P2_ENTRA2","003","M->P2_HRSTRA3 := fHrsTrabGat(""H"",""SP2"",""MB"",""3"")","P2_HRSTRA3","P","N","","0","","","S"
"P2_ENTRA2","004","M->P2_HRSTRA4 := fHrsTrabGat(""H"",""SP2"",""MB"",""4"")","P2_HRSTRA4","P","N","","0","","","S"
"P2_ENTRA2","005","M->P2_HRINTV1 := fHrsTrabGat(""I"",""SP2"",""MB"",""1"")","P2_HRINTV1","P","N","","0","","","S"
"P2_ENTRA2","006","M->P2_TOTHORA := fHrsTrabGat(""T"",""SP2"",""MB"")","P2_TOTHORA","P","N","","0","","","S"
"P2_ENTRA3","001","M->P2_HRSTRAB := fHrsTrabGat(""H"",""SP2"",""MB"",""1"")","P2_HRSTRAB","P","N","","0","","","S"
"P2_ENTRA3","002","M->P2_HRSTRA2 := fHrsTrabGat(""H"",""SP2"",""MB"",""2"")","P2_HRSTRA2","P","N","","0","","","S"
"P2_ENTRA3","003","M->P2_HRSTRA3 := fHrsTrabGat(""H"",""SP2"",""MB"",""3"")","P2_HRSTRA3","P","N","","0","","","S"
"P2_ENTRA3","004","M->P2_HRSTRA3 := fHrsTrabGat(""H"",""SP2"",""MB"",""4"")","P2_HRSTRA4","P","N","","0","","","S"
"P2_ENTRA3","005","M->P2_HRINTV2 := fHrsTrabGat(""I"",""SP2"",""MB"",""2"")","P2_HRINTV2","P","N","","0","","","S"
"P2_ENTRA3","006","M->P2_TOTHORA := fHrsTrabGat(""T"",""SP2"",""MB"")","P2_TOTHORA","P","N","","0","","","S"
"P2_ENTRA4","001","M->P2_HRSTRAB := fHrsTrabGat(""H"",""SP2"",""MB"",""1"")","P2_HRSTRAB","P","N","","0","","","S"
"P2_ENTRA4","002","M->P2_HRSTRA2 := fHrsTrabGat(""H"",""SP2"",""MB"",""2"")","P2_HRSTRA2","P","N","","0","","","S"
"P2_ENTRA4","003","M->P2_HRSTRA3 := fHrsTrabGat(""H"",""SP2"",""MB"",""3"")","P2_HRSTRA3","P","N","","0","","","S"
"P2_ENTRA4","004","M->P2_HRSTRA4 := fHrsTrabGat(""H"",""SP2"",""MB"",""4"")","P2_HRSTRA4","P","N","","0","","","S"
"P2_ENTRA4","005","M->P2_HRINTV3 := fHrsTrabGaT(""I"",""SP2"",""MB"",""3"")","P2_HRINTV3","P","N","","0","","","S"
"P2_ENTRA4","006","M->P2_TOTHORA := fHrsTrabGaT(""T"",""SP2"",""MB"")","P2_TOTHORA","P","N","","0","","","S"
"P2_INTERV1","001","M->P2_HRINTV1 := fHrsTrabGat('I',""SP2"",""MB"",""1"")","P2_HRINTV1","P","N","","0","","","S"
"P2_INTERV1","002","M->P2_TOTHORA := fHrsTrabGat(""T"",""SP2"",""MB"")","P2_TOTHORA","P","N","","0","","","S"
"P2_INTERV2","001","M->P2_HRINTV2 := fHrsTrabGat('I',""SP2"",""MB"",""2"")","P2_HRINTV2","P","N","","0","","","S"
"P2_INTERV2","002","M->P2_TOTHORA := fHrsTrabGat(""T"",""SP2"",""MB"")","P2_TOTHORA","P","N","","0","","","S"
"P2_INTERV3","001","M->P2_HRINTV3 := fHrsTrabGat('I',""SP2"",""MB"",""3"")","P2_HRINTV3","P","N","","0","","","S"
"P2_INTERV3","002","M->P2_TOTHORA := fHrsTrabGat(""T"",""SP2"",""MB"")","P2_TOTHORA","P","N","","0","","","S"
"P2_JND1CON","001","M->P2_HRSTRAB := fHrsTrabGat(""H"",""SP2"",""MB"",""1"")","P2_HRSTRAB","P","N","","0","","","S"
"P2_JND1CON","002","M->P2_HRSTRA2 := fHrsTrabGat(""H"",""SP2"",""MB"",""2"")","P2_HRSTRA2","P","N","","0","","","S"
"P2_JND1CON","003","M->P2_HRSTRA3 := fHrsTrabGat(""H"",""SP2"",""MB"",""3"")","P2_HRSTRA3","P","N","","0","","","S"
"P2_JND1CON","004","M->P2_HRSTRA4 := fHrsTrabGat(""H"",""SP2"",""MB"",""4"")","P2_HRSTRA4","P","N","","0","","","S"
"P2_JND1CON","005","M->P2_HRINTV1 := fHrsTrabGaT(""I"",""SP2"",""MB"",""1"")","P2_HRINTV1","P","N","","0","","","S"
"P2_JND1CON","006","M->P2_TOTHORA := fHrsTrabGaT(""T"",""SP2"",""MB"")","P2_TOTHORA","P","N","","0","","","S"
"P2_JND2CON","001","M->P2_HRSTRAB := fHrsTrabGat(""H"",""SP2"",""MB"",""1"")","P2_HRSTRAB","P","N","","0","","","S"
"P2_JND2CON","002","M->P2_HRSTRA2 := fHrsTrabGat(""H"",""SP2"",""MB"",""2"")","P2_HRSTRA2","P","N","","0","","","S"
"P2_JND2CON","003","M->P2_HRSTRA3 := fHrsTrabGat(""H"",""SP2"",""MB"",""3"")","P2_HRSTRA3","P","N","","0","","","S"
"P2_JND2CON","004","M->P2_HRSTRA4 := fHrsTrabGat(""H"",""SP2"",""MB"",""4"")","P2_HRSTRA4","P","N","","0","","","S"
"P2_JND2CON","005","M->P2_HRINTV1 := fHrsTrabGaT(""I"",""SP2"",""MB"",""1"")","P2_HRINTV1","P","N","","0","","","S"
"P2_JND2CON","006","M->P2_TOTHORA := fHrsTrabGaT(""T"",""SP2"",""MB"")","P2_TOTHORA","P","N","","0","","","S"
"P2_JND3CON","001","M->P2_HRSTRAB := fHrsTrabGat(""H"",""SP2"",""MB"",""1"")","P2_HRSTRAB","P","N","","0","","","S"
"P2_JND3CON","002","M->P2_HRSTRA2 := fHrsTrabGat(""H"",""SP2"",""MB"",""2"")","P2_HRSTRA2","P","N","","0","","","S"
"P2_JND3CON","003","M->P2_HRSTRA3 := fHrsTrabGat(""H"",""SP2"",""MB"",""3"")","P2_HRSTRA3","P","N","","0","","","S"
"P2_JND3CON","004","M->P2_HRSTRA4 := fHrsTrabGat(""H"",""SP2"",""MB"",""4"")","P2_HRSTRA4","P","N","","0","","","S"
"P2_JND3CON","005","M->P2_HRINTV1 := fHrsTrabGaT(""I"",""SP2"",""MB"",""1"")","P2_HRINTV1","P","N","","0","","","S"
"P2_JND3CON","006","M->P2_TOTHORA := fHrsTrabGaT(""T"",""SP2"",""MB"")","P2_TOTHORA","P","N","","0","","","S"
"P2_JND4CON","001","M->P2_HRSTRAB := fHrsTrabGat(""H"",""SP2"",""MB"",""1"")","P2_HRSTRAB","P","N","","0","","","S"
"P2_JND4CON","002","M->P2_HRSTRA2 := fHrsTrabGat(""H"",""SP2"",""MB"",""2"")","P2_HRSTRA2","P","N","","0","","","S"
"P2_JND4CON","003","M->P2_HRSTRA3 := fHrsTrabGat(""H"",""SP2"",""MB"",""3"")","P2_HRSTRA3","P","N","","0","","","S"
"P2_JND4CON","004","M->P2_HRSTRA4 := fHrsTrabGat(""H"",""SP2"",""MB"",""4"")","P2_HRSTRA4","P","N","","0","","","S"
"P2_JND4CON","005","M->P2_HRINTV1 := fHrsTrabGaT(""I"",""SP2"",""MB"",""1"")","P2_HRINTV1","P","N","","0","","","S"
"P2_JND4CON","006","M->P2_TOTHORA := fHrsTrabGaT(""T"",""SP2"",""MB"")","P2_TOTHORA","P","N","","0","","","S"
"P2_SAIDA1","001","M->P2_HRSTRAB := fHrsTrabGat(""H"",""SP2"",""MB"",""1"")","P2_HRSTRAB","P","N","","0","","","S"
"P2_SAIDA1","002","M->P2_HRSTRA2 := fHrsTrabGat(""H"",""SP2"",""MB"",""2"")","P2_HRSTRA2","P","N","","0","","","S"
"P2_SAIDA1","003","M->P2_HRSTRA3 := fHrsTrabGat(""H"",""SP2"",""MB"",""3"")","P2_HRSTRA3","P","N","","0","","","S"
"P2_SAIDA1","004","M->P2_HRSTRA4 := fHrsTrabGat(""H"",""SP2"",""MB"",""4"")","P2_HRSTRA4","P","N","","0","","","S"
"P2_SAIDA1","005","M->P2_HRINTV1 := fHrsTrabGaT(""I"",""SP2"",""MB"",""1"")","P2_HRINTV1","P","N","","0","","","S"
"P2_SAIDA1","006","M->P2_TOTHORA := fHrsTrabGaT(""T"",""SP2"",""MB"")","P2_TOTHORA","P","N","","0","","","S"
"P2_SAIDA2","001","M->P2_HRSTRAB := fHrsTrabGat(""H"",""SP2"",""MB"",""1"")","P2_HRSTRAB","P","N","","0","","","S"
"P2_SAIDA2","002","M->P2_HRSTRA2 := fHrsTrabGat(""H"",""SP2"",""MB"",""2"")","P2_HRSTRA2","P","N","","0","","","S"
"P2_SAIDA2","003","M->P2_HRSTRA3 := fHrsTrabGat(""H"",""SP2"",""MB"",""3"")","P2_HRSTRA3","P","N","","0","","","S"
"P2_SAIDA2","004","M->P2_HRSTRA4 := fHrsTrabGat(""H"",""SP2"",""MB"",""4"")","P2_HRSTRA4","P","N","","0","","","S"
"P2_SAIDA2","005","M->P2_HRINTV2 := fHrsTrabGaT(""I"",""SP2"",""MB"",""2"")","P2_HRINTV2","P","N","","0","","","S"
"P2_SAIDA2","006","M->P2_TOTHORA := fHrsTrabGaT(""T"",""SP2"",""MB"")","P2_TOTHORA","P","N","","0","","","S"
"P2_SAIDA3","001","M->P2_HRSTRAB := fHrsTrabGat(""H"",""SP2"",""MB"",""1"")","P2_HRSTRAB","P","N","","0","","","S"
"P2_SAIDA3","002","M->P2_HRSTRA2 := fHrsTrabGat(""H"",""SP2"",""MB"",""2"")","P2_HRSTRA2","P","N","","0","","","S"
"P2_SAIDA3","003","M->P2_HRSTRA3 := fHrsTrabGat(""H"",""SP2"",""MB"",""3"")","P2_HRSTRA3","P","N","","0","","","S"
"P2_SAIDA3","004","M->P2_HRSTRA4 := fHrsTrabGat(""H"",""SP2"",""MB"",""4"")","P2_HRSTRA4","P","N","","0","","","S"
"P2_SAIDA3","005","M->P2_HRINTV3 := fHrsTrabGaT(""I"",""SP2"",""MB"",""3"")","P2_HRINTV3","P","N","","0","","","S"
"P2_SAIDA3","006","M->P2_TOTHORA := fHrsTrabGaT(""T"",""SP2"",""MB"")","P2_TOTHORA","P","N","","0","","","S"
"P2_SAIDA4","001","M->P2_HRSTRAB := fHrsTrabGat(""H"",""SP2"",""MB"",""1"")","P2_HRSTRAB","P","N","","0","","","S"
"P2_SAIDA4","002","M->P2_HRSTRA2 := fHrsTrabGat(""H"",""SP2"",""MB"",""2"")","P2_HRSTRA2","P","N","","0","","","S"
"P2_SAIDA4","003","M->P2_HRSTRA3 := fHrsTrabGat(""H"",""SP2"",""MB"",""3"")","P2_HRSTRA3","P","N","","0","","","S"
"P2_SAIDA4","004","M->P2_HRSTRA4 := fHrsTrabGat(""H"",""SP2"",""MB"",""4"")","P2_HRSTRA4","P","N","","0","","","S"
"P2_SAIDA4","005","M->P2_TOTHORA := fHrsTrabGaT(""T"",""SP2"",""MB"")","P2_TOTHORA","P","N","","0","","","S"
"PJ_ENTRA1","001","M->PJ_HRSTRAB := fHrsTrabGat(""H"",,,""1"")","PJ_HRSTRAB","P","N","","0","","","S"
"PJ_ENTRA1","002","M->PJ_HRSTRA2 := fHrsTrabGat(""H"",,,""2"")","PJ_HRSTRA2","P","N","","0","","","S"
"PJ_ENTRA1","003","M->PJ_HRSTRA3 := fHrsTrabGat(""H"",,,""3"")","PJ_HRSTRA3","P","N","","0","","","S"
"PJ_ENTRA1","004","M->PJ_HRSTRA4 := fHrsTrabGat(""H"",,,""4"")","PJ_HRSTRA4","P","N","","0","","","S"
"PJ_ENTRA1","005","M->PJ_HRTOTAL := fHrsTrabGat(""T"")","PJ_HRTOTAL","P","N","","0","","","S"
"PJ_ENTRA2","001","M->PJ_HRSTRAB := fHrsTrabGat(""H"",,,""1"")","PJ_HRSTRAB","P","N","","0","","","S"
"PJ_ENTRA2","002","M->PJ_HRSTRA2 := fHrsTrabGat(""H"",,,""2"")","PJ_HRSTRA2","P","N","","0","","","S"
"PJ_ENTRA2","003","M->PJ_HRSTRA3 := fHrsTrabGat(""H"",,,""3"")","PJ_HRSTRA3","P","N","","0","","","S"
"PJ_ENTRA2","004","M->PJ_HRSTRA4 := fHrsTrabGat(""H"",,,""4"")","PJ_HRSTRA4","P","N","","0","","","S"
"PJ_ENTRA2","005","M->PJ_HRSINT1 := fHrsTrabGaT(""I"",,,""1"")","PJ_HRSINT1","P","N","","0","","","S"
"PJ_ENTRA2","006","M->PJ_HRTOTAL := fHrsTrabGaT(""T"")","PJ_HRTOTAL","P","N","","0","","","S"
"PJ_ENTRA3","001","M->PJ_HRSTRAB := fHrsTrabGat(""H"",,,""1"")","PJ_HRSTRAB","P","N","","0","","","S"
"PJ_ENTRA3","002","M->PJ_HRSTRA2 := fHrsTrabGat(""H"",,,""2"")","PJ_HRSTRA2","P","N","","0","","","S"
"PJ_ENTRA3","003","M->PJ_HRSTRA3 := fHrsTrabGat(""H"",,,""3"")","PJ_HRSTRA3","P","N","","0","","","S"
"PJ_ENTRA3","004","M->PJ_HRSTRA4 := fHrsTrabGat(""H"",,,""4"")","PJ_HRSTRA4","P","N","","0","","","S"
"PJ_ENTRA3","005","M->PJ_HRSINT2 := fHrsTrabGaT(""I"",,,""2"")","PJ_HRSINT2","P","N","","0","","","S"
"PJ_ENTRA3","006","M->PJ_HRTOTAL := fHrsTrabGaT(""T"")","PJ_HRTOTAL","P","N","","0","","","S"
"PJ_ENTRA4","001","M->PJ_HRSTRAB := fHrsTrabGat(""H"",,,""1"")","PJ_HRSTRAB","P","N","","0","","","S"
"PJ_ENTRA4","002","M->PJ_HRSTRA2 := fHrsTrabGat(""H"",,,""2"")","PJ_HRSTRA2","P","N","","0","","","S"
"PJ_ENTRA4","003","M->PJ_HRSTRA3 := fHrsTrabGat(""H"",,,""3"")","PJ_HRSTRA3","P","N","","0","","","S"
"PJ_ENTRA4","004","M->PJ_HRSTRA4 := fHrsTrabGat(""H"",,,""4"")","PJ_HRSTRA4","P","N","","0","","","S"
"PJ_ENTRA4","005","M->PJ_HRSINT3 := fHrsTrabGaT(""I"",,,""3"")","PJ_HRSINT3","P","N","","0","","","S"
"PJ_ENTRA4","006","M->PJ_HRTOTAL := fHrsTrabGaT(""T"")","PJ_HRTOTAL","P","N","","0","","","S"
"PJ_INTERV1","001","M->PJ_HRSINT1 := fHrsTrabGat('I',,,""1"")","PJ_HRSINT1","P","N","","0","","","S"
"PJ_INTERV1","002","M->PJ_HRTOTAL := fHrsTrabGat(""T"")","PJ_HRTOTAL","P","N","","0","","","S"
"PJ_INTERV2","001","M->PJ_HRSINT2 := fHrsTrabGat('I',,,""2"")","PJ_HRSINT2","P","N","","0","","","S"
"PJ_INTERV2","002","M->PJ_HRTOTAL := fHrsTrabGat(""T"")","PJ_HRTOTAL","P","N","","0","","","S"
"PJ_INTERV3","001","M->PJ_HRSINT3 := fHrsTrabGat('I',,,""3"")","PJ_HRSINT3","P","N","","0","","","S"
"PJ_INTERV3","002","M->PJ_HRTOTAL := fHrsTrabGat(""T"")","PJ_HRTOTAL","P","N","","0","","","S"
"PJ_JND1CON","001","M->PJ_HRSTRAB := fHrsTrabGat(""H"",,,""1"")","PJ_HRSTRAB","P","N","","0","","","S"
"PJ_JND1CON","002","M->PJ_HRSTRA2 := fHrsTrabGat(""H"",,,""2"")","PJ_HRSTRA2","P","N","","0","","","S"
"PJ_JND1CON","003","M->PJ_HRSTRA3 := fHrsTrabGat(""H"",,,""3"")","PJ_HRSTRA3","P","N","","0","","","S"
"PJ_JND1CON","004","M->PJ_HRSTRA4 := fHrsTrabGat(""H"",,,""4"")","PJ_HRSTRA4","P","N","","0","","","S"
"PJ_JND1CON","005","M->PJ_HRSINT1 := fHrsTrabGaT(""I"",,,""1"")","PJ_HRSINT1","P","N","","0","","","S"
"PJ_JND1CON","006","M->PJ_HRTOTAL := fHrsTrabGaT(""T"")","PJ_HRTOTAL","P","N","","0","","","S"
"PJ_JND2CON","001","M->PJ_HRSTRAB := fHrsTrabGat(""H"",,,""1"")","PJ_HRSTRAB","P","N","","0","","","S"
"PJ_JND2CON","002","M->PJ_HRSTRA2 := fHrsTrabGat(""H"",,,""2"")","PJ_HRSTRA2","P","N","","0","","","S"
"PJ_JND2CON","003","M->PJ_HRSTRA3 := fHrsTrabGat(""H"",,,""3"")","PJ_HRSTRA3","P","N","","0","","","S"
"PJ_JND2CON","004","M->PJ_HRSTRA4 := fHrsTrabGat(""H"",,,""4"")","PJ_HRSTRA4","P","N","","0","","","S"
"PJ_JND2CON","005","M->PJ_HRSINT1 := fHrsTrabGaT(""I"",,,""1"")","PJ_HRSINT1","P","N","","0","","","S"
"PJ_JND2CON","006","M->PJ_HRTOTAL := fHrsTrabGaT(""T"")","PJ_HRTOTAL","P","N","","0","","","S"
"PJ_JND3CON","001","M->PJ_HRSTRAB := fHrsTrabGat(""H"",,,""1"")","PJ_HRSTRAB","P","N","","0","","","S"
"PJ_JND3CON","002","M->PJ_HRSTRA2 := fHrsTrabGat(""H"",,,""2"")","PJ_HRSTRA2","P","N","","0","","","S"
"PJ_JND3CON","003","M->PJ_HRSTRA3 := fHrsTrabGat(""H"",,,""3"")","PJ_HRSTRA3","P","N","","0","","","S"
"PJ_JND3CON","004","M->PJ_HRSTRA4 := fHrsTrabGat(""H"",,,""4"")","PJ_HRSTRA4","P","N","","0","","","S"
"PJ_JND3CON","005","M->PJ_HRSINT1 := fHrsTrabGaT(""I"",,,""1"")","PJ_HRSINT1","P","N","","0","","","S"
"PJ_JND3CON","006","M->PJ_HRTOTAL := fHrsTrabGaT(""T"")","PJ_HRTOTAL","P","N","","0","","","S"
"PJ_JND4CON","001","M->PJ_HRSTRAB := fHrsTrabGat(""H"",,,""1"")","PJ_HRSTRAB","P","N","","0","","","S"
"PJ_JND4CON","002","M->PJ_HRSTRA2 := fHrsTrabGat(""H"",,,""2"")","PJ_HRSTRA2","P","N","","0","","","S"
"PJ_JND4CON","003","M->PJ_HRSTRA3 := fHrsTrabGat(""H"",,,""3"")","PJ_HRSTRA3","P","N","","0","","","S"
"PJ_JND4CON","004","M->PJ_HRSTRA4 := fHrsTrabGat(""H"",,,""4"")","PJ_HRSTRA4","P","N","","0","","","S"
"PJ_JND4CON","005","M->PJ_HRSINT1 := fHrsTrabGaT(""I"",,,""1"")","PJ_HRSINT1","P","N","","0","","","S"
"PJ_JND4CON","006","M->PJ_HRTOTAL := fHrsTrabGaT(""T"")","PJ_HRTOTAL","P","N","","0","","","S"
"PJ_SAIDA1","001","M->PJ_HRSTRAB := fHrsTrabGat(""H"",,,""1"")","PJ_HRSTRAB","P","N","","0","","","S"
"PJ_SAIDA1","002","M->PJ_HRSTRA2 := fHrsTrabGat(""H"",,,""2"")","PJ_HRSTRA2","P","N","","0","","","S"
"PJ_SAIDA1","003","M->PJ_HRSTRA3 := fHrsTrabGat(""H"",,,""3"")","PJ_HRSTRA3","P","N","","0","","","S"
"PJ_SAIDA1","004","M->PJ_HRSTRA4 := fHrsTrabGat(""H"",,,""4"")","PJ_HRSTRA4","P","N","","0","","","S"
"PJ_SAIDA1","005","M->PJ_HRSINT1 := fHrsTrabGaT(""I"",,,""1"")","PJ_HRSINT1","P","N","","0","","","S"
"PJ_SAIDA1","006","M->PJ_HRTOTAL := fHrsTrabGaT(""T"")","PJ_HRTOTAL","P","N","","0","","","S"
"PJ_SAIDA2","001","M->PJ_HRSTRAB := fHrsTrabGat(""H"",,,""1"")","PJ_HRSTRAB","P","N","","0","","","S"
"PJ_SAIDA2","002","M->PJ_HRSTRA2 := fHrsTrabGat(""H"",,,""2"")","PJ_HRSTRA2","P","N","","0","","","S"
"PJ_SAIDA2","003","M->PJ_HRSTRA3 := fHrsTrabGat(""H"",,,""3"")","PJ_HRSTRA3","P","N","","0","","","S"
"PJ_SAIDA2","004","M->PJ_HRSTRA4 := fHrsTrabGat(""H"",,,""4"")","PJ_HRSTRA4","P","N","","0","","","S"
"PJ_SAIDA2","005","M->PJ_HRSINT2 := fHrsTrabGaT(""I"",,,""2"")","PJ_HRSINT2","P","N","","0","","","S"
"PJ_SAIDA2","006","M->PJ_HRTOTAL := fHrsTrabGaT(""T"")","PJ_HRTOTAL","P","N","","0","","","S"
"PJ_SAIDA3","001","M->PJ_HRSTRAB := fHrsTrabGat(""H"",,,""1"")","PJ_HRSTRAB","P","N","","0","","","S"
"PJ_SAIDA3","002","M->PJ_HRSTRA2 := fHrsTrabGat(""H"",,,""2"")","PJ_HRSTRA2","P","N","","0","","","S"
"PJ_SAIDA3","003","M->PJ_HRSTRA3 := fHrsTrabGat(""H"",,,""3"")","PJ_HRSTRA3","P","N","","0","","","S"
"PJ_SAIDA3","004","M->PJ_HRSTRA4 := fHrsTrabGat(""H"",,,""4"")","PJ_HRSTRA4","P","N","","0","","","S"
"PJ_SAIDA3","005","M->PJ_HRSINT3 := fHrsTrabGaT(""I"",,,""3"")","PJ_HRSINT3","P","N","","0","","","S"
"PJ_SAIDA3","006","M->PJ_HRTOTAL := fHrsTrabGaT(""T"")","PJ_HRTOTAL","P","N","","0","","","S"
"PJ_SAIDA4","001","M->PJ_HRSTRAB := fHrsTrabGat(""H"",,,""1"")","PJ_HRSTRAB","P","N","","0","","","S"
"PJ_SAIDA4","002","M->PJ_HRSTRA2 := fHrsTrabGat(""H"",,,""2"")","PJ_HRSTRA2","P","N","","0","","","S"
"PJ_SAIDA4","003","M->PJ_HRSTRA3 := fHrsTrabGat(""H"",,,""3"")","PJ_HRSTRA3","P","N","","0","","","S"
"PJ_SAIDA4","004","M->PJ_HRSTRA4 := fHrsTrabGat(""H"",,,""4"")","PJ_HRSTRA4","P","N","","0","","","S"
"PJ_SAIDA4","005","M->PJ_HRTOTAL := fHrsTrabGaT(""T"")","PJ_HRTOTAL","P","N","","0","","","S"
"PJ_TPDIA","001","IF(M->PJ_TPDIA=='D',M->PJ_TPEXT:=""2"",IF(M->PJ_TPDIA==""C"",M->PJ_TPDIA:=""3"",M->PJ_TPDIA:=""1""))","PJ_TPEXT","P","N","","0","","","S"
"PJ_TPDIA","002","IF(M->PJ_TPDIA=='D',M->PJ_TPEXTN:=""6"",IF(M->PJ_TPDIA==""C"",M->PJ_TPEXTN:=""7"",M->PJ_TPEXTN:=""5""))","PJ_TPEXTN","P","N","","0","","","S"
"Q3_DEPTO","001","M->Q3_DDEPTO := SQB->QB_DESCRIC","Q3_DDEPTO","P","S","SQB","1","xFilial(""SQB"")+M->Q3_DEPTO","","S"
"Q3_GRUPO","001","M->DGRUPO := SQ0->Q0_DESCRIC","Q3_DGRUPO","P","S","SQ0","1","xFilial(""SQ0"")+M->Q3_GRUPO","","S"
"Q3_TIPO","001","M->Q3_DESCTIP := SUBSTR(SX5->X5_DESCRI,1,30)","Q3_DESCTIP","P","S","SX5","1","xFilial(""SX5"")+""RH""+M->Q3_TIPO","","S"
"Q9_CURSO","001","SQT->QT_DESCRIC","Q9_DESCRIC","P","S","SQT","1","xFilial(""SQT"")+M->Q9_CURSO","","S"
"QAA_CC","001","QA_NDEPT(M->QAA_CC,.T.)","QAA_DESCCC","P","N","","0","","","S"
"QAA_CODFUN","001","QA_NFUNC(M->QAA_CODFUN,.T.)","QAA_DESCFU","P","N","","0","","","S"
"QAD_MAT","001","M->QAD_NMAT:= QA_NUSR(M->QAD_FILMAT,M->QAD_MAT,.T.)","QAD_NMAT","P","N","","0","","","S"
"QAE_MAT","001","LEFT(QA_NUSR(M->QAE_FILMAT,M->QAE_MAT,.T.),40)","QAE_NOME","P","N","","0","","","S"
"QAE_MAT","002","M->QAE_DEPTO:= QAA->QAA_CC","QAE_DEPTO","P","N","","0","","","S"
"QAE_MAT","003","M->QAE_NDEPTO:= QA_NDEPT(QAA->QAA_CC,.T.,cFilDep)","QAE_NDEPTO","P","N","","0","","","S"
"QAF_MAT","001","LEFT(QA_NUSR(M->QAF_FILMAT,M->QAF_MAT,.T.),40)","QAF_NOME","P","N","","0","","","S"
"QAF_MAT","002","aCols[n,nPosDep]:= QAA->QAA_CC","QAF_DEPTO","P","N","","0","","","S"
"QAJ_EMPDE","001","QX060NEmp(M->QAJ_EMPDE,M->QAJ_FILDE)","QAJ_NEMPD","P","N","","0","","","S"
"QAJ_EMPPAR","001","QX060NEmp(M->QAJ_EMPPAR,M->QAJ_FILPAR)","QAJ_NEMPP","P","N","","0","","","S"
"QAJ_FILDE","001","QX060NEmp(M->QAJ_EMPDE,M->QAJ_FILDE)","QAJ_NEMPD","P","N","","0","","","S"
"QAJ_FILPAR","001","QX060NEmp(M->QAJ_EMPPAR,M->QAJ_FILPAR)","QAJ_NEMPP","P","N","","0","","","S"
"QD0_MAT","001","Left(QA_NUSR(Acols[n,nPosFil],M->QD0_MAT,.T.),40)","QD0_NOME","P","N","","0","","","S"
"QD0_MAT","002","QAA->QAA_CC","QD0_DEPTO","P","N","","0","","","S"
"QD2_DEPTO","001","QA_NDEPT(M->QD2_DEPTO,.t.,M->QD2_FILDEP)","QD2_NDEPTO","P","N","","0","","","S"
"QD8_DEPTO","001","QA_NDEPT(M->QD8_DEPTO,.t.)","QD8_NDEPTO","P","N","","0","","","S"
"QDA_DOCTO","001","M->QDA_RV := TRAZULTRV(M->QDA_DOCTO,""L"",""N"")","QDA_RV","P","N","","0","","","S"
"QDC_CODASS","001","M->QDC_DESCAS := QDXFNANASS(M->QDC_CODASS,.T.)","QDC_DESCAS","P","N","","0","","","S"
"QDC_CODTP","001","M->QDC_DESCTP := QDXFNANTPD(M->QDC_CODTP,.T.)","QDC_DESCTP","P","N","","0","","","S"
"QDD_DEPTOA","001","QA_NDEPT(M->QDD_DEPTOA,.t.,cFilDep)","QDD_NDPTOA","P","N","","0","","","S"
"QDG_DEPTO","001","QA_NDEPT(M->QDG_DEPTO,.t.)","QDG_NDEPTO","P","N","","0","","","S"
"QDH_CODASS","001","LEFT(QDXFNANASS(M->QDH_CODASS,.T.),30)","QDH_DESCAS","P","N","","0","","","S"
"QDH_CODTP","001","QDXFNANTPD(M->QDH_CODTP,.T.)","QDH_DESCTP","P","N","","0","","","S"
"QDH_CODTP","002","QD2->QD2_FILDEP","QDH_FILDEP","P","N","","0","","","S"
"QDH_CODTP","003","QD2->QD2_DEPTO","QDH_DEPTOD","P","N","","0","","","S"
"QDH_CODTP","004","QA_NDEPT(M->QDH_DEPTOD,.T.,M->QDH_FILDEP)","QDH_NDEPTO","P","N","","0","","","S"
"QDH_DOCTO","001","QA_NSIT(M->QDH_STATUS)","QDH_SITUAC","P","N","","0","","","S"
"QDH_NORMA","001","QA_NORMA(M->QDH_NORMA,.T.)","QDH_DESNOR","P","N","","0","","","S"
"QDJ_DEPTO","001","QA_NDEPT(M->QDJ_DEPTO,.t.)","QDJ_NDEPTO","P","N","","0","","","S"
"QDT_CODMAN","001","QDXFNANMAN(M->QDT_CODMAN,.T.,M->QDT_FILCOD)","QDT_DESMAN","P","N","","0","","","S"
"QDT_DEPTO","001","QA_NDEPT(M->QDT_DEPTO,.T.,aCols[n,nPosFil])","QDT_DESDEP","P","N","","0","","","S"
"QE0_ANO","001","Str(Year(ctod(""01/""+M->QE0_MES+""/""+M->QE0_ANO)),4)","QE0_ANO","P","N","","0","","!EMPTY(M->QE0_ANO)","S"
"QE0_FORNEC","001","A280Descr(M->QE0_FORNEC,""F"",.t.)","QE0_DESCFO","P","N","","0","","!EMPTY(M->QE0_FORNEC)","S"
"QE0_PRODUT","001","A280Descr(M->QE0_PRODUT,""P"",.t.)","QE0_DESCPR","P","N","","0","","!EMPTY(M->QE0_PRODUT)","S"
"QE1_CARTA","001","QIE020DCar(M->QE1_CARTA,.t.)","QE1_DESCAR","P","N","","0","","","S"
"QE1_CARTA","002","QIE020IQtd(M->QE1_CARTA)","QE1_QTDE","P","N","","0","","","S"
"QE3_EQUIPE","001","A060DEqu(M->QE3_EQUIPE,.t.)","QE3_DESCEQ","P","N","","0","","!EMPTY(M->QE3_EQUIPE)","S"
"QE6_PRODUT","001","A010GaPr(1)","QE6_DESCPO","P","N","","0","","","S"
"QE6_PRODUT","002","A010GaPr(6)","QE6_REVI","P","N","","0","","INCLUI","S"
"QE6_PRODUT","003","A010GaPr(2)","QE6_BITMAP","P","N","","0","","INCLUI","S"
"QE6_PRODUT","004","A010GaPr(3)","QE6_TIPO","P","N","","0","","INCLUI","S"
"QE6_PRODUT","005","A010GaPr(4)","QE6_UNMED1","P","N","","0","","INCLUI","S"
"QE6_PRODUT","006","A010GaPr(5)","QE6_UNMED2","P","N","","0","","INCLUI","S"
"QE6_PRODUT","007","QA_DESUM(M->QE6_UNMED1,.T.)","QE6_DUNME1","P","N","","0","","!EMPTY(M->QE6_UNMED1)","S"
"QE6_PRODUT","008","QA_DESUM(M->QE6_UNMED2,.T.)","QE6_DUNME2","P","N","","0","","!EMPTY(M->QE6_UNMED2)","S"
"QE6_REVI","001","A010DeRv()","QE6_DESCPO","P","N","","0","","","S"
"QE6_UNAMO1","001","QA_DESUM(M->QE6_UNAMO1,.T.)","QE6_DUNAM1","P","N","","0","","","S"
"QE6_UNAMO2","001","QA_DESUM(M->QE6_UNAMO2,.T.)","QE6_DUNAM2","P","N","","0","","","S"
"QE6_UNMED1","001","QA_DESUM(M->QE6_UNMED1,.T.)","QE6_DUNME1","P","N","","0","","","S"
"QE6_UNMED2","001","QA_DESUM(M->QE6_UNMED2,.T.)","QE6_DUNME2","P","N","","0","","","S"
"QE7_UNIMED","001","QA_DESUM(M->QE7_UNIMED,.T.)","QE7_DUNMED","P","N","","0","","","S"
"QEB_PRODUT","001","QE6->QE6_DESCPO","QEB_DESPRO","P","","","0","","","S"
"QEC_TOPICO","001","X5Descri()","QEC_DESTOP","P","S","SX5","1","xFilial(""SX5"")+""Q3""+Acols[n,nPosTop]","","S"
"QEF_UNSKLT","001","9999","QEF_QTDE","P","N","","0","","M->QEF_UNSKLT==""L""","S"
"QEK_FORNEC","001","A200DeFo(M->QEK_FORNEC,M->QEK_LOJFOR)","QEK_DESFOR","P","N","","0","","!EMPTY(M->QEK_FORNEC+M->QEK_LOJFOR)","S"
"QEK_LOJFOR","001","A200RIAI(1)","QEK_RIAI","P","N","","0","","","S"
"QEK_LOJFOR","002","A200RIAI(2)","QEK_VARIAI","P","N","","0","","","S"
"QEK_LOJFOR","003","A200DeFo(M->QEK_FORNEC,M->QEK_LOJFOR)","QEK_DESFOR","P","N","","0","","!EMPTY(M->QEK_FORNEC+M->QEK_LOJFOR)","S"
"QEK_LOTE","001","A200UnMe(M->QEK_PRODUT,M->QEK_REVI,.t.)","QEK_UNIMED","P","N","","0","","","S"
"QEK_LOTE","002","A200UnAm(M->QEK_UNIMED,.t.)","QEK_UNIAMO","P","N","","0","","","S"
"QEK_LOTE","003","QA_DESUM(M->QEK_UNIMED,.T.)","QEK_DUNMED","P","N","","0","","","S"
"QEK_PRODUT","001","A200RIAI(1)","QEK_RIAI","P","N","","0","","","S"
"QEK_PRODUT","002","A200RIAI(2)","QEK_VARIAI","P","N","","0","","","S"
"QEK_PRODUT","003","A200UnMe(M->QEK_PRODUT,M->QEK_REVI,.t.)","QEK_UNIMED","P","N","","0","","","S"
"QEK_PRODUT","004","A200UnAm(M->QEK_UNIMED,.T.)","QEK_UNIAMO","P","N","","0","","","S"
"QEK_PRODUT","005","A200DePr(M->QEK_PRODUT)","QEK_DESPRO","P","N","","0","","!EMPTY(M->QEK_PRODUT)","S"
"QEK_SOLIC","001","A200DSol(M->QEK_FILMAT,M->QEK_SOLIC,.T.)","QEK_NOMSOL","P","N","","0","","","S"
"QEK_TAMLOT","001","A200GaTA(M->QEK_TAMLOT,.t.)","QEK_TAMAMO","P","N","","0","","","S"
"QEK_UNIMED","001","QA_DESUM(M->QEK_UNIMED,.T.)","QEK_DUNMED","P","N","","0","","","S"
"QEK_UNIMED","002","A200UnAm(M->QEK_UNIMED,.t.)","QEK_UNIAMO","P","N","","0","","","S"
"QEX_SKPLOT","001","A120DSLt(M->QEX_SKPLOT,.t.)","QEX_DESSKL","P","N","","0","","","S"
"QF4_FORNEC","001","SA2->A2_NOME","QF4_DESFOR","P","S","SA2","1","If(Empty(M->QF4_LOJFOR),xFilial(""SA2"")+M->QF4_FORNEC,xFilial(""SA2"")+M->QF4_FORNEC+M->QF4_LOJFOR)","","S"
"QF4_PRODUT","001","SB1->B1_DESC","QF4_DESPRO","P","S","SB1","1","xFilial(""SB1"")+M->QF4_PRODUT","","S"
"QF6_CLIENT","001","SA1->A1_NOME","QF6_DESCLI","P","S","SA1","1","If(Empty(M->QF6_LOJCLI),xFilial(""SA1"")+M->QF6_CLIENT,xFilial(""SA1"")+M->QF6_CLIENT+M->QF6_LOJCLI)","","S"
"QF6_PRODUT","001","SB1->B1_DESC","QF6_DESPRO","P","S","SB1","1","xFilial(""SB1"")+M->QF6_PRODUT","","S"
"QI2_CODCAT","001","M->QI2_NCATEG := QI0->QI0_DESC","QI2_NCATEG","P","S","QI0","1","xFilial(""QI0"") + ""4""+ M->QI2_CODCAT","","S"
"QI2_CODCAU","001","M->QI2_NCAUSA := QI0->QI0_DESC","QI2_NCAUSA","P","S","QI0","1","xFilial(""QI0"") + ""1""+ M->QI2_CODCAU","","S"
"QI2_CODCLI","001","M->QI2_LOJCLI := SA1->A1_LOJA","QI2_LOJCLI","P","N","","0","","","S"
"QI2_CODCLI","002","M->QI2_NOMCLI := SA1->A1_NOME","QI2_NOMCLI","P","S","SA1","1","xFilial(""SA1"") + M->QI2_CODCLI + M->QI2_LOJCLI","!EMPTY(M->QI2_LOJCLI)","S"
"QI2_CODDIS","001","M->QI2_NDISPO := QI1->QI1_DESC","QI2_NDISPO","P","S","QI1","1","xFilial(""QI1"") + M->QI2_CODDIS","","S"
"QI2_CODEFE","001","M->QI2_NEFEIT := QI0->QI0_DESC","QI2_NEFEIT","P","S","QI0","1","xFilial(""QI0"") + ""2""+ M->QI2_CODEFE","","S"
"QI2_CODFOR","001","M->QI2_LOJFOR := SA2->A2_LOJA","QI2_LOJFOR","P","N","","0","","","S"
"QI2_CODFOR","002","M->QI2_NOMFOR := SA2->A2_NOME","QI2_NOMFOR","P","S","SA2","1","xFilial(""SA2"") + M->QI2_CODFOR + M->QI2_LOJFOR","!EMPTY(M->QI2_LOJFOR)","S"
"QI2_CODORI","001","M->QI2_NORIGE := QI0->QI0_DESC","QI2_NORIGE","P","S","QI0","1","xFilial(""QI0"") + ""3""+ M->QI2_CODORI","","S"
"QI2_CODPRO","001","M->QI2_DESPRO := SB1->B1_DESC","QI2_DESPRO","P","S","SB1","1","xFilial(""SB1"") + M->QI2_CODPRO","","S"
"QI2_DESDEP","001","M->QI2_NDEPTO := QAD->QAD_DESC","QI2_NDEPTO","P","S","QAD","1","M->QI2_FILDEP + M->QI2_DESDEP","","S"
"QI2_DESDEP","002","M->QI2_FILRES := If(!Empty(QAD->QAD_FILMAT),QAD->QAD_FILMAT,cMatFil)","QI2_FILRES","P","S","QAD","1","M->QI2_FILDEP + M->QI2_DESDEP","","S"
"QI2_DESDEP","003","M->QI2_MATRES := If(!Empty(QAD->QAD_MAT),QAD->QAD_MAT,cMatCod)","QI2_MATRES","P","S","QAD","1","M->QI2_FILDEP + M->QI2_DESDEP","","S"
"QI2_DESDEP","004","M->QI2_NUSRRS := LEFT(QA_NUSR(M->QI2_FILRES,M->QI2_MATRES,.T.),30)","QI2_NUSRRS","P","S","QAD","1","M->QI2_FILDEP + M->QI2_DESDEP","","S"
"QI2_LOJCLI","001","M->QI2_NOMCLI := SA1->A1_NOME","QI2_NOMCLI","P","S","SA1","1","xFilial(""SA1"") + M->QI2_CODCLI + M->QI2_LOJCLI","","S"
"QI2_LOJFOR","001","M->QI2_NOMFOR := SA2->A2_NOME","QI2_NOMFOR","P","S","SA2","1","xFilial(""SA2"") + M->QI2_CODFOR + M->QI2_LOJFOR","","S"
"QI2_MATRES","001","LEFT(QA_NUSR(M->QI2_FILRES,M->QI2_MATRES,.T.),30)","QI2_NUSRRS","P","N","","0","","","S"
"QI2_ORIDEP","001","M->QI2_NDEPOR := QAD->QAD_DESC","QI2_NDEPOR","P","S","QAD","1","M->QI2_FILORI + M->QI2_ORIDEP","","S"
"QI2_RVDOC","001","M->QI2_TITDOC := QDH->QDH_TITULO","QI2_TITDOC","P","S","QDH","1","xFilial(""QDH"") + M->QI2_CODDOC + M->QI2_RVDOC","","S"
"QI2_UNIMED","001","QA_DESUM(M->QI2_UNIMED)","QI2_DUNMED","P","N","","0","","","S"
"QI3_MAT","001","LEFT(QA_NUSR(M->QI3_FILMAT,M->QI3_MAT,.T.),30)","QI3_NUSR","P","N","","0","","","S"
"QI3_MODELO","001","FQNCDQIB(M->QI3_MODELO)","QI3_DESCMD","P","N","","0","","","S"
"QI4_MAT","001","LEFT(QA_NUSR(cFilMat,M->QI4_MAT,.T.),30)","QI4_NUSR","P","N","","0","","","S"
"QI5_MAT","001","LEFT(QA_NUSR(M->QI5_FILMAT,M->QI5_MAT,.T.),30)","QI5_NUSR","P","N","","0","","","S"
"QI5_TPACAO","001","LEFT(FQNCDESETA(M->QI5_TPACAO),30)","QI5_DESCTP","P","N","","0","","","S"
"QI6_CAUSA","001","M->QI6_NCAUSA := QI0->QI0_DESC","QI6_NCAUSA","P","S","QI0","1","xFilial(""QI0"") + ""1""+ M->QI6_CAUSA","","S"
"QI7_DOC","001","(TrazUltRv(SubStr(M->QI7_DOC,1,16)), M->QI7_RV := QDH->QDH_RV)","QI7_RV","P","N","","0","","","S"
"QI7_DOC","002","QDH->QDH_TITULO","QI7_TITULO","P","S","QDH","1","xFilial(""QDH"")+SubStr(M->QI7_DOC,1,16)+M->QI7_RV","","S"
"QI7_RV","001","QDH->QDH_TITULO","QI7_TITULO","P","S","QDH","1","xFilial(""QDH"")+SubStr(M->QI7_DOC,1,16)+M->QI7_RV","","S"
"QI7_TPDOC","001","M->QI7_DESCT := SX5->X5_DESCRI","QI7_DESCT","P","S","SX5","1","xFilial(""SX5"")+""QC""+M->QI7_TPDOC","","S"
"QI8_CUSTO","001","M->QI8_DESCC := SX5->X5_DESCRI","QI8_DESCC","P","S","SX5","1","xFilial(""SX5"")+""QB""+M->QI8_CUSTO","","S"
"QI9_FNC","001","M->QI9_DESRES := QI2->QI2_DESCR","QI9_DESRES","P","S","QI2","2","XFILIAL(""QI2"")+M->QI9_FNC+M->QI9_REVFNC","","S"
"QI9_REVFNC","001","M->QI9_DESRES := QI2->QI2_DESCR","QI9_DESRES","P","S","QI2","2","XFILIAL(""QI2"")+M->QI9_FNC+M->QI9_REVFNC","","S"
"QIC_TPACAO","001","LEFT(FQNCDESETA(M->QIC_TPACAO),30)","QIC_DESCTP","P","N","","0","","","S"
"QIE_MAT","001","LEFT(QA_NUSR(M->QID_FILMAT,M->QID_MAT,.T.),30)","QIE_NUSR","P","N","","0","","","S"
"QIF_MAT","001","LEFT(QA_NUSR(M->QIF_FILMAT,M->QIF_MAT,.T.),30)","QIF_NUSR","P","N","","0","","","S"
"QK1_LOJCLI","001","SA1->A1_NOME","QK1_NOMCLI","P","S","SA1","1","xFilial(""QK1"")+M->QK1_CODCLI+M->QK1_LOJCLI","","S"
"QK9_CARAC","001","Posicione(""QK2"",2,xFilial()+M->QK9_PECA+M->QK9_REV+M->QK9_CARAC,""QK2_DESC"")","QK9_DESCAR","P","N","","0","","","S"
"QK9_OPERAC","001","Posicione(""QKK"",2,xFilial()+M->QK9_PECA+M->QK9_REV+M->QK9_OPERAC,""QKK_DESC"")","QK9_DESOPE","P","N","","0","","","S"
"QKB_CARAC","001","ALLTRIM(SUBS(QK2->QK2_DESC,1,20))+"" - ""+ALLTRIM(SUBS(QK2->QK2_ESPE,1,20))+"" ""+QK2->QK2_UM","QKB_DESC","P","S","QK2","2","xFilial()+M->QKB_PECA+M->QKB_REV+M->QKB_CARAC","","S"
"QKC_CARAC","001","ALLTRIM(SUBS(QK2->QK2_DESC,1,20))+"" - ""+ALLTRIM(SUBS(QK2->QK2_ESPE,1,20))+"" ""+QK2->QK2_UM","QKC_DESC","P","S","QK2","2","xFilial()+M->QKC_PECA+M->QKC_REV+M->QKC_CARAC","","S"
"QKD_CARAC","001","ALLTRIM(SUBS(QK2->QK2_DESC,1,20))+"" - ""+ALLTRIM(SUBS(QK2->QK2_ESPE,1,20))+"" ""+QK2->QK2_UM","QKD_DESC","P","S","QK2","2","xFilial()+M->QKD_PECA+M->QKD_REV+M->QKD_CARAC","","S"
"QKE_MAT","001","QAA->QAA_NOME","QKE_NOME","P","S","QAA","1","CFILANT + M->QKE_MAT","","S"
"QKG_PECA","001","QPPDescPc(M->QKG_PECA,M->QKG_REV,.T.)","QKG_DESCPC","P","N","","0","","","S"
"QKG_PECA","002","QPPCliente(M->QKG_PECA,M->QKG_REV,.T.)","QKG_CLIENT","P","N","","0","","","S"
"QKG_RESP","001","QAA->QAA_NOME","QKG_NOME","P","S","QAA","1","CFILANT+ M->QKG_RESP","","S"
"QKG_REV","001","QPPDescPc(M->QKG_PECA,M->QKG_REV,.T.)","QKG_DESCPC","P","N","","0","","INCLUI","S"
"QKG_REV","002","QPPCliente(M->QKG_PECA,M->QKG_REV,.T.)","QKG_CLIENT","P","N","","0","","INCLUI","S"
"QKM_NCAR","001","Posicione(""QK2"",2,xFilial()+M->QKL_PECA+M->QKL_REV+M->QKM_NCAR,""QK2_DESC"")","QKM_DESCAR","P","N","","0","","","S"
"QKM_NCAR","002","Posicione(""QK2"",2,xFilial()+M->QKL_PECA+M->QKL_REV+M->QKM_NCAR,""QK2_ESPE"")","QKM_ESPE","P","N","","0","","","S"
"QKM_NOPE","001","Posicione(""QKK"",2,xFilial()+M->QKL_PECA+M->QKL_REV+M->QKM_NOPE,""QKK_DESC"")","QKM_DESOPE","P","N","","0","","","S"
"QKN_NOPE","001","QKK->QKK_SBOPE","QKN_SIMB1","P","S","QKK","2","xFilial(""QKN"")+M->QKN_PECA+M->QKN_REV+M->QKN_NOPE","","S"
"QKN_NOPE","002","QKK->QKK_DESC","QKN_DESC","P","N","","0","","","S"
"QKN_SEQ","001","STRZERO(VAL(M->QKN_SEQ),LEN(M->QKN_SEQ))","QKN_SEQ","P","N","","0","","","S"
"QKP_CODATI","001","Posicione(""QKZ"",1,xFilial()+M->QKP_CODATI,""QKZ_DESC"")","QKP_ATIV","P","N","","0","","","S"
"QKP_MAT","001","QAA->QAA_NOME","QKP_NOME","P","S","QAA","1","CFILANT + M->QKP_MAT","","S"
"QKQ_RESPOR","001","QAA->QAA_NOME","QKQ_PREPOR","P","S","QAA","1","CFILANT + M->QKQ_RESPOR","","S"
"QKR_RESPOR","001","QAA->QAA_NOME","QKR_PREPOR","P","S","QAA","1","CFILANT+ M->QKR_RESPOR","","S"
"QKS_RESPOR","001","QAA->QAA_NOME","QKS_PREPOR","P","S","QAA","1","CFILANT+ M->QKS_RESPOR","","S"
"QKT_RESPOR","001","QAA->QAA_NOME","QKT_PREPOR","P","S","QAA","1","CFILANT+ M->QKT_RESPOR","","S"
"QKU_RESPOR","001","QAA->QAA_NOME","QKU_PREPOR","P","S","QAA","1","CFILANT+ M->QKU_RESPOR","","S"
"QKV_RESPOR","001","QAA->QAA_NOME","QKV_PREPOR","P","S","QAA","1","CFILANT+ M->QKV_RESPOR","","S"
"QKW_RESPOR","001","QAA->QAA_NOME","QKW_PREPOR","P","S","QAA","1","CFILANT+ M->QKW_RESPOR","","S"
"QKX_RESPOR","001","QAA->QAA_NOME","QKX_PREPOR","P","S","QAA","1","CFILANT + M->QKX_RESPOR","","S"
"QM1_DISTR","001","QA_NDEPT(M->QM1_DISTR,.t.)","QM1_NDEPTO","P","N","","0","","!EMPTY(M->QM1_DISTR)","S"
"QM1_LOCAL","001","Iif(M->QM1_LOCAL=""N"","" "","""")","QM1_VALID","P","N","","0","","","S"
"QM1_LOCAL","002","Iif(M->QM1_LOCAL=""N"",SPACE(09),"""")","QM1_DISTR","P","N","","0","","","S"
"QM1_LOCAL","003","Iif(M->QM1_LOCAL=""N"",SPACE(42),"""")","QM1_NDEPTO","P","N","","0","","","S"
"QM1_LOCAL","004","Iif(M->QM1_LOCAL=""N"",SPACE(8),"""")","QM1_RDISTR","P","N","","0","","","S"
"QM1_REVTIP","001","mta030grvi()","QM1_REVINV","P","N","","0","","","S"
"QM2_DEPTO","001","QA_NDEPT(M->QM2_DEPTO,.t.)","QM2_NDEPTO","P","N","","0","","","S"
"QM2_FREQAF","001","DATAVALIDA(QM2_USOINI+M->QM2_FREQAF,.F.)","QM2_VALDAF","P","N","","0","","EMPTY(M->QM2_VALDAF)","S"
"QM2_SGUARD","001","A010SAGA()","QM2_SGUARD","P","N","","0","","","S"
"QM3_FREQAF","001","If(M->QM3_FREQAF>0 .AND. !EMPTY(M->QM3_DATAF),M->QM3_DATAF+M->QM3_FREQAF,M->QM3_VALDAF)","QM3_VALDAF","P","N","","0","","EMPTY(M->QM3_VALDAF)","S"
"QM3_UNIMED","001","QA_DESUM(M->QM3_UNIMED,.T.)","QM3_DUNMED","P","N","","0","","","S"
"QM4_CARAC","001","QPPMSALIM(1)","QM4_LIE","P","S","QK2","2","xFilial(""QM4"")+M->QM4_PECA1+M->QM4_REV+M->QM4_CARAC","","S"
"QM4_CARAC","002","QPPMSALIM(2)","QM4_LSE","P","N","","0","","","S"
"QM4_CARAC","003","QK2->QK2_UM","QM4_UM","P","N","","0","","","S"
"QM4_INSTR","001","axGatRev(M->QM4_INSTR)","QM4_REVINS","P","N","","0","","INCLUI","S"
"QM4_REVINP","001","Posicione(""QM2"",1,xFilial()+M->QM4_INSTRP+INVERTE(M->QM4_REVINP),""QM2_DESCR"")","QM4_INSTPP","P","N","","0","","!EMPTY(M->QM4_REVINVP)","S"
"QM6_INSTR","001","axGatRev(M->QM6_INSTR)","QM6_REVINS","P","N","","0","","INCLUI","S"
"QM6_RESP","001","QA_NUSR(M->QM6_FILRES,M->QM6_RESP,.T.)","QM6_NOME","P","","","0","","","S"
"QM9_LAUDO","001","A040CoME()","QM9_NROMED","P","N","","0","","","S"
"QM9_LAUDO","002","'NÆo'","QM9_TABELA","P","N","","0","","M->QM9_LAUDO $('1ù2')","S"
"QM9_LAUDO","003","A040WERRO()","QM9_PERRO","P","N","","0","","","S"
"QM9_TABELA","001","A040WERRO()","QM9_PERRO","P","N","","0","","","S"
"QM9_TIPAFE","001","'NÆo'","QM9_TABELA","P","N","","0","","M->QM9_TIPAFE = ""7""","S"
"QM9_TIPAFE","002","A040WERRO()","QM9_PERRO","P","N","","0","","","S"
"QM9_TIPAFE","003","'Fixo    '","QM9_VALESP","P","N","","0","","QM9_TIPAFE='4'","S"
"QM9_UNIMED","001","QA_DESUM(M->QM9_UNIMED,.T.)","QM9_DUNMED","P","N","","0","","","S"
"QME_INSTR","001","axGatRev(M->QME_INSTR)","QME_REVINS","P","N","","0","","INCLUI","S"
"QML_DTCOL","001","M->QML_DTCOL-M->QML_DTRET","QML_FREQ","P","N","","0","","","S"
"QML_FREQ","001","M->QML_DTRET+M->QML_FREQ","QML_DTCOL","P","N","","0","","","S"
"QMU_INSTR","001","QM2->QM2_REVINS","QMU_REVINS","P","S","QM2","1","xFilial(""QM2"")+M->QMU_INSTR","INCLUI","S"
"QMW_CODINC","001","M->QMW_FONTE := QMV->QMV_FONTE","QMW_FONTE","P","S","QMV","1","xFilial(""QMV"")+M->QMW_CODINC","","S"
"QMX_CODINC","001","QMV->QMV_CSENS","QMX_CSENS","P","S","QMV","1","xFilial(""QMV"")+M->QMX_CODINC","","S"
"QMX_CODINC","002","QMV->QMV_SIMB","QMX_SIMB","P","S","QMV","1","xFILIAL(""QMV"")+M->QMX_CODINC","","S"
"QMX_CODINC","003","QMV->QMV_FONTE","QMX_FONTE","P","S","QMV","1","xFILIAL(""QMV"")+M->QMX_CODINC","","S"
"QMX_CODINC","004","QMV->QMV_DISTR","QMX_DISTR","P","S","QMV","1","xFILIAL(""QMV"")+M->QMX_CODINC","","S"
"QMX_CODINC","005","QMV->QMV_DIV","QMX_DIV","P","S","QMV","1","xFILIAL(""QMV"")+M->QMX_CODINC","","S"
"QMZ_CLIENT","001","Posicione(""SA1"",1,xFilial(""SA1"")+M->QMZ_CLIENT,""A1_LOJA"")","QMZ_LOJA","P","S","SA1","1","xFilial(""SA1"")+M->QMZ_CLIENT","","S"
"QP1_CARTA","001","A020DCAR(M->QP1_CARTA,.T.)","QP1_DESCAR","P","N","","0","","!EMPTY(M->QP1_CARTA)","S"
"QP1_CARTA","002","A020IQtd(M->QP1_CARTA)","QP1_QTDE","P","N","","0","","","S"
"QP1_TPCART","001","""IND""","QP1_CARTA","P","N","","0","","M->QP1_TPCART == ""T""","S"
"QP1_TPCART","002","A020DCAR(""IND"",.T.)","QP1_DESCAR","P","N","","0","","M->QP1_TPCART == ""T""","S"
"QP1_TPCART","003","SPACE(3)","QP1_CARTA","P","N","","0","","M->QP1_TPCART == ""X""","S"
"QP1_TPCART","004","SPACE(35)","QP1_DESCAR","P","N","","0","","M->QP1_TPCART == ""X""","S"
"QP3_EQUIPE","001","A040DEqu(M->QP3_EQUIPE,.t.)","QP3_DESCEQ","P","N","","0","","!EMPTY(M->QP3_EQUIPE)","S"
"QP6_PRODUT","001","QIP010GaPr(1)","QP6_DESCPO","P","N","","0","","","S"
"QP6_PRODUT","002","QIP010GaPr(6)","QP6_REVI","P","N","","0","","INCLUI","S"
"QP6_PRODUT","003","QIP010GaPr(2)","QP6_BITMAP","P","N","","0","","","S"
"QP6_PRODUT","004","QIP010GaPr(3)","QP6_TIPO","P","N","","0","","","S"
"QP6_PRODUT","005","QIP010GaPr(4)","QP6_UNMED1","P","N","","0","","","S"
"QP6_PRODUT","006","QIP010GaPr(5)","QP6_UNMED2","P","N","","0","","INCLUI","S"
"QP6_PRODUT","007","QA_DESUM(M->QP6_UNMED1,.T.)","QP6_DUNME1","P","N","","0","","!EMPTY(M->QP6_UNMED1)","S"
"QP6_PRODUT","008","QA_DESUM(M->QP6_UNMED2,.T.)","QP6_DUNME2","P","N","","0","","!EMPTY(M->QP6_UNMED2)","S"
"QP6_SITPRD","001","A010DSSTP(M->QP6_SITPRD)","QP6_DESSTP","P","N","","0","","","S"
"QP6_SKPLOT","001","A010DSLt(M->QP6_SKPLOT)","QP6_DESCLT","P","N","","0","","","S"
"QP6_UNAMO1","001","QA_DESUM(M->QP6_UNAMO1,.T.)","QP6_DUNAM1","P","N","","0","","","S"
"QP6_UNAMO2","001","QA_DESUM(M->QP6_UNAMO2,.T.)","QP6_DUNAM2","P","N","","0","","","S"
"QP6_UNMED1","001","QA_DESUM(M->QP6_UNMED1,.T.)","QP6_DUNME1","P","N","","0","","","S"
"QP6_UNMED2","001","QA_DESUM(M->QP6_UNMED2,.T.)","QP6_DUNME2","P","N","","0","","","S"
"QP7_METODO","001","QDUltRvDoc(M->QP7_METODO,.T.)","QP7_RVDOC","P","N","","0","","!EMPTY(M->QP7_METODO)","S"
"QP7_UNIMED","001","QA_DESUM(M->QP7_UNIMED,.T.)","QP7_DUNMED","P","N","","0","","","S"
"QP8_METODO","001","QDUltRvDoc(M->QP8_METODO,.T.)","QP8_RVDOC","P","N","","0","","!EMPTY(M->QP7_METODO)","S"
"QPK_OP","001","SC2->C2_PRODUTO","QPK_PRODUT","P","","","0","","","S"
"QPK_OP","002","QA_ULTRVQ(SC2->C2_PRODUTO,DDATABASE,.F.)","QPK_REVI","P","","","0","","","S"
"QPK_OP","003","POSICIONE(""SB1"",1,xFilial(""SB1"")+SC2->C2_PRODUTO,""B1_DESC"")","QPK_DESCPO","P","","","0","","","S"
"QPK_OP","004","SC2->C2_DATPRI","QPK_DTPROD","P","","","0","","","S"
"QPK_OP","005","SC2->C2_UM","QPK_UM","P","","","0","","","S"
"QPK_OP","006","SC2->C2_EMISSAO","QPK_EMISSA","P","","","0","","","S"
"QPK_OP","007","SC2->C2_LOCAL","QPK_LOCAL","P","","","0","","","S"
"QPK_OP","008","QP230CalTLo()","QPK_TAMLOT","P","","","0","","","S"
"QPR_ENSR","001","QA_NUSR(M->QPR_FILMAT,M->QPR_ENSR,.T.,""A"")","QPR_ENSRNO","P","S","QAA","1","cFilAnt+M->QPR_ENSR","","S"
"QQ4_CLIENT","001","SA1->A1_NOME","QQ4_DESCLI","P","s","SA1","1","xFilial(""SA1"")+M->QQ4_CLIENT+M->QQ4_LOJA","","S"
"QQ4_LOJA","001","SA1->A1_NOME","QQ4_DESCLI","P","S","SA1","1","xFilial(""SA1"")+M->QQ4_CLIENT+M->QQ4_LOJA","","S"
"QQ4_PRODUT","001","Posicione(""SB1"",1,xFilial(""SB1"") + M->QQ4_PRODUT,""B1_DESC"")","QQ4_DESPRO","P","N","","0","","","S"
"QQ5_EQUIPE","001","A030DEqu(M->QQ5_EQUIPE,.t.)","QQ5_DESCEQ","P","N","","0","","!EMPTY(M->QQ5_EQUIPE)","S"
"QQB_PLANO","001","Tabela(""QI"",M->QQB_PLANO,.F.)","QQB_DPLANO","P","N","","0","","","S"
"QT_TIPO","001","SQX->QX_DESC","QT_DESTIPO","P","S","SQX","1","xFilial(""SQX"")+M->QT_TIPO","","S"
"QUA_CODFOR","001","SA2->A2_NOME","QUA_NOMEFO","P","S","SA2","1","xFilial(""SA2"")+M->QUA_CODFOR+M->QUA_LOJA","","S"
"QUA_MAT","001","QAA->QAA_NOME","QUA_NOMAUD","P","S","QAA","1","M->QUA_FILMAT+M->QUA_MAT","","S"
"QUA_MOTAUD","001","Tabela(""QE"",M->QUA_MOTAUD)","QUA_DSCMOT","P","N","","0","","","S"
"QUB_AUDLID","001","Posicione(""QAA"",1,M->QUB_FILMAT+M->QUB_AUDLID,""QAA_NOME"")","QUB_NOMAUD","P","N","","0","","","S"
"QUB_CODFOR","001","Posicione(""SA2"",1,xFilial(""SA2"")+M->QUB_CODFOR+M->QUB_LOJA,""A2_NOME"")","QUB_NOMEFO","P","N","","0","","","S"
"QUB_LOJA","001","Posicione(""SA2"",1,xFilial(""SA2"")+M->QUB_CODFOR+M->QUB_LOJA,""A2_NOME"")","QUB_NOMEFO","P","N","","0","","","S"
"QUB_MOTAUD","001","Tabela(""QE"",M->QUB_MOTAUD)","QUB_DSCMOT","P","N","","0","","","S"
"QUC_CODAUD","001","QAA->QAA_NOME","QUC_NOMAUD","P","S","QAA","1","oGetAudit:aCols[n,nPosFilAud]+M->QUC_CODAUD","","S"
"QUC_CODAUD","002","QAA->QAA_EMAIL","QUC_EMAIL","P","N","","0","","","S"
"QUE_CHKITE","001","Q120NexQst(3)","QUE_QSTITE","P","N","","0","","INCLUI","S"
"QUE_CHKLST","001","Q120NexQst(3)","QUE_QSTITE","P","N","","0","","INCLUI","S"
"QUF_REVIS","001","POSICIONE(""QU2"",1,xFilial(""QU2"")+M->QUF_CHKLST+M->QUF_REVIS,""QU2_DESCRI"")","QUF_DESCRI","P","N","","0","","","S"
"QUI_USERNA","001","QU5->QU5_EMAIL","QUI_EMAIL","P","","","0","","","S"
"QUI_USERNA","002","QU5->QU5_NOME","QUI_NOME","P","","","0","","","S"
"QUJ_CHKLST","001","QADCKLSTVIG(M->QUJ_CHKLST)","QUJ_REVIS","P","N","","0","","","S"
"QUJ_CHKLST","002","Posicione(""QU2"",1, xFilial(""QU2"")+M->QUJ_CHKLST+M->QUJ_REVIS,""QU2_DESCRI"")","QUJ_DESCRI","P","N","","0","","","S"
"QUM_CODAUD","001","QAA->QAA_NOME","QUM_NOMAUD","P","S","QAA","1","M->QUM_FILMAT+M->QUM_CODAUD","","S"
"RA0_FORNEC","001","SA2->A2_NOME","RA0_DESC","P","S","RA0","1","xFilial(""SA2"")+M->RA0_FORNEC","","S"
"RA0_FORNEC","002","SA2->A2_END","RA0_ENDERE","P","S","RA0","1","xFilial(""SA2"")+M->RA0_FORNEC","","S"
"RA0_FORNEC","003","SA2->A2_BAIRRO","RA0_BAIRRO","P","S","RA0","1","xFilial(""SA2"")+M->RA0_FORNEC","","S"
"RA0_FORNEC","004","SA2->A2_MUN","RA0_CIDADE","P","S","RA0","1","xFilial(""SA2"")+M->RA0_FORNEC","","S"
"RA0_FORNEC","005","SA2->A2_EST","RA0_ESTADO","P","S","RA0","1","xFilial(""SA2"")+M->RA0_FORNEC","","S"
"RA0_FORNEC","006","SA2->A2_CEP","RA0_CEP","P","S","RA0","1","xFilial(""SA2"")+M->RA0_FORNEC","","S"
"RA0_FORNEC","007","SA2->A2_TEL","RA0_FONE","P","S","RA0","1","xFilial(""SA2"")+M->RA0_FORNEC","","S"
"RA0_FORNEC","008","SA2->A2_CONTATO","RA0_CONTAT","P","S","RA0","1","xFilial(""SA2"")+M->RA0_FORNEC","","S"
"RA0_FORNEC","009","SA2->A2_CGC","RA0_CGC","P","S","RA0","1","xFilial(""SA2"")+M->RA0_FORNEC","","S"
"RA7_MAT","001","SRA->RA_NOME","RA7_NOME","P","S","SRA","1","xFilial(""SRA"")+M->RA7_MAT","","S"
"RA7_MAT","002","SRA->RA_ENDEREC","RA7_ENDERE","P","S","SRA","1","xFilial(""SRA"")+M->RA7_MAT","","S"
"RA7_MAT","003","SRA->RA_COMPLEM","RA7_COMPLE","P","S","SRA","1","xFilial(""SRA"")+M->RA7_MAT","","S"
"RA7_MAT","004","SRA->RA_BAIRRO","RA7_BAIRRO","P","S","SRA","1","xFilial(""SRA"")+M->RA7_MAT","","S"
"RA7_MAT","005","SRA->RA_MUNICIP","RA7_MUNICI","P","S","SRA","1","xFilial(""SRA"")+M->RA7_MAT","","S"
"RA7_MAT","006","SRA->RA_ESTADO","RA7_ESTADO","P","S","SRA","1","xFilial(""SRA"")+M->RA7_MAT","","S"
"RA7_MAT","007","SRA->RA_CEP","RA7_CEP","P","S","SRA","1","xFilial(""SRA"")+M->RA7_MAT","","S"
"RA7_MAT","008","SRA->RA_TELEFON","RA7_TELEFO","P","S","SRA","1","xFilial(""SRA"")+M->RA7_MAT","","S"
"RA7_MAT","009","SRA->RA_EMAIL","RA7_EMAIL","P","S","SRA","1","xFilial(""SRA"")+M->RA7_MAT","","S"
"RA8_CURSO","001","Tr130Horas()","RA8_HORAS","P","","","0","","","S"
"RA8_NFUNC","001","Tr130ValCur()","RA8_VALOR","P","","","0","","","S"
"RA_ADMISSA","001","M->RA_OPCAO := M->RA_ADMISSA","RA_OPCAO","P","N","","0","","","S"
"RA_CARGO","001","M->RA_DCARGO := SQ3->Q3_DESCSUM","RA_DCARGO","P","S","SQ3","1","xFilial(""SQ3"")+M->RA_CARGO","","S"
"RA_CC","001","M->RA_DESCCC := SI3->I3_DESC","RA_DESCCC","P","S","SI3","1","xFilial(""SI3"")+M->RA_CC","","S"
"RA_CIC","001","N12->N12_NOME","RA_NOME","P","S","N12","1","XFILIAL(""N12"")+M->RA_CIC","GETNEWPAR(""MV_SIGAGSP"",""0"") == ""1""","S"
"RA_CIC","002","N12->N12_END","RA_ENDEREC","P","N","","0","","GETNEWPAR(""MV_SIGAGSP"",""0"") == ""1""","S"
"RA_CIC","003","N12->N12_BAIRRO","RA_BAIRRO","P","N","","0","","GETNEWPAR(""MV_SIGAGSP"",""0"") == ""1""","S"
"RA_CIC","004","N12->N12_MUN","RA_MUNICIP","P","N","","0","","GETNEWPAR(""MV_SIGAGSP"",""0"") == ""1""","S"
"RA_CIC","005","N12->N12_EST","RA_ESTADO","P","N","","0","","GETNEWPAR(""MV_SIGAGSP"",""0"") == ""1""","S"
"RA_CIC","006","N12->N12_CEP","RA_CEP","P","N","","0","","GETNEWPAR(""MV_SIGAGSP"",""0"") == ""1""","S"
"RA_CIC","007","N12->N12_EMAIL","RA_EMAIL","P","N","","0","","GETNEWPAR(""MV_SIGAGSP"",""0"") == ""1""","S"
"RA_CODFUNC","001","Iif( Inclui .Or. cAltSal = ""S"" , SRJ->RJ_SALARIO , SRA->RA_SALARIO )","RA_SALARIO","P","S","SRJ","1","xFilial(""SRJ"")+M->RA_CODFUNC","Left(cModulo,1)<>""Q""","S"
"RA_CODFUNC","002","Iif( Inclui .Or. cAltSal = ""S"" , SRJ->RJ_CBO     , SRA->RA_CBO )","RA_CBO","P","S","SRJ","1","xFilial(""SRJ"")+M->RA_CODFUNC","Left(cModulo,1)<>""Q""","S"
"RA_CODFUNC","003","M->RA_DESCFUN := SRJ->RJ_DESC","RA_DESCFUN","P","S","SRJ","1","xFilial(""SRJ"")+M->RA_CODFUNC","","S"
"RA_CODFUNC","004","M->RA_CARGO := SRJ->RJ_CARGO","RA_CARGO","P","S","SRJ","1","xFilial(""SRJ"")+M->RA_CODFUNC","","S"
"RA_CODFUNC","005","M->RA_DCARGO := SQ3->Q3_DESCSUM","RA_DCARGO","P","S","SQ3","1","xFilial(""SQ3"")+M->RA_CARGO","","S"
"RA_CODFUNC","006","Iif( Inclui .Or. cAltSal = ""S"" , SRJ->RJ_CODCBO     , SRA->RA_CODCBO )","RA_CODCBO","P","S","SRJ","1","xFilial(""SRJ"")+M->RA_CODFUNC","Left(cModulo,1)<>""Q""","S"
"RA_GRINRAI","001","M->RA_DESCGIN := SUBS(SX5->X5_DESCRI,1,50)","RA_DESCGIN","P","S","SX5","1","xFilial(""SX5"")+""26""+M->RA_GRINRAI","","S"
"RA_HRSMES","001","M->RA_HRSMES / 5","RA_HRSEMAN","P","N","","0","","","S"
"RA_NACIONA","001","If(M->RA_NACIONA=""10"",""00"",Right(Str(Year(dDataBase),4),2))","RA_ANOCHEG","P","N","","0","","","S"
"RA_SINDICA","001","M->RA_DESCSIN := RCE->RCE_DESCRI","RA_DESCSIN","P","S","RCE","1","xFilial(""RCE"")+M->RA_SINDICA","","S"
"RA_TNOTRAB","001","M->RA_DESCTUR := SR6->R6_DESC","RA_DESCTUR","P","S","SR6","1","xFilial(""SR6"")+M->RA_TNOTRAB","","S"
"RB0_ATIVID","001","M->RB0_DESCAT := SUBSTR(SX5->X5_DESCRI,1,30)","RB0_DESCAT","P","S","SX5","1","xFilial(""SX5"")+""RD""+M->RB0_ATIVID","","S"
"RB0_FATURA","001","M->RB0_DESCFA := SUBSTR(SX5->X5_DESCRI,1,30)","RB0_DESCFA","P","S","SX5","1","xFilial(""SX5"")+""RE""+M->RB0_FATURA","","S"
"RB0_REGIAO","001","M->RB0_DESCRE := SUBSTR(SX5->X5_DESCRI,1,30)","RB0_DESCRE","P","S","SX5","1","xFilial(""SX5"")+""RC""+M->RB0_REGIAO","","S"
"RB1_INDICE","001","M->RB1_DESCIN := RB3->RB3_DESCRI","RB1_DESCIN","P","S","RB3","1","xFilial(""RB3"")+M->RB1_INDICE","","S"
"RB7_PERCEN","001","Cs080SX7()","RB7_SALARI","P","N","","0","","","S"
"RBA_CC","001","M->RBA_DESCCC := SI3->I3_DESC","RBA_DESCCC","P","S","SI3","1","xFilial(""SI3"")+M->RBA_CC","","S"
"RBA_DEPTO","001","M->RBA_DDEPTO := SQB->QB_DESCRIC","RBA_DDEPTO","P","S","SQB","1","xFilial(""SQB"")+M->RBA_DEPTO","","S"
"RBA_MAT","001","M->RBA_NOME   := SRA->RA_NOME","RBA_NOME","P","S","SRA","1","xFilial(""SRA"")+M->RBA_MAT","","S"
"RBA_MAT","002","M->RBA_EMAIL  := SRA->RA_EMAIL","RBA_EMAIL","P","S","SRA","1","xFilial(""SRA"")+M->RBA_MAT","","S"
"RBA_MAT","003","M->RBA_CC     := SRA->RA_CC","RBA_CC","P","S","SRA","1","xFilial(""SRA"")+M->RBA_MAT","","S"
"RBA_MAT","004","M->RBA_DESCC  := SI3->I3_DESC","RBA_DESCCC","P","S","SI3","1","xFilial(""SI3"")+M->RBA_CC","","S"
"RBG_ESCALA","001","M->RBG_DESCAL := RBK->RBK_DESCRI","RBG_DESCAL","P","S","RBK","1","xFilial(""RBK"")+M->RBG_ESCALA","","S"
"RBG_IMPORT","001","M->RBG_DIMPOR := RBK->RBK_DESCRI","RBG_DIMPOR","P","S","RBK","1","xFilial(""RBK"")+M->RBG_IMPORT","","S"
"RBH_CODCOM","001","M->RBH_ITECOM := """"","RBH_ITECOM","P","N","","0","","","S"
"RBH_CODCOM","002","M->RBH_HABIL := """"","RBH_HABIL","P","N","","0","","","S"
"RBH_CODCOM","003","M->RBH_ESCALA := """"","RBH_ESCALA","P","N","","0","","","S"
"RBH_CODCOM","004","M->RBH_IMPORT := """"","RBH_IMPORT","P","N","","0","","","S"
"RBH_CODCOM","005","M->RBH_DHABIL := """"","RBH_DHABIL","P","N","","0","","","S"
"RBH_CODCOM","006","M->RBH_ITESCA := """"","RBH_ITESCA","P","N","","0","","","S"
"RBH_CODCOM","007","M->RBH_ITIMPO := """"","RBH_ITIMPO","P","N","","0","","","S"
"RBH_CODCOM","008","M->RBH_DITESC := """"","RBH_DITESC","P","N","","0","","","S"
"RBH_CODCOM","009","M->RBH_DITIMP := """"","RBH_DITIMP","P","N","","0","","","S"
"RBH_CODCOM","010","M->RBH_DESCAL := """"","RBH_DESCAL","P","N","","0","","","S"
"RBH_CODCOM","011","M->RBH_DIMPOR := """"","RBH_DIMPOR","P","N","","0","","","S"
"RBH_CODCOM","012","M->RBH_DITCOM := RD2->RD2_DESC","RBH_DITCOM","P","S","RD2","1","xFilial(""RD2"")+M->RBH_CODCOM+M->RBH_ITECOM","","S"
"RBH_CODCOM","013","M->RBH_DCDCOM := RDM->RDM_DESC","RBH_DCDCOM","P","S","RDM","1","xFilial(""RDM"")+M->RBH_CODCOM","","S"
"RBH_ITECOM","001","M->RBH_HABIL := RBJ->RBJ_HABIL","RBH_HABIL","P","S","RBJ","1","xFilial(""RBJ"")+M->RBH_CODCOM+M->RBH_ITECOM","","S"
"RBH_ITECOM","002","M->RBH_ESCALA := RBG->RBG_ESCALA","RBH_ESCALA","P","S","RBG","1","xFilial(""RBG"")+M->RBH_HABIL","","S"
"RBH_ITECOM","003","M->RBH_IMPORT := RBG->RBG_IMPORT","RBH_IMPORT","P","S","RBG","1","xFilial(""RBG"")+M->RBH_HABIL","","S"
"RBH_ITECOM","004","M->RBH_DHABIL := RBG->RBG_DESC","RBH_DHABIL","P","S","RBG","1","xFilial(""RBG"")+M->RBH_HABIL","","S"
"RBH_ITECOM","005","M->RBH_ITESCA := """"","RBH_ITESCA","P","N","","0","","","S"
"RBH_ITECOM","006","M->RBH_ITIMPO := """"","RBH_ITIMPO","P","N","","0","","","S"
"RBH_ITECOM","007","M->RBH_DITESC := """"","RBH_DITESC","P","N","","0","","","S"
"RBH_ITECOM","008","M->RBH_DITIMP := """"","RBH_DITIMP","P","N","","0","","","S"
"RBH_ITECOM","009","M->RBH_DESCAL := RBK->RBK_DESCRI","RBH_DESCAL","P","S","RBK","1","xFilial(""RBK"")+M->RBH_ESCALA","","S"
"RBH_ITECOM","010","M->RBH_DIMPOR := RBK->RBK_DESCRI","RBH_DIMPOR","P","S","RBK","1","xFilial(""RBK"")+M->RBH_IMPORT","","S"
"RBH_ITESCA","001","M->RBH_DITESC := RBL->RBL_DESCRI","RBH_DITESC","P","S","RBL","1","xFilial(""RBL"")+M->RBH_ESCALA+M->RBH_ITESCA","","S"
"RBH_ITIMPO","001","M->RBH_DITIMP := RBL->RBL_DESCRI","RBH_DITIMP","P","S","RBL","1","xFilial(""RBL"")+M->RBH_IMPORT+M->RBH_ITIMPO","","S"
"RBI_HABIL","001","M->RBI_DHABIL := RBG->RBG_DESC","RBI_DHABIL","P","S","RBG","1","xFilial(""RBG"")+M->RBI_HABIL","","S"
"RBI_HABIL","002","M->RBI_ESCALA := RBG->RBG_ESCALA","RBI_ESCALA","P","S","RBG","1","xFilial(""RBG"")+M->RBI_HABIL","","S"
"RBI_HABIL","003","M->RBI_ITESCA := """"","RBI_ITESCA","P","N","","0","","","S"
"RBI_HABIL","004","M->RBI_DESCIT := """"","RBI_DESCIT","P","N","","0","","","S"
"RBI_HABIL","005","M->RBI_DESCAL := RBK->RBK_DESCRI","RBI_DESCAL","P","S","RBK","1","xFilial(""RBK"")+M->RBI_ESCALA","","S"
"RBI_ITESCA","001","M->RBI_DESCIT := RBL->RBL_DESCRI","RBI_DESCIT","P","S","RBL","1","xFilial(""RBL"")+M->RBI_ESCALA+M->RBI_ITESCA","","S"
"RBJ_HABIL","001","M->RBJ_DHABIL := RBG->RBG_DESC","RBJ_DHABIL","P","S","RBG","1","xFilial(""RBG"")+M->RBJ_HABIL","","S"
"RBJ_HABIL","002","M->RBJ_ESCALA := RBG->RBG_ESCALA","RBJ_ESCALA","P","S","RBG","1","xFilial(""RBG"")+M->RBJ_HABIL","","S"
"RBJ_HABIL","003","M->RBJ_DESCAL := RBK->RBK_DESCRI","RBJ_DESCAL","P","S","RBK","1","xFilial(""RBK"")+M->RBJ_ESCALA","","S"
"RBJ_HABIL","004","M->RBJ_IMPORT := RBG->RBG_IMPORT","RBJ_IMPORT","P","S","RBG","1","xFilial(""RBG"")+M->RBJ_HABIL","","S"
"RBJ_HABIL","005","M->RBJ_DIMPOR := RBK->RBK_DESCRI","RBJ_DIMPOR","P","S","RBK","1","xFilial(""RBK"")+M->RBJ_IMPORT","","S"
"RBM_CODCOM","001","M->RBM_DESCOM := RDM->RDM_DESC","RDM_DESC","P","S","RDM","1","xFilial(""RDM"")+M->RBM_CODCOM","","S"
"RC1_TPDESP","001","RE5->RE5_DESCR","RC1_TPDESC","P","S","RC1","1","xFilial(""RE5"")+""RC1""+M->RC1_TPDESP","","S"
"RC_MAT","001","If(M->RC_TIPO1 == "" "" , M->RC_TIPO1 := SRV->RV_TIPO , M->RC_TIPO1)","RC_TIPO1","P","N","","0","","","S"
"RC_PD","001","If(M->RC_TIPO1 == "" "" , M->RC_TIPO1 := SRV->RV_TIPO , M->RC_TIPO1)","RC_TIPO1","P","S","SRV","1","xFilial(""SRV"") + M->RC_PD","","S"
"RC_QTDSEM","001","MIN(ROUND(M->RC_QTDSEM * fParProf(""RCE_NROSEM""), 2), 999.99)","RC_HORAS","P","N","","0","","","S"
"RD0_CC","001","M->RD0_DESCCC :=  IF( !CtbInUse(),  SI3->I3_DESC , CTT->CTT_DESC01 )","RD0_DESCCC","P","N","RD0","1","xFilial(IF(!CtbInUse(),""SI3"",""CTT"")) + M->RD0_CC","","S"
"RD0_DTADMI","001","RD0SX7PASS(M->RD0_DTNASC,M->RD0_DTADMI,M->RD0_CIC,M->RD0_SENHA)","RD0_SENHA","P","N","","0","","","S"
"RD0_IDENT","001","M->RD0_IDESCR := RE8->RE8_IDESCR","RD0_IDESCR","P","S","RE8","1","xFilial(""RD0"")+M->RD0_IDENT","","S"
"RD_QTDSEM","001","MIN(ROUND(M->RD_QTDSEM * fParProf(""RCE_NROSEM""), 2), 999.99)","RD_HORAS","P","N","","0","","","S"
"RE0_CODCLI","001","M->RE0_RAZSOC := SA1->A1_NOME","RE0_RAZSOC","P","S","SA1","1","xFilial(""SA1"")+M->RE0_CODCLI+M->RE0_LOJA","","S"
"RE0_CODFOR","001","M->RE0_RZSCFO := SA2->A2_NOME","RE0_RZSCFO","P","S","SA2","1","xFilial(""SA2"")+M->RE0_CODFOR+M->RE0_LOJFOR","","S"
"RE0_CODSIN","001","M->RE0_SINDES := RCE->RCE_DESCRI","RE0_SINDES","P","S","RCE","1","xFilial(""RCE"")+M->RE0_CODSIN","","S"
"RE0_COMAR","001","M->RE0_CONOME := REC->REC_NOME","RE0_CONOME","P","S","REC","1","xFilial(""REC"")+M->RE0_COMAR","","S"
"RE0_COMAR","002","M->RE0_REDESC := RER->RER_DESCR","RE0_REDESC","P","S","RER","1","xFilial(""RER"")+FDesc(""REC"",M->RE0_COMAR,""REC_REGIAO"")","","S"
"RE0_DTPROC","001","YEAR(M->RE0_DTPROC)","RE0_ANO","P","S","RE0","1","xFilial(""RE0"")+M->RE0_NUM","","S"
"RE0_FASECD","001","M->RE0_FASEDS := RE5->RE5_DESCR","RE5_DESCR","P","S","","0","xFilial(""RE5"")+""REF""+M->RE0_FASECD","","S"
"RE0_FUNASS","001","SRA->RA_DEMISSA","RE0_DESLIG","P","S","SRA","1","xFilial(""SRA"")+M->RE0_FUNASS","","S"
"RE0_IDT","001","M->RE0_VLRCOR := ((M->RE0_VLRCSA * M->RE0_IDT / 100) + M->RE0_VLRCSA)","RE0_VLRCOR","P","S","RE0","1","xFilial(""RE0"")+M->RE0_NUM","","S"
"RE0_LOJA","001","M->RE0_RAZSOC := SA1->A1_NOME","RE0_RAZSOC","P","S","SA1","1","xFilial(""SA1"")+M->RE0_CODCLI+M->RE0_LOJA","","S"
"RE0_LOJFOR","001","M->RE0_RZSCFO := SA2->A2_NOME","RE0_RZSCFO","P","S","SA2","1","xFilial(""SA2"")+M->RE0_CODFOR+M->RE0_LOJFOR","","S"
"RE0_PROGN","001","M->RE0_PRDESC := RE5->RE5_DESCR","RE0_PRDESC","P","S","RE5","1","xFilial(""RE5"")+""RE0""+M->RE0_PROGN","","S"
"RE0_PSTPRT","001","M->RE0_PSTDES := REE->REE_NOME","RE0_PSTDES","P","S","REE","1","xFilial(""REE"")+M->RE0_PSTPRT","","S"
"RE0_RECLAM","001","RD0->RD0_NOME","RE0_RECNOM","P","S","RD0","1","xFilial(""RD0"")+M->RE0_RECLAM","M->RE0_TPACAO == ""1""","S"
"RE0_RECLAM","002","EntGetInfo(""SRA"",""RA_MAT"",M->RE0_RECLAM)","RE0_FUNASS","P","S","SRA","1","xFilial(""RE0"")+M->RE0_RECLAM","M->RE0_TPACAO == ""1""","S"
"RE0_RECLAM","003","EntGetInfo(""SRA"",""RA_DEMISSA"",M->RE0_RECLAM)","RE0_DESLIG","P","S","SRA","1","xFilial(""SRA"")+M->RE0_RECLAM","M->RE0_TPACAO == ""1""","S"
"RE0_TPACAO","001","M->RE0_RECLAM := ""VARIOS""","RE0_RECLAM","P","N","","0","","RE0->RE0_TPACAO <> ""1""","S"
"RE0_TPACAO","002","M->RE0_RECNOM := ""VARIOS""","RE0_RECNOM","P","N","","0","","M->RE0_TPACAO <> ""1""","S"
"RE0_TPACAO","003","M->RE0_RECLAM := fDesc(""REL"",M->RE0_NUM,""REL_RECLAM"",,,7)","RE0_RECLAM","P","S","REL","7","xFilial(""REL"")+M->RE0_NUM","RE0TpAcaoValid()","S"
"RE0_TPACAO","004","M->RE0_RECNOM := fDesc(""RD0"",M->RE0_RECLAM,""RD0_NOME"")","RE0_RECNOM","P","N","","0","","RE0TpAcaoValid()","S"
"RE0_TPACAO","005","EntGetInfo(""SRA"",""RA_MAT"",fDesc(""REL"",M->RE0_NUM,""REL_RECLAM"",,,7))","RE0_FUNASS","P","S","SRA","1","xFilial(""RD0"")+M->RE0_RECLAM","RE0TpAcaoValid()","S"
"RE0_TPACAO","006","EntGetInfo(""SRA"",""RA_DEMISSA"",fDesc(""REL"",M->RE0_NUM,""REL_RECLAM"",,,7))","RE0_DESLIG","P","S","SRA","1","xFilial(""SRA"")+M->RE0_RECLAM","RE0TpAcaoValid()","S"
"RE0_VARA","001","RE0_VADESC := RE1->RE1_DESCR","RE0_VADESC","P","S","RE1","1","xFilial(""RE1"")+M->RE0_COMAR+M->RE0_VARA","","S"
"RE4_CODADV","001","RD0->RD0_NOME","RE4_ADVNOM","P","S","RD0","1","xFilial(""RD0"")+M->RE4_CODADV","","S"
"RE4_CODADV","002","FDesc(""RE8"",""ADV"",""RE8_SIGLA"")","RE4_SIGLA","P","S","RE8","1","xFilial(""RE8"")+""ADV""","","S"
"RE4_CODADV","003","Re4CodAdvX7Regra()","RE4_DS_REG","P","S","RE8","2","xFilial(""RE8"")+M->RE4_SIGLA","","S"
"RE4_CODADV","004","REU->REU_NUMREG","RE4_OAB","P","S","REU","1","xFilial(""REU"")+M->RE4_CODADV+M->RE4_SIGLA","","S"
"RE4_ESCRIT","001","RE3->RE3_NOME","RE4_ESCNOM","P","S","RE3","1","xFilial(""RE3"")+M->RE4_ESCRIT","","S"
"RE9_TESCOD","001","M->RE9_TESNOM := RD0->RD0_NOME","RE9_TESNOM","P","S","RD0","1","xFilial(""RD0"")+M->RE9_TESCOD","","S"
"REA_ADRDAC","001","RD0->RD0_NOME","REA_ADRDAN","P","S","RD0","1","xFilial(""RD0"")+M->REA_ADRDAC","","S"
"REA_ADRDAC","002","FDesc(""RE8"",""ADV"",""RE8_SIGLA"")","REA_RDASGL","P","S","RE8","1","xFilial(""RE8"")+""ADV""","","S"
"REA_ADRDAC","003","REU->REU_NUMREG","REA_OABRDA","P","S","REU","1","xFilial(""REU"")+M->REA_ADRDAC+M->REA_RDASGL","","S"
"REA_ADRTEC","001","RD0->RD0_NOME","REA_ADRTEN","P","S","RD0","1","xFilial(""RD0"")+M->REA_ADRTEC","","S"
"REA_ADRTEC","002","FDesc(""RE8"",""ADV"",""RE8_SIGLA"")","REA_RTESGL","P","S","RE8","1","xFilial(""RE8"")+""ADV""","","S"
"REA_ADRTEC","003","REU->REU_NUMREG","REA_OABRTE","P","S","REU","1","xFilial(""REU"")+M->REA_ADRTEC+M->REA_RTESGL","","S"
"REA_FASECD","001","RE5->RE5_DESCR","REA_FASEDS","P","S","RE5","1","xFilial(""RE5"")+""REF""+M->REA_FASECD","","S"
"REA_JUIZ_C","001","M->REA_J_NOME := REJ->REJ_NOME","REA_J_NOME","P","S","REJ","1","xFilial(""REJ"")+M->REA_JUIZ_C","","S"
"REA_PRECOD","001","RD0->RD0_NOME","REA_PRENOM","P","S","RD0","1","xFilial(""RD0"")+M->REA_PRECOD","","S"
"REA_PRECOD","002","EntGetInfo(""SRA"",""RA_MAT"",M->REA_PRECOD)","REA_PREMAT","P","S","SRA","1","xFilial(""SRA"")+M->REA_PRECOD","","S"
"REA_TIPO","001","RE5->RE5_DESCR","REA_TPDESC","P","S","RE5","1","xFilial(""RE5"")+""REA""+M->REA_TIPO","","S"
"REC_REGIAO","001","M->REC_DESCR := RER->RER_DESCR","REC_DESCR","P","S","RER","1","xFilial(""RER"")+M->REC_REGIAO","","S"
"REG_CODIGO","001","M->REG_DESCR := SN1->N1_DESCRIC","REG_DESCR","P","S","SN1","1","xFilial(""SN1"")+M->REG_CODIGO+M->REG_ITEM","","S"
"REG_CODIGO","002","M->REG_PATRIM := SN1->N1_CHAPA","REG_PATRIM","P","S","SN1","1","xFilial(""SN1"")+M->REG_CODIGO+M->REG_ITEM","","S"
"REG_CODIGO","003","M->REG_PLACA := SN1->N1_PLACA","REG_PLACA","P","S","SN1","1","xFilial(""SN1"")+M->REG_CODIGO+M->REG_ITEM","","S"
"REG_ITEM","001","M->REG_DESCR := SN1->N1_DESCRIC","REG_DESCR","P","S","SN1","1","xFilial(""SN1"")+M->REG_CODIGO+M->REG_ITEM","","S"
"REG_ITEM","002","M->REG_PATRIM := SN1->N1_CHAPA","REG_PATRIM","P","S","SN1","1","xFilial(""SN1"")+M->REG_CODIGO+M->REG_ITEM","","S"
"REG_ITEM","003","M->REG_PLACA := SN1->N1_PLACA","REG_PLACA","P","S","SN1","1","xFilial(""SN1"")+M->REG_CODIGO+M->REG_ITEM","","S"
"REH_ASSTEC","001","RD0->RD0_NOME","REH_ASSNOM","P","S","RD0","1","xFilial(""RD0"")+M->REH_ASSTEC","","S"
"REH_PERITO","001","RD0->RD0_NOME","REH_PERINO","P","S","RD0","1","xFilial(""RD0"")+M->REH_PERITO","","S"
"REH_PERSGL","001","REU->REU_NUMREG","REH_PERNRE","P","S","REU","1","xFilial(""REU"")+M->REH_PERITO+M->REH_PERSGL","","S"
"REH_RESULT","001","RE5->RE5_DESCR","REH_RESDES","P","S","RE5","1","xFilial(""RE5"")+""RST""+M->REH_RESULT","","S"
"REH_TIPO","001","RE5->RE5_DESCR","REH_TPDESC","P","S","RE5","1","xFilial(""RE5"")+""REH""+M->REH_TIPO","","S"
"REL_CODPLT","001","RelReclamRel()","REL_RECLAM","P","N","","0","","","S"
"REL_CODPLT","002","RelFunAssRel()","REL_FUNASS","P","N","","0","","","S"
"REL_CODPLT","003","RelRecNomRel()","REL_RECNOM","P","N","","0","","","S"
"REL_CODPLT","004","RelDesligRel()","REL_DESLIG","P","N","","0","","","S"
"REL_CODPLT","005","fDesc(""RD0"",M->REL_RECLAM,""RD0_NOME"")","REL_CC","P","N","","0","xFilial(""RD0"")+M->REL_RECLAM","","S"
"REL_CODPLT","006","EntGetInfo(""SRA"",""RA_CC"",M->REL_RECLAM)","REL_CC","P","S","SRA","1","xFilial(""SRA"")+M->REL_RECLAM","","S"
"REL_CODPLT","007","RelFuNomeRel()","REL_FUNOME","P","S","RD0","1","xFilial(""SRA"")+GdFieldGet(""REL_RECLAM"")","","S"
"REL_FUNASS","001","SRA->RA_DEMISSA","REL_DESLIG","P","S","SRA","1","xFilial(""SRA"")+M->REL_FUNASS","","S"
"REL_IDT","001","M->REL_VLRCOR := ((M->REL_VALPLT * M->REL_IDT / 100) + M->REL_VALPLT)","REL_VLRCOR","P","S","REL","1","xFilial(""RE0"")+M->RE0_NUM+REL_CODPLT","","S"
"REL_PARAD1","001","RD0->RD0_NOME","REL_PARNO1","P","S","RD0","1","xFilial(""RD0"")+M->REL_PARAD1","","S"
"REL_PARAD2","001","RD0->RD0_NOME","REL_PARNO2","P","S","RD0","1","xFilial(""RD0"")+M->REL_PARAD2","","S"
"REL_PARAD3","001","RD0->RD0_NOME","REL_PARNO3","P","S","RD0","1","xFilial(""RD0"")+M->REL_PARAD3","","S"
"REL_PERINI","001","REL->REL_PERFIM := CtoD(""  /  /  "")","REL_PERFIM","P","S","REL","1","xFilial(""RE0"")+M->RE0_NUM+GdFieldGet(""REL_CODPLT"")","EMPTY(GdFieldGet(""REL_PERINI""))","S"
"REL_PROGN","001","M->REL_PRDESC := RE5->RE5_DESCR","REL_PRDESC","P","S","RE5","1","xFilial(""RE5"")+""RE0""+M->REL_PROGN","","S"
"REL_RECLAM","001","RD0->RD0_NOME","REL_RECNOM","P","S","RD0","1","xFilial(""RD0"")+GdFieldGet(""REL_RECLAM"")","","S"
"REL_RECLAM","002","EntGetInfo(""SRA"",""RA_MAT"",M->REL_RECLAM)","REL_FUNASS","P","S","SRA","1","xFilial(""RE0"")+M->REL_RECLAM","","S"
"REL_RECLAM","003","EntGetInfo(""SRA"",""RA_DEMISSA"",M->REL_RECLAM)","REL_DESLIG","P","S","SRA","1","xFilial(""SRA"")+M->REL_RECLAM","","S"
"REL_RECLAM","004","RelLimiteX7Regra()","REL_LIMITE","P","S","SRA","1","xFilial(""SRA"")+M->REL_RECLAM","","S"
"REL_RECLAM","005","M->RE0_RECLAM := GdFieldGet(""REL_RECLAM"")","RE0_RECLAM","P","N","","0","","M->RE0_TPACAO==""1""","S"
"REL_RECLAM","006","M->RE0_RECNOM := RD0->RD0_NOME","RE0_RECNOM","P","S","RD0","1","xFilial(""RD0"")+M->REL_RECLAM","M->RE0_TPACAO==""1""","S"
"REL_RESULT","001","RE5->RE5_DESCR","REL_RESDES","P","S","RE5","1","xFilial(""RE5"")+""RSP""+M->REL_RESULT","","S"
"REL_TPPLT","001","RE5->RE5_DESCR","REL_TPDESC","P","S","RE5","1","xFilial(""RE5"")+""REL""+M->REL_TPPLT","","S"
"REL_VERBA","001","SRV->RV_DESC","REL_VDESCR","P","S","SRV","1","xFilial(""SRV"")+M->REL_VERBA","","S"
"REL_VERPGT","001","SRV->RV_DESC","REL_VPGDES","P","S","SRV","1","xFilial(""SRV"")+M->REL_VERPGT","","S"
"REM_FASECD","001","RE5->RE5_DESCR","REM_FASEDS","P","S","RE5","1","xFilial(""RE5"")+""REF""+M->REM_FASECD","","S"
"REM_TIPO","001","RE5->RE5_DESCR","REM_TPDESC","P","S","RE5","1","xFilial(""RE5"")+""REM""+M->REM_TIPO","","S"
"REO_CODADV","001","RD0->RD0_NOME","REO_ADVNOM","P","S","RD0","1","xFilial(""RD0"")+M->REO_CODADV","","S"
"REO_FASECD","001","RE5->RE5_DESCR","REO_FASEDS","P","S","RE5","1","xFilial(""RE5"")+""REF""+M->REO_FASECD","","S"
"REO_JUIZ_C","001","REJ->REJ_NOME","REO_J_NOME","P","S","REJ","1","xFilial(""REJ"")+M->REO_JUIZ_C","","S"
"REO_TIPO","001","RE5->RE5_DESCR","REO_TPDESC","P","S","RE5","1","xFilial(""RE5"")+""REO""+M->REO_TIPO","","S"
"RER_JUIZ_C","001","M->RER_J_NOME := REJ->REJ_NOME","RER_J_NOME","P","S","REJ","1","xFilial(""REJ"")+M->RER_JUIZ_C","","S"
"RES_FASECD","001","RE5->RE5_DESCR","RES_FASEDS","P","S","RE5","1","xFilial(""RE5"")+""REF""+M->RES_FASECD","","S"
"RES_JAUX1","001","M->RES_JAX1NO := REJ->REJ_NOME","RES_JAX1NO","P","S","REJ","1","xFilial(""REJ"")+M->RES_JAUX1","","S"
"RES_JAUX2","001","M->RES_JAX2NO := REJ->REJ_NOME","RES_JAX2NO","P","S","REJ","1","xFilial(""REJ"")+M->RES_JAUX2","","S"
"RES_JUIZ_C","001","M->RES_J_NOME := REJ->REJ_NOME","RES_J_NOME","P","S","REJ","1","xFilial(""REJ"")+M->RES_JUIZ_C","","S"
"RES_PERITO","001","RD0->RD0_NOME","RES_PERINO","P","S","RD0","1","xFilial(""RD0"")+M->RES_PERITO","","S"
"RES_PERSGL","001","REU->REU_NUMREG","RES_NRECON","P","S","REU","1","xFilial(""REU"")+M->RES_PERITO+M->RES_PERSGL","","S"
"RES_TIPO","001","RE5->RE5_DESCR","RES_TPDESC","P","S","RE5","1","xFilial(""RE5"")+""RES""+M->RES_TIPO","","S"
"REU_SIGLA","001","ReuSiglaX7Regra()","REU_DS_REG","P","S","RE8","2","xFilial(""RE8"")+M->REU_SIGLA","","S"
"RK_JUROANO","001","fJrAnotoMes(M->RK_JUROANO)","RK_JUROMES","P","N","","0","","","S"
"RK_JUROMES","001","0","RK_JUROANO","P","N","","0","","","S"
"RO_QTDSEM","001","MIN(ROUND(M->RO_QTDSEM * fParProf(""RCE_NROSEM""), 2), 9999999.99)","RO_QUANT","P","N","","0","","","S"
"RO_QTDSEM","002","MIN(ROUND(M->RO_QTDSEM * fParProf(""RCE_NROSEM"") * M->RO_VALOR, 2), 9999999.9999)","RO_VALTOT","P","N","","0","","","S"
"RO_QUANT","001","MIN(Round( M->RO_QUANT * M->RO_VALOR , 2 ), 9999999.9999)","RO_VALTOT","P","N","","0","","","S"
"T1_CCUSTO","001","SUBSTR(SI3->I3_DESC,1,20)","T1_NOMCUST","P","S","SI3","1","xFILIAL(""SI3"")+M->T1_CCUSTO","","S"
"T1_TURNO","001","SUBSTR(SH7->H7_DESCRI,1,20)","T1_NOMTURN","P","S","SH7","1","xFILIAL(""SH7"")+M->T1_TURNO","","S"
"T4_CODAREA","001","SUBSTR(STD->TD_NOME,1,20)","T4_NOMAREA","P","S","STD","1","xFILIAL(""STD"")+M->T4_CODAREA","","S"
"T4_TIPOMAN","001","SUBSTR(STE->TE_NOME,1,20)","T4_NOMTIPO","P","S","STE","1","xFILIAL(""STE"")+M->T4_TIPOMAN","","S"
"T9_CALENDA","001","SUBSTR(SH7->H7_DESCRI,1,20)","T9_NOMCALE","P","S","SH7","1","xFILIAL(""SH7"")+M->T9_CALENDA","","S"
"T9_CCUSTO","001","SUBSTR(SI3->I3_DESC,1,20)","T9_NOMCUST","P","S","SI3","1","xFILIAL(""SI3"")+M->T9_CCUSTO","","S"
"T9_CENTRAB","001","SUBSTR(SHB->HB_NOME,1,20)","T9_NOMTRAB","P","S","SHB","1","xFILIAL(""SHB"")+M->T9_CENTRAB","","S"
"T9_CLIENTE","001","SUBSTR(SA1->A1_NOME,1,20)","T9_NOMCLIE","P","S","SA1","1","xFILIAL(""SA1"")+M->T9_CLIENTE","","S"
"T9_CODESTO","001","SUBSTR(SB1->B1_DESC,1,20)","T9_NOMESTQ","P","S","SB1","1","xFILIAL(""SB1"")+M->T9_CODESTO","","S"
"T9_CODFAMI","001","SUBSTR(ST6->T6_NOME,1,20)","T9_NOMFAMI","P","S","ST6","1","xFILIAL(""ST6"")+M->T9_CODFAMI","","S"
"T9_CODFAMI","002","ST6->T6_MOVIBEM","T9_MOVIBEM","P","N","","0","","","S"
"T9_CODIMOB","001","SN1->N1_DESCRIC","T9_NOME","P","S","SN1","1","xFILIAL(""SN1"")+M->T9_CODIMOB","","S"
"T9_FABRICA","001","SUBSTR(ST7->T7_NOME,1,20)","T9_NOMFABR","P","S","ST7","1","xFILIAL(""ST7"")+M->T9_FABRICA","","S"
"T9_FORNECE","001","SUBSTR(SA2->A2_NOME,1,20)","T9_NOMFORN","P","S","SA2","1","xFILIAL(""SA2"")+M->T9_FORNECE","","S"
"T9_MTBAIXA","001","SUBSTR(TPJ->TPJ_DESMOT,1,20)","T9_DESMOT","P","S","TPJ","1","xFILIAL(""TPJ"")+M->T9_MTBAIXA","","S"
"T9_PADRAO","001","SUBSTR(SI3->I3_DESC,1,20)","T9_NOMCUST","P","S","SI3","1","xFILIAL(""SI3"")+M->T9_CCUSTO","","S"
"T9_PADRAO","002","SUBSTR(SH7->H7_DESCRI,1,20)","T9_NOMCALE","P","S","SH7","1","xFILIAL(""SH7"")+M->T9_CALENDA","","S"
"T9_PADRAO","003","SUBSTR(SHB->HB_NOME,1,20)","T9_NOMTRAB","P","S","SHB","1","xFILIAL(""SHB"")+M->T9_CENTRAB","","S"
"T9_PADRAO","004","SUBSTR(SA2->A2_NOME,1,20)","T9_NOMFORN","P","S","SA2","1","xFILIAL(""SA2"")+M->T9_FORNECE","","S"
"T9_PADRAO","005","SUBSTR(ST7->T7_NOME,1,20)","T9_NOMFABR","P","S","ST7","1","xFILIAL(""ST7"")+M->T9_FABRICA","","S"
"T9_PADRAO","006","SUBSTR(SB1->B1_DESC,1,20)","T9_NOMESTQ","P","S","SB1","1","xFILIAL(""SB1"")+M->T9_CODESTO","","S"
"T9_PADRAO","007","TP9->TP9_MOVBEM","T9_MOVIBEM","P","S","TP9","1","xFILIAL(""TP9"")+M->T9_CODFAMI","INCLUI","S"
"T9_POSCONT","001","M->T9_POSCONT","T9_CONTACU","P","N","","0","","NG080ACUM()","S"
"TA5_CODCLA","001","SUBSTR(TA8->TA8_DESCRI,1,20)","TAB_NOMCLA","P","S","TA8","1","xFILIAL(""TA8"")+M->TAB_CODCLA","","S"
"TA5_CODFOR","001","SUBSTR(TA3->TA3_DESCRI,1,20)","TAB_DESFOR","P","S","TA3","1","xFILIAL(""TA3"")+M->TAB_CODFOR","","S"
"TA5_CODLEG","001","SubStr(TA0->TA0_EMENTA,1,20)","TA0_CODLEG","P","S","TA0","1","xFilial(""TA0""+M->TA5_CODLEG)","","S"
"TAA_CCUSTO","001","SubStr(SI3->I3_DESC,1,20)","TAA_NOMCC","P","S","SI3","1","xFilial(""SI3"")+M->TAA_CCUSTO","","S"
"TAA_MAT","001","SubStr(SRA->RA_NOME,1,20)","TAA_NOMRES","P","S","SRA","1","xFilial(""SRA"")+M->TAA_MAT","","S"
"TAB_CODASP","001","SUBSTR(TA4->TA4_DESCRI,1,20)","TAB_NOMASP","P","S","TA4","1","XFILIAL(""TA4"")+M->TAB_CODASP","","S"
"TAB_CODCLA","001","SUBSTR(TA8->TA8_DESCRI,1,20)","TAB_NOMCLA","P","S","TA8","1","xFILIAL(""TA8"")+M->TAB_CODCLA","","S"
"TAB_CODFOR","001","SUBSTR(TA3->TA3_DESCRI,1,20)","TAB_DESFOR","P","S","TA3","1","xFILIAL(""TA3"")+M->TAB_CODFOR","","S"
"TAB_CODIMP","001","SUBSTR(TAE->TAE_DESCRI,1,20)","TAB_NOMIMP","P","S","TAE","1","xFILIAL(""TAE"")+M->TAB_CODIMP","","S"
"TAB_CODPLA","001","SUBSTR(TAA->TAA_NOME,1,20)","TAB_NOMPLA","P","S","TAA","1","xFILIAL(""TAA"")+M->TAB_CODPLA","","S"
"TAC_CODAVA","001","SubStr(TA1->TA1_DESCRI,1,20)","TAC_NOMAVA","P","S","TA1","1","xFILIAL(""TA1"")+M->TAC_CODAVA","","S"
"TAD_CODAVA","001","SubStr(TA6->TA6_DESCRI,1,20)","TAD_NOMAVA","P","S","TA6","1","XFILIAL(""TA6"")+M->TAD_CODAVA","","S"
"TAF_CCUSTO","001","SI3->I3_DESC","TAF_NOMCC","P","S","SI3","1","xFilial(""SI3"")+M->TAF_CCUSTO","","S"
"TAF_CENTRA","001","SHB->HB_NOME","TAF_NOMTRA","P","S","SHB","1","xFilial(""SHB"")+M->TAF_CENTRA","","S"
"TAF_MAT","001","SubStr(QAA->QAA_NOME,1,20)","TAF_NOMRES","P","S","QAA","1","XFILIAL(""QAA"")+M->TAF_MAT","","S"
"TAI_CODLEG","001","SubStr(TA0->TA0_EMENTA,1,20)","TA0_EMENTA","P","S","TA0","1","xFilial(""TA0"")+M->TAI_CODLEG","","S"
"TAJ_CODLEG","001","SubStr(TA0->TA0_EMENTA,1,20)","TA0_EMENTA","P","S","TA0","1","xFilial(""TA0"")+M->TAJ_CODLEG","","S"
"TAJ_FILIAL","001","SubStr(TA0->TA0_EMENTA,1,20)","TAJ_EMENTA","P","S","TA0","1","xFilial(""TA0"")+M->TAJ_CODLEG","","S"
"TB2_DESFOR","001","","TB2_FORNEC","P","P","SA2","1","","","S"
"TB5_CODPRO","001","SB1->B1_DESC","TB5_DESPRO","P","S","SB1","1","xFilial(""SB1"")+M->TB5_CODPRO","","S"
"TB7_CODTIP","001","TB6->TB6_DESCRI","TB7_DESC","P","S","TB6","1","xFilial(""TB6"")+M->TB7_CODTIP","","S"
"TB9_TIPTRA","001","TB8->TB8_DESCRI","TB9_DESCRI","P","S","TB8","1","xFilial(""TB8"")+M->TB9_TIPTRA","","S"
"TBA_CODPRO","001","SB1->B1_DESC","TBA_DESPRO","P","S","SB1","1","xFilial(""SB1"")+M->TBA_CODPRO","","S"
"TBA_CODRES","001","SB1->B1_DESC","TBA_DESRES","P","S","SB1","1","xFilial(""SB1"")+M->TBA_CODRES","","S"
"TBA_CODRES","002","SB1->B1_UM","TBA_UM","P","S","SB1","1","xFilial(""SB1"")+M->TBA_CODRES","","S"
"TBA_FORNEC","001","SA2->A2_NOME","TBA_DESFOR","P","S","SA2","1","xFilial(""SA2"")+M->TBA_FORNEC","","S"
"TB_CARACTE","001","SUBSTR(TPR->TPR_NOME,1,20)","TB_NOME","P","S","TPR","1","xFILIAL(""TPR"")+M->TB_CARACTE","","S"
"TC_CALENDA","001","SUBSTR(SH7->H7_DESCRI,1,20)","TC_NOMCALE","P","S","SH7","1","xFILIAL(""SH7"")+M->TC_CALENDA","","S"
"TC_CCUSTO","001","SUBSTR(SI3->I3_DESC,1,20)","TC_DCUSTO","P","S","SI3","1","xFILIAL(""SI3"")+M->TC_CCUSTO","","S"
"TC_CENTRAB","001","SUBSTR(SHB->HB_NOME,1,20)","TC_DTRAB","P","S","SHB","1","xFILIAL(""SHB"")+M->TC_CENTRAB","","S"
"TC_COMPONE","001","SUBSTR(ST9->T9_NOME,1,20)","TC_NOMCOMP","P","S","ST9","1","xFILIAL(""ST9"")+M->TC_COMPONE","","S"
"TC_COMPONE","002","ST9->T9_CCUSTO","TC_CCUSTO","P","S","ST9","1","xFILIAL(""ST9"")+M->TC_COMPONE","","S"
"TC_COMPONE","003","ST9->T9_CENTRAB","TC_CENTRAB","P","S","ST9","1","xFILIAL(""ST9"")+M->TC_COMPONE","","S"
"TC_COMPONE","004","ST9->T9_CALENDA","TC_CALENDA","P","S","ST9","1","xFILIAL(""ST9"")+M->TC_COMPONE","","S"
"TC_COMPONE","005","ST9->T9_DTCOMPR","TC_DATAINI","P","S","ST9","1","xFILIAL(""ST9"")+M->TC_COMPONE","","S"
"TC_LOCALIZ","001","SUBSTR(TPS->TPS_NOME,1,20)","TC_NOMLOCA","P","S","TPS","1","xFILIAL(""TPS"")+M->TC_LOCALIZ","","S"
"TF_CALENDA","001","SUBSTR(SH7->H7_DESCRI,1,20)","TF_NOMCALE","P","S","SH7","1","xFILIAL(""SH7"")+M->TF_CALENDA","","S"
"TF_CODBEM","001","SUBSTR(ST9->T9_NOME,1,20)","TF_NOMBEM","P","S","ST9","1","xFILIAL(""ST9"")+M->TF_CODBEM","","S"
"TF_SERVICO","001","SUBSTR(ST4->T4_NOME,1,20)","TF_NOMSERV","P","S","ST4","1","xFILIAL(""ST4"")+M->TF_SERVICO","","S"
"TF_SERVICO","002","SUBSTR(STD->TD_NOME,1,20)","TF_NOMAREA","P","S","STD","1","xFILIAL(""STD"")+M->TF_CODAREA","","S"
"TF_SERVICO","003","SUBSTR(STE->TE_NOME,1,20)","TF_NOMTIPO","P","S","STE","1","xFILIAL(""STE"")+M->TF_TIPO","","S"
"TG_CODIGO","001","SB1->B1_UM","TG_UNIDADE","P","N","","0","","M->TG_TIPOREG='P'","S"
"TI_AREAFIM","001","SUBSTR(STD->TD_NOME,1,20)","TI_NOMAFIM","P","S","STD","1","xFILIAL(""STD"")+M->TI_AREAFIM","","S"
"TI_AREAINI","001","SUBSTR(STD->TD_NOME,1,20)","TI_NOMAINI","P","S","STD","1","xFILIAL(""STD"")+M->TI_AREAINI","","S"
"TI_BEMFIM","001","SUBSTR(ST9->T9_NOME,1,20)","TI_NOMBFIM","P","S","ST9","1","xFILIAL(""ST9"")+M->TI_BEMFIM","","S"
"TI_BEMINI","001","SUBSTR(ST9->T9_NOME,1,20)","TI_NOMBINI","P","S","ST9","1","xFILIAL(""ST9"")+M->TI_BEMINI","","S"
"TI_CCUSFIM","001","SUBSTR(SI3->I3_DESC,1,20)","TI_NOMCFIM","P","S","SI3","1","xFILIAL(""SI3"")+M->TI_CCUSFIM","","S"
"TI_CCUSINI","001","SUBSTR(SI3->I3_DESC,1,20)","TI_NOMCINI","P","S","SI3","1","xFILIAL(""SI3"")+M->TI_CCUSINI","","S"
"TI_CTRAFIM","001","SUBSTR(SHB->HB_NOME,1,20)","TI_NOMRFIM","P","S","SHB","1","xFILIAL(""SHB"")+M->TI_CTRAFIM","","S"
"TI_CTRAINI","001","SUBSTR(SHB->HB_NOME,1,20)","TI_NOMRINI","P","S","SHB","1","xFILIAL(""SHB"")+M->TI_CTRAINI","","S"
"TI_FAMIFIM","001","SUBSTR(ST6->T6_NOME,1,20)","TI_NOMFFIM","P","S","ST6","1","xFILIAL(""ST6"")+M->TI_FAMIFIM","","S"
"TI_FAMIINI","001","SUBSTR(ST6->T6_NOME,1,20)","TI_NOMFINI","P","S","ST6","1","xFILIAL(""ST6"")+M->TI_FAMIINI","","S"
"TI_SERVFIM","001","SUBSTR(ST4->T4_NOME,1,20)","TI_NOMSFIM","P","S","ST4","1","xFILIAL(""ST4"")+M->TI_SERVFIM","","S"
"TI_SERVINI","001","SUBSTR(ST4->T4_NOME,1,20)","TI_NOMSINI","P","S","ST4","1","xFILIAL(""ST4"")+M->TI_SERVINI","","S"
"TI_TIPOFIM","001","SUBSTR(STE->TE_NOME,1,20)","TI_NOMTFIM","P","S","STE","1","xFILIAL(""STE"")+M->TI_TIPOFIM","","S"
"TI_TIPOINI","001","SUBSTR(STE->TE_NOME,1,20)","TI_NOMTINI","P","S","STE","1","xFILIAL(""STE"")+M->TI_TIPOINI","","S"
"TJ_CCUSTO","001","SUBSTR(SI3->I3_DESC,1,20)","TJ_NOMCUST","P","S","SI3","1","xFILIAL(""SI3"")+M->TJ_CCUSTO","","S"
"TJ_CENTRAB","001","SUBSTR(SHB->HB_NOME,1,20)","TJ_NOMTRAB","P","S","SHB","1","xFILIAL(""SHB"")+M->TJ_CENTRAB","","S"
"TJ_CODAREA","001","SUBSTR(STD->TD_NOME,1,20)","TJ_NOMAREA","P","S","STD","1","xFILIAL(""STD"")+M->TJ_CODAREA","","S"
"TJ_SERVICO","001","SUBSTR(ST4->T4_NOME,1,20)","TJ_NOMSERV","P","S","ST4","1","xFILIAL(""ST4"")+M->TJ_SERVICO","","S"
"TJ_TIPO","001","SUBSTR(STE->TE_NOME,1,20)","TJ_NOMTIPO","P","S","STE","1","xFILIAL(""STE"")+M->TJ_TIPO","","S"
"TL_ETAPA","001","SUBSTR(TPA->TPA_DESCRI,1,20)","TL_NOMETAP","P","S","TPA","1","xFILIAL(""TPA"")+M->TL_ETAPA","","S"
"TL_TAREFA","001","IF(TRIM(M->TL_TAREFA)==""0"",""SEM ESPECIFICACAO"",ST5->T5_DESCRIC)","TL_NOMTAR","P","N","ST5","1","xFILIAL(""ST5"")+STJ->TJ_CODBEM+STJ->TJ_SERVICO+STR(STJ->TJ_SEQUENC,3)+M->TL_TAREFA","","S"
"TM0_CLIENT","001","SA1->A1_NOME","TM0_NOMCLI","P","S","SA1","1","xFILIAL(""SA1"")+M->TM0_CLIENT+M->TM0_LOJA","","S"
"TM1_UNIDAD","001","SX5->X5_DESCRI","TM1_DESUNI","P","S","SX5","1","xFILIAL(""SX5"")+""62""+M->TM1_UNIDAD","","S"
"TM2_CODMED","001","TM1->TM1_NOMEDI","TM2_NOMEDI","P","S","TM1","1","xFILIAL(""TM1"")+M->TM2_CODMED","","S"
"TM2_CODMED","002","TM1->TM1_UNIDAD","TM2_UNIDAD","P","S","TM1","1","xFILIAL(""TM1"")+M->TM2_CODMED","","S"
"TM2_CODMED","003","SX5->X5_DESCRI","TM2_DESUNI","P","S","SX5","1","xFILIAL(""SX5"")+""62""+M->TM2_UNIDAD","","S"
"TM3_CODMED","001","TM1->TM1_NOMEDI","TM3_NOMEDI","P","S","TM1","1","xFILIAL(""TM1"")+M->TM3_CODMED","","S"
"TM5_CODRES","001","TMU->TMU_RESULT","TM5_RESULT","P","S","TMU","1","xFILIAL(""TMU"")+M->TM5_CODRES","","S"
"TM5_EXAME","001","TM4->TM4_NOMEXA","TM5_NOMEXA","P","S","TM4","1","xFILIAL(""TM4"")+M->TM5_EXAME","","S"
"TM5_NUMFIC","001","TM0->TM0_NOMFIC","TM5_NOMFIC","P","S","TM0","1","xFILIAL(""TM0"")+M->TM5_NUMFIC","","S"
"TM8_EXAME","001","TM4->TM4_NOMEXA","TM8_NOMEXA","P","S","TM4","1","xFILIAL(""TM4"")+M->TM8_EXAME","","S"
"TM9_EQPTO","001","TM7->TM7_NOEQTO","TM9_NOEQTO","P","S","TM7","1","xFILIAL(""TM7"")+M->TM9_EQPTO","","S"
"TMB_AGENTE","001","TMA->TMA_NOMAGE","TMB_NOMAGE","P","S","TMA","1","xFILIAL(""TMA"")+M->TMB_AGENTE","","S"
"TMB_EXAME","001","TM4->TM4_NOMEXA","TMB_NOMEXA","P","S","TM4","1","xFILIAL(""TM4"")+M->TMB_EXAME","","S"
"TMB_UNIDAD","001","SX5->X5_DESCRI","TMB_DESUNI","P","S","SX5","1","xFILIAL(""SX5"")+""62""+M->TMB_UNIDAD","","S"
"TMC_AGENTE","001","TMA->TMA_NOMAGE","TMC_NOMAGE","P","S","TMA","1","xFILIAL(""TMA"")+M->TMC_AGENTE","","S"
"TMD_EXAME","001","TM4->TM4_NOMEXA","TMD_NOMEXA","P","S","TM4","1","xFILIAL(""TM4"")+M->TMD_EXAME","","S"
"TMD_LOJA","001","TMD->TMD_NREDUZ","TMD_NREDUZ","P","S","SA2","1","xFILIAL(""SA2"")+M->TMD_FORNEC+M->TMD_LOJA","","S"
"TMF_NUMFIC","001","TM0->TM0_NOMFIC","TMF_NOMFIC","P","S","TM0","1","xFILIAL(""TM0"")+M->TMF_NOMFIC","","S"
"TMF_RESTRI","001","TME->TME_NOMRES","TMF_NOMRES","P","S","TME","1","xFILIAL(""TME"")+M->TMF_RESTRI","","S"
"TMJ_EXAME","001","TM4->TM4_NOMEXA","TMJ_NOMEXA","P","S","TM4","1","xFILIAL(""TM4"")+M->TMJ_EXAME","","S"
"TMJ_MOTIVO","001","TMS->TMS_NOMOTI","TMJ_NOMOTI","P","S","TMS","1","xFILIAL(""TMS"")+M->TMJ_MOTIVO","","S"
"TMJ_NUMFIC","001","TM0->TM0_NOMFIC","TMJ_NOMFIC","P","S","TM0","1","xFILIAL(""TM0"")+M->TMJ_NUMFIC","","S"
"TMJ_NUMFIC","002","TM0->TM0_MAT","TMJ_MAT","P","S","TM0","1","xFILIAL(""TM0"")+M->TMJ_NUMFIC","","S"
"TML_CALEND","001","SH7->H7_DESCRI","TML_DESCRI","P","S","SH7","1","xFILIAL(""SH7"")+M->TML_CALEND","","S"
"TML_CODUSU","001","TMK->TMK_NOMUSU","TML_NOMUSU","P","S","TMK","1","xFILIAL(""TMK"")+M->TML_CODUSU","","S"
"TMN_CODPRO","001","TMO->TMO_NOMPRO","TMN_NOMPRO","P","S","TMO","1","xFILIAL(""TMO"")+M->TMN_CODPRO","","S"
"TMN_CODPRO","002","TM0->TM0_NOMFIC","TMN_NOMFIC","P","S","TM0","1","xFILIAL(""TM0"")+M->TMN_NUMFIC","","S"
"TMN_NUMFIC","001","TM0->TM0_NOMFIC","TMN_NOMFIC","P","S","TM0","1","xFILIAL(""TM0"")+M->TMN_NUMFIC","","S"
"TMT_ACIDEN","001","TNC->TNC_DESACI","TMT_DESACI","P","S","TNC","1","xFILIAL(""TNC"")+M->TMT_ACIDEN","","S"
"TMT_CID","001","TMR->TMR_DOENCA","TMT_DOENCA","P","S","TMR","1","xFILIAL(""TMR"")+M->TMT_CID","","S"
"TMT_CID2","001","TMR->TMR_DOENCA","TMT_DOENC2","P","S","TMR","1","xFILIAL(""TMR"")+M->TMT_CID2","","S"
"TMT_CODUSU","001","TMK->TMK_NOMUSU","TMT_NOMUSU","P","S","TMK","1","xFILIAL(""TMK"")+M->TMT_CODUSU","","S"
"TMT_NUMFIC","001","TM0->TM0_NOMFIC","TMT_NOMFIC","P","S","TM0","1","xFILIAL(""TM0"")+M->TMT_NUMFIC","","S"
"TMV_CODUSU","001","TMK->TMK_NOMUSU","TMV_NOMUSU","P","S","TMK","1","xFILIAL(""TMK"")+M->TMV_CODUSU","","S"
"TMV_CODUSU","002","TML->TML_CALEND","TMV_CALEND","P","S","TML","2","xFILIAL(""TML"")+M->TMV_CODUSU","","S"
"TMV_EXAME","001","TM4->TM4_NOMEXA","TMV_NOMEXA","P","S","TM4","1","xFILIAL(""TM4"")+M->TMV_EXAME","","S"
"TMV_MOTIVO","001","TMS->TMS_NOMOTI","TMV_NOMOTI","P","S","TMS","1","xFILIAL(""TMS"")+M->TMV_MOTIVO","","S"
"TMW_CODUSU","001","TMK->TMK_NOMUSU","TMW_NOMUSU","P","S","TMK","1","xFILIAL(""TMK"")+M->TMW_CODUSU","","S"
"TMY_CODUSU","001","TMK->TMK_NOMUSU","TMY_NOMUSU","P","S","TMK","1","xFILIAL(""TMK"")+M->TMY_CODUSU","","S"
"TMY_NUMFIC","001","TM0->TM0_NOMFIC","TMY_NOMFIC","P","S","TM0","1","xFILIAL(""TM0"")+M->TMY_NUMFIC","","S"
"TN0_AGENTE","001","TMA->TMA_NOMAGE","TN0_NOMAGE","P","S","TMA","1","xFILIAL(""TMA"")+M->TN0_AGENTE","","S"
"TN0_CC","001","IF(ALLTRIM(M->TN0_CC) = ""*"", M->TN0_DESCCC := ""TODOS"" ,SUBSTR(SI3->I3_DESC,1,15))","TN0_DESCCC","P","S","SI3","1","xFILIAL(""SI3"")+M->TN0_CC","","S"
"TN0_CODAMB","001","TNE->TNE_NOME","TN0_NOMAMB","P","S","TNE","1","xFILIAL(""TNE"")+M->TN0_CODAMB","","S"
"TN0_CODFUN","001","IF(ALLTRIM(M->TN0_CODFUN) = ""*"", M->TN0_DESCFU := ""TODAS"" ,SUBSTR(SRJ->RJ_DESC,1,15))","TN0_DESCFU","P","S","SRJ","1","xFILIAL(""SRJ"")+M->TN0_CODFUN","","S"
"TN0_CODTAR","001","IF(ALLTRIM(M->TN0_CODTAR) = ""*"", M->TN0_NOMTAR := ""TODAS"" , SUBSTR(TN5->TN5_NOMTAR,1,15))","TN0_NOMTAR","P","S","TN5","1","xFILIAL(""TN5"")+M->TN0_CODTAR","","S"
"TN0_FONTE","001","TN7->TN7_NOMFON","TN0_NOMFON","P","S","TN7","1","xFILIAL(""TN7"")+M->TN0_FONTE","","S"
"TN1_AGENTE","001","TMA->TMA_NOMAGE","TN1_NOMAGE","P","S","TMA","1","xFILIAL(""TMA"")+M->TN1_AGENTE","","S"
"TN2_AGENTE","001","TMA->TMA_NOMAGE","TN2_NOMAGE","P","S","TMA","1","xFILIAL(""TMA"")+M->TN2_AGENTE","","S"
"TN2_EXAME","001","TM4->TM4_NOMEXA","TN2_NOMEXA","P","S","TM4","1","xFILIAL(""TM4"")+M->TN2_EXAME","","S"
"TN2_NUMRIS","001","TN0->TN0_AGENTE","TN2_AGENTE","P","S","TN0","1","xFILIAL(""TN0"")+M->TN2_NUMRIS","","S"
"TN3_CODEPI","001","SUBSTR(SB1->B1_DESC,1,20)","TN3_DESC","P","S","TN3","1","xFILIAL(""SB1"")+M->TN3_CODEPI","","S"
"TN4_AGENTE","001","TMA->TMA_NOMAGE","TN4_NOMAGE","P","S","TMA","1","xFILIAL(""TMA"")+M->TN4_AGENTE","","S"
"TN4_AGENTE","002","TMB->TMB_UNIDAD","TN4_UNIDAD","P","S","TMB","1","xFILIAL(""TMB"")+M->TN4_AGENTE+M->TN4_EXAME","","S"
"TN4_EXAME","001","TM4->TM4_NOMEXA","TN4_NOMEXA","P","S","TM4","1","xFILIAL(""TM4"")+M->TN4_EXAME","","S"
"TN6_CODTAR","001","TN5->TN5_NOMTAR","TN6_NOMTAR","P","S","TN5","1","xFILIAL(""TN5"")+M->TN6_CODTAR","","S"
"TN6_MAT","001","SRA->RA_NOME","TN6_NOME","P","S","SRA","1","xFILIAL(""SRA"")+M->TN6_MAT","","S"
"TN8_EXAME","001","TM4->TM4_NOMEXA","TN8_NOMEXA","P","S","TM4","1","xFILIAL(""TM4"")+M->TN8_EXAME","","S"
"TN8_FAIXA","001","TMQ->TMQ_FAIXA","TN8_FAIXA","P","S","TMQ","1","xFILIAL(""TMQ"")+M->TN8_FAIXA","","S"
"TN9_EXAME","001","TM4->TM4_NOMEXA","TN9_NOMEXA","P","S","TM4","1","xFILIAL(""TM4"")+M->TN9_EXAME","","S"
"TNA_CID","001","TMR->TMR_DOENCA","TNA_DOENCA","P","S","TMR","1","xFILIAL(""TMR"")+M->TNA_CID","","S"
"TNA_NUMFIC","001","TM0->TM0_NOMFIC","TNA_NOMFIC","P","S","TM0","1","xFILIAL(""TM0"")+M->TNA_NUMFIC","","S"
"TNB_CODEPI","001","SB1->B1_DESC","TNB_DESC","P","S","SB1","1","xFILIAL(""SB1"")+M->TNB_CODEPI","","S"
"TNC_CC","001","SI3->I3_DESC","TNC_DESCCC","P","S","SI3","1","xFILIAL(""SI3"")+M->TNC_CC","","S"
"TNC_CODFUN","001","SRJ->RJ_DESC","TNC_DESCFU","P","S","SRJ","1","xFILIAL(""SRJ"")+M->TNC_CODFUN","","S"
"TNC_CODOBJ","001","TNH->TNH_DESOBJ","TNC_DESOBJ","P","S","TNH","1","xFILIAL(""TNH"")+M->TNC_CODOBJ","","S"
"TNC_NUMFIC","001","TM0->TM0_NOMFIC","TNC_NOMFIC","P","S","TM0","1","xFILIAL(""TM0"")+M->TNC_NUMFIC","","S"
"TNC_TIPACI","001","TNG->TNG_DESTIP","TNC_DESTIP","P","S","TNG","1","xFILIAL(""TNG"")+M->TNC_TIPACI","","S"
"TNF_MAT","001","SRA->RA_NOME","TNF_NOME","P","S","SRA","1","xFILIAL(""SRA"")+M->TNF_MAT","","S"
"TNI_FUNRES","001","SRA->RA_NOME","TNI_NOMERE","P","S","SRA","1","xFILIAL(""SRA"")+M->TNI_FUNRES","","S"
"TNJ_CODPLA","001","TNI->TNI_NOMPLA","TNJ_NOMPLA","P","S","TNI","1","xFILIAL(""TNI"")+M->TNJ_CODPLA","","S"
"TNM_ACIDEN","001","TNC->TNC_DESACI","TNM_DESACI","P","S","TNC","1","xFILIAL(""TNC"")+M->TNM_ACIDEN","","S"
"TNM_CODDES","001","TNL->TNL_NOMDES","TNM_NOMDES","P","S","TNL","1","xFILIAL(""TNL"")+M->TNM_CODDES","","S"
"TNO_MAT","001","SRA->RA_NOME","TNO_NOME","P","S","SRA","1","xFILIAL(""SRA"")+M->TNO_MAT","","S"
"TNQ_MAT","001","SRA->RA_NOME","TNQ_NOME","P","S","SRA","1","xFILIAL(""SRA"")+M->TNQ_MAT","","S"
"TNS_MAT","001","SRA->RA_NOME","TNS_NOME","P","S","SRA","1","xFILIAL(""SRA"")+M->TNS_MAT","","S"
"TNT_ACIDEN","001","TNC->TNC_DESACI","TNT_DESACI","P","S","TNC","1","xFILIAL('TNC')+M->TNT_ACIDEN","","S"
"TNT_CODPLA","001","TNI->TNI_NOMPLA","TNT_NOMPLA","P","S","TNI","1","xFILIAL('TNI')+M->TNT_CODPLA","","S"
"TNU_RESINV","001","TMK->TMK_NOMUSU","TNU_NOME","P","S","TMK","1","xFILIAL(""TMK"")+M->TNU_RESINV","","S"
"TNV_CODPLA","001","TNI->TNI_NOMPLA","TNV_NOMPLA","P","S","TNI","1","xFILIAL(""TNI"")+M->TNV_CODPLA","","S"
"TNW_CODUSU","001","TMK->TMK_NOMUSU","TNW_NOMUSU","P","S","TMK","1","xFILIAL(""TMK"")+M->TNW_CODUSU","","S"
"TNX_EPI","001","SUBSTR(SB1->B1_DESC,1,20)","TNX_NOMEPI","P","S","SB1","1","xFILIAL(""SB1"")+M->TNX_EPI","","S"
"TNX_NUMRIS","001","TN0->TN0_AGENTE","TNX_AGENTE","P","S","TN0","1","xFILIAL(""TN0"")+M->TNX_NUMRIS","","S"
"TNX_NUMRIS","002","TMA->TMA_NOMAGE","TNX_NOMAGE","P","S","TMA","1","xFILIAL(""TMA"")+M->TNX_AGENTE","","S"
"TNY_CID","001","TMR->TMR_DOENCA","TNY_DOENCA","P","S","TMR","1","xFILIAL(""TMR"")+M->TNY_CID","","S"
"TNY_EMITEN","001","TNP->TNP_NOME","TNY_NOMUSU","P","S","TNP","1","xFILIAL(""TNP"")+M->TNY_EMITEN","","S"
"TNY_NUMFIC","001","TM0->TM0_NOMFIC","TNY_NOMFIC","P","S","TM0","1","xFILIAL(""TM0"")+M->TNY_NUMFIC","","S"
"TNZ_CAUSA","001","TND->TND_NOME","TNZ_NOME","P","S","TND","1","xFILIAL(""TND"")+M->TNZ_CAUSA","","S"
"TO0_CLIENT","001","SA1->A1_NOME","TO0_NOMECL","P","S","SA1","1","xFILIAL(""SA1"")+M->TO0_CLIENT+M->TO0_LOJA","","S"
"TO0_CODUSU","001","TMK->TMK_NOMUSU","TO0_NOMUSU","P","S","TMK","1","xFILIAL(""TMK"")+M->TO0_CODUSU","","S"
"TO1_LAUDO","001","SUBSTR(TO0->TO0_NOME,1,20)","TO1_NOMLAU","P","S","TO0","1","xFILIAL(""TO0"")+M->TO1_LAUDO","","S"
"TO2_EQPTO","001","TM7->TM7_NOEQTO","TO2_NOEQTO","P","S","TM7","1","xFILIAL(""TM7"")+M->TO2_EQPTO","","S"
"TO2_LAUDO","001","TO0->TO0_NOME","TO2_NOMLAU","P","S","TO0","1","XFILIAL(""TO0"")+M->TO2_LAUDO","","S"
"TO3_CONTRO","001","TO4->TO4_NOMCTR","TO3_NOMCTR","P","S","TO4","1","xFILIAL(""TO4"")+M->TO3_CONTRO","","S"
"TO5_CODAMB","001","TNE->TNE_NOME","TO5_NOMAMB","P","S","TNE","1","xFILIAL(""TNE"")+M->TO5_CODAMB","","S"
"TO5_CODFUN","001","IF(ALLTRIM(M->TO5_CODFUN) = ""*"", M->TO5_DESCFU := ""TODAS"" ,SUBSTR(SRJ->RJ_DESC,1,15))","TO5_DESCFU","P","S","SRJ","1","xFILIAL(""SRJ"")+M->TO5_CODFUN","","S"
"TO8_MAT","001","SRA->RA_NOME","TO8_NOME","P","S","SRA","1","xFILIAL(""SRA"")+M->TO8_MAT","","S"
"TO9_EPC","001","SUBSTR(ST9->T9_NOME,1,20)","TO9_NOMEPC","P","S","ST9","1","xFILIAL(""ST9"")+M->TO9_EPC","","S"
"TO9_NUMRIS","001","TN0->TN0_AGENTE","TO9_AGENTE","P","S","TN0","1","xFILIAL(""TN0"")+M->TO9_NUMRIS","","S"
"TO9_NUMRIS","002","TMA->TMA_NOMAGE","TO9_NOMAGE","P","S","TMA","1","xFILIAL(""TMA"")+M->TO9_AGENTE","","S"
"TOA_CODREQ","001","TA0->TA0_EMENTA","TOA_NOMREQ","P","S","TA0","1","XFILIAL(""TA0"")+M->TOA_CODREQ","","S"
"TOB_CC","001","SI3->I3_DESC","TOB_DESCC","P","S","SI3","1","xFILIAL(""SI3"")+M->TOB_CC","","S"
"TOB_CODFUN","001","SRJ->RJ_DESC","TOB_NOMFUN","P","S","SRJ","1","xFILIAL(""SRJ"")+M->TOB_CODFUN","","S"
"TOB_CODRES","001","TMK->TMK_NOMUSU","TOB_NOMRES","P","S","TMK","1","xFILIAL(""TMK"")+M->TOB_CODRES","","S"
"TOC_MAT","001","SRA->RA_NOME","TOC_NOME","P","S","SRA","1","xFILIAL(""SRA"")+M->TOC_MAT","","S"
"TOF_NUMFIC","001","TM0->TM0_NOMFIC","TOF_NOMFIC","P","S","TM0","1","xFILIAL(""TM0"")+M->TOF_NUMFIC","","S"
"TOH_CODEPI","001","SB1->B1_DESC","TOH_DESC","P","S","SB1","1","xFilial(""SB1"")+M->TOH_CODEPI","","S"
"TO_AREAFIM","001","SUBSTR(STD->TD_NOME,1,20)","TO_NOMAFIM","P","S","STD","1","xFILIAL(""STD"")+M->TO_AREAFIM","","S"
"TO_AREAINI","001","SUBSTR(STD->TD_NOME,1,20)","TO_NOMAINI","P","S","STD","1","xFILIAL(""STD"")+M->TO_AREAINI","","S"
"TO_BEMFIM","001","SUBSTR(ST9->T9_NOME,1,20)","TO_NOMBFIM","P","S","ST9","1","xFILIAL(""ST9"")+M->TO_BEMFIM","","S"
"TO_BEMINI","001","SUBSTR(ST9->T9_NOME,1,20)","TO_NOMBINI","P","S","ST9","1","xFILIAL(""ST9"")+M->TO_BEMINI","","S"
"TO_CCUSFIM","001","SUBSTR(SI3->I3_DESC,1,20)","TO_NOMCFIM","P","S","SI3","1","xFILIAL(""SI3"")+M->TO_CCUSFIM","","S"
"TO_CCUSINI","001","SUBSTR(SI3->I3_DESC,1,20)","TO_NOMCINI","P","S","SI3","1","xFILIAL(""SI3"")+M->TO_CCUSINI","","S"
"TO_CTRAFIM","001","SUBSTR(SHB->HB_NOME,1,20)","TO_NOMRFIM","P","S","SHB","1","xFILIAL(""SHB"")+M->TO_CTRAFIM","","S"
"TO_CTRAINI","001","SUBSTR(SHB->HB_NOME,1,20)","TO_NOMRINI","P","S","SHB","1","xFILIAL(""SHB"")+M->TO_CTRAINI","","S"
"TO_FAMIFIM","001","SUBSTR(ST6->T6_NOME,1,20)","TO_NOMFFIM","P","S","ST6","1","xFILIAL(""ST6"")+M->TO_FAMIFIM","","S"
"TO_FAMIINI","001","SUBSTR(ST6->T6_NOME,1,20)","TO_NOMFINI","P","S","ST6","1","xFILIAL(""ST6"")+M->TO_FAMIINI","","S"
"TO_SERVFIM","001","SUBSTR(ST4->T4_NOME,1,20)","TO_NOMSFIM","P","S","ST4","1","xFILIAL(""ST4"")+M->TO_SERVFIM","","S"
"TO_SERVINI","001","SUBSTR(ST4->T4_NOME,1,20)","TO_NOMSINI","P","S","ST4","1","xFILIAL(""ST4"")+M->TO_SERVINI","","S"
"TO_TIPOFIM","001","SUBSTR(STE->TE_NOME,1,20)","TO_NOMTFIM","P","S","STE","1","xFILIAL(""STE"")+M->TO_TIPOFIM","","S"
"TO_TIPOINI","001","SUBSTR(STE->TE_NOME,1,20)","TO_NOMTINI","P","S","STE","1","xFILIAL(""STE"")+M->TO_TIPOINI","","S"
"TP3_FORNEC","001","SA2->A2_LOJA","TP3_LOJA","P","S","SA2","1","XFILIAL(""SA2"")+M->TP3_FORNEC","","S"
"TP9_CALEND","001","SUBSTR(SH7->H7_DESCRI,1,20)","TP9_CALENO","P","S","SH7","1","xFILIAL(""SH7"")+M->TP9_CALEND","","S"
"TP9_CCUSTO","001","SUBSTR(SI3->I3_DESC,1,20)","TP9_CUSTNO","P","S","SI3","1","xFILIAL(""SI3"")+M->TP9_CCUSTO","","S"
"TP9_CENTRA","001","SUBSTR(SHB->HB_NOME,1,20)","TP9_CTRANO","P","S","SHB","1","xFILIAL(""SHB"")+M->TP9_CENTRA","","S"
"TP9_CODEST","001","SUBSTR(SB1->B1_DESC,1,20)","TP9_ESTQNO","P","S","SB1","1","xFILIAL(""SB1"")+M->TP9_CODEST","","S"
"TP9_CODFAM","001","SUBSTR(ST6->T6_NOME,1,20)","TP9_FAMINO","P","S","ST6","1","xFILIAL(""ST6"")+M->TP9_CODFAM","","S"
"TP9_CODFAM","002","ST6->T6_MOVIBEM","TP9_MOVBEM","P","N","","0","","","S"
"TP9_FABRIC","001","SUBSTR(ST7->T7_NOME,1,20)","TP9_FABRNO","P","S","ST7","1","xFILIAL(""ST7"")+M->TP9_FABRIC","","S"
"TP9_FORNEC","001","SUBSTR(SA2->A2_NOME,1,20)","TP9_FORNNO","P","S","SA2","1","xFILIAL(""SA2"")+M->TP9_FORNEC","","S"
"TPA_CDAREA","001","SUBSTR(STD->TD_NOME,1,20)","TPA_NOAREA","P","S","STD","1","xFILIAL(""STD"")+M->TPA_CDAREA","","S"
"TPB_CARACT","001","SUBSTR(TPR->TPR_NOME,1,20)","TPB_NOMETT","P","S","TPR","1","xFILIAL(""TPR"")+M->TPB_CARACT","","S"
"TPE_POSCON","001","M->TPE_POSCON","TPE_CONTAC","P","N","","0","","!lAchou","S"
"TPF_CALEND","001","SUBSTR(SH7->H7_DESCRI,1,20)","TPF_NOMCAL","P","S","SH7","1","xFILIAL(""SH7"")+M->TPF_CALEND","","S"
"TPF_CODFAM","001","SUBSTR(ST6->T6_NOME,1,20)","TPF_NOMFAM","P","S","ST6","1","xFILIAL(""ST6"")+M->TPF_CODFAM","","S"
"TPF_SERVIC","001","SUBSTR(ST4->T4_NOME,1,20)","TPF_NOMSER","P","S","ST4","1","xFILIAL(""ST4"")+M->TPF_SERVIC","","S"
"TPF_SERVIC","002","SUBSTR(STD->TD_NOME,1,20)","TPF_NOMARE","P","S","STD","1","xFILIAL(""STD"")+M->TPF_CODARE","","S"
"TPF_SERVIC","003","SUBSTR(STE->TE_NOME,1,20)","TPF_NOMTIP","P","S","STE","1","xFILIAL(""STE"")+M->TPF_TIPO","","S"
"TPH_ETAPA","001","SUBSTR(TPA->TPA_DESCRI,1,20)","TPH_NOMETA","P","S","TPA","1","xFILIAL(""TPA"")+M->TPH_ETAPA","","S"
"TPK_CODPRO","001","SUBSTR(SB1->B1_DESC,1,20)","TPK_NOMPEC","P","S","SB1","1","xFILIAL(""SB1"")+M->TPK_CODPRO","","S"
"TPK_CODPRO","002","SUBSTR(SB1->B1_UM,1,2)","TPK_UNIDAD","P","S","SB1","1","xFILIAL(""SB1"")+M->TPK_CODPRO","","S"
"TPL_CODMOT","001","SUBSTR(TPJ->TPJ_DESMOT,1,20)","TPL_DESMOT","P","S","TPJ","1","xFILIAL(""TPJ"")+M->TPL_CODMOT","","S"
"TPO_ESPECI","001","SUBSTR(ST0->T0_NOME,1,20)","TPO_NOMESP","P","S","ST0","1","XFILIAL(""ST0"")+M->TPO_ESPECI","","S"
"TPO_FORNEC","001","SUBSTR(SA2->A2_NOME,1,20)","TPO_NOMFOR","P","S","SA2","1","xFILIAL(""SA2"")+M->TPO_FORNEC","","S"
"TPO_FORNEC","002","SA2->A2_LOJA","TPO_LOJA","P","S","SA2","1","xFILIAL(""SA2"")+M->TPO_FORNEC","","S"
"TPO_SERVIC","001","SUBSTR(ST4->T4_NOME,1,20)","TPO_NOMSER","P","S","ST4","1","xFILIAL(""ST4"")+M->TPO_SERVIC","","S"
"TPV_CODBEM","001","SUBSTR(ST9->T9_NOME,1,20)","TPV_NOMBEM","P","S","ST9","1","xFILIAL(""ST9"")+M->TPV_CODBEM","","S"
"TPV_CODROT","001","SUBSTR(TPU->TPU_DESCRI,1,20)","TPV_DESCRI","P","S","TPU","1","xFILIAL(""TPU"")+M->TPV_CODROT","","S"
"TPX_CODFUN","001","SUBSTR(SB1->SB1_NOME,1,20)","TPX_NOMFUN","P","S","ST1","1","xFILIAL(""ST1"")+M->TPX_CODFUN","","S"
"TPY_CODPRO","001","SUBSTR(SB1->B1_DESC,1,20)","TPY_NOMPEC","P","S","SB1","1","xFILIAL(""SB1"")+M->TPY_CODPRO","","S"
"TPY_CODPRO","002","SUBSTR(SB1->B1_UM,1,2)","TPY_UNIDAD","P","S","SB1","1","xFILIAL(""SB1"")+M->TPY_CODPRO","","S"
"TP_CCUSTO","001","SUBSTR(SI3->I3_DESC,1,20)","TP_NOMCUST","P","S","SI3","1","xFILIAL(""SI3"")+M->TP_CCUSTO","","S"
"TP_CENTRAB","001","SUBSTR(SHB->HB_NOME,1,20)","TP_NOMTRAB","P","S","SHB","1","xFILIAL(""SHB"")+M->TP_CENTRAB","","S"
"TP_CODBEM","001","SUBSTR(ST9->T9_NOME,1,20)","TP_NOMBEM","P","S","ST9","1","xFILIAL(""ST9"")+M->TP_CODBEM","","S"
"TP_SERVICO","001","SUBSTR(ST4->T4_NOME,1,20)","TP_NOMSERV","P","S","ST4","1","xFILIAL(""ST4"")+M->TP_SERVICO","","S"
"TQ0_DESENH","001","SUBSTR(ST6->T6_NOME,1,30)","TQ0_NOMDES","P","S","ST6","1","XFILIAL('ST6')+M->TQ0_DESENH","","S"
"TQB_FUNEXE","001","Substr(ST1->T1_NOME,1,20)","TQB_NOMFUN","P","S","ST1","1","xFILIAL(""ST1"")+M->TQB_FUNEXE","","S"
"TQE_CODFUN","001","Substr(ST1->T1_NOME,1,20)","TQE_NOMFUN","P","S","","0","XFILIAL(""ST1"")+M->TQE_CODFUN","","S"
"TR_BEMFAMI","001","SUBSTR(ST6->T6_NOME,1,20)","TR_NOMFAMI","P","S","ST6","1","xFILIAL(""ST6"")+M->TR_BEMFAMI","","S"
"TR_CODBEM","001","SUBSTR(ST9->T9_NOME,1,20)","TR_NOMBEM","P","S","ST9","1","xFILIAL(""ST9"")+M->TR_CODBEM","","S"
"TS_CODBEM","001","SUBSTR(ST9->T9_NOME,1,20)","TS_NOMBEM","P","S","ST9","1","xFILIAL(""ST9"")+M->TS_CODBEM","","S"
"TS_SERVICO","001","SUBSTR(ST4->T4_NOME,1,20)","TS_NOMSERV","P","S","ST4","1","xFILIAL(""ST4"")+M->TS_SERVICO","","S"
"TU_TAREFA","001","IF(ALLTRIM(M->TU_TAREFA) = ""0"",""SEM ESPECIFICACAO"",SUBSTR(ST5->T5_DESCRIC,1,20)","TU_NOMETAR","P","S","ST5","1","xFILIAL(""ST5"")+STS->TS_CODBEM+STS->TS_SERVICO+STR(STS->TS_SEQUENC,3)+M->TU_TAREFA","","S"
"TZ_CAUSA","001","SUBSTR(ST8->T8_NOME,1,20)","TZ_NOMCAUS","P","S","ST8","1","xFILIAL(""ST8"")+M->TZ_CAUSA","","S"
"U0_REGNEG","001","Posicione(""SK2"",1,xFilial(""SK2"")+M->U0_REGNEG,""K2_DESC"")","U0_DESCNEG","P","","","0","","","S"
"U0_REGSEL","001","Posicione(""SK0"",1,xFilial(""SK0"")+M->U0_REGSEL,""K0_DESC"")","U0_DESCSEL","P","","","0","","","S"
"U1_ACESSOR","001","Posicione(""SB1"",1,xFilial(""SB1"")+M->U1_ACESSOR,""B1_DESC"")","U1_DACESS","P","","","0","","","S"
"U4_CODCAMP","001","Posicione(""SUO"",1,xFilial(""SUO"")+M->U4_CODCAMP,""UO_DESC"")","U4_DESCCAM","P","","","0","","","S"
"U4_FORMA","001","IIF(INCLUI .AND. M->U4_FORMA == ""2"",""3"","""")","U4_TIPOTEL","P","","","0","","","S"
"U4_OPERAD","001","Posicione(""SU7"",1,xFilial(""SU7"")+M->U4_OPERAD,""U7_NOME"")","U4_NOPERAD","P","","","0","","","S"
"U5_DEPTO","001","SQB->QB_DESCRIC","U5_DDEPTO","P","S","SQB","1","xFilial(""SQB"")+M->U5_DEPTO","","S"
"U5_FUNCAO","001","Posicione(""SUM"",1,xFilial(""SUM"")+M->U5_FUNCAO,""UM_DESC"")","U5_DFUNCAO","P","","","0","","","S"
"U5_GRUPO","001","SQ0->Q0_DESCRIC","U5_DGRUPO","P","S","SQ0","1","xFilial(""SQ0"")+M->U5_GRUPO","","S"
"U5_NIVEL","001","X5DESCRI()","U5_DNIVEL","P","S","SX5","1","xFilial(""SX5"") + ""T6"" + M->U5_NIVEL","","S"
"U7_CODRD0","001","Posicione(""RD0"",1,xFilial(""RD0"")+FGetPessoa(""SU7"",xFilial(""SU7"")+M->U7_COD),""RD0_NOME"")","U7_DESCRD0","P","N","","0","","","S"
"U7_VEND","001","""""","U7_CODVEN","P","","","0","","M->U7_VEND==""N""","S"
"U9_ASSUNTO","001","X5DESCRI()","U9_DESCASS","P","S","SX5","1","xFilial(""SX5"")+ ""T1"" + M->U9_ASSUNTO","","S"
"UA_CLIENTE","001","TkDCliente(M->UA_CLIENTE,M->UA_LOJA)","UA_DESCCLI","P","N","","0","","","S"
"UA_CODCAMP","001","Posicione(""SUO"",1,xFilial(""SUO"") + M->UA_CODCAMP,""UO_DESC"")","UA_DESCCAM","P","N","","0","","","S"
"UA_CODCONT","001","Posicione(""SU5"",1,xFilial(""SU5"") + M->UA_CODCONT,""U5_CONTAT"")","UA_DESCNT","P","N","","0","","","S"
"UA_CODLIG","001","Posicione(""SU9"",2,xFilial(""SU9"") + M->UA_CODLIG,""U9_DESC"")","UA_DESCLIG","P","N","","0","","","S"
"UA_MIDIA","001","Posicione(""SUH"",1,xFilial(""SUH"") + M->UA_MIDIA,""UH_DESC"")","UA_DESCMID","P","N","","0","","","S"
"UA_OPERADO","001","Posicione(""SU7"",1,xFilial(""SU7"") + M->UA_OPERADO,""U7_NOME"")","UA_DESCOPE","P","N","","0","","","S"
"UA_TMK","001","""""","UA_CODCAMP","P","N","","0","","","S"
"UA_VEND","001","Posicione(""SA3"",1,xFilial(""SA3"") + M->UA_VEND,""A3_NOME"")","UA_DESCVEN","P","N","","0","","","S"
"UB_OPER","001","MaTesInt(2,,M->UA_CLIENTE,M->UA_LOJA,""C"",M->UB_PRODUTO,""UB_TES"")","UB_TES","P","N","","0","","","S"
"UB_TES","001","TK273CFO()","UB_CF","P","S","SF4","1","xFilial(""SUA"")+M->UB_TES","!Empty(M->UB_TES)","S"
"UC_CODCAMP","001","Posicione(""SUO"",1,xFilial(""SUO"") + M->UC_CODCAMP,""UO_DESC"")","UC_DESCCAM","P","N","","0","","","S"
"UC_CODCONT","001","Posicione(""SU5"",1,xFilial(""SU5"") + M->UC_CODCONT,""U5_CONTAT"")","UC_DESCNT","P","N","","0","","","S"
"UC_CODCONT","002","TkEntContato(M->UC_CODCONT)","UC_ENTIDAD","P","N","","0","","","S"
"UC_MIDIA","001","Posicione(""SUH"",1,xFilial(""SUH"") + M->UC_MIDIA,""UH_DESC"")","UC_DESCMID","P","N","","0","","","S"
"UC_OPERACA","001","""""","UC_CODCAMP","P","N","","0","","","S"
"UC_OPERADO","001","Posicione(""SU7"",1,xFilial(""SU7"") + M->UC_OPERADO,""U7_NOME"")","UC_DESCOPE","P","N","","0","","","S"
"UC_TIPO","001","Posicione(""SUL"",1,xFilial(""SUL"") + M->UC_TIPO,""UL_DESC"")","UC_DESCTIP","P","N","","0","","","S"
"UE_CODCAMP","001","SUO->UO_DESC","UE_DCAMPAN","P","N","","0","","","S"
"UE_MIDIA","001","SUH->UH_DESC","UE_DMIDIA","P","N","","0","","","S"
"UE_OPERADO","001","SU7->U7_NOME","UE_DOPERAD","P","N","","0","","","S"
"UE_TIPO","001","SUL->UL_DESC","UE_DTIPO","P","N","","0","","","S"
"UF_ASSUNTO","001","X5DESCRI()","UF_DESCASS","P","N","","0","","","S"
"UF_CODSOL","001","SUR->UR_DESC","UF_DESCSOL","P","N","","0","","","S"
"UF_OCORREN","001","SU9->U9_DESC","UF_DESCOCO","P","N","","0","","","S"
"UF_OPERADO","001","Tk120DescUsu()","UF_DESCOPE","P","N","","0","","","S"
"UF_PRODUTO","001","SB1->B1_DESC","UF_DESCPRO","P","N","","0","","","S"
"UG_PRODUTO","001","Posicione(""SB1"",1,xFilial(""SB1"")+M->UG_PRODUTO,""B1_DESC"")","UG_DESC","P","N","","0","","","S"
"UH_TIPO","001","X5DESCRI()","UH_DTIPO","P","S","SX5","1","xFilial(""SX5"") + ""T4"" + M->UH_TIPO","","S"
"UO_CUSTO","001","IF(M->UO_RETORNO>0,(M->UO_CUSTO+(M->UO_CUSTO*M->UO_RETORNO)/100),M->UO_PREVEND)","UO_PREVEND","P","N","","0","","","S"
"UO_CUSTO","002","IF(M->UO_PREVEND>0,((M->UO_PREVEND*100)/M->UO_CUSTO),M->UO_RETORNO)","UO_RETORNO","P","N","","0","","","S"
"UO_PREVEND","001","NOROUND(((M->UO_PREVEND - M->UO_CUSTO) * 100) / M->UO_CUSTO,2)","UO_RETORNO","P","N","","0","","","S"
"UO_PUBALVO","001","X5DESCRI()","UO_DPUBALV","P","S","SX5","1","xFilial(""SX5"") + ""T6"" + M->UO_PUBALVO","","S"
"UO_RETORNO","001","M->UO_CUSTO + NOROUND((M->UO_CUSTO * M->UO_RETORNO) / 100,2)","UO_PREVEND","P","N","","0","","","S"
"UO_TOTFRA","001","(100 - M->UO_TOTFRA)","UO_TOTSUC","P","N","","0","","","S"
"UO_TOTSUC","001","(100 - M->UO_TOTSUC)","UO_TOTFRA","P","N","","0","","","S"
"US_CODCLI","001","!Empty(SUS->US_CODCLI) .AND. !Empty(SUS->US_LOJACLI)","US_DESCCLI","X","S","SA1","1","xFilial(""SUS"")+SUS->US_CODCLI+SUS->US_LOJACLI","SA1->A1_NOME","S"
"US_SATIV","001","X5DESCRI()","US_DSATIV","P","S","SX5","1","xFilial(""SX5"") + ""T3"" + M->US_SATIV","","S"
"US_SATIV2","001","X5DESCRI()","US_DSATIV2","P","S","SX5","1","xFilial(""SX5"") + ""T3"" + M->US_SATIV2","","S"
"US_SATIV3","001","X5DESCRI()","US_DSATIV3","P","S","SX5","1","xFilial(""SX5"") + ""T3"" + M->US_SATIV3","","S"
"US_SATIV4","001","X5DESCRI()","US_DSATIV4","P","S","SX5","1","xFilial(""SX5"") + ""T3"" + M->US_SATIV4","","S"
"US_SATIV5","001","X5DESCRI()","US_DSATIV5","P","S","SX5","1","xFilial(""SX5"") + ""T3"" + M->US_SATIV5","","S"
"US_SATIV6","001","X5DESCRI()","US_DSATIV6","P","S","SX5","1","xFilial(""SX5"") + ""T3"" + M->US_SATIV6","","S"
"US_SATIV7","001","X5DESCRI()","US_DSATIV7","P","S","SX5","1","xFilial(""SX5"") + ""T3"" + M->US_SATIV7","","S"
"US_SATIV8","001","X5DESCRI()","US_DSATIV8","P","S","SX5","1","xFilial(""SX5"") + ""T3"" + M->US_SATIV8","","S"
"UW_CODEVE","001","ACD->ACD_DESC","UW_DESCEVE","P","N","","0","","","S"
"UW_CODSCRI","001","SUZ->UZ_DESC","UW_TITSCRI","P","N","","0","","","S"
"UW_MIDIA","001","SUH->UH_DESC","UW_DESCMID","P","N","","0","","","S"
"UW_PRODUTO","001","SB1->B1_DESC","UW_DESCPRO","P","N","","0","","","S"
"UZ_PROCMAX","001","X5DESCRI()","UZ_DESCMAX","P","S","SX5","1","xFilial(""SX5"")+""E3""+M->UZ_PROCMAX","","S"
"UZ_PROCMIN","001","X5DESCRI()","UZ_DESCMIN","P","S","SX5","1","xFilial(""SX5"")+""E3""+M->UZ_PROCMIN","","S"
"VV1_MODVEI","001","VV2->VV2_SEGMOD","VV1_SEGMOD","P","S","VV2","1","XFILIAL(""VV2"") + M->VV1_CODMAR + M->VV1_MODVEI","","S"
"W0_COMPRA","001","SY1->Y1_NOME","W0_COMPRAN","P","S","SY1","1","xFilial(""SY1"")+M->W0_COMPRA","","S"
"W0_FORN","001","E_Field(""W0_FORN"",""A2_NREDUZ"",""G"")","W0_FORNDES","P","N","","0","","","S"
"W0_SIKIT","001","SYV->YV_TYP_MOD","W0_KITSERI","P","N","","0","","","S"
"W0__CC","001","E_Field(""W0__CC"",""Y3_DESC"",""G"")","W0__CCDESC","P","N","","0","","","S"
"W0__POLE","001","E_Field(""W0__POLE"",""Y2_DESC"",""G"")","W0__POLEDE","P","N","","0","","","S"
"W1_CLASS","001","SI400Tabela(""Y1"",M->W1_CLASS)","W1_VMCLASS","P","N","","0","","","S"
"W1_COD_I","001","MSMM(SB1->B1_DESC_P,30,1)","W1_COD_DES","P","S","SB1","1","XFILIAL(""SB1"")+M->W1_COD_I","","S"
"W1_FABR","001","SA2->A2_NREDUZ","W1_FAB_NOM","P","S","SA2","1","XFILIAL(""SA2"")+M->W1_FABR","","S"
"W1_FORN","001","SA2->A2_NREDUZ","W1_FOR_NOM","P","S","SA2","1","xFilial(""SA2"")+M->W1_FORN","","S"
"W2_AGENTE","001","E_Field(""W2_AGENTE"",""Y4_NOME"",""G"")","W2_AGENTEN","P","N","","0","","","S"
"W2_ARMAZEM","001","SJA->JA_DESCR","W2_VM_ARMA","P","S","SJA","1","xFilial(""SJA"")+M->W2_ARMAZEM","","S"
"W2_CLIENTE","001","E_Field(""W2_CLIENTE"",""A1_NREDUZ"",""G"")","W2_CLINOME","P","N","","0","","","S"
"W2_COD_MSG","001","IF(EMPTY(M->W2_COD_MSG),M->W2_VM_OBS,MSMM(SY7->Y7_TEXTO,60))","W2_VM_OBS","P","S","SY7","1","xFilial(""SY7"")+M->W2_COD_MSG","","S"
"W2_COMPRA","001","E_Field(""W2_COMPRA"",""Y1_NOME"",""G"")","W2_COMPRAN","P","N","","0","","","S"
"W2_COND_EX","001","IF(!EMPTY(M->W2_COND_EX),SY6->Y6_DIAS_PA,0)","W2_DIAS_EX","P","N","","0","","","S"
"W2_COND_PA","001","SY6->Y6_DIAS_PA","W2_DIAS_PA","P","S","SY6","1","xFilial(""SY6"")+M->W2_COND_PA","","S"
"W2_CONSIG","001","E_Field(""W2_CONSIG"",""YT_NOME"",""G"")","W2_CONNOME","P","N","","0","","","S"
"W2_DESCONT","001","M->(W2_FOB_TOT+W2_INLAND+W2_PACKING+W2_FRETEIN+W2_OUT_DES-W2_DESCONT)","W2_FOB_GER","P","N","","0","","","S"
"W2_DT_PAR","001","EICPO400PARI()","W2_PARID_U","P","N","","0","","","S"
"W2_EXPORTA","001","E_Field(""W2_EXPORTA"",""A2_NREDUZ"",""G"")","W2_EXPNOME","P","N","","0","","","S"
"W2_FORWARD","001","E_Field(""W2_FORWARD"",""Y4_NOME"",""G"")","W2_FORWARN","P","N","","0","","","S"
"W2_FRETEIN","001","M->(W2_FOB_TOT+W2_INLAND+W2_PACKING+W2_FRETEIN+W2_OUT_DES-W2_DESCONT)","W2_FOB_GER","P","N","","0","","","S"
"W2_IMPORT","001","E_Field(""W2_IMPORT"",""YT_NOME"",""G"")","W2_IMPNOME","P","N","","0","","","S"
"W2_INLAND","001","M->(W2_FOB_TOT+W2_INLAND+W2_PACKING+W2_FRETEIN+W2_OUT_DES-W2_DESCONT)","W2_FOB_GER","P","N","","0","","","S"
"W2_MOEDA","001","EICPO400PARI()","W2_PARID_U","P","N","","0","","","S"
"W2_ORIGEM","001","M->W2_DEST:=SYR->YR_DESTINO","W2_DEST","P","S","SYR","1","xFilial(""SYR"")+M->W2_TIPO_EM+M->W2_ORIGEM","EMPTY(M->W2_DEST)","S"
"W2_PACKING","001","M->(W2_FOB_TOT+W2_INLAND+W2_PACKING+W2_FRETEIN+W2_OUT_DES-W2_DESCONT)","W2_FOB_GER","P","N","","0","","","S"
"W2_REG_TRI","001","SJP->JP_DESC","W2_REGDESC","P","S","SJP","1","XFILIAL(""SJP"")+M->W2_REG_TRI","","S"
"W2_TIPO_EM","001","E_Field(""W2_TIPO_EM"",""YQ_DESCR"",""G"")","W2_TIPO_DE","P","N","","0","","","S"
"W2_TIPO_EM","002","M->W2_DEST:=SYR->YR_DESTINO","W2_DEST","P","S","SYR","1","xFilial(""SYR"")+M->W2_TIPO_EM+M->W2_ORIGEM","","S"
"W2_TIPO_EM","003","E_Field(""W2_TIPO_EM"",""YQ_DESCR"",""G"")","W2_TIPO_DE","P","N","","0","","","S"
"W2__NR_COT","001","M->W2__DT_COT:=If(Inclui.OR.EMPTY(M->W2__DT_COT),SWR->WR_DT_CONC,M->W2__DT_COT)","W2__DT_COT","P","N","","0","","","S"
"W2__NR_COT","002","M->W2_DEST:=If(Inclui,SWR->WR_DESTINO,M->W2_DEST)","W2_DEST","P","N","","0","","","S"
"W2__NR_COT","003","M->W2_FREPPCC:=If(Inclui,SWR->WR_TIP_FRE,M->W2_FREPPCC)","W2_FREPPCC","P","N","","0","","","S"
"W2__NR_COT","004","M->W2_COMPRA:=If(Inclui,SWR->WR_COMPRA,M->W2_COMPRA)","W2_COMPRA","P","N","","0","","","S"
"W2__NR_COT","005","M->W2_TIPO_EM:=If(Inclui,SWR->WR_VIA,M->W2_TIPO_EM)","W2_TIPO_EM","P","N","","0","","","S"
"W2__NR_COT","006","E_Field(""W2_COMPRA"",""Y1_NOME"",""G"")","W2_COMPRAN","P","N","","0","","","S"
"W2__NR_COT","007","E_Field(""W2_TIPO_EM"",""YQ_DESCR"",""G"")","W2_TIPO_DE","P","N","","0","","","S"
"W4_AGSECEX","001","SJ9->J9_DESC","W4_VM_AGSE","P","S","SJ9","1","XFILIAL(""SJ9"")+M->W4_AGSECEX","","S"
"W4_COD_MSG","001","M->W4_VM_DESG:=MSMM(SY7->Y7_TEXTO,48)","W4_VM_DESG","P","S","SY7","1","xFilial(""SY7"")+M->W4_COD_MSG","","S"
"W4_COND_PA","001","MSMM(SY6->Y6_DESC_P,50)","W4_VM_COPA","P","S","SY6","1","XFILIAL(""SY6"")+M->W4_COND_PA","","S"
"W4_COND_PA","002","M->W4_DIAS_PA:=SY6->Y6_DIAS_PA","W4_DIAS_PA","P","N","","0","","","S"
"W4_DIAS_PA","001","MSMM(SY6->Y6_DESC_P,50)","W4_VM_COPA","P","S","SY6","1","xFilial(""SW6"")+M->W4_COND_PA+STR(M->W4_DIAS_PA,3,0)","","S"
"W4_PROD_SU","001","SYZ->YZ_DESCR","W4_VM_PZFM","P","S","SYZ","1","XFILIAL(""SYZ"")+M->W4_PROD_SU","","S"
"W4_REGIMP","001","SY8->Y8_DES","W4_VM_REGI","P","S","SY8","1","XFILIAL(""SY8"")+M->W4_REGIMP","","S"
"W4_TIPOAPL","001","SX5->X5_DESCRI","W4_VM_TPAP","P","S","SX5","1","XFILIAL(""SX5"")+""Y4""+M->W4_TIPOAPL","","S"
"W4_URF_CHE","001","SJ0->J0_DESC","W4_VM_URFC","P","S","SJ0","1","XFILIAL(""SJ0"")+M->W4_URF_CHE","","S"
"W4_URF_DES","001","SJ0->J0_DESC","W4_VM_URFD","P","S","SJ0","1","XFILIAL(""SJ0"")+M->W4_URF_DES","","S"
"W6_AGENTE","001","E_Field(""W6_AGENTE"",""Y4_NOME"",""G"")","W6_AGENTEN","P","N","","0","","","S"
"W6_ARMADOR","001","E_Field(""W6_ARMADOR"",""Y5_NOME"",""G"")","W6_ARMNOME","P","N","","0","","","S"
"W6_COD_SEG","001","E_Field(""W6_COD_SEG"",""YK_PROCEDE"",""G"")","W6_SEGDESC","P","N","","0","","","S"
"W6_COND_PA","001","M->W6_DIAS_PA:=SY6->Y6_DIAS_PA","W6_DIAS_PA","P","N","","0","","","S"
"W6_COND_PA","002","MSMM(SY6->Y6_DESC_P,48)","W6_DESCRPG","P","N","","0","","","S"
"W6_DESP","001","E_Field(""W6_DESP"",""Y5_NOME"",""G"")","W6_DESPNOM","P","N","","0","","","S"
"W6_DIAS_PA","001","MSMM(SY6->Y6_DESC_P,48)","W6_DESCRPG","P","S","SY6","1","xFilial(""SW6"")+M->W6_COND_PA+STR(M->W6_DIAS_PA,3,0)","","S"
"W6_IMPORT","001","E_Field(""W6_IMPORT"",""YT_NOME"",""G"")","W6_IMPORVM","P","N","","0","","","S"
"W6_LOCAL","001","E_Field(""W6_LOCAL"",""Y9_DESCR"",""G"",,2)","W6_LOCALN","P","N","","0","","","S"
"W6_MSG_COM","001","M->W6_VM_COMP:=MSMM(SY7->Y7_TEXTO)","W6_VM_COMP","P","S","SY7","3","xFilial(""SY7"")+'4'+M->W6_MSG_COM","","S"
"W6_ORIGEM","001","M->W6_DEST:=SYR->YR_DESTINO","W6_DEST","P","S","SYR","1","xFilial(""SYR"")+M->W6_VIA_TRA+M->W6_ORIGEM","EMPTY(M->W6_DEST)","S"
"W6_ORIGEM","002","M->W6_PAISPRO:=SYR->YR_PAIS_OR","W6_PAISPRO","P","S","SYR","1","xFilial(""SYR"")+M->W6_VIA_TRA+M->W6_ORIGEM","EMPTY(M->W6_PAISPRO) .OR. INCLUI","S"
"W6_PAISVEI","001","E_Field(""W6_PAISVEI"",""YA_DESCR"",""G"")","W6_PAISNOM","P","N","","0","","","S"
"W6_POMODEL","001","SW2->W2_AGENTE","W6_AGENTE","P","S","","0","XFILIAL(""SW2"")+M->W6_POMODEL","","S"
"W6_POMODEL","002","SW2->W2_DESP","W6_DESP","P","S","","0","XFILIAL(""SW2"")+M->W6_POMODEL","","S"
"W6_POMODEL","003","SW2->W2_TIPO_EM","W6_VIA_TRA","P","S","","0","XFILIAL(""SW2"")+M->W6_POMODEL","","S"
"W6_POMODEL","004","SW2->W2_ORIGEM","W6_ORIGEM","P","S","","0","XFILIAL(""SW2"")+M->W6_POMODEL","","S"
"W6_POMODEL","005","SW2->W2_DEST","W6_DEST","P","S","","0","XFILIAL(""SW2"")+M->W6_POMODEL","","S"
"W6_REC_ALF","001","SJA->JA_DESCR","W6_VM_RECA","P","S","SJA","1","xFilial(""SJA"")+M->W6_REC_ALF","","S"
"W6_TIPOCON","001","SX5->X5_DESCRI","W6_VM_TCON","P","S","SX5","1","xFilial(""SX5"")+""47""+M->W6_TIPOCON","","S"
"W6_TIPODES","001","E_FIELD(""W6_TIPODES"",IF(lDISimples,""JV_DESC"",""JB_DESCR""),""G"")","W6_VM_TDES","P","N","SJB","1","","","S"
"W6_TRANS","001","E_FIELD(""W6_TRANS"",""A4_NOME"",""G"")","W6_DESCTRA","P","N","","0","","","S"
"W6_TRANSIN","001","E_FIELD(""W6_TRANSIN"",""A4_NOME"",""G"")","W6_TRANSVM","P","N","","0","","","S"
"W6_URF_DES","001","SJ0->J0_DESC","W6_VM_UDES","P","S","SJ0","1","xFilial(""SJ0"")+M->W6_URF_DES","","S"
"W6_URF_ENT","001","SJ0->J0_DESC","W6_VM_UENT","P","S","SJ0","1","xFilial(""SJ0"")+M->W6_URF_ENT","","S"
"W6_VIA_TRA","001","E_FIELD(""W6_VIA_TRA"",""YQ_DESCR"",""G"")","W6_DESCVIA","P","N","","0","","","S"
"WB_BANCO","001","If(EMPTY(ALLTRIM(M->WB_BANCO)),M->WB_DES_BCO:='',M->WB_DES_BCO:=SA6->A6_NOME)","WB_DES_BCO","P","S","SA6","1","xFilial(""SA6"")+M->WB_BANCO","","S"
"WB_BCO_REC","001","If(EMPTY(ALLTRIM(M->WB_BCO_REC)),M->WB_DESBCOR:='',M->WB_DESBCOR:=SA6->A6_NOME)","WB_DESBCOR","P","S","SA6","1","xFilial(""SA6"")+M->WB_BCO_REC","","S"
"WB_CORRETO","001","SYW->YW_NOME","WB_VM_CORR","P","S","SYW","1","xFilial(""SYW"")+M->WB_CORRETO","","S"
"WB_TIPOREG","001","SX5->X5_DESCRI","WB_VM_TREG","P","S","SX5","1","xFilial(""SX5"")+""Y6""+M->WB_TIPOREG","","S"
"WC_BANCO","001","SA6->A6_NREDUZ","WC_VM_BANC","P","S","SA6","1","xFilial(""SA6"")+M->WC_BANCO","","S"
"WC_BANCO","002","IF(EMPTY(M->WC_BANCO),"""",SA6->A6_AGENCIA)","WC_AGENCIA","P","S","SA6","1","xFilial(""SA6"")+M->WC_BANCO","","S"
"WD_DESPESA","001","E_Field(""WD_DESPESA"",""YB_DESCR"",""G"")","WD_DESCDES","P","N","","0","","","S"
"WD_FORN","001","SA2->A2_LOJA","WD_LOJA","P","S","SA2","1","","","S"
"WF4_DTFIM","001","M->WF4_DTFIM-M->WF4_DTINI","WF4_NDIAS","P","N","","0","","","S"
"WF4_NDIAS","001","M->WF4_DTINI+M->WF4_NDIAS","WF4_DTFIM","P","N","","0","","","S"
"WI_DESP","001","M->WI_MOEDA:=SYB->YB_MOEDA","WI_MOEDA","P","S","SYB","1","xFilial(""SYB"")+M->WI_DESP","","S"
"WI_DESP","002","M->WI_PERCAPL:=SYB->YB_PERCAPL","WI_PERCAPL","P","S","SYB","1","xFilial(""SYB"")+M->WI_DESP","","S"
"WI_DESP","003","M->WI_DESPBAS:=SYB->YB_DESPBAS","WI_DESPBAS","P","S","SYB","1","xFilial(""SYB"")+M->WI_DESP","","S"
"WI_DESP","004","M->WI_VALOR:=SYB->YB_VALOR","WI_VALOR","P","S","SYB","1","xFilial(""SYB"")+M->WI_DESP","","S"
"WI_DESP","005","M->WI_QTDDIAS:=SYB->YB_QTDEDIA","WI_QTDDIAS","P","S","SYB","1","xFilial(""SYB"")+M->WI_DESP","","S"
"WL_DT_PGTO","001","BUSCATAXA(""US$"",M->WL_DT_PGTO)","WL_TAXAPJR","P","N","","0","","EMPTY(M->WL_TAXAPJR)","S"
"WM_BANCO","001","SA6->A6_NREDUZ","WM_DESCBAN","P","S","SA6","1","XFILIAL(""SA6"")+M->WM_BANCO","","S"
"WM_CODEMP","001","SYT->YT_NOME_RE","WM_DESCEMP","P","S","SYT","1","XFILIAL(""SYT"")+M->WM_CODEMP","","S"
"WM_VALOR","001","M->WM_VALOR","WM_SALDO","P","N","","0","","M->WM_VALOR#0.AND.M->WM_VINCUL=""N""","S"
"WP_FABR","001","E_Field(""WP_FABR"",""A2_NREDUZ"",""G"")","WP_FABRDES","P","N","","0","","","S"
"WP_PAIS_PR","001","E_Field(""WP_PAIS_PR"",""YA_DESCR"",""G"")","WP_PRO_NOM","P","N","","0","","","S"
"WR_COMPRA","001","E_Field(""WR_COMPRA"",""Y1_NOME"",""G"")","WR_COMPRAN","P","N","","0","","","S"
"WR_IMPOR","001","E_Field(""WR_IMPOR"",""YT_NOME"",""G"")","WR_IMPNOME","P","N","","0","","","S"
"WU_COND_PA","001","SY6->Y6_DIAS_PA","WU_DIAS_PA","P","S","SY6","1","xFilial(""SY6"")+M->WU_COND_PA","","S"
"Y1_USER","001","M->Y1_NOME := UsrFullName(M->Y1_USER)","Y1_NOME","P","N","","0","","","S"
"Y3_LE","001","E_Field(""Y3_LE"",""Y2_DESC"",""G"")","Y3_LEDESC","P","N","","0","","","S"
"Y4_PAIS","001","M->Y4_DESCPAI:=SYA->YA_DESCR","Y4_DESCPAI","P","S","SYA","1","XFILIAL(""SYA"")+M->Y4_PAIS","","S"
"Y5_BANCO","001","IF(EMPTY(ALLTRIM(M->Y5_BANCO)),"""",SA6->A6_AGENCIA)","Y5_AGENCIA","P","S","SA6","1","XFILIAL(""SA6"")+M->Y5_BANCO","","S"
"Y5_PAIS","001","M->Y5_DESCPAI:=SYA->YA_DESCR","Y5_DESCPAI","P","S","SYA","1","XFILIAL(""SYA"")+M->Y5_PAIS","","S"
"Y6_INST_FI","001","SJ7->J7_DESC","Y6_INS_DES","P","S","SJ7","1","XFILIAL(""SJ7"")+M->Y6_INST_FI","","S"
"Y6_MDPGEXP","001","IF(EMPTY(M->Y6_MDPGEXP),"""",EEF->EEF_DESC)","Y6_MDPDESC","P","S","EEF","1","XFILIAL(""EEF"")+M->Y6_MDPGEXP","","S"
"Y6_MOTIVO","001","SJ8->J8_DESC","Y6_MOT_DES","P","S","SJ8","1","XFILIAL(""SJ8"")+M->Y6_MOTIVO","","S"
"Y6_TABELA","001","SUBS(SJ6->J6_DESC,1,60)","Y6_TAB_DES","P","S","SJ6","1","XFILIAL(""SJ6"")+M->Y6_TABELA","","S"
"Y6_TIPO","001","IF(M->Y6_TIPO$'1.2',0,M->Y6_DIAS_01)","Y6_DIAS_01","P","N","","0","","","S"
"Y6_TIPO","002","IF(M->Y6_TIPO$'1.2',0,M->Y6_DIAS_02)","Y6_DIAS_02","P","N","","0","","","S"
"Y6_TIPO","003","IF(M->Y6_TIPO$'1.2',0,M->Y6_DIAS_03)","Y6_DIAS_03","P","N","","0","","","S"
"Y6_TIPO","004","IF(M->Y6_TIPO$'1.2',0,M->Y6_DIAS_04)","Y6_DIAS_04","P","N","","0","","","S"
"Y6_TIPO","005","IF(M->Y6_TIPO$'1.2',0,M->Y6_DIAS_05)","Y6_DIAS_05","P","N","","0","","","S"
"Y6_TIPO","006","IF(M->Y6_TIPO$'1.2',0,M->Y6_DIAS_06)","Y6_DIAS_06","P","N","","0","","","S"
"Y6_TIPO","007","IF(M->Y6_TIPO$'1.2',0,M->Y6_DIAS_07)","Y6_DIAS_07","P","N","","0","","","S"
"Y6_TIPO","008","IF(M->Y6_TIPO$'1.2',0,M->Y6_DIAS_08)","Y6_DIAS_08","P","N","","0","","","S"
"Y6_TIPO","009","IF(M->Y6_TIPO$'1.2',0,M->Y6_DIAS_09)","Y6_DIAS_09","P","N","","0","","","S"
"Y6_TIPO","010","IF(M->Y6_TIPO$'1.2',0,M->Y6_DIAS_10)","Y6_DIAS_10","P","N","","0","","","S"
"Y6_TIPO","011","IF(M->Y6_TIPO$'1.2',0,M->Y6_PERC_01)","Y6_PERC_01","P","N","","0","","","S"
"Y6_TIPO","012","IF(M->Y6_TIPO$'1.2',0,M->Y6_PERC_02)","Y6_PERC_02","P","N","","0","","","S"
"Y6_TIPO","013","IF(M->Y6_TIPO$'1.2',0,M->Y6_PERC_03)","Y6_PERC_03","P","N","","0","","","S"
"Y6_TIPO","014","IF(M->Y6_TIPO$'1.2',0,M->Y6_PERC_04)","Y6_PERC_04","P","N","","0","","","S"
"Y6_TIPO","015","IF(M->Y6_TIPO$'1.2',0,M->Y6_PERC_05)","Y6_PERC_05","P","N","","0","","","S"
"Y6_TIPO","016","IF(M->Y6_TIPO$'1.2',0,M->Y6_PERC_06)","Y6_PERC_06","P","N","","0","","","S"
"Y6_TIPO","017","IF(M->Y6_TIPO$'1.2',0,M->Y6_PERC_07)","Y6_PERC_07","P","N","","0","","","S"
"Y6_TIPO","018","IF(M->Y6_TIPO$'1.2',0,M->Y6_PERC_08)","Y6_PERC_08","P","N","","0","","","S"
"Y6_TIPO","019","IF(M->Y6_TIPO$'1.2',0,M->Y6_PERC_09)","Y6_PERC_09","P","N","","0","","","S"
"Y6_TIPO","020","IF(M->Y6_TIPO$'1.2',0,M->Y6_PERC_10)","Y6_PERC_10","P","N","","0","","","S"
"Y9_PAIS","001","SYA->YA_DESCR","Y9_DSCPAIS","P","S","SYA","1","xFilial(""SYA"")+M->Y9_PAIS","!EMPTY(M->Y9_PAIS)","S"
"YC_COD","001","""PORT. -PORTUGUES""","YC_IDIOMA","P","N","","0","","EMPTY(M->YC_IDIOMA)","S"
"YC_COD_RL","001","if(!Empty(M->YC_COD_RL),EEH->EEH_NOME,"""")","YC_DES_RL","P","S","EEH","1","XFILIAL(""EEH"")+Left(M->YC_IDIOMA,AVSX3(""EEH_IDIOMA"",3))+M->YC_COD_RL","","S"
"YD_ALADI","001","E_Field(""YD_ALADI"",""JC_DESC"",""G"",,1)","YD_AL_DESC","P","N","","0","","","S"
"YD_NALADI","001","E_Field(""YD_NALADI"",""J2_DESC"",""G"")","YD_NALDESC","P","N","","0","","","S"
"YD_NAL_SH","001","E_Field(""YD_NAL_SH"",""J1_DESC"",""G"",,1)","YD_SH_DESC","P","N","","0","","","S"
"YD_UNID","001","E_FIELD(""YD_UNID"",""AH_DESCPO"",""G"")","YD_UNIDESC","P","N","","0","","","S"
"YE_MOEDA","001","SYF->YF_DESC_SI","YE_DESCMOE","P","S","SYF","1","xFilial(""SYF"")+M->YE_MOEDA","","S"
"YG_FABRICA","001","E_Field(""YG_FABRICA"",""A2_NOME"",""G"",,1)","YG_NOMFABR","P","N","","0","","","S"
"YG_IMPORTA","001","E_Field(""YG_IMPORTA"",""YT_NOME"",""G"",,1)","YG_IMPNOME","P","N","","0","","","S"
"YG_ITEM","001","E_Field(""YG_ITEM"",""B1_DESC"",""G"",,1)","YG_NOMPROD","P","N","","0","","","S"
"YK_VIA","001","E_Field(""YK_VIA"",""YQ_DESCR"",""G"",,1)","YK_DESCVIA","P","N","","0","","","S"
"YR_ORIGEM","001","SY9->Y9_PAIS","YR_PAIS_OR","P","S","SY9","2","XFILIAL(""SY9"")+M->YR_ORIGEM","!EMPTY(M->YR_ORIGEM)","S"
"YR_ORIGEM","002","SY9->Y9_CIDADE","YR_CID_ORI","P","S","SY9","2","XFILIAL(""SY9"")+M->YR_ORIGEM","!EMPTY(M->YR_ORIGEM)","S"
"YW_PAIS","001","SYA->YA_DESCR","YW_DESCPAI","P","S","SYA","1","xFilial(""SYA"")+M->YW_PAIS","","S"
"YX_COD_I","001","IF(EMPTY(M->YX_FATOR),1,M->YX_FATOR)","YX_FATOR","P","N","","0","","","S"
"YX_COD_I","002","IF(EMPTY(M->YX_TEC),SB1->B1_POSIPI,M->YX_TEC)","YX_TEC","P","S","SB1","1","xFilial(""SB1"")+M->YX_COD_I","","S"
"YX_COD_I","003","IF(EMPTY(M->YX_DES_ZFM).AND.!EMPTY(M->YV_TYP_MOD),MSMM(SB1->B1_DESC_GI,254,1),M->YX_DES_ZFM)","YX_DES_ZFM","P","S","SB1","1","xFilial(""SB1"")+M->YX_COD_I","","S"
"A1_CEP","001","U_STCEP(M->A1_CEP,""LOGRADOURO"")","A1_END","P","N","","0","","","U"
"A1_CEP","002","U_STCEP(M->A1_CEP,""BAIRRO"")","A1_BAIRRO","P","N","","0","","","U"
"A1_CEP","003","U_STCEP(M->A1_CEP,""CIDADE"")","A1_MUN","P","N","","0","","","U"
"A1_CEP","004","U_STCEP(M->A1_CEP,""UF"")","A1_EST","P","N","","0","","","U"
"ZZ1_FORNEC","001","POSICIONE(""SA2"",1,xFilial(""SA2"")+M->ZZ1_FORNEC+M->ZZ1_LOJAFO,""A2_NOME"")","ZZ1_NOMEFO","E","N","SA2","0","","","U"
"ZZ2_CONFOR","001","POSICIONE(""ZZ1"",1,xFilial(""ZZ1"")+M->ZZ2_CONFOR,""ZZ1_FORNEC"")","ZZ2_FORNEC","E","N","ZZ1","0","","","U"
"ZZ2_CONFOR","002","POSICIONE(""ZZ1"",1,xFilial(""ZZ1"")+M->ZZ2_CONFOR,""ZZ1_LOJAFO"")","ZZ2_LOJAFO","E","N","ZZ1","0","","","U"
"ZZ2_CONFOR","003","U_ZZ2GatNome()","ZZ2_NOMEFO","E","N","ZZ1","0","","","U"
